visit_id,date,item_id,item_name,type,pairing_tag,price,profit
V000001,2026-02-01,M06,香煎鮭魚佐檸檬,主食,Seafood,460.0,193.2
V000001,2026-02-01,M02,爐烤伊比利豬肩,主食,Red_Meat,520.0,197.6
V000001,2026-02-01,M06,香煎鮭魚佐檸檬,主食,Seafood,460.0,193.2
V000001,2026-02-01,S06,酥炸花枝圈,副食,Fried,220.0,154.0
V000001,2026-02-01,S05,松露薯條,副食,Fried,180.0,129.6
V000001,2026-02-01,W06,Negroni,酒水,Cheese,350.0,266.0
V000001,2026-02-01,W11,威士忌 Highball,酒水,Cheese,300.0,222.0
V000001,2026-02-01,W05,氣泡酒(杯),酒水,Fried,300.0,189.0
V000001,2026-02-01,W07,Old Fashioned,酒水,Red_Meat,380.0,285.0
V000002,2026-02-01,M01,舒肥紅酒燉牛肉,主食,Red_Meat,480.0,192.0
V000002,2026-02-01,S06,酥炸花枝圈,副食,Fried,220.0,154.0
V000002,2026-02-01,S02,西班牙蒜辣蝦,副食,Seafood,260.0,176.8
V000002,2026-02-01,S04,三種起司拼盤,副食,Cheese,340.0,224.4
V000002,2026-02-01,W06,Negroni,酒水,Cheese,350.0,266.0
V000002,2026-02-01,W03,夏多內白酒(杯),酒水,Seafood,260.0,161.2
V000002,2026-02-01,W11,威士忌 Highball,酒水,Cheese,300.0,222.0
V000002,2026-02-01,W06,Negroni,酒水,Cheese,350.0,266.0
V000002,2026-02-01,W07,Old Fashioned,酒水,Red_Meat,380.0,285.0
V000003,2026-02-01,M05,白酒蛤蜊義大利麵,主食,Seafood,380.0,167.2
V000003,2026-02-01,S04,三種起司拼盤,副食,Cheese,340.0,224.4
V000003,2026-02-01,S05,松露薯條,副食,Fried,180.0,129.6
V000003,2026-02-01,D02,焦糖烤布蕾,甜點,Dessert,160.0,107.2
V000003,2026-02-01,W12,季節水果特調,酒水,Universal,340.0,261.8
V000004,2026-02-01,M03,炭烤戰斧牛排,主食,Red_Meat,880.0,308.0
V000004,2026-02-01,S06,酥炸花枝圈,副食,Fried,220.0,154.0
V000004,2026-02-01,S02,西班牙蒜辣蝦,副食,Seafood,260.0,176.8
V000004,2026-02-01,D02,焦糖烤布蕾,甜點,Dessert,160.0,107.2
V000004,2026-02-01,W01,馬爾貝克紅酒(杯),酒水,Red_Meat,280.0,173.6
V000004,2026-02-01,W10,小麥白啤酒,酒水,Fried,240.0,136.8
V000004,2026-02-01,W02,卡本內蘇維翁(杯),酒水,Red_Meat,320.0,192.0
V000004,2026-02-01,W13,無酒精莫吉托,酒水,Universal,180.0,144.0
V000004,2026-02-01,W05,氣泡酒(杯),酒水,Fried,300.0,189.0
V000004,2026-02-01,W08,Gin & Tonic,酒水,Universal,300.0,234.0
V000004,2026-02-01,W06,Negroni,酒水,Cheese,350.0,266.0
V000005,2026-02-01,M06,香煎鮭魚佐檸檬,主食,Seafood,460.0,193.2
V000005,2026-02-01,S06,酥炸花枝圈,副食,Fried,220.0,154.0
V000005,2026-02-01,S02,西班牙蒜辣蝦,副食,Seafood,260.0,176.8
V000005,2026-02-01,S01,紹興油泡蝦,副食,Seafood,280.0,196.0
V000005,2026-02-01,S01,紹興油泡蝦,副食,Seafood,280.0,196.0
V000005,2026-02-01,W09,精釀 IPA,酒水,Fried,260.0,150.8
V000005,2026-02-01,W08,Gin & Tonic,酒水,Universal,300.0,234.0
V000005,2026-02-01,W12,季節水果特調,酒水,Universal,340.0,261.8
V000006,2026-02-01,M02,爐烤伊比利豬肩,主食,Red_Meat,520.0,197.6
V000006,2026-02-01,M02,爐烤伊比利豬肩,主食,Red_Meat,520.0,197.6
V000006,2026-02-01,S05,松露薯條,副食,Fried,180.0,129.6
V000006,2026-02-01,W03,夏多內白酒(杯),酒水,Seafood,260.0,161.2
V000006,2026-02-01,W12,季節水果特調,酒水,Universal,340.0,261.8
V000007,2026-02-01,M05,白酒蛤蜊義大利麵,主食,Seafood,380.0,167.2
V000007,2026-02-01,W03,夏多內白酒(杯),酒水,Seafood,260.0,161.2
V000007,2026-02-01,W04,白蘇維翁(杯),酒水,Seafood,280.0,170.8
V000008,2026-02-01,M01,舒肥紅酒燉牛肉,主食,Red_Meat,480.0,192.0
V000008,2026-02-01,S02,西班牙蒜辣蝦,副食,Seafood,260.0,176.8
V000008,2026-02-01,W02,卡本內蘇維翁(杯),酒水,Red_Meat,320.0,192.0
V000008,2026-02-01,W07,Old Fashioned,酒水,Red_Meat,380.0,285.0
V000009,2026-02-01,M05,白酒蛤蜊義大利麵,主食,Seafood,380.0,167.2
V000009,2026-02-01,M02,爐烤伊比利豬肩,主食,Red_Meat,520.0,197.6
V000009,2026-02-01,S02,西班牙蒜辣蝦,副食,Seafood,260.0,176.8
V000009,2026-02-01,S04,三種起司拼盤,副食,Cheese,340.0,224.4
V000009,2026-02-01,S01,紹興油泡蝦,副食,Seafood,280.0,196.0
V000009,2026-02-01,W04,白蘇維翁(杯),酒水,Seafood,280.0,170.8
V000009,2026-02-01,W04,白蘇維翁(杯),酒水,Seafood,280.0,170.8
V000009,2026-02-01,W07,Old Fashioned,酒水,Red_Meat,380.0,285.0
V000009,2026-02-01,W03,夏多內白酒(杯),酒水,Seafood,260.0,161.2
V000009,2026-02-01,W07,Old Fashioned,酒水,Red_Meat,380.0,285.0
V000009,2026-02-01,W03,夏多內白酒(杯),酒水,Seafood,260.0,161.2
V000009,2026-02-01,W13,無酒精莫吉托,酒水,Universal,180.0,144.0
V000009,2026-02-01,W04,白蘇維翁(杯),酒水,Seafood,280.0,170.8
V000009,2026-02-01,W04,白蘇維翁(杯),酒水,Seafood,280.0,170.8
V000009,2026-02-01,W07,Old Fashioned,酒水,Red_Meat,380.0,285.0
V000010,2026-02-01,M01,舒肥紅酒燉牛肉,主食,Red_Meat,480.0,192.0
V000010,2026-02-01,M06,香煎鮭魚佐檸檬,主食,Seafood,460.0,193.2
V000010,2026-02-01,W04,白蘇維翁(杯),酒水,Seafood,280.0,170.8
V000011,2026-02-01,M06,香煎鮭魚佐檸檬,主食,Seafood,460.0,193.2
V000011,2026-02-01,S04,三種起司拼盤,副食,Cheese,340.0,224.4
V000011,2026-02-01,S01,紹興油泡蝦,副食,Seafood,280.0,196.0
V000011,2026-02-01,S05,松露薯條,副食,Fried,180.0,129.6
V000011,2026-02-01,S04,三種起司拼盤,副食,Cheese,340.0,224.4
V000011,2026-02-01,W08,Gin & Tonic,酒水,Universal,300.0,234.0
V000011,2026-02-01,W11,威士忌 Highball,酒水,Cheese,300.0,222.0
V000011,2026-02-01,W09,精釀 IPA,酒水,Fried,260.0,150.8
V000011,2026-02-01,W04,白蘇維翁(杯),酒水,Seafood,280.0,170.8
V000012,2026-02-01,M04,松露野菌燉飯,主食,Cheese,420.0,189.0
V000012,2026-02-01,M06,香煎鮭魚佐檸檬,主食,Seafood,460.0,193.2
V000012,2026-02-01,M06,香煎鮭魚佐檸檬,主食,Seafood,460.0,193.2
V000012,2026-02-01,S02,西班牙蒜辣蝦,副食,Seafood,260.0,176.8
V000012,2026-02-01,S04,三種起司拼盤,副食,Cheese,340.0,224.4
V000012,2026-02-01,S04,三種起司拼盤,副食,Cheese,340.0,224.4
V000012,2026-02-01,S02,西班牙蒜辣蝦,副食,Seafood,260.0,176.8
V000012,2026-02-01,W02,卡本內蘇維翁(杯),酒水,Red_Meat,320.0,192.0
V000012,2026-02-01,W02,卡本內蘇維翁(杯),酒水,Red_Meat,320.0,192.0
V000012,2026-02-01,W03,夏多內白酒(杯),酒水,Seafood,260.0,161.2
V000013,2026-02-01,M02,爐烤伊比利豬肩,主食,Red_Meat,520.0,197.6
V000013,2026-02-01,M02,爐烤伊比利豬肩,主食,Red_Meat,520.0,197.6
V000013,2026-02-01,M05,白酒蛤蜊義大利麵,主食,Seafood,380.0,167.2
V000013,2026-02-01,S01,紹興油泡蝦,副食,Seafood,280.0,196.0
V000013,2026-02-01,D01,提拉米蘇,甜點,Dessert,180.0,117.0
V000013,2026-02-01,W02,卡本內蘇維翁(杯),酒水,Red_Meat,320.0,192.0
V000013,2026-02-01,W02,卡本內蘇維翁(杯),酒水,Red_Meat,320.0,192.0
V000013,2026-02-01,W11,威士忌 Highball,酒水,Cheese,300.0,222.0
V000013,2026-02-01,W01,馬爾貝克紅酒(杯),酒水,Red_Meat,280.0,173.6
V000013,2026-02-01,W12,季節水果特調,酒水,Universal,340.0,261.8
V000013,2026-02-01,W01,馬爾貝克紅酒(杯),酒水,Red_Meat,280.0,173.6
V000013,2026-02-01,W07,Old Fashioned,酒水,Red_Meat,380.0,285.0
V000014,2026-02-01,S07,炙燒櫛瓜佐油醋,副食,Universal,160.0,108.8
V000014,2026-02-01,S03,伊比利火腿盤,副食,Cheese,380.0,247.0
V000014,2026-02-01,S04,三種起司拼盤,副食,Cheese,340.0,224.4
V000014,2026-02-01,W03,夏多內白酒(杯),酒水,Seafood,260.0,161.2
V000014,2026-02-01,W08,Gin & Tonic,酒水,Universal,300.0,234.0
V000015,2026-02-01,M03,炭烤戰斧牛排,主食,Red_Meat,880.0,308.0
V000015,2026-02-01,S05,松露薯條,副食,Fried,180.0,129.6
V000015,2026-02-01,S07,炙燒櫛瓜佐油醋,副食,Universal,160.0,108.8
V000015,2026-02-01,W09,精釀 IPA,酒水,Fried,260.0,150.8
V000015,2026-02-01,W09,精釀 IPA,酒水,Fried,260.0,150.8
V000016,2026-02-03,M05,白酒蛤蜊義大利麵,主食,Seafood,380.0,167.2
V000016,2026-02-03,W11,威士忌 Highball,酒水,Cheese,300.0,222.0
V000016,2026-02-03,W01,馬爾貝克紅酒(杯),酒水,Red_Meat,280.0,173.6
V000017,2026-02-03,M06,香煎鮭魚佐檸檬,主食,Seafood,460.0,193.2
V000017,2026-02-03,S02,西班牙蒜辣蝦,副食,Seafood,260.0,176.8
V000017,2026-02-03,W05,氣泡酒(杯),酒水,Fried,300.0,189.0
V000017,2026-02-03,W11,威士忌 Highball,酒水,Cheese,300.0,222.0
V000017,2026-02-03,W03,夏多內白酒(杯),酒水,Seafood,260.0,161.2
V000017,2026-02-03,W03,夏多內白酒(杯),酒水,Seafood,260.0,161.2
V000017,2026-02-03,W04,白蘇維翁(杯),酒水,Seafood,280.0,170.8
V000017,2026-02-03,W08,Gin & Tonic,酒水,Universal,300.0,234.0
V000018,2026-02-03,M04,松露野菌燉飯,主食,Cheese,420.0,189.0
V000018,2026-02-03,M03,炭烤戰斧牛排,主食,Red_Meat,880.0,308.0
V000018,2026-02-03,M05,白酒蛤蜊義大利麵,主食,Seafood,380.0,167.2
V000018,2026-02-03,S03,伊比利火腿盤,副食,Cheese,380.0,247.0
V000018,2026-02-03,S01,紹興油泡蝦,副食,Seafood,280.0,196.0
V000018,2026-02-03,W13,無酒精莫吉托,酒水,Universal,180.0,144.0
V000018,2026-02-03,W09,精釀 IPA,酒水,Fried,260.0,150.8
V000018,2026-02-03,W06,Negroni,酒水,Cheese,350.0,266.0
V000018,2026-02-03,W03,夏多內白酒(杯),酒水,Seafood,260.0,161.2
V000018,2026-02-03,W06,Negroni,酒水,Cheese,350.0,266.0
V000018,2026-02-03,W06,Negroni,酒水,Cheese,350.0,266.0
V000018,2026-02-03,W03,夏多內白酒(杯),酒水,Seafood,260.0,161.2
V000018,2026-02-03,W04,白蘇維翁(杯),酒水,Seafood,280.0,170.8
V000018,2026-02-03,W03,夏多內白酒(杯),酒水,Seafood,260.0,161.2
V000018,2026-02-03,W04,白蘇維翁(杯),酒水,Seafood,280.0,170.8
V000018,2026-02-03,W03,夏多內白酒(杯),酒水,Seafood,260.0,161.2
V000019,2026-02-03,M01,舒肥紅酒燉牛肉,主食,Red_Meat,480.0,192.0
V000019,2026-02-03,M06,香煎鮭魚佐檸檬,主食,Seafood,460.0,193.2
V000019,2026-02-03,M05,白酒蛤蜊義大利麵,主食,Seafood,380.0,167.2
V000019,2026-02-03,M05,白酒蛤蜊義大利麵,主食,Seafood,380.0,167.2
V000019,2026-02-03,M02,爐烤伊比利豬肩,主食,Red_Meat,520.0,197.6
V000019,2026-02-03,S01,紹興油泡蝦,副食,Seafood,280.0,196.0
V000019,2026-02-03,D02,焦糖烤布蕾,甜點,Dessert,160.0,107.2
V000019,2026-02-03,W07,Old Fashioned,酒水,Red_Meat,380.0,285.0
V000019,2026-02-03,W04,白蘇維翁(杯),酒水,Seafood,280.0,170.8
V000020,2026-02-03,M06,香煎鮭魚佐檸檬,主食,Seafood,460.0,193.2
V000020,2026-02-03,M01,舒肥紅酒燉牛肉,主食,Red_Meat,480.0,192.0
V000020,2026-02-03,M01,舒肥紅酒燉牛肉,主食,Red_Meat,480.0,192.0
V000020,2026-02-03,S05,松露薯條,副食,Fried,180.0,129.6
V000020,2026-02-03,S04,三種起司拼盤,副食,Cheese,340.0,224.4
V000020,2026-02-03,D02,焦糖烤布蕾,甜點,Dessert,160.0,107.2
V000020,2026-02-03,W10,小麥白啤酒,酒水,Fried,240.0,136.8
V000020,2026-02-03,W02,卡本內蘇維翁(杯),酒水,Red_Meat,320.0,192.0
V000020,2026-02-03,W11,威士忌 Highball,酒水,Cheese,300.0,222.0
V000020,2026-02-03,W03,夏多內白酒(杯),酒水,Seafood,260.0,161.2
V000021,2026-02-03,M02,爐烤伊比利豬肩,主食,Red_Meat,520.0,197.6
V000021,2026-02-03,M06,香煎鮭魚佐檸檬,主食,Seafood,460.0,193.2
V000021,2026-02-03,M04,松露野菌燉飯,主食,Cheese,420.0,189.0
V000021,2026-02-03,S03,伊比利火腿盤,副食,Cheese,380.0,247.0
V000021,2026-02-03,S03,伊比利火腿盤,副食,Cheese,380.0,247.0
V000021,2026-02-03,S05,松露薯條,副食,Fried,180.0,129.6
V000021,2026-02-03,S04,三種起司拼盤,副食,Cheese,340.0,224.4
V000021,2026-02-03,S05,松露薯條,副食,Fried,180.0,129.6
V000021,2026-02-03,D01,提拉米蘇,甜點,Dessert,180.0,117.0
V000021,2026-02-03,W02,卡本內蘇維翁(杯),酒水,Red_Meat,320.0,192.0
V000021,2026-02-03,W01,馬爾貝克紅酒(杯),酒水,Red_Meat,280.0,173.6
V000021,2026-02-03,W06,Negroni,酒水,Cheese,350.0,266.0
V000021,2026-02-03,W12,季節水果特調,酒水,Universal,340.0,261.8
V000021,2026-02-03,W11,威士忌 Highball,酒水,Cheese,300.0,222.0
V000022,2026-02-03,M01,舒肥紅酒燉牛肉,主食,Red_Meat,480.0,192.0
V000022,2026-02-03,S03,伊比利火腿盤,副食,Cheese,380.0,247.0
V000022,2026-02-03,W11,威士忌 Highball,酒水,Cheese,300.0,222.0
V000023,2026-02-03,M04,松露野菌燉飯,主食,Cheese,420.0,189.0
V000023,2026-02-03,M03,炭烤戰斧牛排,主食,Red_Meat,880.0,308.0
V000023,2026-02-03,M03,炭烤戰斧牛排,主食,Red_Meat,880.0,308.0
V000023,2026-02-03,S01,紹興油泡蝦,副食,Seafood,280.0,196.0
V000023,2026-02-03,S01,紹興油泡蝦,副食,Seafood,280.0,196.0
V000023,2026-02-03,S01,紹興油泡蝦,副食,Seafood,280.0,196.0
V000023,2026-02-03,S01,紹興油泡蝦,副食,Seafood,280.0,196.0
V000023,2026-02-03,S07,炙燒櫛瓜佐油醋,副食,Universal,160.0,108.8
V000023,2026-02-03,S06,酥炸花枝圈,副食,Fried,220.0,154.0
V000023,2026-02-03,S06,酥炸花枝圈,副食,Fried,220.0,154.0
V000023,2026-02-03,W03,夏多內白酒(杯),酒水,Seafood,260.0,161.2
V000023,2026-02-03,W02,卡本內蘇維翁(杯),酒水,Red_Meat,320.0,192.0
V000023,2026-02-03,W04,白蘇維翁(杯),酒水,Seafood,280.0,170.8
V000024,2026-02-04,M06,香煎鮭魚佐檸檬,主食,Seafood,460.0,193.2
V000024,2026-02-04,M03,炭烤戰斧牛排,主食,Red_Meat,880.0,308.0
V000024,2026-02-04,M01,舒肥紅酒燉牛肉,主食,Red_Meat,480.0,192.0
V000024,2026-02-04,S05,松露薯條,副食,Fried,180.0,129.6
V000024,2026-02-04,S02,西班牙蒜辣蝦,副食,Seafood,260.0,176.8
V000024,2026-02-04,S06,酥炸花枝圈,副食,Fried,220.0,154.0
V000024,2026-02-04,S04,三種起司拼盤,副食,Cheese,340.0,224.4
V000025,2026-02-04,M06,香煎鮭魚佐檸檬,主食,Seafood,460.0,193.2
V000025,2026-02-04,M06,香煎鮭魚佐檸檬,主食,Seafood,460.0,193.2
V000025,2026-02-04,M05,白酒蛤蜊義大利麵,主食,Seafood,380.0,167.2
V000025,2026-02-04,M01,舒肥紅酒燉牛肉,主食,Red_Meat,480.0,192.0
V000025,2026-02-04,S04,三種起司拼盤,副食,Cheese,340.0,224.4
V000025,2026-02-04,S04,三種起司拼盤,副食,Cheese,340.0,224.4
V000025,2026-02-04,D01,提拉米蘇,甜點,Dessert,180.0,117.0
V000025,2026-02-04,W03,夏多內白酒(杯),酒水,Seafood,260.0,161.2
V000025,2026-02-04,W08,Gin & Tonic,酒水,Universal,300.0,234.0
V000025,2026-02-04,W13,無酒精莫吉托,酒水,Universal,180.0,144.0
V000026,2026-02-04,M05,白酒蛤蜊義大利麵,主食,Seafood,380.0,167.2
V000026,2026-02-04,M04,松露野菌燉飯,主食,Cheese,420.0,189.0
V000026,2026-02-04,S07,炙燒櫛瓜佐油醋,副食,Universal,160.0,108.8
V000026,2026-02-04,S03,伊比利火腿盤,副食,Cheese,380.0,247.0
V000026,2026-02-04,W02,卡本內蘇維翁(杯),酒水,Red_Meat,320.0,192.0
V000026,2026-02-04,W02,卡本內蘇維翁(杯),酒水,Red_Meat,320.0,192.0
V000027,2026-02-04,M04,松露野菌燉飯,主食,Cheese,420.0,189.0
V000027,2026-02-04,S03,伊比利火腿盤,副食,Cheese,380.0,247.0
V000027,2026-02-04,S02,西班牙蒜辣蝦,副食,Seafood,260.0,176.8
V000027,2026-02-04,S02,西班牙蒜辣蝦,副食,Seafood,260.0,176.8
V000027,2026-02-04,D01,提拉米蘇,甜點,Dessert,180.0,117.0
V000027,2026-02-04,W06,Negroni,酒水,Cheese,350.0,266.0
V000027,2026-02-04,W10,小麥白啤酒,酒水,Fried,240.0,136.8
V000027,2026-02-04,W04,白蘇維翁(杯),酒水,Seafood,280.0,170.8
V000027,2026-02-04,W12,季節水果特調,酒水,Universal,340.0,261.8
V000028,2026-02-04,M05,白酒蛤蜊義大利麵,主食,Seafood,380.0,167.2
V000028,2026-02-04,M06,香煎鮭魚佐檸檬,主食,Seafood,460.0,193.2
V000028,2026-02-04,S05,松露薯條,副食,Fried,180.0,129.6
V000028,2026-02-04,S03,伊比利火腿盤,副食,Cheese,380.0,247.0
V000028,2026-02-04,W04,白蘇維翁(杯),酒水,Seafood,280.0,170.8
V000028,2026-02-04,W11,威士忌 Highball,酒水,Cheese,300.0,222.0
V000028,2026-02-04,W02,卡本內蘇維翁(杯),酒水,Red_Meat,320.0,192.0
V000028,2026-02-04,W05,氣泡酒(杯),酒水,Fried,300.0,189.0
V000028,2026-02-04,W10,小麥白啤酒,酒水,Fried,240.0,136.8
V000030,2026-02-04,M01,舒肥紅酒燉牛肉,主食,Red_Meat,480.0,192.0
V000030,2026-02-04,M04,松露野菌燉飯,主食,Cheese,420.0,189.0
V000030,2026-02-04,M02,爐烤伊比利豬肩,主食,Red_Meat,520.0,197.6
V000030,2026-02-04,S07,炙燒櫛瓜佐油醋,副食,Universal,160.0,108.8
V000030,2026-02-04,S04,三種起司拼盤,副食,Cheese,340.0,224.4
V000030,2026-02-04,D01,提拉米蘇,甜點,Dessert,180.0,117.0
V000030,2026-02-04,W11,威士忌 Highball,酒水,Cheese,300.0,222.0
V000030,2026-02-04,W13,無酒精莫吉托,酒水,Universal,180.0,144.0
V000031,2026-02-04,M02,爐烤伊比利豬肩,主食,Red_Meat,520.0,197.6
V000031,2026-02-04,M05,白酒蛤蜊義大利麵,主食,Seafood,380.0,167.2
V000031,2026-02-04,M03,炭烤戰斧牛排,主食,Red_Meat,880.0,308.0
V000031,2026-02-04,S04,三種起司拼盤,副食,Cheese,340.0,224.4
V000031,2026-02-04,S06,酥炸花枝圈,副食,Fried,220.0,154.0
V000031,2026-02-04,S03,伊比利火腿盤,副食,Cheese,380.0,247.0
V000031,2026-02-04,D02,焦糖烤布蕾,甜點,Dessert,160.0,107.2
V000031,2026-02-04,W06,Negroni,酒水,Cheese,350.0,266.0
V000031,2026-02-04,W11,威士忌 Highball,酒水,Cheese,300.0,222.0
V000031,2026-02-04,W01,馬爾貝克紅酒(杯),酒水,Red_Meat,280.0,173.6
V000031,2026-02-04,W02,卡本內蘇維翁(杯),酒水,Red_Meat,320.0,192.0
V000031,2026-02-04,W02,卡本內蘇維翁(杯),酒水,Red_Meat,320.0,192.0
V000031,2026-02-04,W06,Negroni,酒水,Cheese,350.0,266.0
V000031,2026-02-04,W13,無酒精莫吉托,酒水,Universal,180.0,144.0
V000032,2026-02-04,M01,舒肥紅酒燉牛肉,主食,Red_Meat,480.0,192.0
V000032,2026-02-04,M02,爐烤伊比利豬肩,主食,Red_Meat,520.0,197.6
V000032,2026-02-04,M06,香煎鮭魚佐檸檬,主食,Seafood,460.0,193.2
V000032,2026-02-04,M02,爐烤伊比利豬肩,主食,Red_Meat,520.0,197.6
V000032,2026-02-04,S03,伊比利火腿盤,副食,Cheese,380.0,247.0
V000032,2026-02-04,S03,伊比利火腿盤,副食,Cheese,380.0,247.0
V000032,2026-02-04,S02,西班牙蒜辣蝦,副食,Seafood,260.0,176.8
V000032,2026-02-04,S02,西班牙蒜辣蝦,副食,Seafood,260.0,176.8
V000032,2026-02-04,S03,伊比利火腿盤,副食,Cheese,380.0,247.0
V000032,2026-02-04,S07,炙燒櫛瓜佐油醋,副食,Universal,160.0,108.8
V000032,2026-02-04,W02,卡本內蘇維翁(杯),酒水,Red_Meat,320.0,192.0
V000032,2026-02-04,W04,白蘇維翁(杯),酒水,Seafood,280.0,170.8
V000032,2026-02-04,W13,無酒精莫吉托,酒水,Universal,180.0,144.0
V000032,2026-02-04,W02,卡本內蘇維翁(杯),酒水,Red_Meat,320.0,192.0
V000032,2026-02-04,W04,白蘇維翁(杯),酒水,Seafood,280.0,170.8
V000032,2026-02-04,W01,馬爾貝克紅酒(杯),酒水,Red_Meat,280.0,173.6
V000032,2026-02-04,W02,卡本內蘇維翁(杯),酒水,Red_Meat,320.0,192.0
V000032,2026-02-04,W06,Negroni,酒水,Cheese,350.0,266.0
V000032,2026-02-04,W13,無酒精莫吉托,酒水,Universal,180.0,144.0
V000032,2026-02-04,W01,馬爾貝克紅酒(杯),酒水,Red_Meat,280.0,173.6
V000032,2026-02-04,W02,卡本內蘇維翁(杯),酒水,Red_Meat,320.0,192.0
V000032,2026-02-04,W02,卡本內蘇維翁(杯),酒水,Red_Meat,320.0,192.0
V000033,2026-02-04,M03,炭烤戰斧牛排,主食,Red_Meat,880.0,308.0
V000034,2026-02-04,M05,白酒蛤蜊義大利麵,主食,Seafood,380.0,167.2
V000034,2026-02-04,M06,香煎鮭魚佐檸檬,主食,Seafood,460.0,193.2
V000034,2026-02-04,S04,三種起司拼盤,副食,Cheese,340.0,224.4
V000034,2026-02-04,D02,焦糖烤布蕾,甜點,Dessert,160.0,107.2
V000035,2026-02-04,M01,舒肥紅酒燉牛肉,主食,Red_Meat,480.0,192.0
V000035,2026-02-04,M06,香煎鮭魚佐檸檬,主食,Seafood,460.0,193.2
V000035,2026-02-04,M01,舒肥紅酒燉牛肉,主食,Red_Meat,480.0,192.0
V000035,2026-02-04,M01,舒肥紅酒燉牛肉,主食,Red_Meat,480.0,192.0
V000035,2026-02-04,S07,炙燒櫛瓜佐油醋,副食,Universal,160.0,108.8
V000035,2026-02-04,D01,提拉米蘇,甜點,Dessert,180.0,117.0
V000035,2026-02-04,W12,季節水果特調,酒水,Universal,340.0,261.8
V000036,2026-02-04,M02,爐烤伊比利豬肩,主食,Red_Meat,520.0,197.6
V000036,2026-02-04,S02,西班牙蒜辣蝦,副食,Seafood,260.0,176.8
V000036,2026-02-04,S02,西班牙蒜辣蝦,副食,Seafood,260.0,176.8
V000036,2026-02-04,W07,Old Fashioned,酒水,Red_Meat,380.0,285.0
V000036,2026-02-04,W12,季節水果特調,酒水,Universal,340.0,261.8
V000036,2026-02-04,W01,馬爾貝克紅酒(杯),酒水,Red_Meat,280.0,173.6
V000036,2026-02-04,W07,Old Fashioned,酒水,Red_Meat,380.0,285.0
V000036,2026-02-04,W02,卡本內蘇維翁(杯),酒水,Red_Meat,320.0,192.0
V000036,2026-02-04,W02,卡本內蘇維翁(杯),酒水,Red_Meat,320.0,192.0
V000036,2026-02-04,W04,白蘇維翁(杯),酒水,Seafood,280.0,170.8
V000037,2026-02-04,M01,舒肥紅酒燉牛肉,主食,Red_Meat,480.0,192.0
V000037,2026-02-04,S01,紹興油泡蝦,副食,Seafood,280.0,196.0
V000038,2026-02-05,M03,炭烤戰斧牛排,主食,Red_Meat,880.0,308.0
V000038,2026-02-05,S05,松露薯條,副食,Fried,180.0,129.6
V000038,2026-02-05,S01,紹興油泡蝦,副食,Seafood,280.0,196.0
V000038,2026-02-05,D01,提拉米蘇,甜點,Dessert,180.0,117.0
V000038,2026-02-05,W05,氣泡酒(杯),酒水,Fried,300.0,189.0
V000038,2026-02-05,W03,夏多內白酒(杯),酒水,Seafood,260.0,161.2
V000039,2026-02-05,M05,白酒蛤蜊義大利麵,主食,Seafood,380.0,167.2
V000039,2026-02-05,M03,炭烤戰斧牛排,主食,Red_Meat,880.0,308.0
V000039,2026-02-05,M04,松露野菌燉飯,主食,Cheese,420.0,189.0
V000039,2026-02-05,S03,伊比利火腿盤,副食,Cheese,380.0,247.0
V000039,2026-02-05,S03,伊比利火腿盤,副食,Cheese,380.0,247.0
V000039,2026-02-05,S07,炙燒櫛瓜佐油醋,副食,Universal,160.0,108.8
V000039,2026-02-05,S01,紹興油泡蝦,副食,Seafood,280.0,196.0
V000039,2026-02-05,S06,酥炸花枝圈,副食,Fried,220.0,154.0
V000039,2026-02-05,W07,Old Fashioned,酒水,Red_Meat,380.0,285.0
V000039,2026-02-05,W04,白蘇維翁(杯),酒水,Seafood,280.0,170.8
V000040,2026-02-05,M05,白酒蛤蜊義大利麵,主食,Seafood,380.0,167.2
V000040,2026-02-05,M06,香煎鮭魚佐檸檬,主食,Seafood,460.0,193.2
V000040,2026-02-05,S05,松露薯條,副食,Fried,180.0,129.6
V000040,2026-02-05,S07,炙燒櫛瓜佐油醋,副食,Universal,160.0,108.8
V000040,2026-02-05,S07,炙燒櫛瓜佐油醋,副食,Universal,160.0,108.8
V000040,2026-02-05,S06,酥炸花枝圈,副食,Fried,220.0,154.0
V000040,2026-02-05,S04,三種起司拼盤,副食,Cheese,340.0,224.4
V000040,2026-02-05,S01,紹興油泡蝦,副食,Seafood,280.0,196.0
V000040,2026-02-05,D01,提拉米蘇,甜點,Dessert,180.0,117.0
V000040,2026-02-05,W05,氣泡酒(杯),酒水,Fried,300.0,189.0
V000040,2026-02-05,W12,季節水果特調,酒水,Universal,340.0,261.8
V000040,2026-02-05,W09,精釀 IPA,酒水,Fried,260.0,150.8
V000040,2026-02-05,W12,季節水果特調,酒水,Universal,340.0,261.8
V000040,2026-02-05,W10,小麥白啤酒,酒水,Fried,240.0,136.8
V000040,2026-02-05,W03,夏多內白酒(杯),酒水,Seafood,260.0,161.2
V000041,2026-02-05,M04,松露野菌燉飯,主食,Cheese,420.0,189.0
V000041,2026-02-05,S07,炙燒櫛瓜佐油醋,副食,Universal,160.0,108.8
V000041,2026-02-05,S03,伊比利火腿盤,副食,Cheese,380.0,247.0
V000041,2026-02-05,W06,Negroni,酒水,Cheese,350.0,266.0
V000042,2026-02-05,M06,香煎鮭魚佐檸檬,主食,Seafood,460.0,193.2
V000042,2026-02-05,M01,舒肥紅酒燉牛肉,主食,Red_Meat,480.0,192.0
V000042,2026-02-05,S03,伊比利火腿盤,副食,Cheese,380.0,247.0
V000042,2026-02-05,D01,提拉米蘇,甜點,Dessert,180.0,117.0
V000042,2026-02-05,W04,白蘇維翁(杯),酒水,Seafood,280.0,170.8
V000042,2026-02-05,W05,氣泡酒(杯),酒水,Fried,300.0,189.0
V000042,2026-02-05,W04,白蘇維翁(杯),酒水,Seafood,280.0,170.8
V000042,2026-02-05,W07,Old Fashioned,酒水,Red_Meat,380.0,285.0
V000042,2026-02-05,W11,威士忌 Highball,酒水,Cheese,300.0,222.0
V000043,2026-02-05,M04,松露野菌燉飯,主食,Cheese,420.0,189.0
V000043,2026-02-05,M01,舒肥紅酒燉牛肉,主食,Red_Meat,480.0,192.0
V000043,2026-02-05,S06,酥炸花枝圈,副食,Fried,220.0,154.0
V000043,2026-02-05,W03,夏多內白酒(杯),酒水,Seafood,260.0,161.2
V000044,2026-02-05,S07,炙燒櫛瓜佐油醋,副食,Universal,160.0,108.8
V000044,2026-02-05,W13,無酒精莫吉托,酒水,Universal,180.0,144.0
V000044,2026-02-05,W08,Gin & Tonic,酒水,Universal,300.0,234.0
V000044,2026-02-05,W06,Negroni,酒水,Cheese,350.0,266.0
V000045,2026-02-05,M04,松露野菌燉飯,主食,Cheese,420.0,189.0
V000045,2026-02-05,S02,西班牙蒜辣蝦,副食,Seafood,260.0,176.8
V000045,2026-02-05,D02,焦糖烤布蕾,甜點,Dessert,160.0,107.2
V000045,2026-02-05,W11,威士忌 Highball,酒水,Cheese,300.0,222.0
V000045,2026-02-05,W01,馬爾貝克紅酒(杯),酒水,Red_Meat,280.0,173.6
V000045,2026-02-05,W03,夏多內白酒(杯),酒水,Seafood,260.0,161.2
V000045,2026-02-05,W08,Gin & Tonic,酒水,Universal,300.0,234.0
V000046,2026-02-05,M06,香煎鮭魚佐檸檬,主食,Seafood,460.0,193.2
V000046,2026-02-05,M05,白酒蛤蜊義大利麵,主食,Seafood,380.0,167.2
V000046,2026-02-05,S03,伊比利火腿盤,副食,Cheese,380.0,247.0
V000046,2026-02-05,S04,三種起司拼盤,副食,Cheese,340.0,224.4
V000046,2026-02-05,W01,馬爾貝克紅酒(杯),酒水,Red_Meat,280.0,173.6
V000046,2026-02-05,W03,夏多內白酒(杯),酒水,Seafood,260.0,161.2
V000046,2026-02-05,W10,小麥白啤酒,酒水,Fried,240.0,136.8
V000047,2026-02-05,M01,舒肥紅酒燉牛肉,主食,Red_Meat,480.0,192.0
V000047,2026-02-05,D02,焦糖烤布蕾,甜點,Dessert,160.0,107.2
V000047,2026-02-05,W12,季節水果特調,酒水,Universal,340.0,261.8
V000047,2026-02-05,W06,Negroni,酒水,Cheese,350.0,266.0
V000048,2026-02-05,M02,爐烤伊比利豬肩,主食,Red_Meat,520.0,197.6
V000048,2026-02-05,S07,炙燒櫛瓜佐油醋,副食,Universal,160.0,108.8
V000048,2026-02-05,S06,酥炸花枝圈,副食,Fried,220.0,154.0
V000048,2026-02-05,W10,小麥白啤酒,酒水,Fried,240.0,136.8
V000048,2026-02-05,W13,無酒精莫吉托,酒水,Universal,180.0,144.0
V000048,2026-02-05,W09,精釀 IPA,酒水,Fried,260.0,150.8
V000048,2026-02-05,W13,無酒精莫吉托,酒水,Universal,180.0,144.0
V000048,2026-02-05,W13,無酒精莫吉托,酒水,Universal,180.0,144.0
V000049,2026-02-05,M01,舒肥紅酒燉牛肉,主食,Red_Meat,480.0,192.0
V000049,2026-02-05,S06,酥炸花枝圈,副食,Fried,220.0,154.0
V000049,2026-02-05,S02,西班牙蒜辣蝦,副食,Seafood,260.0,176.8
V000049,2026-02-05,S02,西班牙蒜辣蝦,副食,Seafood,260.0,176.8
V000049,2026-02-05,W13,無酒精莫吉托,酒水,Universal,180.0,144.0
V000049,2026-02-05,W01,馬爾貝克紅酒(杯),酒水,Red_Meat,280.0,173.6
V000049,2026-02-05,W03,夏多內白酒(杯),酒水,Seafood,260.0,161.2
V000050,2026-02-06,M04,松露野菌燉飯,主食,Cheese,420.0,189.0
V000050,2026-02-06,M04,松露野菌燉飯,主食,Cheese,420.0,189.0
V000050,2026-02-06,S01,紹興油泡蝦,副食,Seafood,280.0,196.0
V000050,2026-02-06,S04,三種起司拼盤,副食,Cheese,340.0,224.4
V000050,2026-02-06,S03,伊比利火腿盤,副食,Cheese,380.0,247.0
V000050,2026-02-06,W04,白蘇維翁(杯),酒水,Seafood,280.0,170.8
V000050,2026-02-06,W11,威士忌 Highball,酒水,Cheese,300.0,222.0
V000051,2026-02-06,M02,爐烤伊比利豬肩,主食,Red_Meat,520.0,197.6
V000051,2026-02-06,S05,松露薯條,副食,Fried,180.0,129.6
V000051,2026-02-06,S05,松露薯條,副食,Fried,180.0,129.6
V000051,2026-02-06,S05,松露薯條,副食,Fried,180.0,129.6
V000051,2026-02-06,S03,伊比利火腿盤,副食,Cheese,380.0,247.0
V000051,2026-02-06,S03,伊比利火腿盤,副食,Cheese,380.0,247.0
V000051,2026-02-06,S02,西班牙蒜辣蝦,副食,Seafood,260.0,176.8
V000051,2026-02-06,S04,三種起司拼盤,副食,Cheese,340.0,224.4
V000051,2026-02-06,D02,焦糖烤布蕾,甜點,Dessert,160.0,107.2
V000051,2026-02-06,W01,馬爾貝克紅酒(杯),酒水,Red_Meat,280.0,173.6
V000051,2026-02-06,W09,精釀 IPA,酒水,Fried,260.0,150.8
V000051,2026-02-06,W05,氣泡酒(杯),酒水,Fried,300.0,189.0
V000051,2026-02-06,W05,氣泡酒(杯),酒水,Fried,300.0,189.0
V000052,2026-02-06,M01,舒肥紅酒燉牛肉,主食,Red_Meat,480.0,192.0
V000052,2026-02-06,S05,松露薯條,副食,Fried,180.0,129.6
V000052,2026-02-06,S06,酥炸花枝圈,副食,Fried,220.0,154.0
V000052,2026-02-06,S02,西班牙蒜辣蝦,副食,Seafood,260.0,176.8
V000052,2026-02-06,D01,提拉米蘇,甜點,Dessert,180.0,117.0
V000052,2026-02-06,W04,白蘇維翁(杯),酒水,Seafood,280.0,170.8
V000052,2026-02-06,W08,Gin & Tonic,酒水,Universal,300.0,234.0
V000053,2026-02-06,M06,香煎鮭魚佐檸檬,主食,Seafood,460.0,193.2
V000053,2026-02-06,S01,紹興油泡蝦,副食,Seafood,280.0,196.0
V000053,2026-02-06,W10,小麥白啤酒,酒水,Fried,240.0,136.8
V000053,2026-02-06,W03,夏多內白酒(杯),酒水,Seafood,260.0,161.2
V000053,2026-02-06,W13,無酒精莫吉托,酒水,Universal,180.0,144.0
V000054,2026-02-06,M05,白酒蛤蜊義大利麵,主食,Seafood,380.0,167.2
V000054,2026-02-06,S07,炙燒櫛瓜佐油醋,副食,Universal,160.0,108.8
V000054,2026-02-06,W03,夏多內白酒(杯),酒水,Seafood,260.0,161.2
V000054,2026-02-06,W03,夏多內白酒(杯),酒水,Seafood,260.0,161.2
V000055,2026-02-06,W02,卡本內蘇維翁(杯),酒水,Red_Meat,320.0,192.0
V000055,2026-02-06,W13,無酒精莫吉托,酒水,Universal,180.0,144.0
V000055,2026-02-06,W05,氣泡酒(杯),酒水,Fried,300.0,189.0
V000056,2026-02-06,M03,炭烤戰斧牛排,主食,Red_Meat,880.0,308.0
V000056,2026-02-06,S02,西班牙蒜辣蝦,副食,Seafood,260.0,176.8
V000056,2026-02-06,D01,提拉米蘇,甜點,Dessert,180.0,117.0
V000056,2026-02-06,W05,氣泡酒(杯),酒水,Fried,300.0,189.0
V000056,2026-02-06,W13,無酒精莫吉托,酒水,Universal,180.0,144.0
V000056,2026-02-06,W03,夏多內白酒(杯),酒水,Seafood,260.0,161.2
V000057,2026-02-06,M04,松露野菌燉飯,主食,Cheese,420.0,189.0
V000057,2026-02-06,S07,炙燒櫛瓜佐油醋,副食,Universal,160.0,108.8
V000057,2026-02-06,S05,松露薯條,副食,Fried,180.0,129.6
V000057,2026-02-06,S03,伊比利火腿盤,副食,Cheese,380.0,247.0
V000057,2026-02-06,S04,三種起司拼盤,副食,Cheese,340.0,224.4
V000057,2026-02-06,S05,松露薯條,副食,Fried,180.0,129.6
V000057,2026-02-06,D01,提拉米蘇,甜點,Dessert,180.0,117.0
V000057,2026-02-06,W06,Negroni,酒水,Cheese,350.0,266.0
V000057,2026-02-06,W09,精釀 IPA,酒水,Fried,260.0,150.8
V000057,2026-02-06,W02,卡本內蘇維翁(杯),酒水,Red_Meat,320.0,192.0
V000057,2026-02-06,W01,馬爾貝克紅酒(杯),酒水,Red_Meat,280.0,173.6
V000057,2026-02-06,W04,白蘇維翁(杯),酒水,Seafood,280.0,170.8
V000057,2026-02-06,W02,卡本內蘇維翁(杯),酒水,Red_Meat,320.0,192.0
V000058,2026-02-06,M01,舒肥紅酒燉牛肉,主食,Red_Meat,480.0,192.0
V000058,2026-02-06,S01,紹興油泡蝦,副食,Seafood,280.0,196.0
V000058,2026-02-06,W08,Gin & Tonic,酒水,Universal,300.0,234.0
V000059,2026-02-06,M03,炭烤戰斧牛排,主食,Red_Meat,880.0,308.0
V000059,2026-02-06,S03,伊比利火腿盤,副食,Cheese,380.0,247.0
V000059,2026-02-06,W01,馬爾貝克紅酒(杯),酒水,Red_Meat,280.0,173.6
V000059,2026-02-06,W02,卡本內蘇維翁(杯),酒水,Red_Meat,320.0,192.0
V000060,2026-02-06,M01,舒肥紅酒燉牛肉,主食,Red_Meat,480.0,192.0
V000060,2026-02-06,M02,爐烤伊比利豬肩,主食,Red_Meat,520.0,197.6
V000060,2026-02-06,M03,炭烤戰斧牛排,主食,Red_Meat,880.0,308.0
V000060,2026-02-06,S07,炙燒櫛瓜佐油醋,副食,Universal,160.0,108.8
V000060,2026-02-06,W04,白蘇維翁(杯),酒水,Seafood,280.0,170.8
V000060,2026-02-06,W02,卡本內蘇維翁(杯),酒水,Red_Meat,320.0,192.0
V000060,2026-02-06,W06,Negroni,酒水,Cheese,350.0,266.0
V000060,2026-02-06,W01,馬爾貝克紅酒(杯),酒水,Red_Meat,280.0,173.6
V000060,2026-02-06,W07,Old Fashioned,酒水,Red_Meat,380.0,285.0
V000061,2026-02-06,M06,香煎鮭魚佐檸檬,主食,Seafood,460.0,193.2
V000061,2026-02-06,S04,三種起司拼盤,副食,Cheese,340.0,224.4
V000061,2026-02-06,S03,伊比利火腿盤,副食,Cheese,380.0,247.0
V000061,2026-02-06,S04,三種起司拼盤,副食,Cheese,340.0,224.4
V000061,2026-02-06,S03,伊比利火腿盤,副食,Cheese,380.0,247.0
V000061,2026-02-06,W04,白蘇維翁(杯),酒水,Seafood,280.0,170.8
V000061,2026-02-06,W07,Old Fashioned,酒水,Red_Meat,380.0,285.0
V000061,2026-02-06,W09,精釀 IPA,酒水,Fried,260.0,150.8
V000061,2026-02-06,W11,威士忌 Highball,酒水,Cheese,300.0,222.0
V000062,2026-02-06,M06,香煎鮭魚佐檸檬,主食,Seafood,460.0,193.2
V000062,2026-02-06,M03,炭烤戰斧牛排,主食,Red_Meat,880.0,308.0
V000062,2026-02-06,M01,舒肥紅酒燉牛肉,主食,Red_Meat,480.0,192.0
V000062,2026-02-06,W04,白蘇維翁(杯),酒水,Seafood,280.0,170.8
V000063,2026-02-06,M06,香煎鮭魚佐檸檬,主食,Seafood,460.0,193.2
V000063,2026-02-06,S07,炙燒櫛瓜佐油醋,副食,Universal,160.0,108.8
V000063,2026-02-06,W08,Gin & Tonic,酒水,Universal,300.0,234.0
V000063,2026-02-06,W05,氣泡酒(杯),酒水,Fried,300.0,189.0
V000063,2026-02-06,W02,卡本內蘇維翁(杯),酒水,Red_Meat,320.0,192.0
V000063,2026-02-06,W07,Old Fashioned,酒水,Red_Meat,380.0,285.0
V000064,2026-02-06,M01,舒肥紅酒燉牛肉,主食,Red_Meat,480.0,192.0
V000064,2026-02-06,M03,炭烤戰斧牛排,主食,Red_Meat,880.0,308.0
V000064,2026-02-06,S01,紹興油泡蝦,副食,Seafood,280.0,196.0
V000064,2026-02-06,S01,紹興油泡蝦,副食,Seafood,280.0,196.0
V000064,2026-02-06,S07,炙燒櫛瓜佐油醋,副食,Universal,160.0,108.8
V000064,2026-02-06,S06,酥炸花枝圈,副食,Fried,220.0,154.0
V000064,2026-02-06,S02,西班牙蒜辣蝦,副食,Seafood,260.0,176.8
V000064,2026-02-06,W07,Old Fashioned,酒水,Red_Meat,380.0,285.0
V000064,2026-02-06,W09,精釀 IPA,酒水,Fried,260.0,150.8
V000065,2026-02-06,M06,香煎鮭魚佐檸檬,主食,Seafood,460.0,193.2
V000065,2026-02-06,W04,白蘇維翁(杯),酒水,Seafood,280.0,170.8
V000066,2026-02-06,M05,白酒蛤蜊義大利麵,主食,Seafood,380.0,167.2
V000066,2026-02-06,M06,香煎鮭魚佐檸檬,主食,Seafood,460.0,193.2
V000066,2026-02-06,W04,白蘇維翁(杯),酒水,Seafood,280.0,170.8
V000066,2026-02-06,W03,夏多內白酒(杯),酒水,Seafood,260.0,161.2
V000067,2026-02-06,M05,白酒蛤蜊義大利麵,主食,Seafood,380.0,167.2
V000068,2026-02-06,M02,爐烤伊比利豬肩,主食,Red_Meat,520.0,197.6
V000068,2026-02-06,M02,爐烤伊比利豬肩,主食,Red_Meat,520.0,197.6
V000068,2026-02-06,M05,白酒蛤蜊義大利麵,主食,Seafood,380.0,167.2
V000068,2026-02-06,M02,爐烤伊比利豬肩,主食,Red_Meat,520.0,197.6
V000068,2026-02-06,S04,三種起司拼盤,副食,Cheese,340.0,224.4
V000068,2026-02-06,S03,伊比利火腿盤,副食,Cheese,380.0,247.0
V000068,2026-02-06,S02,西班牙蒜辣蝦,副食,Seafood,260.0,176.8
V000068,2026-02-06,W04,白蘇維翁(杯),酒水,Seafood,280.0,170.8
V000068,2026-02-06,W12,季節水果特調,酒水,Universal,340.0,261.8
V000068,2026-02-06,W04,白蘇維翁(杯),酒水,Seafood,280.0,170.8
V000068,2026-02-06,W03,夏多內白酒(杯),酒水,Seafood,260.0,161.2
V000068,2026-02-06,W11,威士忌 Highball,酒水,Cheese,300.0,222.0
V000068,2026-02-06,W11,威士忌 Highball,酒水,Cheese,300.0,222.0
V000068,2026-02-06,W06,Negroni,酒水,Cheese,350.0,266.0
V000069,2026-02-06,M03,炭烤戰斧牛排,主食,Red_Meat,880.0,308.0
V000069,2026-02-06,M06,香煎鮭魚佐檸檬,主食,Seafood,460.0,193.2
V000069,2026-02-06,S02,西班牙蒜辣蝦,副食,Seafood,260.0,176.8
V000069,2026-02-06,D01,提拉米蘇,甜點,Dessert,180.0,117.0
V000070,2026-02-06,M01,舒肥紅酒燉牛肉,主食,Red_Meat,480.0,192.0
V000070,2026-02-06,M04,松露野菌燉飯,主食,Cheese,420.0,189.0
V000070,2026-02-06,M03,炭烤戰斧牛排,主食,Red_Meat,880.0,308.0
V000070,2026-02-06,S07,炙燒櫛瓜佐油醋,副食,Universal,160.0,108.8
V000070,2026-02-06,D01,提拉米蘇,甜點,Dessert,180.0,117.0
V000070,2026-02-06,W02,卡本內蘇維翁(杯),酒水,Red_Meat,320.0,192.0
V000070,2026-02-06,W11,威士忌 Highball,酒水,Cheese,300.0,222.0
V000070,2026-02-06,W07,Old Fashioned,酒水,Red_Meat,380.0,285.0
V000070,2026-02-06,W08,Gin & Tonic,酒水,Universal,300.0,234.0
V000070,2026-02-06,W02,卡本內蘇維翁(杯),酒水,Red_Meat,320.0,192.0
V000070,2026-02-06,W01,馬爾貝克紅酒(杯),酒水,Red_Meat,280.0,173.6
V000070,2026-02-06,W12,季節水果特調,酒水,Universal,340.0,261.8
V000071,2026-02-07,M02,爐烤伊比利豬肩,主食,Red_Meat,520.0,197.6
V000071,2026-02-07,M06,香煎鮭魚佐檸檬,主食,Seafood,460.0,193.2
V000071,2026-02-07,S03,伊比利火腿盤,副食,Cheese,380.0,247.0
V000071,2026-02-07,S07,炙燒櫛瓜佐油醋,副食,Universal,160.0,108.8
V000071,2026-02-07,S01,紹興油泡蝦,副食,Seafood,280.0,196.0
V000071,2026-02-07,S06,酥炸花枝圈,副食,Fried,220.0,154.0
V000071,2026-02-07,S05,松露薯條,副食,Fried,180.0,129.6
V000071,2026-02-07,W03,夏多內白酒(杯),酒水,Seafood,260.0,161.2
V000071,2026-02-07,W03,夏多內白酒(杯),酒水,Seafood,260.0,161.2
V000072,2026-02-07,M05,白酒蛤蜊義大利麵,主食,Seafood,380.0,167.2
V000072,2026-02-07,S06,酥炸花枝圈,副食,Fried,220.0,154.0
V000072,2026-02-07,S05,松露薯條,副食,Fried,180.0,129.6
V000072,2026-02-07,S07,炙燒櫛瓜佐油醋,副食,Universal,160.0,108.8
V000072,2026-02-07,W11,威士忌 Highball,酒水,Cheese,300.0,222.0
V000073,2026-02-07,M05,白酒蛤蜊義大利麵,主食,Seafood,380.0,167.2
V000073,2026-02-07,M01,舒肥紅酒燉牛肉,主食,Red_Meat,480.0,192.0
V000073,2026-02-07,S07,炙燒櫛瓜佐油醋,副食,Universal,160.0,108.8
V000073,2026-02-07,S06,酥炸花枝圈,副食,Fried,220.0,154.0
V000073,2026-02-07,S02,西班牙蒜辣蝦,副食,Seafood,260.0,176.8
V000073,2026-02-07,S02,西班牙蒜辣蝦,副食,Seafood,260.0,176.8
V000073,2026-02-07,D01,提拉米蘇,甜點,Dessert,180.0,117.0
V000073,2026-02-07,W10,小麥白啤酒,酒水,Fried,240.0,136.8
V000073,2026-02-07,W03,夏多內白酒(杯),酒水,Seafood,260.0,161.2
V000073,2026-02-07,W03,夏多內白酒(杯),酒水,Seafood,260.0,161.2
V000073,2026-02-07,W03,夏多內白酒(杯),酒水,Seafood,260.0,161.2
V000073,2026-02-07,W13,無酒精莫吉托,酒水,Universal,180.0,144.0
V000074,2026-02-07,M02,爐烤伊比利豬肩,主食,Red_Meat,520.0,197.6
V000074,2026-02-07,M02,爐烤伊比利豬肩,主食,Red_Meat,520.0,197.6
V000074,2026-02-07,S02,西班牙蒜辣蝦,副食,Seafood,260.0,176.8
V000074,2026-02-07,S04,三種起司拼盤,副食,Cheese,340.0,224.4
V000074,2026-02-07,W05,氣泡酒(杯),酒水,Fried,300.0,189.0
V000075,2026-02-07,M01,舒肥紅酒燉牛肉,主食,Red_Meat,480.0,192.0
V000075,2026-02-07,S07,炙燒櫛瓜佐油醋,副食,Universal,160.0,108.8
V000075,2026-02-07,S05,松露薯條,副食,Fried,180.0,129.6
V000075,2026-02-07,S07,炙燒櫛瓜佐油醋,副食,Universal,160.0,108.8
V000075,2026-02-07,W02,卡本內蘇維翁(杯),酒水,Red_Meat,320.0,192.0
V000075,2026-02-07,W12,季節水果特調,酒水,Universal,340.0,261.8
V000075,2026-02-07,W12,季節水果特調,酒水,Universal,340.0,261.8
V000075,2026-02-07,W12,季節水果特調,酒水,Universal,340.0,261.8
V000075,2026-02-07,W10,小麥白啤酒,酒水,Fried,240.0,136.8
V000076,2026-02-07,M04,松露野菌燉飯,主食,Cheese,420.0,189.0
V000076,2026-02-07,M06,香煎鮭魚佐檸檬,主食,Seafood,460.0,193.2
V000076,2026-02-07,M03,炭烤戰斧牛排,主食,Red_Meat,880.0,308.0
V000076,2026-02-07,M03,炭烤戰斧牛排,主食,Red_Meat,880.0,308.0
V000076,2026-02-07,S07,炙燒櫛瓜佐油醋,副食,Universal,160.0,108.8
V000076,2026-02-07,S04,三種起司拼盤,副食,Cheese,340.0,224.4
V000076,2026-02-07,S05,松露薯條,副食,Fried,180.0,129.6
V000076,2026-02-07,W01,馬爾貝克紅酒(杯),酒水,Red_Meat,280.0,173.6
V000077,2026-02-07,M02,爐烤伊比利豬肩,主食,Red_Meat,520.0,197.6
V000077,2026-02-07,S07,炙燒櫛瓜佐油醋,副食,Universal,160.0,108.8
V000077,2026-02-07,S06,酥炸花枝圈,副食,Fried,220.0,154.0
V000077,2026-02-07,S03,伊比利火腿盤,副食,Cheese,380.0,247.0
V000077,2026-02-07,W06,Negroni,酒水,Cheese,350.0,266.0
V000077,2026-02-07,W11,威士忌 Highball,酒水,Cheese,300.0,222.0
V000078,2026-02-07,M03,炭烤戰斧牛排,主食,Red_Meat,880.0,308.0
V000078,2026-02-07,W07,Old Fashioned,酒水,Red_Meat,380.0,285.0
V000079,2026-02-07,W06,Negroni,酒水,Cheese,350.0,266.0
V000079,2026-02-07,W02,卡本內蘇維翁(杯),酒水,Red_Meat,320.0,192.0
V000079,2026-02-07,W06,Negroni,酒水,Cheese,350.0,266.0
V000080,2026-02-07,M03,炭烤戰斧牛排,主食,Red_Meat,880.0,308.0
V000080,2026-02-07,M02,爐烤伊比利豬肩,主食,Red_Meat,520.0,197.6
V000080,2026-02-07,M06,香煎鮭魚佐檸檬,主食,Seafood,460.0,193.2
V000080,2026-02-07,S04,三種起司拼盤,副食,Cheese,340.0,224.4
V000080,2026-02-07,S06,酥炸花枝圈,副食,Fried,220.0,154.0
V000080,2026-02-07,W04,白蘇維翁(杯),酒水,Seafood,280.0,170.8
V000080,2026-02-07,W02,卡本內蘇維翁(杯),酒水,Red_Meat,320.0,192.0
V000080,2026-02-07,W04,白蘇維翁(杯),酒水,Seafood,280.0,170.8
V000081,2026-02-07,M04,松露野菌燉飯,主食,Cheese,420.0,189.0
V000081,2026-02-07,S03,伊比利火腿盤,副食,Cheese,380.0,247.0
V000081,2026-02-07,S01,紹興油泡蝦,副食,Seafood,280.0,196.0
V000081,2026-02-07,S05,松露薯條,副食,Fried,180.0,129.6
V000081,2026-02-07,S04,三種起司拼盤,副食,Cheese,340.0,224.4
V000082,2026-02-07,M02,爐烤伊比利豬肩,主食,Red_Meat,520.0,197.6
V000082,2026-02-07,M04,松露野菌燉飯,主食,Cheese,420.0,189.0
V000082,2026-02-07,S05,松露薯條,副食,Fried,180.0,129.6
V000082,2026-02-07,S04,三種起司拼盤,副食,Cheese,340.0,224.4
V000082,2026-02-07,S04,三種起司拼盤,副食,Cheese,340.0,224.4
V000082,2026-02-07,S05,松露薯條,副食,Fried,180.0,129.6
V000082,2026-02-07,S07,炙燒櫛瓜佐油醋,副食,Universal,160.0,108.8
V000082,2026-02-07,D01,提拉米蘇,甜點,Dessert,180.0,117.0
V000082,2026-02-07,W03,夏多內白酒(杯),酒水,Seafood,260.0,161.2
V000082,2026-02-07,W11,威士忌 Highball,酒水,Cheese,300.0,222.0
V000082,2026-02-07,W12,季節水果特調,酒水,Universal,340.0,261.8
V000082,2026-02-07,W03,夏多內白酒(杯),酒水,Seafood,260.0,161.2
V000082,2026-02-07,W02,卡本內蘇維翁(杯),酒水,Red_Meat,320.0,192.0
V000082,2026-02-07,W09,精釀 IPA,酒水,Fried,260.0,150.8
V000082,2026-02-07,W02,卡本內蘇維翁(杯),酒水,Red_Meat,320.0,192.0
V000082,2026-02-07,W11,威士忌 Highball,酒水,Cheese,300.0,222.0
V000082,2026-02-07,W03,夏多內白酒(杯),酒水,Seafood,260.0,161.2
V000083,2026-02-07,M06,香煎鮭魚佐檸檬,主食,Seafood,460.0,193.2
V000083,2026-02-07,M05,白酒蛤蜊義大利麵,主食,Seafood,380.0,167.2
V000083,2026-02-07,M02,爐烤伊比利豬肩,主食,Red_Meat,520.0,197.6
V000083,2026-02-07,S04,三種起司拼盤,副食,Cheese,340.0,224.4
V000083,2026-02-07,D02,焦糖烤布蕾,甜點,Dessert,160.0,107.2
V000084,2026-02-07,M04,松露野菌燉飯,主食,Cheese,420.0,189.0
V000084,2026-02-07,M02,爐烤伊比利豬肩,主食,Red_Meat,520.0,197.6
V000084,2026-02-07,M04,松露野菌燉飯,主食,Cheese,420.0,189.0
V000084,2026-02-07,M06,香煎鮭魚佐檸檬,主食,Seafood,460.0,193.2
V000084,2026-02-07,W02,卡本內蘇維翁(杯),酒水,Red_Meat,320.0,192.0
V000084,2026-02-07,W03,夏多內白酒(杯),酒水,Seafood,260.0,161.2
V000084,2026-02-07,W05,氣泡酒(杯),酒水,Fried,300.0,189.0
V000084,2026-02-07,W09,精釀 IPA,酒水,Fried,260.0,150.8
V000084,2026-02-07,W06,Negroni,酒水,Cheese,350.0,266.0
V000085,2026-02-07,M02,爐烤伊比利豬肩,主食,Red_Meat,520.0,197.6
V000085,2026-02-07,M06,香煎鮭魚佐檸檬,主食,Seafood,460.0,193.2
V000085,2026-02-07,M05,白酒蛤蜊義大利麵,主食,Seafood,380.0,167.2
V000085,2026-02-07,S07,炙燒櫛瓜佐油醋,副食,Universal,160.0,108.8
V000085,2026-02-07,S06,酥炸花枝圈,副食,Fried,220.0,154.0
V000085,2026-02-07,W01,馬爾貝克紅酒(杯),酒水,Red_Meat,280.0,173.6
V000086,2026-02-07,M01,舒肥紅酒燉牛肉,主食,Red_Meat,480.0,192.0
V000086,2026-02-07,M03,炭烤戰斧牛排,主食,Red_Meat,880.0,308.0
V000086,2026-02-07,S04,三種起司拼盤,副食,Cheese,340.0,224.4
V000086,2026-02-07,S05,松露薯條,副食,Fried,180.0,129.6
V000086,2026-02-07,S03,伊比利火腿盤,副食,Cheese,380.0,247.0
V000086,2026-02-07,S02,西班牙蒜辣蝦,副食,Seafood,260.0,176.8
V000086,2026-02-07,S04,三種起司拼盤,副食,Cheese,340.0,224.4
V000086,2026-02-07,W07,Old Fashioned,酒水,Red_Meat,380.0,285.0
V000086,2026-02-07,W03,夏多內白酒(杯),酒水,Seafood,260.0,161.2
V000087,2026-02-07,M05,白酒蛤蜊義大利麵,主食,Seafood,380.0,167.2
V000087,2026-02-07,M02,爐烤伊比利豬肩,主食,Red_Meat,520.0,197.6
V000087,2026-02-07,S03,伊比利火腿盤,副食,Cheese,380.0,247.0
V000087,2026-02-07,S03,伊比利火腿盤,副食,Cheese,380.0,247.0
V000087,2026-02-07,S04,三種起司拼盤,副食,Cheese,340.0,224.4
V000087,2026-02-07,W02,卡本內蘇維翁(杯),酒水,Red_Meat,320.0,192.0
V000087,2026-02-07,W07,Old Fashioned,酒水,Red_Meat,380.0,285.0
V000087,2026-02-07,W04,白蘇維翁(杯),酒水,Seafood,280.0,170.8
V000088,2026-02-07,M06,香煎鮭魚佐檸檬,主食,Seafood,460.0,193.2
V000088,2026-02-07,M03,炭烤戰斧牛排,主食,Red_Meat,880.0,308.0
V000088,2026-02-07,S04,三種起司拼盤,副食,Cheese,340.0,224.4
V000088,2026-02-07,S04,三種起司拼盤,副食,Cheese,340.0,224.4
V000088,2026-02-07,W11,威士忌 Highball,酒水,Cheese,300.0,222.0
V000088,2026-02-07,W04,白蘇維翁(杯),酒水,Seafood,280.0,170.8
V000088,2026-02-07,W11,威士忌 Highball,酒水,Cheese,300.0,222.0
V000089,2026-02-07,M04,松露野菌燉飯,主食,Cheese,420.0,189.0
V000089,2026-02-07,S01,紹興油泡蝦,副食,Seafood,280.0,196.0
V000089,2026-02-07,D02,焦糖烤布蕾,甜點,Dessert,160.0,107.2
V000089,2026-02-07,W12,季節水果特調,酒水,Universal,340.0,261.8
V000089,2026-02-07,W01,馬爾貝克紅酒(杯),酒水,Red_Meat,280.0,173.6
V000090,2026-02-07,M03,炭烤戰斧牛排,主食,Red_Meat,880.0,308.0
V000090,2026-02-07,M06,香煎鮭魚佐檸檬,主食,Seafood,460.0,193.2
V000090,2026-02-07,S03,伊比利火腿盤,副食,Cheese,380.0,247.0
V000090,2026-02-07,S07,炙燒櫛瓜佐油醋,副食,Universal,160.0,108.8
V000090,2026-02-07,S06,酥炸花枝圈,副食,Fried,220.0,154.0
V000090,2026-02-07,W05,氣泡酒(杯),酒水,Fried,300.0,189.0
V000090,2026-02-07,W03,夏多內白酒(杯),酒水,Seafood,260.0,161.2
V000091,2026-02-07,M03,炭烤戰斧牛排,主食,Red_Meat,880.0,308.0
V000091,2026-02-07,M06,香煎鮭魚佐檸檬,主食,Seafood,460.0,193.2
V000091,2026-02-07,S07,炙燒櫛瓜佐油醋,副食,Universal,160.0,108.8
V000091,2026-02-07,S07,炙燒櫛瓜佐油醋,副食,Universal,160.0,108.8
V000091,2026-02-07,S05,松露薯條,副食,Fried,180.0,129.6
V000092,2026-02-07,M03,炭烤戰斧牛排,主食,Red_Meat,880.0,308.0
V000092,2026-02-07,M02,爐烤伊比利豬肩,主食,Red_Meat,520.0,197.6
V000092,2026-02-07,S04,三種起司拼盤,副食,Cheese,340.0,224.4
V000092,2026-02-07,S06,酥炸花枝圈,副食,Fried,220.0,154.0
V000092,2026-02-07,S07,炙燒櫛瓜佐油醋,副食,Universal,160.0,108.8
V000092,2026-02-07,D01,提拉米蘇,甜點,Dessert,180.0,117.0
V000092,2026-02-07,W01,馬爾貝克紅酒(杯),酒水,Red_Meat,280.0,173.6
V000092,2026-02-07,W08,Gin & Tonic,酒水,Universal,300.0,234.0
V000092,2026-02-07,W07,Old Fashioned,酒水,Red_Meat,380.0,285.0
V000093,2026-02-07,M04,松露野菌燉飯,主食,Cheese,420.0,189.0
V000093,2026-02-07,M06,香煎鮭魚佐檸檬,主食,Seafood,460.0,193.2
V000093,2026-02-07,S01,紹興油泡蝦,副食,Seafood,280.0,196.0
V000093,2026-02-07,S01,紹興油泡蝦,副食,Seafood,280.0,196.0
V000093,2026-02-07,S04,三種起司拼盤,副食,Cheese,340.0,224.4
V000093,2026-02-07,W06,Negroni,酒水,Cheese,350.0,266.0
V000093,2026-02-07,W03,夏多內白酒(杯),酒水,Seafood,260.0,161.2
V000094,2026-02-07,M03,炭烤戰斧牛排,主食,Red_Meat,880.0,308.0
V000094,2026-02-07,M05,白酒蛤蜊義大利麵,主食,Seafood,380.0,167.2
V000094,2026-02-07,S03,伊比利火腿盤,副食,Cheese,380.0,247.0
V000094,2026-02-07,S01,紹興油泡蝦,副食,Seafood,280.0,196.0
V000094,2026-02-07,D01,提拉米蘇,甜點,Dessert,180.0,117.0
V000094,2026-02-07,W02,卡本內蘇維翁(杯),酒水,Red_Meat,320.0,192.0
V000094,2026-02-07,W08,Gin & Tonic,酒水,Universal,300.0,234.0
V000094,2026-02-07,W02,卡本內蘇維翁(杯),酒水,Red_Meat,320.0,192.0
V000094,2026-02-07,W04,白蘇維翁(杯),酒水,Seafood,280.0,170.8
V000094,2026-02-07,W07,Old Fashioned,酒水,Red_Meat,380.0,285.0
V000094,2026-02-07,W04,白蘇維翁(杯),酒水,Seafood,280.0,170.8
V000094,2026-02-07,W03,夏多內白酒(杯),酒水,Seafood,260.0,161.2
V000094,2026-02-07,W04,白蘇維翁(杯),酒水,Seafood,280.0,170.8
V000094,2026-02-07,W03,夏多內白酒(杯),酒水,Seafood,260.0,161.2
V000095,2026-02-08,M06,香煎鮭魚佐檸檬,主食,Seafood,460.0,193.2
V000095,2026-02-08,M05,白酒蛤蜊義大利麵,主食,Seafood,380.0,167.2
V000095,2026-02-08,S01,紹興油泡蝦,副食,Seafood,280.0,196.0
V000095,2026-02-08,S05,松露薯條,副食,Fried,180.0,129.6
V000095,2026-02-08,S06,酥炸花枝圈,副食,Fried,220.0,154.0
V000095,2026-02-08,W04,白蘇維翁(杯),酒水,Seafood,280.0,170.8
V000095,2026-02-08,W04,白蘇維翁(杯),酒水,Seafood,280.0,170.8
V000095,2026-02-08,W13,無酒精莫吉托,酒水,Universal,180.0,144.0
V000095,2026-02-08,W05,氣泡酒(杯),酒水,Fried,300.0,189.0
V000095,2026-02-08,W06,Negroni,酒水,Cheese,350.0,266.0
V000095,2026-02-08,W08,Gin & Tonic,酒水,Universal,300.0,234.0
V000095,2026-02-08,W02,卡本內蘇維翁(杯),酒水,Red_Meat,320.0,192.0
V000095,2026-02-08,W03,夏多內白酒(杯),酒水,Seafood,260.0,161.2
V000095,2026-02-08,W10,小麥白啤酒,酒水,Fried,240.0,136.8
V000095,2026-02-08,W03,夏多內白酒(杯),酒水,Seafood,260.0,161.2
V000095,2026-02-08,W10,小麥白啤酒,酒水,Fried,240.0,136.8
V000096,2026-02-08,M05,白酒蛤蜊義大利麵,主食,Seafood,380.0,167.2
V000096,2026-02-08,M03,炭烤戰斧牛排,主食,Red_Meat,880.0,308.0
V000096,2026-02-08,S02,西班牙蒜辣蝦,副食,Seafood,260.0,176.8
V000096,2026-02-08,S01,紹興油泡蝦,副食,Seafood,280.0,196.0
V000096,2026-02-08,S02,西班牙蒜辣蝦,副食,Seafood,260.0,176.8
V000096,2026-02-08,W03,夏多內白酒(杯),酒水,Seafood,260.0,161.2
V000097,2026-02-08,M02,爐烤伊比利豬肩,主食,Red_Meat,520.0,197.6
V000097,2026-02-08,S04,三種起司拼盤,副食,Cheese,340.0,224.4
V000097,2026-02-08,S02,西班牙蒜辣蝦,副食,Seafood,260.0,176.8
V000097,2026-02-08,S03,伊比利火腿盤,副食,Cheese,380.0,247.0
V000097,2026-02-08,D01,提拉米蘇,甜點,Dessert,180.0,117.0
V000097,2026-02-08,W08,Gin & Tonic,酒水,Universal,300.0,234.0
V000097,2026-02-08,W02,卡本內蘇維翁(杯),酒水,Red_Meat,320.0,192.0
V000098,2026-02-08,M05,白酒蛤蜊義大利麵,主食,Seafood,380.0,167.2
V000098,2026-02-08,M02,爐烤伊比利豬肩,主食,Red_Meat,520.0,197.6
V000098,2026-02-08,W07,Old Fashioned,酒水,Red_Meat,380.0,285.0
V000098,2026-02-08,W07,Old Fashioned,酒水,Red_Meat,380.0,285.0
V000099,2026-02-08,M01,舒肥紅酒燉牛肉,主食,Red_Meat,480.0,192.0
V000099,2026-02-08,M06,香煎鮭魚佐檸檬,主食,Seafood,460.0,193.2
V000099,2026-02-08,M04,松露野菌燉飯,主食,Cheese,420.0,189.0
V000099,2026-02-08,W01,馬爾貝克紅酒(杯),酒水,Red_Meat,280.0,173.6
V000099,2026-02-08,W04,白蘇維翁(杯),酒水,Seafood,280.0,170.8
V000099,2026-02-08,W08,Gin & Tonic,酒水,Universal,300.0,234.0
V000100,2026-02-08,M06,香煎鮭魚佐檸檬,主食,Seafood,460.0,193.2
V000100,2026-02-08,S07,炙燒櫛瓜佐油醋,副食,Universal,160.0,108.8
V000100,2026-02-08,S03,伊比利火腿盤,副食,Cheese,380.0,247.0
V000100,2026-02-08,S03,伊比利火腿盤,副食,Cheese,380.0,247.0
V000100,2026-02-08,W04,白蘇維翁(杯),酒水,Seafood,280.0,170.8
V000100,2026-02-08,W12,季節水果特調,酒水,Universal,340.0,261.8
V000101,2026-02-08,M01,舒肥紅酒燉牛肉,主食,Red_Meat,480.0,192.0
V000101,2026-02-08,S06,酥炸花枝圈,副食,Fried,220.0,154.0
V000101,2026-02-08,S01,紹興油泡蝦,副食,Seafood,280.0,196.0
V000101,2026-02-08,W09,精釀 IPA,酒水,Fried,260.0,150.8
V000101,2026-02-08,W07,Old Fashioned,酒水,Red_Meat,380.0,285.0
V000101,2026-02-08,W03,夏多內白酒(杯),酒水,Seafood,260.0,161.2
V000102,2026-02-08,M05,白酒蛤蜊義大利麵,主食,Seafood,380.0,167.2
V000102,2026-02-08,M05,白酒蛤蜊義大利麵,主食,Seafood,380.0,167.2
V000102,2026-02-08,M02,爐烤伊比利豬肩,主食,Red_Meat,520.0,197.6
V000102,2026-02-08,S04,三種起司拼盤,副食,Cheese,340.0,224.4
V000102,2026-02-08,S05,松露薯條,副食,Fried,180.0,129.6
V000102,2026-02-08,S03,伊比利火腿盤,副食,Cheese,380.0,247.0
V000102,2026-02-08,W03,夏多內白酒(杯),酒水,Seafood,260.0,161.2
V000102,2026-02-08,W03,夏多內白酒(杯),酒水,Seafood,260.0,161.2
V000103,2026-02-08,M04,松露野菌燉飯,主食,Cheese,420.0,189.0
V000103,2026-02-08,S01,紹興油泡蝦,副食,Seafood,280.0,196.0
V000103,2026-02-08,D01,提拉米蘇,甜點,Dessert,180.0,117.0
V000103,2026-02-08,W08,Gin & Tonic,酒水,Universal,300.0,234.0
V000103,2026-02-08,W06,Negroni,酒水,Cheese,350.0,266.0
V000103,2026-02-08,W04,白蘇維翁(杯),酒水,Seafood,280.0,170.8
V000104,2026-02-08,M05,白酒蛤蜊義大利麵,主食,Seafood,380.0,167.2
V000104,2026-02-08,S02,西班牙蒜辣蝦,副食,Seafood,260.0,176.8
V000104,2026-02-08,S05,松露薯條,副食,Fried,180.0,129.6
V000104,2026-02-08,S01,紹興油泡蝦,副食,Seafood,280.0,196.0
V000104,2026-02-08,D01,提拉米蘇,甜點,Dessert,180.0,117.0
V000104,2026-02-08,W04,白蘇維翁(杯),酒水,Seafood,280.0,170.8
V000104,2026-02-08,W03,夏多內白酒(杯),酒水,Seafood,260.0,161.2
V000104,2026-02-08,W10,小麥白啤酒,酒水,Fried,240.0,136.8
V000104,2026-02-08,W06,Negroni,酒水,Cheese,350.0,266.0
V000104,2026-02-08,W04,白蘇維翁(杯),酒水,Seafood,280.0,170.8
V000104,2026-02-08,W10,小麥白啤酒,酒水,Fried,240.0,136.8
V000105,2026-02-08,M04,松露野菌燉飯,主食,Cheese,420.0,189.0
V000105,2026-02-08,S07,炙燒櫛瓜佐油醋,副食,Universal,160.0,108.8
V000105,2026-02-08,S02,西班牙蒜辣蝦,副食,Seafood,260.0,176.8
V000105,2026-02-08,W12,季節水果特調,酒水,Universal,340.0,261.8
V000105,2026-02-08,W03,夏多內白酒(杯),酒水,Seafood,260.0,161.2
V000105,2026-02-08,W05,氣泡酒(杯),酒水,Fried,300.0,189.0
V000105,2026-02-08,W03,夏多內白酒(杯),酒水,Seafood,260.0,161.2
V000106,2026-02-08,M04,松露野菌燉飯,主食,Cheese,420.0,189.0
V000106,2026-02-08,M02,爐烤伊比利豬肩,主食,Red_Meat,520.0,197.6
V000106,2026-02-08,M02,爐烤伊比利豬肩,主食,Red_Meat,520.0,197.6
V000106,2026-02-08,W01,馬爾貝克紅酒(杯),酒水,Red_Meat,280.0,173.6
V000106,2026-02-08,W12,季節水果特調,酒水,Universal,340.0,261.8
V000106,2026-02-08,W02,卡本內蘇維翁(杯),酒水,Red_Meat,320.0,192.0
V000106,2026-02-08,W01,馬爾貝克紅酒(杯),酒水,Red_Meat,280.0,173.6
V000107,2026-02-10,M06,香煎鮭魚佐檸檬,主食,Seafood,460.0,193.2
V000107,2026-02-10,M04,松露野菌燉飯,主食,Cheese,420.0,189.0
V000107,2026-02-10,M06,香煎鮭魚佐檸檬,主食,Seafood,460.0,193.2
V000107,2026-02-10,M06,香煎鮭魚佐檸檬,主食,Seafood,460.0,193.2
V000107,2026-02-10,M02,爐烤伊比利豬肩,主食,Red_Meat,520.0,197.6
V000107,2026-02-10,S04,三種起司拼盤,副食,Cheese,340.0,224.4
V000107,2026-02-10,S05,松露薯條,副食,Fried,180.0,129.6
V000107,2026-02-10,S05,松露薯條,副食,Fried,180.0,129.6
V000107,2026-02-10,D01,提拉米蘇,甜點,Dessert,180.0,117.0
V000107,2026-02-10,W04,白蘇維翁(杯),酒水,Seafood,280.0,170.8
V000107,2026-02-10,W05,氣泡酒(杯),酒水,Fried,300.0,189.0
V000107,2026-02-10,W12,季節水果特調,酒水,Universal,340.0,261.8
V000107,2026-02-10,W03,夏多內白酒(杯),酒水,Seafood,260.0,161.2
V000107,2026-02-10,W09,精釀 IPA,酒水,Fried,260.0,150.8
V000107,2026-02-10,W05,氣泡酒(杯),酒水,Fried,300.0,189.0
V000107,2026-02-10,W04,白蘇維翁(杯),酒水,Seafood,280.0,170.8
V000108,2026-02-10,M06,香煎鮭魚佐檸檬,主食,Seafood,460.0,193.2
V000108,2026-02-10,S06,酥炸花枝圈,副食,Fried,220.0,154.0
V000108,2026-02-10,S03,伊比利火腿盤,副食,Cheese,380.0,247.0
V000108,2026-02-10,S01,紹興油泡蝦,副食,Seafood,280.0,196.0
V000108,2026-02-10,W05,氣泡酒(杯),酒水,Fried,300.0,189.0
V000108,2026-02-10,W06,Negroni,酒水,Cheese,350.0,266.0
V000108,2026-02-10,W05,氣泡酒(杯),酒水,Fried,300.0,189.0
V000108,2026-02-10,W07,Old Fashioned,酒水,Red_Meat,380.0,285.0
V000109,2026-02-10,M06,香煎鮭魚佐檸檬,主食,Seafood,460.0,193.2
V000109,2026-02-10,S01,紹興油泡蝦,副食,Seafood,280.0,196.0
V000109,2026-02-10,S02,西班牙蒜辣蝦,副食,Seafood,260.0,176.8
V000109,2026-02-10,S07,炙燒櫛瓜佐油醋,副食,Universal,160.0,108.8
V000109,2026-02-10,W03,夏多內白酒(杯),酒水,Seafood,260.0,161.2
V000109,2026-02-10,W01,馬爾貝克紅酒(杯),酒水,Red_Meat,280.0,173.6
V000109,2026-02-10,W10,小麥白啤酒,酒水,Fried,240.0,136.8
V000109,2026-02-10,W04,白蘇維翁(杯),酒水,Seafood,280.0,170.8
V000109,2026-02-10,W03,夏多內白酒(杯),酒水,Seafood,260.0,161.2
V000110,2026-02-10,S07,炙燒櫛瓜佐油醋,副食,Universal,160.0,108.8
V000110,2026-02-10,S06,酥炸花枝圈,副食,Fried,220.0,154.0
V000110,2026-02-10,W11,威士忌 Highball,酒水,Cheese,300.0,222.0
V000110,2026-02-10,W12,季節水果特調,酒水,Universal,340.0,261.8
V000111,2026-02-10,M01,舒肥紅酒燉牛肉,主食,Red_Meat,480.0,192.0
V000111,2026-02-10,M03,炭烤戰斧牛排,主食,Red_Meat,880.0,308.0
V000111,2026-02-10,S06,酥炸花枝圈,副食,Fried,220.0,154.0
V000111,2026-02-10,S01,紹興油泡蝦,副食,Seafood,280.0,196.0
V000111,2026-02-10,D01,提拉米蘇,甜點,Dessert,180.0,117.0
V000111,2026-02-10,W08,Gin & Tonic,酒水,Universal,300.0,234.0
V000111,2026-02-10,W13,無酒精莫吉托,酒水,Universal,180.0,144.0
V000112,2026-02-10,M05,白酒蛤蜊義大利麵,主食,Seafood,380.0,167.2
V000112,2026-02-10,M01,舒肥紅酒燉牛肉,主食,Red_Meat,480.0,192.0
V000112,2026-02-10,M04,松露野菌燉飯,主食,Cheese,420.0,189.0
V000112,2026-02-10,S06,酥炸花枝圈,副食,Fried,220.0,154.0
V000112,2026-02-10,S07,炙燒櫛瓜佐油醋,副食,Universal,160.0,108.8
V000112,2026-02-10,S03,伊比利火腿盤,副食,Cheese,380.0,247.0
V000112,2026-02-10,D01,提拉米蘇,甜點,Dessert,180.0,117.0
V000112,2026-02-10,W04,白蘇維翁(杯),酒水,Seafood,280.0,170.8
V000112,2026-02-10,W04,白蘇維翁(杯),酒水,Seafood,280.0,170.8
V000112,2026-02-10,W10,小麥白啤酒,酒水,Fried,240.0,136.8
V000113,2026-02-10,M04,松露野菌燉飯,主食,Cheese,420.0,189.0
V000113,2026-02-10,S03,伊比利火腿盤,副食,Cheese,380.0,247.0
V000113,2026-02-10,D01,提拉米蘇,甜點,Dessert,180.0,117.0
V000113,2026-02-10,W06,Negroni,酒水,Cheese,350.0,266.0
V000113,2026-02-10,W11,威士忌 Highball,酒水,Cheese,300.0,222.0
V000113,2026-02-10,W07,Old Fashioned,酒水,Red_Meat,380.0,285.0
V000113,2026-02-10,W01,馬爾貝克紅酒(杯),酒水,Red_Meat,280.0,173.6
V000114,2026-02-10,M01,舒肥紅酒燉牛肉,主食,Red_Meat,480.0,192.0
V000114,2026-02-10,M01,舒肥紅酒燉牛肉,主食,Red_Meat,480.0,192.0
V000114,2026-02-10,S01,紹興油泡蝦,副食,Seafood,280.0,196.0
V000114,2026-02-10,S03,伊比利火腿盤,副食,Cheese,380.0,247.0
V000114,2026-02-10,D02,焦糖烤布蕾,甜點,Dessert,160.0,107.2
V000114,2026-02-10,W05,氣泡酒(杯),酒水,Fried,300.0,189.0
V000115,2026-02-10,M03,炭烤戰斧牛排,主食,Red_Meat,880.0,308.0
V000115,2026-02-10,M04,松露野菌燉飯,主食,Cheese,420.0,189.0
V000115,2026-02-10,S05,松露薯條,副食,Fried,180.0,129.6
V000115,2026-02-10,S05,松露薯條,副食,Fried,180.0,129.6
V000115,2026-02-10,D01,提拉米蘇,甜點,Dessert,180.0,117.0
V000115,2026-02-10,W13,無酒精莫吉托,酒水,Universal,180.0,144.0
V000115,2026-02-10,W12,季節水果特調,酒水,Universal,340.0,261.8
V000115,2026-02-10,W01,馬爾貝克紅酒(杯),酒水,Red_Meat,280.0,173.6
V000115,2026-02-10,W08,Gin & Tonic,酒水,Universal,300.0,234.0
V000115,2026-02-10,W03,夏多內白酒(杯),酒水,Seafood,260.0,161.2
V000115,2026-02-10,W01,馬爾貝克紅酒(杯),酒水,Red_Meat,280.0,173.6
V000115,2026-02-10,W05,氣泡酒(杯),酒水,Fried,300.0,189.0
V000115,2026-02-10,W01,馬爾貝克紅酒(杯),酒水,Red_Meat,280.0,173.6
V000115,2026-02-10,W10,小麥白啤酒,酒水,Fried,240.0,136.8
V000115,2026-02-10,W01,馬爾貝克紅酒(杯),酒水,Red_Meat,280.0,173.6
V000116,2026-02-10,M03,炭烤戰斧牛排,主食,Red_Meat,880.0,308.0
V000116,2026-02-10,M06,香煎鮭魚佐檸檬,主食,Seafood,460.0,193.2
V000116,2026-02-10,S04,三種起司拼盤,副食,Cheese,340.0,224.4
V000116,2026-02-10,S02,西班牙蒜辣蝦,副食,Seafood,260.0,176.8
V000116,2026-02-10,S01,紹興油泡蝦,副食,Seafood,280.0,196.0
V000116,2026-02-10,S02,西班牙蒜辣蝦,副食,Seafood,260.0,176.8
V000116,2026-02-10,S05,松露薯條,副食,Fried,180.0,129.6
V000116,2026-02-10,W04,白蘇維翁(杯),酒水,Seafood,280.0,170.8
V000116,2026-02-10,W03,夏多內白酒(杯),酒水,Seafood,260.0,161.2
V000116,2026-02-10,W10,小麥白啤酒,酒水,Fried,240.0,136.8
V000116,2026-02-10,W05,氣泡酒(杯),酒水,Fried,300.0,189.0
V000116,2026-02-10,W02,卡本內蘇維翁(杯),酒水,Red_Meat,320.0,192.0
V000116,2026-02-10,W11,威士忌 Highball,酒水,Cheese,300.0,222.0
V000117,2026-02-10,M06,香煎鮭魚佐檸檬,主食,Seafood,460.0,193.2
V000117,2026-02-10,S07,炙燒櫛瓜佐油醋,副食,Universal,160.0,108.8
V000117,2026-02-10,S01,紹興油泡蝦,副食,Seafood,280.0,196.0
V000117,2026-02-10,S06,酥炸花枝圈,副食,Fried,220.0,154.0
V000117,2026-02-10,S03,伊比利火腿盤,副食,Cheese,380.0,247.0
V000117,2026-02-10,W04,白蘇維翁(杯),酒水,Seafood,280.0,170.8
V000118,2026-02-10,M02,爐烤伊比利豬肩,主食,Red_Meat,520.0,197.6
V000118,2026-02-10,S06,酥炸花枝圈,副食,Fried,220.0,154.0
V000118,2026-02-10,S06,酥炸花枝圈,副食,Fried,220.0,154.0
V000119,2026-02-10,M06,香煎鮭魚佐檸檬,主食,Seafood,460.0,193.2
V000119,2026-02-10,M05,白酒蛤蜊義大利麵,主食,Seafood,380.0,167.2
V000119,2026-02-10,M06,香煎鮭魚佐檸檬,主食,Seafood,460.0,193.2
V000119,2026-02-10,S04,三種起司拼盤,副食,Cheese,340.0,224.4
V000119,2026-02-10,S06,酥炸花枝圈,副食,Fried,220.0,154.0
V000119,2026-02-10,S06,酥炸花枝圈,副食,Fried,220.0,154.0
V000119,2026-02-10,S02,西班牙蒜辣蝦,副食,Seafood,260.0,176.8
V000119,2026-02-10,S06,酥炸花枝圈,副食,Fried,220.0,154.0
V000119,2026-02-10,W05,氣泡酒(杯),酒水,Fried,300.0,189.0
V000119,2026-02-10,W10,小麥白啤酒,酒水,Fried,240.0,136.8
V000119,2026-02-10,W03,夏多內白酒(杯),酒水,Seafood,260.0,161.2
V000119,2026-02-10,W03,夏多內白酒(杯),酒水,Seafood,260.0,161.2
V000119,2026-02-10,W04,白蘇維翁(杯),酒水,Seafood,280.0,170.8
V000119,2026-02-10,W04,白蘇維翁(杯),酒水,Seafood,280.0,170.8
V000119,2026-02-10,W04,白蘇維翁(杯),酒水,Seafood,280.0,170.8
V000119,2026-02-10,W03,夏多內白酒(杯),酒水,Seafood,260.0,161.2
V000119,2026-02-10,W09,精釀 IPA,酒水,Fried,260.0,150.8
V000119,2026-02-10,W08,Gin & Tonic,酒水,Universal,300.0,234.0
V000119,2026-02-10,W04,白蘇維翁(杯),酒水,Seafood,280.0,170.8
V000119,2026-02-10,W01,馬爾貝克紅酒(杯),酒水,Red_Meat,280.0,173.6
V000119,2026-02-10,W11,威士忌 Highball,酒水,Cheese,300.0,222.0
V000119,2026-02-10,W12,季節水果特調,酒水,Universal,340.0,261.8
V000120,2026-02-11,M02,爐烤伊比利豬肩,主食,Red_Meat,520.0,197.6
V000120,2026-02-11,S04,三種起司拼盤,副食,Cheese,340.0,224.4
V000120,2026-02-11,W01,馬爾貝克紅酒(杯),酒水,Red_Meat,280.0,173.6
V000121,2026-02-11,M02,爐烤伊比利豬肩,主食,Red_Meat,520.0,197.6
V000121,2026-02-11,M03,炭烤戰斧牛排,主食,Red_Meat,880.0,308.0
V000121,2026-02-11,M06,香煎鮭魚佐檸檬,主食,Seafood,460.0,193.2
V000121,2026-02-11,M01,舒肥紅酒燉牛肉,主食,Red_Meat,480.0,192.0
V000121,2026-02-11,S06,酥炸花枝圈,副食,Fried,220.0,154.0
V000121,2026-02-11,S05,松露薯條,副食,Fried,180.0,129.6
V000121,2026-02-11,S05,松露薯條,副食,Fried,180.0,129.6
V000121,2026-02-11,S05,松露薯條,副食,Fried,180.0,129.6
V000121,2026-02-11,S01,紹興油泡蝦,副食,Seafood,280.0,196.0
V000121,2026-02-11,S06,酥炸花枝圈,副食,Fried,220.0,154.0
V000121,2026-02-11,D01,提拉米蘇,甜點,Dessert,180.0,117.0
V000121,2026-02-11,W09,精釀 IPA,酒水,Fried,260.0,150.8
V000121,2026-02-11,W03,夏多內白酒(杯),酒水,Seafood,260.0,161.2
V000121,2026-02-11,W05,氣泡酒(杯),酒水,Fried,300.0,189.0
V000122,2026-02-11,M05,白酒蛤蜊義大利麵,主食,Seafood,380.0,167.2
V000122,2026-02-11,S03,伊比利火腿盤,副食,Cheese,380.0,247.0
V000122,2026-02-11,S01,紹興油泡蝦,副食,Seafood,280.0,196.0
V000122,2026-02-11,W10,小麥白啤酒,酒水,Fried,240.0,136.8
V000123,2026-02-11,M05,白酒蛤蜊義大利麵,主食,Seafood,380.0,167.2
V000123,2026-02-11,M06,香煎鮭魚佐檸檬,主食,Seafood,460.0,193.2
V000123,2026-02-11,S04,三種起司拼盤,副食,Cheese,340.0,224.4
V000123,2026-02-11,W08,Gin & Tonic,酒水,Universal,300.0,234.0
V000123,2026-02-11,W10,小麥白啤酒,酒水,Fried,240.0,136.8
V000123,2026-02-11,W04,白蘇維翁(杯),酒水,Seafood,280.0,170.8
V000124,2026-02-11,M03,炭烤戰斧牛排,主食,Red_Meat,880.0,308.0
V000124,2026-02-11,M02,爐烤伊比利豬肩,主食,Red_Meat,520.0,197.6
V000124,2026-02-11,M02,爐烤伊比利豬肩,主食,Red_Meat,520.0,197.6
V000124,2026-02-11,S03,伊比利火腿盤,副食,Cheese,380.0,247.0
V000124,2026-02-11,S07,炙燒櫛瓜佐油醋,副食,Universal,160.0,108.8
V000124,2026-02-11,S04,三種起司拼盤,副食,Cheese,340.0,224.4
V000124,2026-02-11,W04,白蘇維翁(杯),酒水,Seafood,280.0,170.8
V000124,2026-02-11,W06,Negroni,酒水,Cheese,350.0,266.0
V000124,2026-02-11,W06,Negroni,酒水,Cheese,350.0,266.0
V000125,2026-02-11,M03,炭烤戰斧牛排,主食,Red_Meat,880.0,308.0
V000125,2026-02-11,M02,爐烤伊比利豬肩,主食,Red_Meat,520.0,197.6
V000125,2026-02-11,S06,酥炸花枝圈,副食,Fried,220.0,154.0
V000125,2026-02-11,S03,伊比利火腿盤,副食,Cheese,380.0,247.0
V000125,2026-02-11,S02,西班牙蒜辣蝦,副食,Seafood,260.0,176.8
V000125,2026-02-11,D02,焦糖烤布蕾,甜點,Dessert,160.0,107.2
V000125,2026-02-11,W04,白蘇維翁(杯),酒水,Seafood,280.0,170.8
V000125,2026-02-11,W03,夏多內白酒(杯),酒水,Seafood,260.0,161.2
V000125,2026-02-11,W09,精釀 IPA,酒水,Fried,260.0,150.8
V000125,2026-02-11,W05,氣泡酒(杯),酒水,Fried,300.0,189.0
V000125,2026-02-11,W03,夏多內白酒(杯),酒水,Seafood,260.0,161.2
V000125,2026-02-11,W06,Negroni,酒水,Cheese,350.0,266.0
V000125,2026-02-11,W02,卡本內蘇維翁(杯),酒水,Red_Meat,320.0,192.0
V000126,2026-02-11,M02,爐烤伊比利豬肩,主食,Red_Meat,520.0,197.6
V000126,2026-02-11,M03,炭烤戰斧牛排,主食,Red_Meat,880.0,308.0
V000126,2026-02-11,M03,炭烤戰斧牛排,主食,Red_Meat,880.0,308.0
V000126,2026-02-11,S03,伊比利火腿盤,副食,Cheese,380.0,247.0
V000126,2026-02-11,S05,松露薯條,副食,Fried,180.0,129.6
V000126,2026-02-11,W11,威士忌 Highball,酒水,Cheese,300.0,222.0
V000126,2026-02-11,W10,小麥白啤酒,酒水,Fried,240.0,136.8
V000126,2026-02-11,W02,卡本內蘇維翁(杯),酒水,Red_Meat,320.0,192.0
V000126,2026-02-11,W10,小麥白啤酒,酒水,Fried,240.0,136.8
V000127,2026-02-11,M02,爐烤伊比利豬肩,主食,Red_Meat,520.0,197.6
V000127,2026-02-11,M02,爐烤伊比利豬肩,主食,Red_Meat,520.0,197.6
V000127,2026-02-11,S07,炙燒櫛瓜佐油醋,副食,Universal,160.0,108.8
V000127,2026-02-11,S04,三種起司拼盤,副食,Cheese,340.0,224.4
V000127,2026-02-11,S07,炙燒櫛瓜佐油醋,副食,Universal,160.0,108.8
V000127,2026-02-11,W11,威士忌 Highball,酒水,Cheese,300.0,222.0
V000127,2026-02-11,W13,無酒精莫吉托,酒水,Universal,180.0,144.0
V000128,2026-02-11,M03,炭烤戰斧牛排,主食,Red_Meat,880.0,308.0
V000128,2026-02-11,S06,酥炸花枝圈,副食,Fried,220.0,154.0
V000128,2026-02-11,W07,Old Fashioned,酒水,Red_Meat,380.0,285.0
V000129,2026-02-11,M01,舒肥紅酒燉牛肉,主食,Red_Meat,480.0,192.0
V000129,2026-02-11,S02,西班牙蒜辣蝦,副食,Seafood,260.0,176.8
V000129,2026-02-11,S06,酥炸花枝圈,副食,Fried,220.0,154.0
V000129,2026-02-11,S06,酥炸花枝圈,副食,Fried,220.0,154.0
V000129,2026-02-11,D02,焦糖烤布蕾,甜點,Dessert,160.0,107.2
V000129,2026-02-11,W07,Old Fashioned,酒水,Red_Meat,380.0,285.0
V000129,2026-02-11,W05,氣泡酒(杯),酒水,Fried,300.0,189.0
V000130,2026-02-11,M04,松露野菌燉飯,主食,Cheese,420.0,189.0
V000130,2026-02-11,M04,松露野菌燉飯,主食,Cheese,420.0,189.0
V000130,2026-02-11,S02,西班牙蒜辣蝦,副食,Seafood,260.0,176.8
V000130,2026-02-11,W07,Old Fashioned,酒水,Red_Meat,380.0,285.0
V000130,2026-02-11,W02,卡本內蘇維翁(杯),酒水,Red_Meat,320.0,192.0
V000130,2026-02-11,W01,馬爾貝克紅酒(杯),酒水,Red_Meat,280.0,173.6
V000131,2026-02-12,M01,舒肥紅酒燉牛肉,主食,Red_Meat,480.0,192.0
V000131,2026-02-12,M01,舒肥紅酒燉牛肉,主食,Red_Meat,480.0,192.0
V000131,2026-02-12,M04,松露野菌燉飯,主食,Cheese,420.0,189.0
V000131,2026-02-12,M06,香煎鮭魚佐檸檬,主食,Seafood,460.0,193.2
V000131,2026-02-12,S04,三種起司拼盤,副食,Cheese,340.0,224.4
V000131,2026-02-12,S04,三種起司拼盤,副食,Cheese,340.0,224.4
V000131,2026-02-12,S01,紹興油泡蝦,副食,Seafood,280.0,196.0
V000131,2026-02-12,S05,松露薯條,副食,Fried,180.0,129.6
V000131,2026-02-12,D01,提拉米蘇,甜點,Dessert,180.0,117.0
V000131,2026-02-12,W10,小麥白啤酒,酒水,Fried,240.0,136.8
V000131,2026-02-12,W11,威士忌 Highball,酒水,Cheese,300.0,222.0
V000131,2026-02-12,W12,季節水果特調,酒水,Universal,340.0,261.8
V000131,2026-02-12,W02,卡本內蘇維翁(杯),酒水,Red_Meat,320.0,192.0
V000132,2026-02-12,M05,白酒蛤蜊義大利麵,主食,Seafood,380.0,167.2
V000132,2026-02-12,S01,紹興油泡蝦,副食,Seafood,280.0,196.0
V000132,2026-02-12,S04,三種起司拼盤,副食,Cheese,340.0,224.4
V000132,2026-02-12,S06,酥炸花枝圈,副食,Fried,220.0,154.0
V000132,2026-02-12,S02,西班牙蒜辣蝦,副食,Seafood,260.0,176.8
V000132,2026-02-12,W13,無酒精莫吉托,酒水,Universal,180.0,144.0
V000132,2026-02-12,W06,Negroni,酒水,Cheese,350.0,266.0
V000132,2026-02-12,W10,小麥白啤酒,酒水,Fried,240.0,136.8
V000133,2026-02-12,M02,爐烤伊比利豬肩,主食,Red_Meat,520.0,197.6
V000133,2026-02-12,M02,爐烤伊比利豬肩,主食,Red_Meat,520.0,197.6
V000133,2026-02-12,M06,香煎鮭魚佐檸檬,主食,Seafood,460.0,193.2
V000133,2026-02-12,S02,西班牙蒜辣蝦,副食,Seafood,260.0,176.8
V000133,2026-02-12,D02,焦糖烤布蕾,甜點,Dessert,160.0,107.2
V000134,2026-02-12,M03,炭烤戰斧牛排,主食,Red_Meat,880.0,308.0
V000134,2026-02-12,M06,香煎鮭魚佐檸檬,主食,Seafood,460.0,193.2
V000134,2026-02-12,M06,香煎鮭魚佐檸檬,主食,Seafood,460.0,193.2
V000134,2026-02-12,S07,炙燒櫛瓜佐油醋,副食,Universal,160.0,108.8
V000134,2026-02-12,S06,酥炸花枝圈,副食,Fried,220.0,154.0
V000134,2026-02-12,W11,威士忌 Highball,酒水,Cheese,300.0,222.0
V000134,2026-02-12,W12,季節水果特調,酒水,Universal,340.0,261.8
V000134,2026-02-12,W04,白蘇維翁(杯),酒水,Seafood,280.0,170.8
V000135,2026-02-12,M03,炭烤戰斧牛排,主食,Red_Meat,880.0,308.0
V000135,2026-02-12,S05,松露薯條,副食,Fried,180.0,129.6
V000135,2026-02-12,S07,炙燒櫛瓜佐油醋,副食,Universal,160.0,108.8
V000135,2026-02-12,S02,西班牙蒜辣蝦,副食,Seafood,260.0,176.8
V000135,2026-02-12,D02,焦糖烤布蕾,甜點,Dessert,160.0,107.2
V000135,2026-02-12,W03,夏多內白酒(杯),酒水,Seafood,260.0,161.2
V000135,2026-02-12,W10,小麥白啤酒,酒水,Fried,240.0,136.8
V000135,2026-02-12,W09,精釀 IPA,酒水,Fried,260.0,150.8
V000135,2026-02-12,W13,無酒精莫吉托,酒水,Universal,180.0,144.0
V000135,2026-02-12,W12,季節水果特調,酒水,Universal,340.0,261.8
V000135,2026-02-12,W11,威士忌 Highball,酒水,Cheese,300.0,222.0
V000136,2026-02-12,M06,香煎鮭魚佐檸檬,主食,Seafood,460.0,193.2
V000136,2026-02-12,M03,炭烤戰斧牛排,主食,Red_Meat,880.0,308.0
V000137,2026-02-12,M03,炭烤戰斧牛排,主食,Red_Meat,880.0,308.0
V000137,2026-02-12,M02,爐烤伊比利豬肩,主食,Red_Meat,520.0,197.6
V000137,2026-02-12,D01,提拉米蘇,甜點,Dessert,180.0,117.0
V000137,2026-02-12,W06,Negroni,酒水,Cheese,350.0,266.0
V000138,2026-02-12,M03,炭烤戰斧牛排,主食,Red_Meat,880.0,308.0
V000138,2026-02-12,M02,爐烤伊比利豬肩,主食,Red_Meat,520.0,197.6
V000138,2026-02-12,M06,香煎鮭魚佐檸檬,主食,Seafood,460.0,193.2
V000138,2026-02-12,S05,松露薯條,副食,Fried,180.0,129.6
V000138,2026-02-12,S04,三種起司拼盤,副食,Cheese,340.0,224.4
V000138,2026-02-12,S03,伊比利火腿盤,副食,Cheese,380.0,247.0
V000138,2026-02-12,S01,紹興油泡蝦,副食,Seafood,280.0,196.0
V000138,2026-02-12,W03,夏多內白酒(杯),酒水,Seafood,260.0,161.2
V000138,2026-02-12,W12,季節水果特調,酒水,Universal,340.0,261.8
V000138,2026-02-12,W07,Old Fashioned,酒水,Red_Meat,380.0,285.0
V000138,2026-02-12,W08,Gin & Tonic,酒水,Universal,300.0,234.0
V000138,2026-02-12,W13,無酒精莫吉托,酒水,Universal,180.0,144.0
V000138,2026-02-12,W07,Old Fashioned,酒水,Red_Meat,380.0,285.0
V000139,2026-02-13,M02,爐烤伊比利豬肩,主食,Red_Meat,520.0,197.6
V000139,2026-02-13,M05,白酒蛤蜊義大利麵,主食,Seafood,380.0,167.2
V000139,2026-02-13,S03,伊比利火腿盤,副食,Cheese,380.0,247.0
V000139,2026-02-13,W02,卡本內蘇維翁(杯),酒水,Red_Meat,320.0,192.0
V000139,2026-02-13,W02,卡本內蘇維翁(杯),酒水,Red_Meat,320.0,192.0
V000139,2026-02-13,W03,夏多內白酒(杯),酒水,Seafood,260.0,161.2
V000139,2026-02-13,W01,馬爾貝克紅酒(杯),酒水,Red_Meat,280.0,173.6
V000139,2026-02-13,W07,Old Fashioned,酒水,Red_Meat,380.0,285.0
V000139,2026-02-13,W07,Old Fashioned,酒水,Red_Meat,380.0,285.0
V000139,2026-02-13,W02,卡本內蘇維翁(杯),酒水,Red_Meat,320.0,192.0
V000139,2026-02-13,W03,夏多內白酒(杯),酒水,Seafood,260.0,161.2
V000140,2026-02-13,M02,爐烤伊比利豬肩,主食,Red_Meat,520.0,197.6
V000140,2026-02-13,S02,西班牙蒜辣蝦,副食,Seafood,260.0,176.8
V000140,2026-02-13,S05,松露薯條,副食,Fried,180.0,129.6
V000140,2026-02-13,D02,焦糖烤布蕾,甜點,Dessert,160.0,107.2
V000140,2026-02-13,W12,季節水果特調,酒水,Universal,340.0,261.8
V000140,2026-02-13,W06,Negroni,酒水,Cheese,350.0,266.0
V000140,2026-02-13,W13,無酒精莫吉托,酒水,Universal,180.0,144.0
V000140,2026-02-13,W08,Gin & Tonic,酒水,Universal,300.0,234.0
V000141,2026-02-13,M05,白酒蛤蜊義大利麵,主食,Seafood,380.0,167.2
V000141,2026-02-13,S06,酥炸花枝圈,副食,Fried,220.0,154.0
V000141,2026-02-13,S05,松露薯條,副食,Fried,180.0,129.6
V000141,2026-02-13,S02,西班牙蒜辣蝦,副食,Seafood,260.0,176.8
V000141,2026-02-13,S01,紹興油泡蝦,副食,Seafood,280.0,196.0
V000141,2026-02-13,D02,焦糖烤布蕾,甜點,Dessert,160.0,107.2
V000141,2026-02-13,W08,Gin & Tonic,酒水,Universal,300.0,234.0
V000141,2026-02-13,W13,無酒精莫吉托,酒水,Universal,180.0,144.0
V000142,2026-02-13,M04,松露野菌燉飯,主食,Cheese,420.0,189.0
V000142,2026-02-13,M04,松露野菌燉飯,主食,Cheese,420.0,189.0
V000142,2026-02-13,S04,三種起司拼盤,副食,Cheese,340.0,224.4
V000142,2026-02-13,S02,西班牙蒜辣蝦,副食,Seafood,260.0,176.8
V000142,2026-02-13,W09,精釀 IPA,酒水,Fried,260.0,150.8
V000143,2026-02-13,M02,爐烤伊比利豬肩,主食,Red_Meat,520.0,197.6
V000143,2026-02-13,M01,舒肥紅酒燉牛肉,主食,Red_Meat,480.0,192.0
V000143,2026-02-13,S05,松露薯條,副食,Fried,180.0,129.6
V000143,2026-02-13,S03,伊比利火腿盤,副食,Cheese,380.0,247.0
V000143,2026-02-13,S04,三種起司拼盤,副食,Cheese,340.0,224.4
V000143,2026-02-13,W01,馬爾貝克紅酒(杯),酒水,Red_Meat,280.0,173.6
V000143,2026-02-13,W02,卡本內蘇維翁(杯),酒水,Red_Meat,320.0,192.0
V000143,2026-02-13,W05,氣泡酒(杯),酒水,Fried,300.0,189.0
V000144,2026-02-13,M02,爐烤伊比利豬肩,主食,Red_Meat,520.0,197.6
V000144,2026-02-13,S05,松露薯條,副食,Fried,180.0,129.6
V000144,2026-02-13,S05,松露薯條,副食,Fried,180.0,129.6
V000144,2026-02-13,S07,炙燒櫛瓜佐油醋,副食,Universal,160.0,108.8
V000144,2026-02-13,D01,提拉米蘇,甜點,Dessert,180.0,117.0
V000144,2026-02-13,W03,夏多內白酒(杯),酒水,Seafood,260.0,161.2
V000144,2026-02-13,W05,氣泡酒(杯),酒水,Fried,300.0,189.0
V000144,2026-02-13,W09,精釀 IPA,酒水,Fried,260.0,150.8
V000144,2026-02-13,W12,季節水果特調,酒水,Universal,340.0,261.8
V000144,2026-02-13,W05,氣泡酒(杯),酒水,Fried,300.0,189.0
V000144,2026-02-13,W01,馬爾貝克紅酒(杯),酒水,Red_Meat,280.0,173.6
V000144,2026-02-13,W06,Negroni,酒水,Cheese,350.0,266.0
V000144,2026-02-13,W12,季節水果特調,酒水,Universal,340.0,261.8
V000145,2026-02-13,M03,炭烤戰斧牛排,主食,Red_Meat,880.0,308.0
V000145,2026-02-13,M01,舒肥紅酒燉牛肉,主食,Red_Meat,480.0,192.0
V000145,2026-02-13,M05,白酒蛤蜊義大利麵,主食,Seafood,380.0,167.2
V000145,2026-02-13,S04,三種起司拼盤,副食,Cheese,340.0,224.4
V000145,2026-02-13,S06,酥炸花枝圈,副食,Fried,220.0,154.0
V000145,2026-02-13,W07,Old Fashioned,酒水,Red_Meat,380.0,285.0
V000145,2026-02-13,W06,Negroni,酒水,Cheese,350.0,266.0
V000145,2026-02-13,W13,無酒精莫吉托,酒水,Universal,180.0,144.0
V000145,2026-02-13,W04,白蘇維翁(杯),酒水,Seafood,280.0,170.8
V000145,2026-02-13,W03,夏多內白酒(杯),酒水,Seafood,260.0,161.2
V000145,2026-02-13,W04,白蘇維翁(杯),酒水,Seafood,280.0,170.8
V000145,2026-02-13,W11,威士忌 Highball,酒水,Cheese,300.0,222.0
V000145,2026-02-13,W01,馬爾貝克紅酒(杯),酒水,Red_Meat,280.0,173.6
V000145,2026-02-13,W11,威士忌 Highball,酒水,Cheese,300.0,222.0
V000145,2026-02-13,W01,馬爾貝克紅酒(杯),酒水,Red_Meat,280.0,173.6
V000146,2026-02-13,M04,松露野菌燉飯,主食,Cheese,420.0,189.0
V000146,2026-02-13,S02,西班牙蒜辣蝦,副食,Seafood,260.0,176.8
V000146,2026-02-13,S03,伊比利火腿盤,副食,Cheese,380.0,247.0
V000146,2026-02-13,W08,Gin & Tonic,酒水,Universal,300.0,234.0
V000146,2026-02-13,W05,氣泡酒(杯),酒水,Fried,300.0,189.0
V000146,2026-02-13,W11,威士忌 Highball,酒水,Cheese,300.0,222.0
V000147,2026-02-13,M04,松露野菌燉飯,主食,Cheese,420.0,189.0
V000147,2026-02-13,S05,松露薯條,副食,Fried,180.0,129.6
V000147,2026-02-13,D02,焦糖烤布蕾,甜點,Dessert,160.0,107.2
V000147,2026-02-13,W07,Old Fashioned,酒水,Red_Meat,380.0,285.0
V000147,2026-02-13,W09,精釀 IPA,酒水,Fried,260.0,150.8
V000149,2026-02-13,M06,香煎鮭魚佐檸檬,主食,Seafood,460.0,193.2
V000149,2026-02-13,W03,夏多內白酒(杯),酒水,Seafood,260.0,161.2
V000150,2026-02-13,M01,舒肥紅酒燉牛肉,主食,Red_Meat,480.0,192.0
V000150,2026-02-13,S05,松露薯條,副食,Fried,180.0,129.6
V000150,2026-02-13,W02,卡本內蘇維翁(杯),酒水,Red_Meat,320.0,192.0
V000151,2026-02-13,M01,舒肥紅酒燉牛肉,主食,Red_Meat,480.0,192.0
V000151,2026-02-13,M04,松露野菌燉飯,主食,Cheese,420.0,189.0
V000151,2026-02-13,M04,松露野菌燉飯,主食,Cheese,420.0,189.0
V000151,2026-02-13,S07,炙燒櫛瓜佐油醋,副食,Universal,160.0,108.8
V000151,2026-02-13,S06,酥炸花枝圈,副食,Fried,220.0,154.0
V000151,2026-02-13,S02,西班牙蒜辣蝦,副食,Seafood,260.0,176.8
V000151,2026-02-13,D02,焦糖烤布蕾,甜點,Dessert,160.0,107.2
V000151,2026-02-13,W02,卡本內蘇維翁(杯),酒水,Red_Meat,320.0,192.0
V000151,2026-02-13,W05,氣泡酒(杯),酒水,Fried,300.0,189.0
V000151,2026-02-13,W07,Old Fashioned,酒水,Red_Meat,380.0,285.0
V000151,2026-02-13,W06,Negroni,酒水,Cheese,350.0,266.0
V000151,2026-02-13,W01,馬爾貝克紅酒(杯),酒水,Red_Meat,280.0,173.6
V000151,2026-02-13,W12,季節水果特調,酒水,Universal,340.0,261.8
V000151,2026-02-13,W13,無酒精莫吉托,酒水,Universal,180.0,144.0
V000152,2026-02-13,M06,香煎鮭魚佐檸檬,主食,Seafood,460.0,193.2
V000152,2026-02-13,M02,爐烤伊比利豬肩,主食,Red_Meat,520.0,197.6
V000152,2026-02-13,M01,舒肥紅酒燉牛肉,主食,Red_Meat,480.0,192.0
V000152,2026-02-13,S07,炙燒櫛瓜佐油醋,副食,Universal,160.0,108.8
V000152,2026-02-13,S01,紹興油泡蝦,副食,Seafood,280.0,196.0
V000152,2026-02-13,S05,松露薯條,副食,Fried,180.0,129.6
V000152,2026-02-13,S03,伊比利火腿盤,副食,Cheese,380.0,247.0
V000152,2026-02-13,S02,西班牙蒜辣蝦,副食,Seafood,260.0,176.8
V000152,2026-02-13,D02,焦糖烤布蕾,甜點,Dessert,160.0,107.2
V000152,2026-02-13,W04,白蘇維翁(杯),酒水,Seafood,280.0,170.8
V000152,2026-02-13,W05,氣泡酒(杯),酒水,Fried,300.0,189.0
V000152,2026-02-13,W09,精釀 IPA,酒水,Fried,260.0,150.8
V000152,2026-02-13,W07,Old Fashioned,酒水,Red_Meat,380.0,285.0
V000153,2026-02-13,M02,爐烤伊比利豬肩,主食,Red_Meat,520.0,197.6
V000153,2026-02-13,S03,伊比利火腿盤,副食,Cheese,380.0,247.0
V000153,2026-02-13,S01,紹興油泡蝦,副食,Seafood,280.0,196.0
V000153,2026-02-13,W03,夏多內白酒(杯),酒水,Seafood,260.0,161.2
V000154,2026-02-13,M02,爐烤伊比利豬肩,主食,Red_Meat,520.0,197.6
V000154,2026-02-13,M03,炭烤戰斧牛排,主食,Red_Meat,880.0,308.0
V000154,2026-02-13,S02,西班牙蒜辣蝦,副食,Seafood,260.0,176.8
V000154,2026-02-13,W11,威士忌 Highball,酒水,Cheese,300.0,222.0
V000154,2026-02-13,W01,馬爾貝克紅酒(杯),酒水,Red_Meat,280.0,173.6
V000154,2026-02-13,W07,Old Fashioned,酒水,Red_Meat,380.0,285.0
V000154,2026-02-13,W01,馬爾貝克紅酒(杯),酒水,Red_Meat,280.0,173.6
V000155,2026-02-13,M06,香煎鮭魚佐檸檬,主食,Seafood,460.0,193.2
V000155,2026-02-13,S06,酥炸花枝圈,副食,Fried,220.0,154.0
V000155,2026-02-13,D01,提拉米蘇,甜點,Dessert,180.0,117.0
V000156,2026-02-13,M04,松露野菌燉飯,主食,Cheese,420.0,189.0
V000156,2026-02-13,S05,松露薯條,副食,Fried,180.0,129.6
V000156,2026-02-13,S04,三種起司拼盤,副食,Cheese,340.0,224.4
V000156,2026-02-13,S01,紹興油泡蝦,副食,Seafood,280.0,196.0
V000156,2026-02-13,D01,提拉米蘇,甜點,Dessert,180.0,117.0
V000156,2026-02-13,W05,氣泡酒(杯),酒水,Fried,300.0,189.0
V000157,2026-02-13,M03,炭烤戰斧牛排,主食,Red_Meat,880.0,308.0
V000157,2026-02-13,S07,炙燒櫛瓜佐油醋,副食,Universal,160.0,108.8
V000157,2026-02-13,S04,三種起司拼盤,副食,Cheese,340.0,224.4
V000157,2026-02-13,S07,炙燒櫛瓜佐油醋,副食,Universal,160.0,108.8
V000158,2026-02-13,M02,爐烤伊比利豬肩,主食,Red_Meat,520.0,197.6
V000158,2026-02-13,D01,提拉米蘇,甜點,Dessert,180.0,117.0
V000158,2026-02-13,W04,白蘇維翁(杯),酒水,Seafood,280.0,170.8
V000159,2026-02-13,M02,爐烤伊比利豬肩,主食,Red_Meat,520.0,197.6
V000159,2026-02-13,S01,紹興油泡蝦,副食,Seafood,280.0,196.0
V000159,2026-02-13,W01,馬爾貝克紅酒(杯),酒水,Red_Meat,280.0,173.6
V000159,2026-02-13,W06,Negroni,酒水,Cheese,350.0,266.0
V000159,2026-02-13,W06,Negroni,酒水,Cheese,350.0,266.0
V000159,2026-02-13,W04,白蘇維翁(杯),酒水,Seafood,280.0,170.8
V000159,2026-02-13,W07,Old Fashioned,酒水,Red_Meat,380.0,285.0
V000159,2026-02-13,W11,威士忌 Highball,酒水,Cheese,300.0,222.0
V000159,2026-02-13,W03,夏多內白酒(杯),酒水,Seafood,260.0,161.2
V000159,2026-02-13,W01,馬爾貝克紅酒(杯),酒水,Red_Meat,280.0,173.6
V000159,2026-02-13,W12,季節水果特調,酒水,Universal,340.0,261.8
V000159,2026-02-13,W04,白蘇維翁(杯),酒水,Seafood,280.0,170.8
V000160,2026-02-13,M01,舒肥紅酒燉牛肉,主食,Red_Meat,480.0,192.0
V000160,2026-02-13,S04,三種起司拼盤,副食,Cheese,340.0,224.4
V000160,2026-02-13,S05,松露薯條,副食,Fried,180.0,129.6
V000160,2026-02-13,S02,西班牙蒜辣蝦,副食,Seafood,260.0,176.8
V000160,2026-02-13,W13,無酒精莫吉托,酒水,Universal,180.0,144.0
V000160,2026-02-13,W04,白蘇維翁(杯),酒水,Seafood,280.0,170.8
V000160,2026-02-13,W03,夏多內白酒(杯),酒水,Seafood,260.0,161.2
V000160,2026-02-13,W02,卡本內蘇維翁(杯),酒水,Red_Meat,320.0,192.0
V000160,2026-02-13,W12,季節水果特調,酒水,Universal,340.0,261.8
V000160,2026-02-13,W02,卡本內蘇維翁(杯),酒水,Red_Meat,320.0,192.0
V000160,2026-02-13,W13,無酒精莫吉托,酒水,Universal,180.0,144.0
V000160,2026-02-13,W03,夏多內白酒(杯),酒水,Seafood,260.0,161.2
V000161,2026-02-13,M02,爐烤伊比利豬肩,主食,Red_Meat,520.0,197.6
V000161,2026-02-13,M06,香煎鮭魚佐檸檬,主食,Seafood,460.0,193.2
V000161,2026-02-13,S05,松露薯條,副食,Fried,180.0,129.6
V000161,2026-02-13,S01,紹興油泡蝦,副食,Seafood,280.0,196.0
V000161,2026-02-13,S02,西班牙蒜辣蝦,副食,Seafood,260.0,176.8
V000161,2026-02-13,S06,酥炸花枝圈,副食,Fried,220.0,154.0
V000161,2026-02-13,W03,夏多內白酒(杯),酒水,Seafood,260.0,161.2
V000161,2026-02-13,W04,白蘇維翁(杯),酒水,Seafood,280.0,170.8
V000161,2026-02-13,W04,白蘇維翁(杯),酒水,Seafood,280.0,170.8
V000161,2026-02-13,W10,小麥白啤酒,酒水,Fried,240.0,136.8
V000161,2026-02-13,W13,無酒精莫吉托,酒水,Universal,180.0,144.0
V000162,2026-02-13,M01,舒肥紅酒燉牛肉,主食,Red_Meat,480.0,192.0
V000162,2026-02-13,M05,白酒蛤蜊義大利麵,主食,Seafood,380.0,167.2
V000162,2026-02-13,S06,酥炸花枝圈,副食,Fried,220.0,154.0
V000162,2026-02-13,W01,馬爾貝克紅酒(杯),酒水,Red_Meat,280.0,173.6
V000162,2026-02-13,W10,小麥白啤酒,酒水,Fried,240.0,136.8
V000162,2026-02-13,W03,夏多內白酒(杯),酒水,Seafood,260.0,161.2
V000162,2026-02-13,W03,夏多內白酒(杯),酒水,Seafood,260.0,161.2
V000163,2026-02-14,M02,爐烤伊比利豬肩,主食,Red_Meat,520.0,197.6
V000163,2026-02-14,M02,爐烤伊比利豬肩,主食,Red_Meat,520.0,197.6
V000163,2026-02-14,S06,酥炸花枝圈,副食,Fried,220.0,154.0
V000163,2026-02-14,W05,氣泡酒(杯),酒水,Fried,300.0,189.0
V000163,2026-02-14,W05,氣泡酒(杯),酒水,Fried,300.0,189.0
V000163,2026-02-14,W05,氣泡酒(杯),酒水,Fried,300.0,189.0
V000163,2026-02-14,W10,小麥白啤酒,酒水,Fried,240.0,136.8
V000163,2026-02-14,W02,卡本內蘇維翁(杯),酒水,Red_Meat,320.0,192.0
V000163,2026-02-14,W01,馬爾貝克紅酒(杯),酒水,Red_Meat,280.0,173.6
V000163,2026-02-14,W10,小麥白啤酒,酒水,Fried,240.0,136.8
V000163,2026-02-14,W03,夏多內白酒(杯),酒水,Seafood,260.0,161.2
V000163,2026-02-14,W07,Old Fashioned,酒水,Red_Meat,380.0,285.0
V000163,2026-02-14,W05,氣泡酒(杯),酒水,Fried,300.0,189.0
V000163,2026-02-14,W09,精釀 IPA,酒水,Fried,260.0,150.8
V000163,2026-02-14,W02,卡本內蘇維翁(杯),酒水,Red_Meat,320.0,192.0
V000163,2026-02-14,W05,氣泡酒(杯),酒水,Fried,300.0,189.0
V000163,2026-02-14,W05,氣泡酒(杯),酒水,Fried,300.0,189.0
V000164,2026-02-14,M05,白酒蛤蜊義大利麵,主食,Seafood,380.0,167.2
V000164,2026-02-14,S06,酥炸花枝圈,副食,Fried,220.0,154.0
V000164,2026-02-14,S04,三種起司拼盤,副食,Cheese,340.0,224.4
V000164,2026-02-14,W11,威士忌 Highball,酒水,Cheese,300.0,222.0
V000164,2026-02-14,W07,Old Fashioned,酒水,Red_Meat,380.0,285.0
V000165,2026-02-14,M04,松露野菌燉飯,主食,Cheese,420.0,189.0
V000165,2026-02-14,S05,松露薯條,副食,Fried,180.0,129.6
V000165,2026-02-14,S03,伊比利火腿盤,副食,Cheese,380.0,247.0
V000165,2026-02-14,W08,Gin & Tonic,酒水,Universal,300.0,234.0
V000165,2026-02-14,W05,氣泡酒(杯),酒水,Fried,300.0,189.0
V000165,2026-02-14,W11,威士忌 Highball,酒水,Cheese,300.0,222.0
V000165,2026-02-14,W09,精釀 IPA,酒水,Fried,260.0,150.8
V000165,2026-02-14,W07,Old Fashioned,酒水,Red_Meat,380.0,285.0
V000165,2026-02-14,W04,白蘇維翁(杯),酒水,Seafood,280.0,170.8
V000165,2026-02-14,W04,白蘇維翁(杯),酒水,Seafood,280.0,170.8
V000166,2026-02-14,M02,爐烤伊比利豬肩,主食,Red_Meat,520.0,197.6
V000166,2026-02-14,M05,白酒蛤蜊義大利麵,主食,Seafood,380.0,167.2
V000166,2026-02-14,S04,三種起司拼盤,副食,Cheese,340.0,224.4
V000166,2026-02-14,S07,炙燒櫛瓜佐油醋,副食,Universal,160.0,108.8
V000166,2026-02-14,S04,三種起司拼盤,副食,Cheese,340.0,224.4
V000166,2026-02-14,W01,馬爾貝克紅酒(杯),酒水,Red_Meat,280.0,173.6
V000166,2026-02-14,W02,卡本內蘇維翁(杯),酒水,Red_Meat,320.0,192.0
V000166,2026-02-14,W05,氣泡酒(杯),酒水,Fried,300.0,189.0
V000166,2026-02-14,W07,Old Fashioned,酒水,Red_Meat,380.0,285.0
V000167,2026-02-14,M04,松露野菌燉飯,主食,Cheese,420.0,189.0
V000167,2026-02-14,S03,伊比利火腿盤,副食,Cheese,380.0,247.0
V000167,2026-02-14,W02,卡本內蘇維翁(杯),酒水,Red_Meat,320.0,192.0
V000167,2026-02-14,W06,Negroni,酒水,Cheese,350.0,266.0
V000167,2026-02-14,W08,Gin & Tonic,酒水,Universal,300.0,234.0
V000167,2026-02-14,W11,威士忌 Highball,酒水,Cheese,300.0,222.0
V000168,2026-02-14,M04,松露野菌燉飯,主食,Cheese,420.0,189.0
V000168,2026-02-14,S06,酥炸花枝圈,副食,Fried,220.0,154.0
V000168,2026-02-14,S02,西班牙蒜辣蝦,副食,Seafood,260.0,176.8
V000168,2026-02-14,S03,伊比利火腿盤,副食,Cheese,380.0,247.0
V000168,2026-02-14,W11,威士忌 Highball,酒水,Cheese,300.0,222.0
V000168,2026-02-14,W03,夏多內白酒(杯),酒水,Seafood,260.0,161.2
V000168,2026-02-14,W11,威士忌 Highball,酒水,Cheese,300.0,222.0
V000169,2026-02-14,M01,舒肥紅酒燉牛肉,主食,Red_Meat,480.0,192.0
V000169,2026-02-14,M02,爐烤伊比利豬肩,主食,Red_Meat,520.0,197.6
V000169,2026-02-14,M02,爐烤伊比利豬肩,主食,Red_Meat,520.0,197.6
V000169,2026-02-14,S06,酥炸花枝圈,副食,Fried,220.0,154.0
V000169,2026-02-14,S04,三種起司拼盤,副食,Cheese,340.0,224.4
V000169,2026-02-14,S01,紹興油泡蝦,副食,Seafood,280.0,196.0
V000169,2026-02-14,S02,西班牙蒜辣蝦,副食,Seafood,260.0,176.8
V000169,2026-02-14,S01,紹興油泡蝦,副食,Seafood,280.0,196.0
V000169,2026-02-14,W13,無酒精莫吉托,酒水,Universal,180.0,144.0
V000169,2026-02-14,W03,夏多內白酒(杯),酒水,Seafood,260.0,161.2
V000169,2026-02-14,W02,卡本內蘇維翁(杯),酒水,Red_Meat,320.0,192.0
V000169,2026-02-14,W01,馬爾貝克紅酒(杯),酒水,Red_Meat,280.0,173.6
V000169,2026-02-14,W01,馬爾貝克紅酒(杯),酒水,Red_Meat,280.0,173.6
V000169,2026-02-14,W05,氣泡酒(杯),酒水,Fried,300.0,189.0
V000170,2026-02-14,M05,白酒蛤蜊義大利麵,主食,Seafood,380.0,167.2
V000170,2026-02-14,M04,松露野菌燉飯,主食,Cheese,420.0,189.0
V000170,2026-02-14,S05,松露薯條,副食,Fried,180.0,129.6
V000170,2026-02-14,W13,無酒精莫吉托,酒水,Universal,180.0,144.0
V000170,2026-02-14,W13,無酒精莫吉托,酒水,Universal,180.0,144.0
V000170,2026-02-14,W08,Gin & Tonic,酒水,Universal,300.0,234.0
V000171,2026-02-14,M04,松露野菌燉飯,主食,Cheese,420.0,189.0
V000171,2026-02-14,M04,松露野菌燉飯,主食,Cheese,420.0,189.0
V000171,2026-02-14,M04,松露野菌燉飯,主食,Cheese,420.0,189.0
V000171,2026-02-14,M02,爐烤伊比利豬肩,主食,Red_Meat,520.0,197.6
V000171,2026-02-14,M05,白酒蛤蜊義大利麵,主食,Seafood,380.0,167.2
V000171,2026-02-14,S01,紹興油泡蝦,副食,Seafood,280.0,196.0
V000171,2026-02-14,S01,紹興油泡蝦,副食,Seafood,280.0,196.0
V000171,2026-02-14,W11,威士忌 Highball,酒水,Cheese,300.0,222.0
V000171,2026-02-14,W02,卡本內蘇維翁(杯),酒水,Red_Meat,320.0,192.0
V000171,2026-02-14,W11,威士忌 Highball,酒水,Cheese,300.0,222.0
V000172,2026-02-14,M01,舒肥紅酒燉牛肉,主食,Red_Meat,480.0,192.0
V000172,2026-02-14,S07,炙燒櫛瓜佐油醋,副食,Universal,160.0,108.8
V000172,2026-02-14,S07,炙燒櫛瓜佐油醋,副食,Universal,160.0,108.8
V000172,2026-02-14,D01,提拉米蘇,甜點,Dessert,180.0,117.0
V000172,2026-02-14,W07,Old Fashioned,酒水,Red_Meat,380.0,285.0
V000172,2026-02-14,W07,Old Fashioned,酒水,Red_Meat,380.0,285.0
V000173,2026-02-14,M06,香煎鮭魚佐檸檬,主食,Seafood,460.0,193.2
V000173,2026-02-14,S01,紹興油泡蝦,副食,Seafood,280.0,196.0
V000173,2026-02-14,S01,紹興油泡蝦,副食,Seafood,280.0,196.0
V000173,2026-02-14,S06,酥炸花枝圈,副食,Fried,220.0,154.0
V000173,2026-02-14,W04,白蘇維翁(杯),酒水,Seafood,280.0,170.8
V000173,2026-02-14,W03,夏多內白酒(杯),酒水,Seafood,260.0,161.2
V000174,2026-02-14,M04,松露野菌燉飯,主食,Cheese,420.0,189.0
V000174,2026-02-14,S04,三種起司拼盤,副食,Cheese,340.0,224.4
V000174,2026-02-14,S01,紹興油泡蝦,副食,Seafood,280.0,196.0
V000174,2026-02-14,S01,紹興油泡蝦,副食,Seafood,280.0,196.0
V000174,2026-02-14,D01,提拉米蘇,甜點,Dessert,180.0,117.0
V000174,2026-02-14,W02,卡本內蘇維翁(杯),酒水,Red_Meat,320.0,192.0
V000174,2026-02-14,W05,氣泡酒(杯),酒水,Fried,300.0,189.0
V000174,2026-02-14,W13,無酒精莫吉托,酒水,Universal,180.0,144.0
V000174,2026-02-14,W04,白蘇維翁(杯),酒水,Seafood,280.0,170.8
V000175,2026-02-14,M05,白酒蛤蜊義大利麵,主食,Seafood,380.0,167.2
V000175,2026-02-14,M05,白酒蛤蜊義大利麵,主食,Seafood,380.0,167.2
V000175,2026-02-14,S06,酥炸花枝圈,副食,Fried,220.0,154.0
V000175,2026-02-14,S06,酥炸花枝圈,副食,Fried,220.0,154.0
V000175,2026-02-14,S07,炙燒櫛瓜佐油醋,副食,Universal,160.0,108.8
V000175,2026-02-14,S05,松露薯條,副食,Fried,180.0,129.6
V000175,2026-02-14,S02,西班牙蒜辣蝦,副食,Seafood,260.0,176.8
V000175,2026-02-14,S04,三種起司拼盤,副食,Cheese,340.0,224.4
V000175,2026-02-14,W04,白蘇維翁(杯),酒水,Seafood,280.0,170.8
V000175,2026-02-14,W11,威士忌 Highball,酒水,Cheese,300.0,222.0
V000175,2026-02-14,W04,白蘇維翁(杯),酒水,Seafood,280.0,170.8
V000175,2026-02-14,W08,Gin & Tonic,酒水,Universal,300.0,234.0
V000175,2026-02-14,W01,馬爾貝克紅酒(杯),酒水,Red_Meat,280.0,173.6
V000175,2026-02-14,W09,精釀 IPA,酒水,Fried,260.0,150.8
V000175,2026-02-14,W03,夏多內白酒(杯),酒水,Seafood,260.0,161.2
V000175,2026-02-14,W10,小麥白啤酒,酒水,Fried,240.0,136.8
V000175,2026-02-14,W12,季節水果特調,酒水,Universal,340.0,261.8
V000175,2026-02-14,W09,精釀 IPA,酒水,Fried,260.0,150.8
V000175,2026-02-14,W03,夏多內白酒(杯),酒水,Seafood,260.0,161.2
V000176,2026-02-14,M02,爐烤伊比利豬肩,主食,Red_Meat,520.0,197.6
V000176,2026-02-14,M06,香煎鮭魚佐檸檬,主食,Seafood,460.0,193.2
V000176,2026-02-14,M04,松露野菌燉飯,主食,Cheese,420.0,189.0
V000176,2026-02-14,S02,西班牙蒜辣蝦,副食,Seafood,260.0,176.8
V000176,2026-02-14,W03,夏多內白酒(杯),酒水,Seafood,260.0,161.2
V000176,2026-02-14,W03,夏多內白酒(杯),酒水,Seafood,260.0,161.2
V000176,2026-02-14,W08,Gin & Tonic,酒水,Universal,300.0,234.0
V000176,2026-02-14,W03,夏多內白酒(杯),酒水,Seafood,260.0,161.2
V000176,2026-02-14,W07,Old Fashioned,酒水,Red_Meat,380.0,285.0
V000176,2026-02-14,W11,威士忌 Highball,酒水,Cheese,300.0,222.0
V000176,2026-02-14,W07,Old Fashioned,酒水,Red_Meat,380.0,285.0
V000176,2026-02-14,W06,Negroni,酒水,Cheese,350.0,266.0
V000176,2026-02-14,W01,馬爾貝克紅酒(杯),酒水,Red_Meat,280.0,173.6
V000176,2026-02-14,W05,氣泡酒(杯),酒水,Fried,300.0,189.0
V000176,2026-02-14,W09,精釀 IPA,酒水,Fried,260.0,150.8
V000176,2026-02-14,W04,白蘇維翁(杯),酒水,Seafood,280.0,170.8
V000177,2026-02-14,M03,炭烤戰斧牛排,主食,Red_Meat,880.0,308.0
V000177,2026-02-14,D02,焦糖烤布蕾,甜點,Dessert,160.0,107.2
V000178,2026-02-14,M04,松露野菌燉飯,主食,Cheese,420.0,189.0
V000178,2026-02-14,S02,西班牙蒜辣蝦,副食,Seafood,260.0,176.8
V000178,2026-02-14,S05,松露薯條,副食,Fried,180.0,129.6
V000178,2026-02-14,D02,焦糖烤布蕾,甜點,Dessert,160.0,107.2
V000178,2026-02-14,W11,威士忌 Highball,酒水,Cheese,300.0,222.0
V000178,2026-02-14,W04,白蘇維翁(杯),酒水,Seafood,280.0,170.8
V000178,2026-02-14,W12,季節水果特調,酒水,Universal,340.0,261.8
V000178,2026-02-14,W10,小麥白啤酒,酒水,Fried,240.0,136.8
V000178,2026-02-14,W12,季節水果特調,酒水,Universal,340.0,261.8
V000178,2026-02-14,W06,Negroni,酒水,Cheese,350.0,266.0
V000179,2026-02-14,M04,松露野菌燉飯,主食,Cheese,420.0,189.0
V000179,2026-02-14,S05,松露薯條,副食,Fried,180.0,129.6
V000179,2026-02-14,S04,三種起司拼盤,副食,Cheese,340.0,224.4
V000179,2026-02-14,S02,西班牙蒜辣蝦,副食,Seafood,260.0,176.8
V000179,2026-02-14,S01,紹興油泡蝦,副食,Seafood,280.0,196.0
V000179,2026-02-14,W08,Gin & Tonic,酒水,Universal,300.0,234.0
V000180,2026-02-14,M03,炭烤戰斧牛排,主食,Red_Meat,880.0,308.0
V000180,2026-02-14,M05,白酒蛤蜊義大利麵,主食,Seafood,380.0,167.2
V000180,2026-02-14,W05,氣泡酒(杯),酒水,Fried,300.0,189.0
V000180,2026-02-14,W08,Gin & Tonic,酒水,Universal,300.0,234.0
V000180,2026-02-14,W02,卡本內蘇維翁(杯),酒水,Red_Meat,320.0,192.0
V000180,2026-02-14,W07,Old Fashioned,酒水,Red_Meat,380.0,285.0
V000180,2026-02-14,W03,夏多內白酒(杯),酒水,Seafood,260.0,161.2
V000181,2026-02-14,M03,炭烤戰斧牛排,主食,Red_Meat,880.0,308.0
V000181,2026-02-14,S01,紹興油泡蝦,副食,Seafood,280.0,196.0
V000181,2026-02-14,S06,酥炸花枝圈,副食,Fried,220.0,154.0
V000181,2026-02-14,S06,酥炸花枝圈,副食,Fried,220.0,154.0
V000181,2026-02-14,S07,炙燒櫛瓜佐油醋,副食,Universal,160.0,108.8
V000182,2026-02-14,M06,香煎鮭魚佐檸檬,主食,Seafood,460.0,193.2
V000182,2026-02-14,M03,炭烤戰斧牛排,主食,Red_Meat,880.0,308.0
V000182,2026-02-14,S02,西班牙蒜辣蝦,副食,Seafood,260.0,176.8
V000182,2026-02-14,S06,酥炸花枝圈,副食,Fried,220.0,154.0
V000182,2026-02-14,D02,焦糖烤布蕾,甜點,Dessert,160.0,107.2
V000182,2026-02-14,W02,卡本內蘇維翁(杯),酒水,Red_Meat,320.0,192.0
V000182,2026-02-14,W02,卡本內蘇維翁(杯),酒水,Red_Meat,320.0,192.0
V000182,2026-02-14,W08,Gin & Tonic,酒水,Universal,300.0,234.0
V000182,2026-02-14,W02,卡本內蘇維翁(杯),酒水,Red_Meat,320.0,192.0
V000183,2026-02-15,M04,松露野菌燉飯,主食,Cheese,420.0,189.0
V000183,2026-02-15,S01,紹興油泡蝦,副食,Seafood,280.0,196.0
V000183,2026-02-15,S02,西班牙蒜辣蝦,副食,Seafood,260.0,176.8
V000183,2026-02-15,W01,馬爾貝克紅酒(杯),酒水,Red_Meat,280.0,173.6
V000183,2026-02-15,W10,小麥白啤酒,酒水,Fried,240.0,136.8
V000184,2026-02-15,M02,爐烤伊比利豬肩,主食,Red_Meat,520.0,197.6
V000184,2026-02-15,S07,炙燒櫛瓜佐油醋,副食,Universal,160.0,108.8
V000184,2026-02-15,S02,西班牙蒜辣蝦,副食,Seafood,260.0,176.8
V000184,2026-02-15,D02,焦糖烤布蕾,甜點,Dessert,160.0,107.2
V000184,2026-02-15,W01,馬爾貝克紅酒(杯),酒水,Red_Meat,280.0,173.6
V000184,2026-02-15,W04,白蘇維翁(杯),酒水,Seafood,280.0,170.8
V000184,2026-02-15,W08,Gin & Tonic,酒水,Universal,300.0,234.0
V000185,2026-02-15,M04,松露野菌燉飯,主食,Cheese,420.0,189.0
V000185,2026-02-15,M04,松露野菌燉飯,主食,Cheese,420.0,189.0
V000185,2026-02-15,S01,紹興油泡蝦,副食,Seafood,280.0,196.0
V000185,2026-02-15,S01,紹興油泡蝦,副食,Seafood,280.0,196.0
V000185,2026-02-15,D02,焦糖烤布蕾,甜點,Dessert,160.0,107.2
V000185,2026-02-15,W08,Gin & Tonic,酒水,Universal,300.0,234.0
V000185,2026-02-15,W03,夏多內白酒(杯),酒水,Seafood,260.0,161.2
V000185,2026-02-15,W07,Old Fashioned,酒水,Red_Meat,380.0,285.0
V000185,2026-02-15,W02,卡本內蘇維翁(杯),酒水,Red_Meat,320.0,192.0
V000186,2026-02-15,M03,炭烤戰斧牛排,主食,Red_Meat,880.0,308.0
V000186,2026-02-15,M01,舒肥紅酒燉牛肉,主食,Red_Meat,480.0,192.0
V000186,2026-02-15,W02,卡本內蘇維翁(杯),酒水,Red_Meat,320.0,192.0
V000187,2026-02-15,M06,香煎鮭魚佐檸檬,主食,Seafood,460.0,193.2
V000188,2026-02-15,M02,爐烤伊比利豬肩,主食,Red_Meat,520.0,197.6
V000188,2026-02-15,M04,松露野菌燉飯,主食,Cheese,420.0,189.0
V000188,2026-02-15,S02,西班牙蒜辣蝦,副食,Seafood,260.0,176.8
V000188,2026-02-15,S01,紹興油泡蝦,副食,Seafood,280.0,196.0
V000188,2026-02-15,W09,精釀 IPA,酒水,Fried,260.0,150.8
V000189,2026-02-15,M04,松露野菌燉飯,主食,Cheese,420.0,189.0
V000189,2026-02-15,M02,爐烤伊比利豬肩,主食,Red_Meat,520.0,197.6
V000189,2026-02-15,S06,酥炸花枝圈,副食,Fried,220.0,154.0
V000189,2026-02-15,D02,焦糖烤布蕾,甜點,Dessert,160.0,107.2
V000189,2026-02-15,W05,氣泡酒(杯),酒水,Fried,300.0,189.0
V000190,2026-02-15,M03,炭烤戰斧牛排,主食,Red_Meat,880.0,308.0
V000190,2026-02-15,M04,松露野菌燉飯,主食,Cheese,420.0,189.0
V000190,2026-02-15,S03,伊比利火腿盤,副食,Cheese,380.0,247.0
V000190,2026-02-15,S06,酥炸花枝圈,副食,Fried,220.0,154.0
V000190,2026-02-15,S06,酥炸花枝圈,副食,Fried,220.0,154.0
V000190,2026-02-15,S04,三種起司拼盤,副食,Cheese,340.0,224.4
V000190,2026-02-15,W06,Negroni,酒水,Cheese,350.0,266.0
V000190,2026-02-15,W09,精釀 IPA,酒水,Fried,260.0,150.8
V000190,2026-02-15,W13,無酒精莫吉托,酒水,Universal,180.0,144.0
V000190,2026-02-15,W12,季節水果特調,酒水,Universal,340.0,261.8
V000190,2026-02-15,W09,精釀 IPA,酒水,Fried,260.0,150.8
V000190,2026-02-15,W05,氣泡酒(杯),酒水,Fried,300.0,189.0
V000190,2026-02-15,W03,夏多內白酒(杯),酒水,Seafood,260.0,161.2
V000190,2026-02-15,W06,Negroni,酒水,Cheese,350.0,266.0
V000191,2026-02-15,M03,炭烤戰斧牛排,主食,Red_Meat,880.0,308.0
V000191,2026-02-15,S05,松露薯條,副食,Fried,180.0,129.6
V000191,2026-02-15,S05,松露薯條,副食,Fried,180.0,129.6
V000191,2026-02-15,S03,伊比利火腿盤,副食,Cheese,380.0,247.0
V000191,2026-02-15,S07,炙燒櫛瓜佐油醋,副食,Universal,160.0,108.8
V000191,2026-02-15,W05,氣泡酒(杯),酒水,Fried,300.0,189.0
V000192,2026-02-15,M02,爐烤伊比利豬肩,主食,Red_Meat,520.0,197.6
V000192,2026-02-15,S02,西班牙蒜辣蝦,副食,Seafood,260.0,176.8
V000192,2026-02-15,S01,紹興油泡蝦,副食,Seafood,280.0,196.0
V000192,2026-02-15,S05,松露薯條,副食,Fried,180.0,129.6
V000192,2026-02-15,W06,Negroni,酒水,Cheese,350.0,266.0
V000192,2026-02-15,W06,Negroni,酒水,Cheese,350.0,266.0
V000193,2026-02-15,M01,舒肥紅酒燉牛肉,主食,Red_Meat,480.0,192.0
V000193,2026-02-15,S06,酥炸花枝圈,副食,Fried,220.0,154.0
V000193,2026-02-15,S05,松露薯條,副食,Fried,180.0,129.6
V000193,2026-02-15,S07,炙燒櫛瓜佐油醋,副食,Universal,160.0,108.8
V000193,2026-02-15,S04,三種起司拼盤,副食,Cheese,340.0,224.4
V000193,2026-02-15,W04,白蘇維翁(杯),酒水,Seafood,280.0,170.8
V000193,2026-02-15,W09,精釀 IPA,酒水,Fried,260.0,150.8
V000193,2026-02-15,W11,威士忌 Highball,酒水,Cheese,300.0,222.0
V000193,2026-02-15,W04,白蘇維翁(杯),酒水,Seafood,280.0,170.8
V000193,2026-02-15,W08,Gin & Tonic,酒水,Universal,300.0,234.0
V000193,2026-02-15,W12,季節水果特調,酒水,Universal,340.0,261.8
V000193,2026-02-15,W04,白蘇維翁(杯),酒水,Seafood,280.0,170.8
V000193,2026-02-15,W10,小麥白啤酒,酒水,Fried,240.0,136.8
V000193,2026-02-15,W12,季節水果特調,酒水,Universal,340.0,261.8
V000194,2026-02-15,M06,香煎鮭魚佐檸檬,主食,Seafood,460.0,193.2
V000194,2026-02-15,M04,松露野菌燉飯,主食,Cheese,420.0,189.0
V000194,2026-02-15,S04,三種起司拼盤,副食,Cheese,340.0,224.4
V000194,2026-02-15,S03,伊比利火腿盤,副食,Cheese,380.0,247.0
V000194,2026-02-15,S02,西班牙蒜辣蝦,副食,Seafood,260.0,176.8
V000195,2026-02-15,M04,松露野菌燉飯,主食,Cheese,420.0,189.0
V000195,2026-02-15,S01,紹興油泡蝦,副食,Seafood,280.0,196.0
V000195,2026-02-15,S01,紹興油泡蝦,副食,Seafood,280.0,196.0
V000195,2026-02-15,W03,夏多內白酒(杯),酒水,Seafood,260.0,161.2
V000195,2026-02-15,W03,夏多內白酒(杯),酒水,Seafood,260.0,161.2
V000195,2026-02-15,W11,威士忌 Highball,酒水,Cheese,300.0,222.0
V000196,2026-02-15,M06,香煎鮭魚佐檸檬,主食,Seafood,460.0,193.2
V000196,2026-02-15,M04,松露野菌燉飯,主食,Cheese,420.0,189.0
V000196,2026-02-15,S05,松露薯條,副食,Fried,180.0,129.6
V000196,2026-02-15,S07,炙燒櫛瓜佐油醋,副食,Universal,160.0,108.8
V000196,2026-02-15,S02,西班牙蒜辣蝦,副食,Seafood,260.0,176.8
V000196,2026-02-15,S06,酥炸花枝圈,副食,Fried,220.0,154.0
V000196,2026-02-15,W03,夏多內白酒(杯),酒水,Seafood,260.0,161.2
V000196,2026-02-15,W05,氣泡酒(杯),酒水,Fried,300.0,189.0
V000196,2026-02-15,W03,夏多內白酒(杯),酒水,Seafood,260.0,161.2
V000196,2026-02-15,W13,無酒精莫吉托,酒水,Universal,180.0,144.0
V000196,2026-02-15,W11,威士忌 Highball,酒水,Cheese,300.0,222.0
V000197,2026-02-17,M05,白酒蛤蜊義大利麵,主食,Seafood,380.0,167.2
V000197,2026-02-17,M01,舒肥紅酒燉牛肉,主食,Red_Meat,480.0,192.0
V000197,2026-02-17,M04,松露野菌燉飯,主食,Cheese,420.0,189.0
V000197,2026-02-17,S04,三種起司拼盤,副食,Cheese,340.0,224.4
V000197,2026-02-17,S06,酥炸花枝圈,副食,Fried,220.0,154.0
V000197,2026-02-17,S02,西班牙蒜辣蝦,副食,Seafood,260.0,176.8
V000197,2026-02-17,S06,酥炸花枝圈,副食,Fried,220.0,154.0
V000197,2026-02-17,D02,焦糖烤布蕾,甜點,Dessert,160.0,107.2
V000197,2026-02-17,W06,Negroni,酒水,Cheese,350.0,266.0
V000197,2026-02-17,W01,馬爾貝克紅酒(杯),酒水,Red_Meat,280.0,173.6
V000197,2026-02-17,W06,Negroni,酒水,Cheese,350.0,266.0
V000197,2026-02-17,W03,夏多內白酒(杯),酒水,Seafood,260.0,161.2
V000198,2026-02-17,M04,松露野菌燉飯,主食,Cheese,420.0,189.0
V000198,2026-02-17,S03,伊比利火腿盤,副食,Cheese,380.0,247.0
V000198,2026-02-17,S06,酥炸花枝圈,副食,Fried,220.0,154.0
V000198,2026-02-17,S05,松露薯條,副食,Fried,180.0,129.6
V000199,2026-02-17,M02,爐烤伊比利豬肩,主食,Red_Meat,520.0,197.6
V000199,2026-02-17,M01,舒肥紅酒燉牛肉,主食,Red_Meat,480.0,192.0
V000199,2026-02-17,M06,香煎鮭魚佐檸檬,主食,Seafood,460.0,193.2
V000199,2026-02-17,S02,西班牙蒜辣蝦,副食,Seafood,260.0,176.8
V000199,2026-02-17,S05,松露薯條,副食,Fried,180.0,129.6
V000199,2026-02-17,S06,酥炸花枝圈,副食,Fried,220.0,154.0
V000199,2026-02-17,S02,西班牙蒜辣蝦,副食,Seafood,260.0,176.8
V000199,2026-02-17,W03,夏多內白酒(杯),酒水,Seafood,260.0,161.2
V000199,2026-02-17,W07,Old Fashioned,酒水,Red_Meat,380.0,285.0
V000200,2026-02-17,M04,松露野菌燉飯,主食,Cheese,420.0,189.0
V000200,2026-02-17,M06,香煎鮭魚佐檸檬,主食,Seafood,460.0,193.2
V000200,2026-02-17,M03,炭烤戰斧牛排,主食,Red_Meat,880.0,308.0
V000200,2026-02-17,M03,炭烤戰斧牛排,主食,Red_Meat,880.0,308.0
V000200,2026-02-17,M01,舒肥紅酒燉牛肉,主食,Red_Meat,480.0,192.0
V000200,2026-02-17,S06,酥炸花枝圈,副食,Fried,220.0,154.0
V000200,2026-02-17,S05,松露薯條,副食,Fried,180.0,129.6
V000200,2026-02-17,S07,炙燒櫛瓜佐油醋,副食,Universal,160.0,108.8
V000200,2026-02-17,S01,紹興油泡蝦,副食,Seafood,280.0,196.0
V000200,2026-02-17,S02,西班牙蒜辣蝦,副食,Seafood,260.0,176.8
V000200,2026-02-17,S07,炙燒櫛瓜佐油醋,副食,Universal,160.0,108.8
V000200,2026-02-17,W05,氣泡酒(杯),酒水,Fried,300.0,189.0
V000200,2026-02-17,W01,馬爾貝克紅酒(杯),酒水,Red_Meat,280.0,173.6
V000200,2026-02-17,W07,Old Fashioned,酒水,Red_Meat,380.0,285.0
V000200,2026-02-17,W04,白蘇維翁(杯),酒水,Seafood,280.0,170.8
V000200,2026-02-17,W03,夏多內白酒(杯),酒水,Seafood,260.0,161.2
V000201,2026-02-17,M04,松露野菌燉飯,主食,Cheese,420.0,189.0
V000201,2026-02-17,S03,伊比利火腿盤,副食,Cheese,380.0,247.0
V000201,2026-02-17,S05,松露薯條,副食,Fried,180.0,129.6
V000201,2026-02-17,W02,卡本內蘇維翁(杯),酒水,Red_Meat,320.0,192.0
V000201,2026-02-17,W11,威士忌 Highball,酒水,Cheese,300.0,222.0
V000201,2026-02-17,W03,夏多內白酒(杯),酒水,Seafood,260.0,161.2
V000201,2026-02-17,W12,季節水果特調,酒水,Universal,340.0,261.8
V000202,2026-02-17,M06,香煎鮭魚佐檸檬,主食,Seafood,460.0,193.2
V000202,2026-02-17,S06,酥炸花枝圈,副食,Fried,220.0,154.0
V000202,2026-02-17,S02,西班牙蒜辣蝦,副食,Seafood,260.0,176.8
V000202,2026-02-17,S07,炙燒櫛瓜佐油醋,副食,Universal,160.0,108.8
V000202,2026-02-17,S04,三種起司拼盤,副食,Cheese,340.0,224.4
V000202,2026-02-17,D01,提拉米蘇,甜點,Dessert,180.0,117.0
V000202,2026-02-17,W08,Gin & Tonic,酒水,Universal,300.0,234.0
V000202,2026-02-17,W07,Old Fashioned,酒水,Red_Meat,380.0,285.0
V000202,2026-02-17,W03,夏多內白酒(杯),酒水,Seafood,260.0,161.2
V000202,2026-02-17,W04,白蘇維翁(杯),酒水,Seafood,280.0,170.8
V000202,2026-02-17,W11,威士忌 Highball,酒水,Cheese,300.0,222.0
V000203,2026-02-17,M05,白酒蛤蜊義大利麵,主食,Seafood,380.0,167.2
V000203,2026-02-17,M05,白酒蛤蜊義大利麵,主食,Seafood,380.0,167.2
V000203,2026-02-17,S05,松露薯條,副食,Fried,180.0,129.6
V000203,2026-02-17,S05,松露薯條,副食,Fried,180.0,129.6
V000203,2026-02-17,S01,紹興油泡蝦,副食,Seafood,280.0,196.0
V000203,2026-02-17,S04,三種起司拼盤,副食,Cheese,340.0,224.4
V000203,2026-02-17,D02,焦糖烤布蕾,甜點,Dessert,160.0,107.2
V000203,2026-02-17,W09,精釀 IPA,酒水,Fried,260.0,150.8
V000203,2026-02-17,W04,白蘇維翁(杯),酒水,Seafood,280.0,170.8
V000204,2026-02-17,M01,舒肥紅酒燉牛肉,主食,Red_Meat,480.0,192.0
V000204,2026-02-17,S07,炙燒櫛瓜佐油醋,副食,Universal,160.0,108.8
V000204,2026-02-17,S01,紹興油泡蝦,副食,Seafood,280.0,196.0
V000204,2026-02-17,D01,提拉米蘇,甜點,Dessert,180.0,117.0
V000204,2026-02-17,W04,白蘇維翁(杯),酒水,Seafood,280.0,170.8
V000204,2026-02-17,W07,Old Fashioned,酒水,Red_Meat,380.0,285.0
V000204,2026-02-17,W11,威士忌 Highball,酒水,Cheese,300.0,222.0
V000204,2026-02-17,W01,馬爾貝克紅酒(杯),酒水,Red_Meat,280.0,173.6
V000205,2026-02-17,M01,舒肥紅酒燉牛肉,主食,Red_Meat,480.0,192.0
V000205,2026-02-17,M03,炭烤戰斧牛排,主食,Red_Meat,880.0,308.0
V000205,2026-02-17,S04,三種起司拼盤,副食,Cheese,340.0,224.4
V000205,2026-02-17,S04,三種起司拼盤,副食,Cheese,340.0,224.4
V000205,2026-02-17,S05,松露薯條,副食,Fried,180.0,129.6
V000205,2026-02-17,W06,Negroni,酒水,Cheese,350.0,266.0
V000205,2026-02-17,W12,季節水果特調,酒水,Universal,340.0,261.8
V000205,2026-02-17,W07,Old Fashioned,酒水,Red_Meat,380.0,285.0
V000205,2026-02-17,W10,小麥白啤酒,酒水,Fried,240.0,136.8
V000205,2026-02-17,W01,馬爾貝克紅酒(杯),酒水,Red_Meat,280.0,173.6
V000205,2026-02-17,W07,Old Fashioned,酒水,Red_Meat,380.0,285.0
V000206,2026-02-18,M02,爐烤伊比利豬肩,主食,Red_Meat,520.0,197.6
V000206,2026-02-18,M02,爐烤伊比利豬肩,主食,Red_Meat,520.0,197.6
V000206,2026-02-18,S03,伊比利火腿盤,副食,Cheese,380.0,247.0
V000206,2026-02-18,S05,松露薯條,副食,Fried,180.0,129.6
V000206,2026-02-18,W07,Old Fashioned,酒水,Red_Meat,380.0,285.0
V000206,2026-02-18,W05,氣泡酒(杯),酒水,Fried,300.0,189.0
V000206,2026-02-18,W05,氣泡酒(杯),酒水,Fried,300.0,189.0
V000207,2026-02-18,M01,舒肥紅酒燉牛肉,主食,Red_Meat,480.0,192.0
V000207,2026-02-18,S07,炙燒櫛瓜佐油醋,副食,Universal,160.0,108.8
V000207,2026-02-18,W09,精釀 IPA,酒水,Fried,260.0,150.8
V000207,2026-02-18,W13,無酒精莫吉托,酒水,Universal,180.0,144.0
V000207,2026-02-18,W08,Gin & Tonic,酒水,Universal,300.0,234.0
V000207,2026-02-18,W02,卡本內蘇維翁(杯),酒水,Red_Meat,320.0,192.0
V000207,2026-02-18,W07,Old Fashioned,酒水,Red_Meat,380.0,285.0
V000207,2026-02-18,W02,卡本內蘇維翁(杯),酒水,Red_Meat,320.0,192.0
V000208,2026-02-18,M06,香煎鮭魚佐檸檬,主食,Seafood,460.0,193.2
V000208,2026-02-18,S07,炙燒櫛瓜佐油醋,副食,Universal,160.0,108.8
V000208,2026-02-18,W13,無酒精莫吉托,酒水,Universal,180.0,144.0
V000208,2026-02-18,W04,白蘇維翁(杯),酒水,Seafood,280.0,170.8
V000209,2026-02-18,M04,松露野菌燉飯,主食,Cheese,420.0,189.0
V000209,2026-02-18,M02,爐烤伊比利豬肩,主食,Red_Meat,520.0,197.6
V000209,2026-02-18,S03,伊比利火腿盤,副食,Cheese,380.0,247.0
V000209,2026-02-18,S06,酥炸花枝圈,副食,Fried,220.0,154.0
V000209,2026-02-18,S02,西班牙蒜辣蝦,副食,Seafood,260.0,176.8
V000209,2026-02-18,W06,Negroni,酒水,Cheese,350.0,266.0
V000209,2026-02-18,W08,Gin & Tonic,酒水,Universal,300.0,234.0
V000209,2026-02-18,W03,夏多內白酒(杯),酒水,Seafood,260.0,161.2
V000209,2026-02-18,W09,精釀 IPA,酒水,Fried,260.0,150.8
V000209,2026-02-18,W06,Negroni,酒水,Cheese,350.0,266.0
V000209,2026-02-18,W13,無酒精莫吉托,酒水,Universal,180.0,144.0
V000210,2026-02-18,M06,香煎鮭魚佐檸檬,主食,Seafood,460.0,193.2
V000210,2026-02-18,M01,舒肥紅酒燉牛肉,主食,Red_Meat,480.0,192.0
V000210,2026-02-18,S05,松露薯條,副食,Fried,180.0,129.6
V000210,2026-02-18,S01,紹興油泡蝦,副食,Seafood,280.0,196.0
V000210,2026-02-18,W04,白蘇維翁(杯),酒水,Seafood,280.0,170.8
V000211,2026-02-18,M05,白酒蛤蜊義大利麵,主食,Seafood,380.0,167.2
V000211,2026-02-18,M05,白酒蛤蜊義大利麵,主食,Seafood,380.0,167.2
V000211,2026-02-18,S05,松露薯條,副食,Fried,180.0,129.6
V000211,2026-02-18,S03,伊比利火腿盤,副食,Cheese,380.0,247.0
V000211,2026-02-18,S05,松露薯條,副食,Fried,180.0,129.6
V000211,2026-02-18,S05,松露薯條,副食,Fried,180.0,129.6
V000211,2026-02-18,W12,季節水果特調,酒水,Universal,340.0,261.8
V000211,2026-02-18,W04,白蘇維翁(杯),酒水,Seafood,280.0,170.8
V000212,2026-02-18,M03,炭烤戰斧牛排,主食,Red_Meat,880.0,308.0
V000212,2026-02-18,S04,三種起司拼盤,副食,Cheese,340.0,224.4
V000212,2026-02-18,S02,西班牙蒜辣蝦,副食,Seafood,260.0,176.8
V000213,2026-02-18,M05,白酒蛤蜊義大利麵,主食,Seafood,380.0,167.2
V000213,2026-02-18,S05,松露薯條,副食,Fried,180.0,129.6
V000213,2026-02-18,W13,無酒精莫吉托,酒水,Universal,180.0,144.0
V000214,2026-02-18,M04,松露野菌燉飯,主食,Cheese,420.0,189.0
V000214,2026-02-18,M03,炭烤戰斧牛排,主食,Red_Meat,880.0,308.0
V000214,2026-02-18,S06,酥炸花枝圈,副食,Fried,220.0,154.0
V000214,2026-02-18,S06,酥炸花枝圈,副食,Fried,220.0,154.0
V000214,2026-02-18,W01,馬爾貝克紅酒(杯),酒水,Red_Meat,280.0,173.6
V000214,2026-02-18,W09,精釀 IPA,酒水,Fried,260.0,150.8
V000215,2026-02-18,M03,炭烤戰斧牛排,主食,Red_Meat,880.0,308.0
V000215,2026-02-18,M02,爐烤伊比利豬肩,主食,Red_Meat,520.0,197.6
V000215,2026-02-18,S01,紹興油泡蝦,副食,Seafood,280.0,196.0
V000215,2026-02-18,S07,炙燒櫛瓜佐油醋,副食,Universal,160.0,108.8
V000215,2026-02-18,S07,炙燒櫛瓜佐油醋,副食,Universal,160.0,108.8
V000215,2026-02-18,S04,三種起司拼盤,副食,Cheese,340.0,224.4
V000215,2026-02-18,S02,西班牙蒜辣蝦,副食,Seafood,260.0,176.8
V000215,2026-02-18,D01,提拉米蘇,甜點,Dessert,180.0,117.0
V000215,2026-02-18,W03,夏多內白酒(杯),酒水,Seafood,260.0,161.2
V000215,2026-02-18,W11,威士忌 Highball,酒水,Cheese,300.0,222.0
V000215,2026-02-18,W10,小麥白啤酒,酒水,Fried,240.0,136.8
V000215,2026-02-18,W06,Negroni,酒水,Cheese,350.0,266.0
V000215,2026-02-18,W11,威士忌 Highball,酒水,Cheese,300.0,222.0
V000215,2026-02-18,W08,Gin & Tonic,酒水,Universal,300.0,234.0
V000215,2026-02-18,W12,季節水果特調,酒水,Universal,340.0,261.8
V000215,2026-02-18,W02,卡本內蘇維翁(杯),酒水,Red_Meat,320.0,192.0
V000215,2026-02-18,W04,白蘇維翁(杯),酒水,Seafood,280.0,170.8
V000215,2026-02-18,W04,白蘇維翁(杯),酒水,Seafood,280.0,170.8
V000216,2026-02-18,M02,爐烤伊比利豬肩,主食,Red_Meat,520.0,197.6
V000216,2026-02-18,M05,白酒蛤蜊義大利麵,主食,Seafood,380.0,167.2
V000216,2026-02-18,S05,松露薯條,副食,Fried,180.0,129.6
V000216,2026-02-18,S07,炙燒櫛瓜佐油醋,副食,Universal,160.0,108.8
V000216,2026-02-18,D01,提拉米蘇,甜點,Dessert,180.0,117.0
V000216,2026-02-18,W02,卡本內蘇維翁(杯),酒水,Red_Meat,320.0,192.0
V000216,2026-02-18,W01,馬爾貝克紅酒(杯),酒水,Red_Meat,280.0,173.6
V000217,2026-02-19,M02,爐烤伊比利豬肩,主食,Red_Meat,520.0,197.6
V000217,2026-02-19,S05,松露薯條,副食,Fried,180.0,129.6
V000217,2026-02-19,S03,伊比利火腿盤,副食,Cheese,380.0,247.0
V000217,2026-02-19,S06,酥炸花枝圈,副食,Fried,220.0,154.0
V000217,2026-02-19,D02,焦糖烤布蕾,甜點,Dessert,160.0,107.2
V000217,2026-02-19,W12,季節水果特調,酒水,Universal,340.0,261.8
V000218,2026-02-19,M03,炭烤戰斧牛排,主食,Red_Meat,880.0,308.0
V000218,2026-02-19,M02,爐烤伊比利豬肩,主食,Red_Meat,520.0,197.6
V000218,2026-02-19,S07,炙燒櫛瓜佐油醋,副食,Universal,160.0,108.8
V000218,2026-02-19,S01,紹興油泡蝦,副食,Seafood,280.0,196.0
V000218,2026-02-19,S06,酥炸花枝圈,副食,Fried,220.0,154.0
V000218,2026-02-19,S02,西班牙蒜辣蝦,副食,Seafood,260.0,176.8
V000218,2026-02-19,D01,提拉米蘇,甜點,Dessert,180.0,117.0
V000218,2026-02-19,W02,卡本內蘇維翁(杯),酒水,Red_Meat,320.0,192.0
V000218,2026-02-19,W07,Old Fashioned,酒水,Red_Meat,380.0,285.0
V000218,2026-02-19,W04,白蘇維翁(杯),酒水,Seafood,280.0,170.8
V000218,2026-02-19,W02,卡本內蘇維翁(杯),酒水,Red_Meat,320.0,192.0
V000218,2026-02-19,W10,小麥白啤酒,酒水,Fried,240.0,136.8
V000218,2026-02-19,W03,夏多內白酒(杯),酒水,Seafood,260.0,161.2
V000218,2026-02-19,W06,Negroni,酒水,Cheese,350.0,266.0
V000218,2026-02-19,W12,季節水果特調,酒水,Universal,340.0,261.8
V000219,2026-02-19,M02,爐烤伊比利豬肩,主食,Red_Meat,520.0,197.6
V000219,2026-02-19,S04,三種起司拼盤,副食,Cheese,340.0,224.4
V000219,2026-02-19,S07,炙燒櫛瓜佐油醋,副食,Universal,160.0,108.8
V000219,2026-02-19,W07,Old Fashioned,酒水,Red_Meat,380.0,285.0
V000219,2026-02-19,W07,Old Fashioned,酒水,Red_Meat,380.0,285.0
V000220,2026-02-19,M06,香煎鮭魚佐檸檬,主食,Seafood,460.0,193.2
V000220,2026-02-19,M03,炭烤戰斧牛排,主食,Red_Meat,880.0,308.0
V000220,2026-02-19,S03,伊比利火腿盤,副食,Cheese,380.0,247.0
V000220,2026-02-19,S05,松露薯條,副食,Fried,180.0,129.6
V000220,2026-02-19,S01,紹興油泡蝦,副食,Seafood,280.0,196.0
V000220,2026-02-19,D02,焦糖烤布蕾,甜點,Dessert,160.0,107.2
V000221,2026-02-19,M01,舒肥紅酒燉牛肉,主食,Red_Meat,480.0,192.0
V000221,2026-02-19,M03,炭烤戰斧牛排,主食,Red_Meat,880.0,308.0
V000221,2026-02-19,S07,炙燒櫛瓜佐油醋,副食,Universal,160.0,108.8
V000221,2026-02-19,S01,紹興油泡蝦,副食,Seafood,280.0,196.0
V000221,2026-02-19,S03,伊比利火腿盤,副食,Cheese,380.0,247.0
V000221,2026-02-19,W01,馬爾貝克紅酒(杯),酒水,Red_Meat,280.0,173.6
V000221,2026-02-19,W02,卡本內蘇維翁(杯),酒水,Red_Meat,320.0,192.0
V000221,2026-02-19,W02,卡本內蘇維翁(杯),酒水,Red_Meat,320.0,192.0
V000221,2026-02-19,W07,Old Fashioned,酒水,Red_Meat,380.0,285.0
V000222,2026-02-19,M06,香煎鮭魚佐檸檬,主食,Seafood,460.0,193.2
V000223,2026-02-19,M06,香煎鮭魚佐檸檬,主食,Seafood,460.0,193.2
V000223,2026-02-19,M01,舒肥紅酒燉牛肉,主食,Red_Meat,480.0,192.0
V000223,2026-02-19,M04,松露野菌燉飯,主食,Cheese,420.0,189.0
V000223,2026-02-19,S06,酥炸花枝圈,副食,Fried,220.0,154.0
V000223,2026-02-19,S02,西班牙蒜辣蝦,副食,Seafood,260.0,176.8
V000223,2026-02-19,S04,三種起司拼盤,副食,Cheese,340.0,224.4
V000223,2026-02-19,S05,松露薯條,副食,Fried,180.0,129.6
V000223,2026-02-19,S01,紹興油泡蝦,副食,Seafood,280.0,196.0
V000223,2026-02-19,S05,松露薯條,副食,Fried,180.0,129.6
V000223,2026-02-19,W10,小麥白啤酒,酒水,Fried,240.0,136.8
V000224,2026-02-19,M03,炭烤戰斧牛排,主食,Red_Meat,880.0,308.0
V000224,2026-02-19,M01,舒肥紅酒燉牛肉,主食,Red_Meat,480.0,192.0
V000224,2026-02-19,S01,紹興油泡蝦,副食,Seafood,280.0,196.0
V000224,2026-02-19,S05,松露薯條,副食,Fried,180.0,129.6
V000224,2026-02-19,S04,三種起司拼盤,副食,Cheese,340.0,224.4
V000224,2026-02-19,S04,三種起司拼盤,副食,Cheese,340.0,224.4
V000224,2026-02-19,S06,酥炸花枝圈,副食,Fried,220.0,154.0
V000224,2026-02-19,S01,紹興油泡蝦,副食,Seafood,280.0,196.0
V000225,2026-02-19,M03,炭烤戰斧牛排,主食,Red_Meat,880.0,308.0
V000225,2026-02-19,S03,伊比利火腿盤,副食,Cheese,380.0,247.0
V000225,2026-02-19,S04,三種起司拼盤,副食,Cheese,340.0,224.4
V000225,2026-02-19,D01,提拉米蘇,甜點,Dessert,180.0,117.0
V000225,2026-02-19,W11,威士忌 Highball,酒水,Cheese,300.0,222.0
V000225,2026-02-19,W04,白蘇維翁(杯),酒水,Seafood,280.0,170.8
V000225,2026-02-19,W02,卡本內蘇維翁(杯),酒水,Red_Meat,320.0,192.0
V000225,2026-02-19,W07,Old Fashioned,酒水,Red_Meat,380.0,285.0
V000225,2026-02-19,W11,威士忌 Highball,酒水,Cheese,300.0,222.0
V000225,2026-02-19,W06,Negroni,酒水,Cheese,350.0,266.0
V000226,2026-02-19,M05,白酒蛤蜊義大利麵,主食,Seafood,380.0,167.2
V000226,2026-02-19,M06,香煎鮭魚佐檸檬,主食,Seafood,460.0,193.2
V000226,2026-02-19,S02,西班牙蒜辣蝦,副食,Seafood,260.0,176.8
V000226,2026-02-19,W12,季節水果特調,酒水,Universal,340.0,261.8
V000226,2026-02-19,W03,夏多內白酒(杯),酒水,Seafood,260.0,161.2
V000226,2026-02-19,W03,夏多內白酒(杯),酒水,Seafood,260.0,161.2
V000227,2026-02-19,M03,炭烤戰斧牛排,主食,Red_Meat,880.0,308.0
V000227,2026-02-19,M03,炭烤戰斧牛排,主食,Red_Meat,880.0,308.0
V000227,2026-02-19,M01,舒肥紅酒燉牛肉,主食,Red_Meat,480.0,192.0
V000227,2026-02-19,S06,酥炸花枝圈,副食,Fried,220.0,154.0
V000227,2026-02-19,W04,白蘇維翁(杯),酒水,Seafood,280.0,170.8
V000227,2026-02-19,W11,威士忌 Highball,酒水,Cheese,300.0,222.0
V000227,2026-02-19,W02,卡本內蘇維翁(杯),酒水,Red_Meat,320.0,192.0
V000227,2026-02-19,W07,Old Fashioned,酒水,Red_Meat,380.0,285.0
V000228,2026-02-19,M06,香煎鮭魚佐檸檬,主食,Seafood,460.0,193.2
V000228,2026-02-19,S05,松露薯條,副食,Fried,180.0,129.6
V000228,2026-02-19,W05,氣泡酒(杯),酒水,Fried,300.0,189.0
V000228,2026-02-19,W04,白蘇維翁(杯),酒水,Seafood,280.0,170.8
V000228,2026-02-19,W08,Gin & Tonic,酒水,Universal,300.0,234.0
V000229,2026-02-19,M06,香煎鮭魚佐檸檬,主食,Seafood,460.0,193.2
V000229,2026-02-19,S03,伊比利火腿盤,副食,Cheese,380.0,247.0
V000229,2026-02-19,S05,松露薯條,副食,Fried,180.0,129.6
V000229,2026-02-19,W10,小麥白啤酒,酒水,Fried,240.0,136.8
V000230,2026-02-20,M06,香煎鮭魚佐檸檬,主食,Seafood,460.0,193.2
V000230,2026-02-20,S01,紹興油泡蝦,副食,Seafood,280.0,196.0
V000230,2026-02-20,S05,松露薯條,副食,Fried,180.0,129.6
V000230,2026-02-20,W09,精釀 IPA,酒水,Fried,260.0,150.8
V000230,2026-02-20,W03,夏多內白酒(杯),酒水,Seafood,260.0,161.2
V000231,2026-02-20,M05,白酒蛤蜊義大利麵,主食,Seafood,380.0,167.2
V000231,2026-02-20,M05,白酒蛤蜊義大利麵,主食,Seafood,380.0,167.2
V000231,2026-02-20,S02,西班牙蒜辣蝦,副食,Seafood,260.0,176.8
V000231,2026-02-20,S05,松露薯條,副食,Fried,180.0,129.6
V000231,2026-02-20,S07,炙燒櫛瓜佐油醋,副食,Universal,160.0,108.8
V000231,2026-02-20,D02,焦糖烤布蕾,甜點,Dessert,160.0,107.2
V000231,2026-02-20,W09,精釀 IPA,酒水,Fried,260.0,150.8
V000232,2026-02-20,M05,白酒蛤蜊義大利麵,主食,Seafood,380.0,167.2
V000232,2026-02-20,S07,炙燒櫛瓜佐油醋,副食,Universal,160.0,108.8
V000232,2026-02-20,W13,無酒精莫吉托,酒水,Universal,180.0,144.0
V000232,2026-02-20,W07,Old Fashioned,酒水,Red_Meat,380.0,285.0
V000232,2026-02-20,W11,威士忌 Highball,酒水,Cheese,300.0,222.0
V000233,2026-02-20,M02,爐烤伊比利豬肩,主食,Red_Meat,520.0,197.6
V000233,2026-02-20,M03,炭烤戰斧牛排,主食,Red_Meat,880.0,308.0
V000233,2026-02-20,S07,炙燒櫛瓜佐油醋,副食,Universal,160.0,108.8
V000233,2026-02-20,S04,三種起司拼盤,副食,Cheese,340.0,224.4
V000233,2026-02-20,D01,提拉米蘇,甜點,Dessert,180.0,117.0
V000233,2026-02-20,W02,卡本內蘇維翁(杯),酒水,Red_Meat,320.0,192.0
V000233,2026-02-20,W01,馬爾貝克紅酒(杯),酒水,Red_Meat,280.0,173.6
V000233,2026-02-20,W02,卡本內蘇維翁(杯),酒水,Red_Meat,320.0,192.0
V000233,2026-02-20,W08,Gin & Tonic,酒水,Universal,300.0,234.0
V000233,2026-02-20,W13,無酒精莫吉托,酒水,Universal,180.0,144.0
V000234,2026-02-20,M05,白酒蛤蜊義大利麵,主食,Seafood,380.0,167.2
V000234,2026-02-20,M01,舒肥紅酒燉牛肉,主食,Red_Meat,480.0,192.0
V000234,2026-02-20,M02,爐烤伊比利豬肩,主食,Red_Meat,520.0,197.6
V000234,2026-02-20,S03,伊比利火腿盤,副食,Cheese,380.0,247.0
V000234,2026-02-20,S02,西班牙蒜辣蝦,副食,Seafood,260.0,176.8
V000234,2026-02-20,S03,伊比利火腿盤,副食,Cheese,380.0,247.0
V000234,2026-02-20,S05,松露薯條,副食,Fried,180.0,129.6
V000234,2026-02-20,D02,焦糖烤布蕾,甜點,Dessert,160.0,107.2
V000234,2026-02-20,W03,夏多內白酒(杯),酒水,Seafood,260.0,161.2
V000234,2026-02-20,W11,威士忌 Highball,酒水,Cheese,300.0,222.0
V000235,2026-02-20,M03,炭烤戰斧牛排,主食,Red_Meat,880.0,308.0
V000235,2026-02-20,M06,香煎鮭魚佐檸檬,主食,Seafood,460.0,193.2
V000235,2026-02-20,S01,紹興油泡蝦,副食,Seafood,280.0,196.0
V000235,2026-02-20,S05,松露薯條,副食,Fried,180.0,129.6
V000235,2026-02-20,S04,三種起司拼盤,副食,Cheese,340.0,224.4
V000235,2026-02-20,D02,焦糖烤布蕾,甜點,Dessert,160.0,107.2
V000235,2026-02-20,W13,無酒精莫吉托,酒水,Universal,180.0,144.0
V000235,2026-02-20,W07,Old Fashioned,酒水,Red_Meat,380.0,285.0
V000235,2026-02-20,W07,Old Fashioned,酒水,Red_Meat,380.0,285.0
V000236,2026-02-20,M03,炭烤戰斧牛排,主食,Red_Meat,880.0,308.0
V000236,2026-02-20,M05,白酒蛤蜊義大利麵,主食,Seafood,380.0,167.2
V000236,2026-02-20,S05,松露薯條,副食,Fried,180.0,129.6
V000236,2026-02-20,S04,三種起司拼盤,副食,Cheese,340.0,224.4
V000236,2026-02-20,S01,紹興油泡蝦,副食,Seafood,280.0,196.0
V000236,2026-02-20,S01,紹興油泡蝦,副食,Seafood,280.0,196.0
V000236,2026-02-20,S01,紹興油泡蝦,副食,Seafood,280.0,196.0
V000236,2026-02-20,W05,氣泡酒(杯),酒水,Fried,300.0,189.0
V000237,2026-02-20,M03,炭烤戰斧牛排,主食,Red_Meat,880.0,308.0
V000237,2026-02-20,M02,爐烤伊比利豬肩,主食,Red_Meat,520.0,197.6
V000237,2026-02-20,M01,舒肥紅酒燉牛肉,主食,Red_Meat,480.0,192.0
V000237,2026-02-20,M06,香煎鮭魚佐檸檬,主食,Seafood,460.0,193.2
V000237,2026-02-20,S05,松露薯條,副食,Fried,180.0,129.6
V000237,2026-02-20,S02,西班牙蒜辣蝦,副食,Seafood,260.0,176.8
V000237,2026-02-20,D02,焦糖烤布蕾,甜點,Dessert,160.0,107.2
V000237,2026-02-20,W13,無酒精莫吉托,酒水,Universal,180.0,144.0
V000237,2026-02-20,W13,無酒精莫吉托,酒水,Universal,180.0,144.0
V000238,2026-02-20,M05,白酒蛤蜊義大利麵,主食,Seafood,380.0,167.2
V000238,2026-02-20,D01,提拉米蘇,甜點,Dessert,180.0,117.0
V000238,2026-02-20,W01,馬爾貝克紅酒(杯),酒水,Red_Meat,280.0,173.6
V000239,2026-02-20,M04,松露野菌燉飯,主食,Cheese,420.0,189.0
V000239,2026-02-20,S02,西班牙蒜辣蝦,副食,Seafood,260.0,176.8
V000239,2026-02-20,S03,伊比利火腿盤,副食,Cheese,380.0,247.0
V000239,2026-02-20,W02,卡本內蘇維翁(杯),酒水,Red_Meat,320.0,192.0
V000239,2026-02-20,W12,季節水果特調,酒水,Universal,340.0,261.8
V000240,2026-02-20,M01,舒肥紅酒燉牛肉,主食,Red_Meat,480.0,192.0
V000240,2026-02-20,M06,香煎鮭魚佐檸檬,主食,Seafood,460.0,193.2
V000240,2026-02-20,M01,舒肥紅酒燉牛肉,主食,Red_Meat,480.0,192.0
V000240,2026-02-20,M04,松露野菌燉飯,主食,Cheese,420.0,189.0
V000240,2026-02-20,S01,紹興油泡蝦,副食,Seafood,280.0,196.0
V000240,2026-02-20,S05,松露薯條,副食,Fried,180.0,129.6
V000240,2026-02-20,S07,炙燒櫛瓜佐油醋,副食,Universal,160.0,108.8
V000240,2026-02-20,S05,松露薯條,副食,Fried,180.0,129.6
V000240,2026-02-20,D02,焦糖烤布蕾,甜點,Dessert,160.0,107.2
V000240,2026-02-20,W10,小麥白啤酒,酒水,Fried,240.0,136.8
V000240,2026-02-20,W03,夏多內白酒(杯),酒水,Seafood,260.0,161.2
V000240,2026-02-20,W02,卡本內蘇維翁(杯),酒水,Red_Meat,320.0,192.0
V000241,2026-02-20,M04,松露野菌燉飯,主食,Cheese,420.0,189.0
V000241,2026-02-20,M02,爐烤伊比利豬肩,主食,Red_Meat,520.0,197.6
V000241,2026-02-20,S05,松露薯條,副食,Fried,180.0,129.6
V000241,2026-02-20,W11,威士忌 Highball,酒水,Cheese,300.0,222.0
V000242,2026-02-20,M04,松露野菌燉飯,主食,Cheese,420.0,189.0
V000242,2026-02-20,S07,炙燒櫛瓜佐油醋,副食,Universal,160.0,108.8
V000243,2026-02-20,M04,松露野菌燉飯,主食,Cheese,420.0,189.0
V000243,2026-02-20,D01,提拉米蘇,甜點,Dessert,180.0,117.0
V000243,2026-02-20,W11,威士忌 Highball,酒水,Cheese,300.0,222.0
V000244,2026-02-20,M03,炭烤戰斧牛排,主食,Red_Meat,880.0,308.0
V000244,2026-02-20,S05,松露薯條,副食,Fried,180.0,129.6
V000244,2026-02-20,S02,西班牙蒜辣蝦,副食,Seafood,260.0,176.8
V000245,2026-02-20,M02,爐烤伊比利豬肩,主食,Red_Meat,520.0,197.6
V000245,2026-02-20,M04,松露野菌燉飯,主食,Cheese,420.0,189.0
V000245,2026-02-20,S05,松露薯條,副食,Fried,180.0,129.6
V000245,2026-02-20,W05,氣泡酒(杯),酒水,Fried,300.0,189.0
V000246,2026-02-20,M04,松露野菌燉飯,主食,Cheese,420.0,189.0
V000246,2026-02-20,M01,舒肥紅酒燉牛肉,主食,Red_Meat,480.0,192.0
V000246,2026-02-20,S01,紹興油泡蝦,副食,Seafood,280.0,196.0
V000246,2026-02-20,D02,焦糖烤布蕾,甜點,Dessert,160.0,107.2
V000246,2026-02-20,W12,季節水果特調,酒水,Universal,340.0,261.8
V000246,2026-02-20,W03,夏多內白酒(杯),酒水,Seafood,260.0,161.2
V000246,2026-02-20,W07,Old Fashioned,酒水,Red_Meat,380.0,285.0
V000247,2026-02-20,M02,爐烤伊比利豬肩,主食,Red_Meat,520.0,197.6
V000247,2026-02-20,S04,三種起司拼盤,副食,Cheese,340.0,224.4
V000247,2026-02-20,S07,炙燒櫛瓜佐油醋,副食,Universal,160.0,108.8
V000247,2026-02-20,S02,西班牙蒜辣蝦,副食,Seafood,260.0,176.8
V000247,2026-02-20,S05,松露薯條,副食,Fried,180.0,129.6
V000247,2026-02-20,W01,馬爾貝克紅酒(杯),酒水,Red_Meat,280.0,173.6
V000247,2026-02-20,W02,卡本內蘇維翁(杯),酒水,Red_Meat,320.0,192.0
V000248,2026-02-20,M03,炭烤戰斧牛排,主食,Red_Meat,880.0,308.0
V000248,2026-02-20,M02,爐烤伊比利豬肩,主食,Red_Meat,520.0,197.6
V000248,2026-02-20,S01,紹興油泡蝦,副食,Seafood,280.0,196.0
V000248,2026-02-20,S01,紹興油泡蝦,副食,Seafood,280.0,196.0
V000248,2026-02-20,S04,三種起司拼盤,副食,Cheese,340.0,224.4
V000248,2026-02-20,D01,提拉米蘇,甜點,Dessert,180.0,117.0
V000248,2026-02-20,W02,卡本內蘇維翁(杯),酒水,Red_Meat,320.0,192.0
V000249,2026-02-21,M04,松露野菌燉飯,主食,Cheese,420.0,189.0
V000249,2026-02-21,S05,松露薯條,副食,Fried,180.0,129.6
V000249,2026-02-21,S06,酥炸花枝圈,副食,Fried,220.0,154.0
V000250,2026-02-21,M03,炭烤戰斧牛排,主食,Red_Meat,880.0,308.0
V000250,2026-02-21,M02,爐烤伊比利豬肩,主食,Red_Meat,520.0,197.6
V000250,2026-02-21,S04,三種起司拼盤,副食,Cheese,340.0,224.4
V000250,2026-02-21,S01,紹興油泡蝦,副食,Seafood,280.0,196.0
V000250,2026-02-21,W01,馬爾貝克紅酒(杯),酒水,Red_Meat,280.0,173.6
V000250,2026-02-21,W10,小麥白啤酒,酒水,Fried,240.0,136.8
V000251,2026-02-21,M02,爐烤伊比利豬肩,主食,Red_Meat,520.0,197.6
V000251,2026-02-21,S06,酥炸花枝圈,副食,Fried,220.0,154.0
V000252,2026-02-21,M05,白酒蛤蜊義大利麵,主食,Seafood,380.0,167.2
V000252,2026-02-21,M06,香煎鮭魚佐檸檬,主食,Seafood,460.0,193.2
V000252,2026-02-21,M02,爐烤伊比利豬肩,主食,Red_Meat,520.0,197.6
V000252,2026-02-21,M02,爐烤伊比利豬肩,主食,Red_Meat,520.0,197.6
V000252,2026-02-21,S07,炙燒櫛瓜佐油醋,副食,Universal,160.0,108.8
V000252,2026-02-21,S07,炙燒櫛瓜佐油醋,副食,Universal,160.0,108.8
V000252,2026-02-21,S02,西班牙蒜辣蝦,副食,Seafood,260.0,176.8
V000252,2026-02-21,S03,伊比利火腿盤,副食,Cheese,380.0,247.0
V000252,2026-02-21,S07,炙燒櫛瓜佐油醋,副食,Universal,160.0,108.8
V000252,2026-02-21,S02,西班牙蒜辣蝦,副食,Seafood,260.0,176.8
V000252,2026-02-21,S06,酥炸花枝圈,副食,Fried,220.0,154.0
V000252,2026-02-21,W01,馬爾貝克紅酒(杯),酒水,Red_Meat,280.0,173.6
V000252,2026-02-21,W11,威士忌 Highball,酒水,Cheese,300.0,222.0
V000252,2026-02-21,W13,無酒精莫吉托,酒水,Universal,180.0,144.0
V000252,2026-02-21,W02,卡本內蘇維翁(杯),酒水,Red_Meat,320.0,192.0
V000252,2026-02-21,W03,夏多內白酒(杯),酒水,Seafood,260.0,161.2
V000253,2026-02-21,M03,炭烤戰斧牛排,主食,Red_Meat,880.0,308.0
V000253,2026-02-21,M03,炭烤戰斧牛排,主食,Red_Meat,880.0,308.0
V000253,2026-02-21,S03,伊比利火腿盤,副食,Cheese,380.0,247.0
V000253,2026-02-21,S07,炙燒櫛瓜佐油醋,副食,Universal,160.0,108.8
V000253,2026-02-21,S02,西班牙蒜辣蝦,副食,Seafood,260.0,176.8
V000253,2026-02-21,D02,焦糖烤布蕾,甜點,Dessert,160.0,107.2
V000253,2026-02-21,W06,Negroni,酒水,Cheese,350.0,266.0
V000254,2026-02-21,M01,舒肥紅酒燉牛肉,主食,Red_Meat,480.0,192.0
V000254,2026-02-21,M06,香煎鮭魚佐檸檬,主食,Seafood,460.0,193.2
V000254,2026-02-21,M04,松露野菌燉飯,主食,Cheese,420.0,189.0
V000254,2026-02-21,M02,爐烤伊比利豬肩,主食,Red_Meat,520.0,197.6
V000254,2026-02-21,S07,炙燒櫛瓜佐油醋,副食,Universal,160.0,108.8
V000254,2026-02-21,S06,酥炸花枝圈,副食,Fried,220.0,154.0
V000254,2026-02-21,D01,提拉米蘇,甜點,Dessert,180.0,117.0
V000254,2026-02-21,W10,小麥白啤酒,酒水,Fried,240.0,136.8
V000254,2026-02-21,W04,白蘇維翁(杯),酒水,Seafood,280.0,170.8
V000254,2026-02-21,W07,Old Fashioned,酒水,Red_Meat,380.0,285.0
V000254,2026-02-21,W02,卡本內蘇維翁(杯),酒水,Red_Meat,320.0,192.0
V000254,2026-02-21,W04,白蘇維翁(杯),酒水,Seafood,280.0,170.8
V000254,2026-02-21,W02,卡本內蘇維翁(杯),酒水,Red_Meat,320.0,192.0
V000255,2026-02-21,M02,爐烤伊比利豬肩,主食,Red_Meat,520.0,197.6
V000255,2026-02-21,M03,炭烤戰斧牛排,主食,Red_Meat,880.0,308.0
V000255,2026-02-21,M04,松露野菌燉飯,主食,Cheese,420.0,189.0
V000255,2026-02-21,M01,舒肥紅酒燉牛肉,主食,Red_Meat,480.0,192.0
V000255,2026-02-21,S01,紹興油泡蝦,副食,Seafood,280.0,196.0
V000255,2026-02-21,S06,酥炸花枝圈,副食,Fried,220.0,154.0
V000255,2026-02-21,S01,紹興油泡蝦,副食,Seafood,280.0,196.0
V000255,2026-02-21,S06,酥炸花枝圈,副食,Fried,220.0,154.0
V000255,2026-02-21,S07,炙燒櫛瓜佐油醋,副食,Universal,160.0,108.8
V000255,2026-02-21,S04,三種起司拼盤,副食,Cheese,340.0,224.4
V000255,2026-02-21,S07,炙燒櫛瓜佐油醋,副食,Universal,160.0,108.8
V000255,2026-02-21,W08,Gin & Tonic,酒水,Universal,300.0,234.0
V000255,2026-02-21,W09,精釀 IPA,酒水,Fried,260.0,150.8
V000255,2026-02-21,W07,Old Fashioned,酒水,Red_Meat,380.0,285.0
V000255,2026-02-21,W07,Old Fashioned,酒水,Red_Meat,380.0,285.0
V000255,2026-02-21,W03,夏多內白酒(杯),酒水,Seafood,260.0,161.2
V000255,2026-02-21,W05,氣泡酒(杯),酒水,Fried,300.0,189.0
V000255,2026-02-21,W10,小麥白啤酒,酒水,Fried,240.0,136.8
V000256,2026-02-21,M02,爐烤伊比利豬肩,主食,Red_Meat,520.0,197.6
V000256,2026-02-21,M02,爐烤伊比利豬肩,主食,Red_Meat,520.0,197.6
V000256,2026-02-21,M02,爐烤伊比利豬肩,主食,Red_Meat,520.0,197.6
V000256,2026-02-21,S03,伊比利火腿盤,副食,Cheese,380.0,247.0
V000256,2026-02-21,S03,伊比利火腿盤,副食,Cheese,380.0,247.0
V000256,2026-02-21,S05,松露薯條,副食,Fried,180.0,129.6
V000256,2026-02-21,S01,紹興油泡蝦,副食,Seafood,280.0,196.0
V000256,2026-02-21,S01,紹興油泡蝦,副食,Seafood,280.0,196.0
V000256,2026-02-21,W09,精釀 IPA,酒水,Fried,260.0,150.8
V000256,2026-02-21,W02,卡本內蘇維翁(杯),酒水,Red_Meat,320.0,192.0
V000256,2026-02-21,W02,卡本內蘇維翁(杯),酒水,Red_Meat,320.0,192.0
V000256,2026-02-21,W07,Old Fashioned,酒水,Red_Meat,380.0,285.0
V000257,2026-02-21,M03,炭烤戰斧牛排,主食,Red_Meat,880.0,308.0
V000257,2026-02-21,S07,炙燒櫛瓜佐油醋,副食,Universal,160.0,108.8
V000257,2026-02-21,S04,三種起司拼盤,副食,Cheese,340.0,224.4
V000257,2026-02-21,W03,夏多內白酒(杯),酒水,Seafood,260.0,161.2
V000258,2026-02-21,M03,炭烤戰斧牛排,主食,Red_Meat,880.0,308.0
V000258,2026-02-21,S02,西班牙蒜辣蝦,副食,Seafood,260.0,176.8
V000258,2026-02-21,S01,紹興油泡蝦,副食,Seafood,280.0,196.0
V000258,2026-02-21,S07,炙燒櫛瓜佐油醋,副食,Universal,160.0,108.8
V000258,2026-02-21,S06,酥炸花枝圈,副食,Fried,220.0,154.0
V000258,2026-02-21,W08,Gin & Tonic,酒水,Universal,300.0,234.0
V000258,2026-02-21,W01,馬爾貝克紅酒(杯),酒水,Red_Meat,280.0,173.6
V000258,2026-02-21,W04,白蘇維翁(杯),酒水,Seafood,280.0,170.8
V000258,2026-02-21,W07,Old Fashioned,酒水,Red_Meat,380.0,285.0
V000258,2026-02-21,W10,小麥白啤酒,酒水,Fried,240.0,136.8
V000258,2026-02-21,W01,馬爾貝克紅酒(杯),酒水,Red_Meat,280.0,173.6
V000258,2026-02-21,W02,卡本內蘇維翁(杯),酒水,Red_Meat,320.0,192.0
V000258,2026-02-21,W02,卡本內蘇維翁(杯),酒水,Red_Meat,320.0,192.0
V000259,2026-02-21,M05,白酒蛤蜊義大利麵,主食,Seafood,380.0,167.2
V000259,2026-02-21,M01,舒肥紅酒燉牛肉,主食,Red_Meat,480.0,192.0
V000259,2026-02-21,S03,伊比利火腿盤,副食,Cheese,380.0,247.0
V000260,2026-02-21,M03,炭烤戰斧牛排,主食,Red_Meat,880.0,308.0
V000260,2026-02-21,S03,伊比利火腿盤,副食,Cheese,380.0,247.0
V000260,2026-02-21,S07,炙燒櫛瓜佐油醋,副食,Universal,160.0,108.8
V000260,2026-02-21,S03,伊比利火腿盤,副食,Cheese,380.0,247.0
V000260,2026-02-21,D01,提拉米蘇,甜點,Dessert,180.0,117.0
V000260,2026-02-21,W13,無酒精莫吉托,酒水,Universal,180.0,144.0
V000260,2026-02-21,W07,Old Fashioned,酒水,Red_Meat,380.0,285.0
V000260,2026-02-21,W05,氣泡酒(杯),酒水,Fried,300.0,189.0
V000260,2026-02-21,W07,Old Fashioned,酒水,Red_Meat,380.0,285.0
V000260,2026-02-21,W07,Old Fashioned,酒水,Red_Meat,380.0,285.0
V000261,2026-02-21,M01,舒肥紅酒燉牛肉,主食,Red_Meat,480.0,192.0
V000261,2026-02-21,M06,香煎鮭魚佐檸檬,主食,Seafood,460.0,193.2
V000261,2026-02-21,S06,酥炸花枝圈,副食,Fried,220.0,154.0
V000261,2026-02-21,S02,西班牙蒜辣蝦,副食,Seafood,260.0,176.8
V000262,2026-02-21,M04,松露野菌燉飯,主食,Cheese,420.0,189.0
V000262,2026-02-21,S04,三種起司拼盤,副食,Cheese,340.0,224.4
V000262,2026-02-21,D02,焦糖烤布蕾,甜點,Dessert,160.0,107.2
V000262,2026-02-21,W02,卡本內蘇維翁(杯),酒水,Red_Meat,320.0,192.0
V000262,2026-02-21,W04,白蘇維翁(杯),酒水,Seafood,280.0,170.8
V000262,2026-02-21,W11,威士忌 Highball,酒水,Cheese,300.0,222.0
V000262,2026-02-21,W10,小麥白啤酒,酒水,Fried,240.0,136.8
V000262,2026-02-21,W11,威士忌 Highball,酒水,Cheese,300.0,222.0
V000263,2026-02-21,M03,炭烤戰斧牛排,主食,Red_Meat,880.0,308.0
V000263,2026-02-21,S05,松露薯條,副食,Fried,180.0,129.6
V000263,2026-02-21,S05,松露薯條,副食,Fried,180.0,129.6
V000263,2026-02-21,S06,酥炸花枝圈,副食,Fried,220.0,154.0
V000263,2026-02-21,S05,松露薯條,副食,Fried,180.0,129.6
V000263,2026-02-21,S01,紹興油泡蝦,副食,Seafood,280.0,196.0
V000263,2026-02-21,W06,Negroni,酒水,Cheese,350.0,266.0
V000263,2026-02-21,W05,氣泡酒(杯),酒水,Fried,300.0,189.0
V000264,2026-02-21,M06,香煎鮭魚佐檸檬,主食,Seafood,460.0,193.2
V000264,2026-02-21,M06,香煎鮭魚佐檸檬,主食,Seafood,460.0,193.2
V000264,2026-02-21,S06,酥炸花枝圈,副食,Fried,220.0,154.0
V000264,2026-02-21,D01,提拉米蘇,甜點,Dessert,180.0,117.0
V000264,2026-02-21,W04,白蘇維翁(杯),酒水,Seafood,280.0,170.8
V000265,2026-02-21,M04,松露野菌燉飯,主食,Cheese,420.0,189.0
V000265,2026-02-21,W11,威士忌 Highball,酒水,Cheese,300.0,222.0
V000265,2026-02-21,W07,Old Fashioned,酒水,Red_Meat,380.0,285.0
V000266,2026-02-21,M02,爐烤伊比利豬肩,主食,Red_Meat,520.0,197.6
V000266,2026-02-21,M04,松露野菌燉飯,主食,Cheese,420.0,189.0
V000266,2026-02-21,S05,松露薯條,副食,Fried,180.0,129.6
V000266,2026-02-21,S07,炙燒櫛瓜佐油醋,副食,Universal,160.0,108.8
V000266,2026-02-21,S01,紹興油泡蝦,副食,Seafood,280.0,196.0
V000266,2026-02-21,S03,伊比利火腿盤,副食,Cheese,380.0,247.0
V000266,2026-02-21,W12,季節水果特調,酒水,Universal,340.0,261.8
V000266,2026-02-21,W09,精釀 IPA,酒水,Fried,260.0,150.8
V000266,2026-02-21,W02,卡本內蘇維翁(杯),酒水,Red_Meat,320.0,192.0
V000266,2026-02-21,W11,威士忌 Highball,酒水,Cheese,300.0,222.0
V000266,2026-02-21,W09,精釀 IPA,酒水,Fried,260.0,150.8
V000266,2026-02-21,W02,卡本內蘇維翁(杯),酒水,Red_Meat,320.0,192.0
V000266,2026-02-21,W06,Negroni,酒水,Cheese,350.0,266.0
V000266,2026-02-21,W13,無酒精莫吉托,酒水,Universal,180.0,144.0
V000267,2026-02-21,M04,松露野菌燉飯,主食,Cheese,420.0,189.0
V000267,2026-02-21,S02,西班牙蒜辣蝦,副食,Seafood,260.0,176.8
V000267,2026-02-21,S03,伊比利火腿盤,副食,Cheese,380.0,247.0
V000267,2026-02-21,S06,酥炸花枝圈,副食,Fried,220.0,154.0
V000267,2026-02-21,W01,馬爾貝克紅酒(杯),酒水,Red_Meat,280.0,173.6
V000268,2026-02-21,M04,松露野菌燉飯,主食,Cheese,420.0,189.0
V000268,2026-02-21,S06,酥炸花枝圈,副食,Fried,220.0,154.0
V000268,2026-02-21,S01,紹興油泡蝦,副食,Seafood,280.0,196.0
V000268,2026-02-21,S07,炙燒櫛瓜佐油醋,副食,Universal,160.0,108.8
V000268,2026-02-21,S04,三種起司拼盤,副食,Cheese,340.0,224.4
V000268,2026-02-21,W06,Negroni,酒水,Cheese,350.0,266.0
V000268,2026-02-21,W01,馬爾貝克紅酒(杯),酒水,Red_Meat,280.0,173.6
V000268,2026-02-21,W04,白蘇維翁(杯),酒水,Seafood,280.0,170.8
V000269,2026-02-21,M06,香煎鮭魚佐檸檬,主食,Seafood,460.0,193.2
V000269,2026-02-21,M02,爐烤伊比利豬肩,主食,Red_Meat,520.0,197.6
V000269,2026-02-21,M04,松露野菌燉飯,主食,Cheese,420.0,189.0
V000269,2026-02-21,S07,炙燒櫛瓜佐油醋,副食,Universal,160.0,108.8
V000269,2026-02-21,W06,Negroni,酒水,Cheese,350.0,266.0
V000269,2026-02-21,W13,無酒精莫吉托,酒水,Universal,180.0,144.0
V000269,2026-02-21,W02,卡本內蘇維翁(杯),酒水,Red_Meat,320.0,192.0
V000269,2026-02-21,W03,夏多內白酒(杯),酒水,Seafood,260.0,161.2
V000269,2026-02-21,W11,威士忌 Highball,酒水,Cheese,300.0,222.0
V000269,2026-02-21,W03,夏多內白酒(杯),酒水,Seafood,260.0,161.2
V000269,2026-02-21,W04,白蘇維翁(杯),酒水,Seafood,280.0,170.8
V000269,2026-02-21,W01,馬爾貝克紅酒(杯),酒水,Red_Meat,280.0,173.6
V000270,2026-02-21,M06,香煎鮭魚佐檸檬,主食,Seafood,460.0,193.2
V000270,2026-02-21,S05,松露薯條,副食,Fried,180.0,129.6
V000270,2026-02-21,W04,白蘇維翁(杯),酒水,Seafood,280.0,170.8
V000270,2026-02-21,W12,季節水果特調,酒水,Universal,340.0,261.8
V000271,2026-02-21,M04,松露野菌燉飯,主食,Cheese,420.0,189.0
V000271,2026-02-21,M05,白酒蛤蜊義大利麵,主食,Seafood,380.0,167.2
V000271,2026-02-21,M02,爐烤伊比利豬肩,主食,Red_Meat,520.0,197.6
V000271,2026-02-21,M06,香煎鮭魚佐檸檬,主食,Seafood,460.0,193.2
V000271,2026-02-21,S01,紹興油泡蝦,副食,Seafood,280.0,196.0
V000271,2026-02-21,S01,紹興油泡蝦,副食,Seafood,280.0,196.0
V000271,2026-02-21,S07,炙燒櫛瓜佐油醋,副食,Universal,160.0,108.8
V000271,2026-02-21,S01,紹興油泡蝦,副食,Seafood,280.0,196.0
V000271,2026-02-21,D02,焦糖烤布蕾,甜點,Dessert,160.0,107.2
V000271,2026-02-21,W04,白蘇維翁(杯),酒水,Seafood,280.0,170.8
V000272,2026-02-21,M06,香煎鮭魚佐檸檬,主食,Seafood,460.0,193.2
V000272,2026-02-21,S07,炙燒櫛瓜佐油醋,副食,Universal,160.0,108.8
V000272,2026-02-21,S05,松露薯條,副食,Fried,180.0,129.6
V000272,2026-02-21,S07,炙燒櫛瓜佐油醋,副食,Universal,160.0,108.8
V000272,2026-02-21,S05,松露薯條,副食,Fried,180.0,129.6
V000272,2026-02-21,W04,白蘇維翁(杯),酒水,Seafood,280.0,170.8
V000272,2026-02-21,W07,Old Fashioned,酒水,Red_Meat,380.0,285.0
V000272,2026-02-21,W01,馬爾貝克紅酒(杯),酒水,Red_Meat,280.0,173.6
V000272,2026-02-21,W05,氣泡酒(杯),酒水,Fried,300.0,189.0
V000272,2026-02-21,W08,Gin & Tonic,酒水,Universal,300.0,234.0
V000272,2026-02-21,W04,白蘇維翁(杯),酒水,Seafood,280.0,170.8
V000272,2026-02-21,W08,Gin & Tonic,酒水,Universal,300.0,234.0
V000273,2026-02-21,M06,香煎鮭魚佐檸檬,主食,Seafood,460.0,193.2
V000273,2026-02-21,M04,松露野菌燉飯,主食,Cheese,420.0,189.0
V000273,2026-02-21,S05,松露薯條,副食,Fried,180.0,129.6
V000273,2026-02-21,S03,伊比利火腿盤,副食,Cheese,380.0,247.0
V000273,2026-02-21,S06,酥炸花枝圈,副食,Fried,220.0,154.0
V000273,2026-02-21,W13,無酒精莫吉托,酒水,Universal,180.0,144.0
V000273,2026-02-21,W09,精釀 IPA,酒水,Fried,260.0,150.8
V000274,2026-02-22,M06,香煎鮭魚佐檸檬,主食,Seafood,460.0,193.2
V000274,2026-02-22,M03,炭烤戰斧牛排,主食,Red_Meat,880.0,308.0
V000274,2026-02-22,S06,酥炸花枝圈,副食,Fried,220.0,154.0
V000274,2026-02-22,S06,酥炸花枝圈,副食,Fried,220.0,154.0
V000274,2026-02-22,S01,紹興油泡蝦,副食,Seafood,280.0,196.0
V000274,2026-02-22,S05,松露薯條,副食,Fried,180.0,129.6
V000274,2026-02-22,S03,伊比利火腿盤,副食,Cheese,380.0,247.0
V000274,2026-02-22,W06,Negroni,酒水,Cheese,350.0,266.0
V000274,2026-02-22,W11,威士忌 Highball,酒水,Cheese,300.0,222.0
V000274,2026-02-22,W04,白蘇維翁(杯),酒水,Seafood,280.0,170.8
V000274,2026-02-22,W11,威士忌 Highball,酒水,Cheese,300.0,222.0
V000274,2026-02-22,W04,白蘇維翁(杯),酒水,Seafood,280.0,170.8
V000274,2026-02-22,W12,季節水果特調,酒水,Universal,340.0,261.8
V000274,2026-02-22,W10,小麥白啤酒,酒水,Fried,240.0,136.8
V000274,2026-02-22,W06,Negroni,酒水,Cheese,350.0,266.0
V000274,2026-02-22,W03,夏多內白酒(杯),酒水,Seafood,260.0,161.2
V000274,2026-02-22,W05,氣泡酒(杯),酒水,Fried,300.0,189.0
V000274,2026-02-22,W12,季節水果特調,酒水,Universal,340.0,261.8
V000275,2026-02-22,M01,舒肥紅酒燉牛肉,主食,Red_Meat,480.0,192.0
V000275,2026-02-22,S06,酥炸花枝圈,副食,Fried,220.0,154.0
V000275,2026-02-22,S03,伊比利火腿盤,副食,Cheese,380.0,247.0
V000275,2026-02-22,S03,伊比利火腿盤,副食,Cheese,380.0,247.0
V000275,2026-02-22,D02,焦糖烤布蕾,甜點,Dessert,160.0,107.2
V000275,2026-02-22,W11,威士忌 Highball,酒水,Cheese,300.0,222.0
V000275,2026-02-22,W01,馬爾貝克紅酒(杯),酒水,Red_Meat,280.0,173.6
V000275,2026-02-22,W08,Gin & Tonic,酒水,Universal,300.0,234.0
V000275,2026-02-22,W09,精釀 IPA,酒水,Fried,260.0,150.8
V000275,2026-02-22,W04,白蘇維翁(杯),酒水,Seafood,280.0,170.8
V000276,2026-02-22,M06,香煎鮭魚佐檸檬,主食,Seafood,460.0,193.2
V000276,2026-02-22,M04,松露野菌燉飯,主食,Cheese,420.0,189.0
V000276,2026-02-22,S05,松露薯條,副食,Fried,180.0,129.6
V000276,2026-02-22,W11,威士忌 Highball,酒水,Cheese,300.0,222.0
V000276,2026-02-22,W12,季節水果特調,酒水,Universal,340.0,261.8
V000276,2026-02-22,W06,Negroni,酒水,Cheese,350.0,266.0
V000276,2026-02-22,W06,Negroni,酒水,Cheese,350.0,266.0
V000277,2026-02-22,M03,炭烤戰斧牛排,主食,Red_Meat,880.0,308.0
V000277,2026-02-22,M02,爐烤伊比利豬肩,主食,Red_Meat,520.0,197.6
V000277,2026-02-22,S01,紹興油泡蝦,副食,Seafood,280.0,196.0
V000277,2026-02-22,W04,白蘇維翁(杯),酒水,Seafood,280.0,170.8
V000277,2026-02-22,W03,夏多內白酒(杯),酒水,Seafood,260.0,161.2
V000278,2026-02-22,M02,爐烤伊比利豬肩,主食,Red_Meat,520.0,197.6
V000278,2026-02-22,S01,紹興油泡蝦,副食,Seafood,280.0,196.0
V000278,2026-02-22,S01,紹興油泡蝦,副食,Seafood,280.0,196.0
V000278,2026-02-22,S06,酥炸花枝圈,副食,Fried,220.0,154.0
V000278,2026-02-22,S04,三種起司拼盤,副食,Cheese,340.0,224.4
V000279,2026-02-22,S06,酥炸花枝圈,副食,Fried,220.0,154.0
V000279,2026-02-22,S07,炙燒櫛瓜佐油醋,副食,Universal,160.0,108.8
V000279,2026-02-22,S04,三種起司拼盤,副食,Cheese,340.0,224.4
V000279,2026-02-22,D01,提拉米蘇,甜點,Dessert,180.0,117.0
V000279,2026-02-22,W12,季節水果特調,酒水,Universal,340.0,261.8
V000280,2026-02-22,M05,白酒蛤蜊義大利麵,主食,Seafood,380.0,167.2
V000280,2026-02-22,W01,馬爾貝克紅酒(杯),酒水,Red_Meat,280.0,173.6
V000280,2026-02-22,W04,白蘇維翁(杯),酒水,Seafood,280.0,170.8
V000280,2026-02-22,W03,夏多內白酒(杯),酒水,Seafood,260.0,161.2
V000280,2026-02-22,W03,夏多內白酒(杯),酒水,Seafood,260.0,161.2
V000280,2026-02-22,W04,白蘇維翁(杯),酒水,Seafood,280.0,170.8
V000281,2026-02-22,M04,松露野菌燉飯,主食,Cheese,420.0,189.0
V000281,2026-02-22,M02,爐烤伊比利豬肩,主食,Red_Meat,520.0,197.6
V000281,2026-02-22,S01,紹興油泡蝦,副食,Seafood,280.0,196.0
V000281,2026-02-22,D02,焦糖烤布蕾,甜點,Dessert,160.0,107.2
V000281,2026-02-22,W11,威士忌 Highball,酒水,Cheese,300.0,222.0
V000281,2026-02-22,W11,威士忌 Highball,酒水,Cheese,300.0,222.0
V000282,2026-02-22,M06,香煎鮭魚佐檸檬,主食,Seafood,460.0,193.2
V000282,2026-02-22,M03,炭烤戰斧牛排,主食,Red_Meat,880.0,308.0
V000282,2026-02-22,S02,西班牙蒜辣蝦,副食,Seafood,260.0,176.8
V000282,2026-02-22,D01,提拉米蘇,甜點,Dessert,180.0,117.0
V000282,2026-02-22,W01,馬爾貝克紅酒(杯),酒水,Red_Meat,280.0,173.6
V000282,2026-02-22,W03,夏多內白酒(杯),酒水,Seafood,260.0,161.2
V000282,2026-02-22,W12,季節水果特調,酒水,Universal,340.0,261.8
V000282,2026-02-22,W07,Old Fashioned,酒水,Red_Meat,380.0,285.0
V000283,2026-02-22,M04,松露野菌燉飯,主食,Cheese,420.0,189.0
V000283,2026-02-22,M03,炭烤戰斧牛排,主食,Red_Meat,880.0,308.0
V000283,2026-02-22,M03,炭烤戰斧牛排,主食,Red_Meat,880.0,308.0
V000283,2026-02-22,S04,三種起司拼盤,副食,Cheese,340.0,224.4
V000283,2026-02-22,S07,炙燒櫛瓜佐油醋,副食,Universal,160.0,108.8
V000283,2026-02-22,S07,炙燒櫛瓜佐油醋,副食,Universal,160.0,108.8
V000283,2026-02-22,S04,三種起司拼盤,副食,Cheese,340.0,224.4
V000283,2026-02-22,D02,焦糖烤布蕾,甜點,Dessert,160.0,107.2
V000283,2026-02-22,W01,馬爾貝克紅酒(杯),酒水,Red_Meat,280.0,173.6
V000283,2026-02-22,W12,季節水果特調,酒水,Universal,340.0,261.8
V000283,2026-02-22,W01,馬爾貝克紅酒(杯),酒水,Red_Meat,280.0,173.6
V000283,2026-02-22,W11,威士忌 Highball,酒水,Cheese,300.0,222.0
V000283,2026-02-22,W09,精釀 IPA,酒水,Fried,260.0,150.8
V000283,2026-02-22,W05,氣泡酒(杯),酒水,Fried,300.0,189.0
V000283,2026-02-22,W13,無酒精莫吉托,酒水,Universal,180.0,144.0
V000283,2026-02-22,W13,無酒精莫吉托,酒水,Universal,180.0,144.0
V000283,2026-02-22,W08,Gin & Tonic,酒水,Universal,300.0,234.0
V000284,2026-02-22,M05,白酒蛤蜊義大利麵,主食,Seafood,380.0,167.2
V000284,2026-02-22,S01,紹興油泡蝦,副食,Seafood,280.0,196.0
V000284,2026-02-22,S06,酥炸花枝圈,副食,Fried,220.0,154.0
V000284,2026-02-22,W04,白蘇維翁(杯),酒水,Seafood,280.0,170.8
V000285,2026-02-22,M03,炭烤戰斧牛排,主食,Red_Meat,880.0,308.0
V000285,2026-02-22,S04,三種起司拼盤,副食,Cheese,340.0,224.4
V000285,2026-02-22,S06,酥炸花枝圈,副食,Fried,220.0,154.0
V000285,2026-02-22,S01,紹興油泡蝦,副食,Seafood,280.0,196.0
V000285,2026-02-22,S06,酥炸花枝圈,副食,Fried,220.0,154.0
V000285,2026-02-22,W11,威士忌 Highball,酒水,Cheese,300.0,222.0
V000285,2026-02-22,W13,無酒精莫吉托,酒水,Universal,180.0,144.0
V000285,2026-02-22,W09,精釀 IPA,酒水,Fried,260.0,150.8
V000285,2026-02-22,W04,白蘇維翁(杯),酒水,Seafood,280.0,170.8
V000286,2026-02-22,M05,白酒蛤蜊義大利麵,主食,Seafood,380.0,167.2
V000286,2026-02-22,S03,伊比利火腿盤,副食,Cheese,380.0,247.0
V000286,2026-02-22,S07,炙燒櫛瓜佐油醋,副食,Universal,160.0,108.8
V000286,2026-02-22,S07,炙燒櫛瓜佐油醋,副食,Universal,160.0,108.8
V000287,2026-02-22,M01,舒肥紅酒燉牛肉,主食,Red_Meat,480.0,192.0
V000287,2026-02-22,S05,松露薯條,副食,Fried,180.0,129.6
V000287,2026-02-22,S03,伊比利火腿盤,副食,Cheese,380.0,247.0
V000288,2026-02-22,M01,舒肥紅酒燉牛肉,主食,Red_Meat,480.0,192.0
V000288,2026-02-22,S01,紹興油泡蝦,副食,Seafood,280.0,196.0
V000288,2026-02-22,S06,酥炸花枝圈,副食,Fried,220.0,154.0
V000288,2026-02-22,W05,氣泡酒(杯),酒水,Fried,300.0,189.0
V000289,2026-02-22,M04,松露野菌燉飯,主食,Cheese,420.0,189.0
V000289,2026-02-22,S06,酥炸花枝圈,副食,Fried,220.0,154.0
V000289,2026-02-22,D01,提拉米蘇,甜點,Dessert,180.0,117.0
V000289,2026-02-22,W11,威士忌 Highball,酒水,Cheese,300.0,222.0
V000289,2026-02-22,W12,季節水果特調,酒水,Universal,340.0,261.8
V000289,2026-02-22,W06,Negroni,酒水,Cheese,350.0,266.0
V000290,2026-02-24,M01,舒肥紅酒燉牛肉,主食,Red_Meat,480.0,192.0
V000290,2026-02-24,D02,焦糖烤布蕾,甜點,Dessert,160.0,107.2
V000290,2026-02-24,W02,卡本內蘇維翁(杯),酒水,Red_Meat,320.0,192.0
V000290,2026-02-24,W07,Old Fashioned,酒水,Red_Meat,380.0,285.0
V000291,2026-02-24,M02,爐烤伊比利豬肩,主食,Red_Meat,520.0,197.6
V000291,2026-02-24,S07,炙燒櫛瓜佐油醋,副食,Universal,160.0,108.8
V000291,2026-02-24,D02,焦糖烤布蕾,甜點,Dessert,160.0,107.2
V000291,2026-02-24,W01,馬爾貝克紅酒(杯),酒水,Red_Meat,280.0,173.6
V000291,2026-02-24,W02,卡本內蘇維翁(杯),酒水,Red_Meat,320.0,192.0
V000292,2026-02-24,M02,爐烤伊比利豬肩,主食,Red_Meat,520.0,197.6
V000292,2026-02-24,M01,舒肥紅酒燉牛肉,主食,Red_Meat,480.0,192.0
V000292,2026-02-24,S04,三種起司拼盤,副食,Cheese,340.0,224.4
V000292,2026-02-24,S04,三種起司拼盤,副食,Cheese,340.0,224.4
V000292,2026-02-24,S04,三種起司拼盤,副食,Cheese,340.0,224.4
V000292,2026-02-24,S01,紹興油泡蝦,副食,Seafood,280.0,196.0
V000293,2026-02-24,M04,松露野菌燉飯,主食,Cheese,420.0,189.0
V000293,2026-02-24,S05,松露薯條,副食,Fried,180.0,129.6
V000293,2026-02-24,S07,炙燒櫛瓜佐油醋,副食,Universal,160.0,108.8
V000293,2026-02-24,S03,伊比利火腿盤,副食,Cheese,380.0,247.0
V000293,2026-02-24,W06,Negroni,酒水,Cheese,350.0,266.0
V000293,2026-02-24,W06,Negroni,酒水,Cheese,350.0,266.0
V000293,2026-02-24,W08,Gin & Tonic,酒水,Universal,300.0,234.0
V000293,2026-02-24,W09,精釀 IPA,酒水,Fried,260.0,150.8
V000293,2026-02-24,W02,卡本內蘇維翁(杯),酒水,Red_Meat,320.0,192.0
V000294,2026-02-24,M04,松露野菌燉飯,主食,Cheese,420.0,189.0
V000294,2026-02-24,S06,酥炸花枝圈,副食,Fried,220.0,154.0
V000294,2026-02-24,W08,Gin & Tonic,酒水,Universal,300.0,234.0
V000294,2026-02-24,W01,馬爾貝克紅酒(杯),酒水,Red_Meat,280.0,173.6
V000294,2026-02-24,W05,氣泡酒(杯),酒水,Fried,300.0,189.0
V000294,2026-02-24,W06,Negroni,酒水,Cheese,350.0,266.0
V000294,2026-02-24,W01,馬爾貝克紅酒(杯),酒水,Red_Meat,280.0,173.6
V000294,2026-02-24,W09,精釀 IPA,酒水,Fried,260.0,150.8
V000295,2026-02-24,M03,炭烤戰斧牛排,主食,Red_Meat,880.0,308.0
V000295,2026-02-24,S04,三種起司拼盤,副食,Cheese,340.0,224.4
V000295,2026-02-24,S07,炙燒櫛瓜佐油醋,副食,Universal,160.0,108.8
V000295,2026-02-24,W06,Negroni,酒水,Cheese,350.0,266.0
V000295,2026-02-24,W01,馬爾貝克紅酒(杯),酒水,Red_Meat,280.0,173.6
V000295,2026-02-24,W06,Negroni,酒水,Cheese,350.0,266.0
V000296,2026-02-24,M03,炭烤戰斧牛排,主食,Red_Meat,880.0,308.0
V000296,2026-02-24,S01,紹興油泡蝦,副食,Seafood,280.0,196.0
V000296,2026-02-24,S02,西班牙蒜辣蝦,副食,Seafood,260.0,176.8
V000296,2026-02-24,S03,伊比利火腿盤,副食,Cheese,380.0,247.0
V000296,2026-02-24,W03,夏多內白酒(杯),酒水,Seafood,260.0,161.2
V000296,2026-02-24,W03,夏多內白酒(杯),酒水,Seafood,260.0,161.2
V000297,2026-02-24,M01,舒肥紅酒燉牛肉,主食,Red_Meat,480.0,192.0
V000297,2026-02-24,M06,香煎鮭魚佐檸檬,主食,Seafood,460.0,193.2
V000297,2026-02-24,M03,炭烤戰斧牛排,主食,Red_Meat,880.0,308.0
V000297,2026-02-24,S01,紹興油泡蝦,副食,Seafood,280.0,196.0
V000297,2026-02-24,S05,松露薯條,副食,Fried,180.0,129.6
V000297,2026-02-24,S01,紹興油泡蝦,副食,Seafood,280.0,196.0
V000297,2026-02-24,S04,三種起司拼盤,副食,Cheese,340.0,224.4
V000297,2026-02-24,D02,焦糖烤布蕾,甜點,Dessert,160.0,107.2
V000297,2026-02-24,W03,夏多內白酒(杯),酒水,Seafood,260.0,161.2
V000297,2026-02-24,W01,馬爾貝克紅酒(杯),酒水,Red_Meat,280.0,173.6
V000298,2026-02-24,M01,舒肥紅酒燉牛肉,主食,Red_Meat,480.0,192.0
V000298,2026-02-24,M03,炭烤戰斧牛排,主食,Red_Meat,880.0,308.0
V000298,2026-02-24,S06,酥炸花枝圈,副食,Fried,220.0,154.0
V000298,2026-02-24,S05,松露薯條,副食,Fried,180.0,129.6
V000298,2026-02-24,D01,提拉米蘇,甜點,Dessert,180.0,117.0
V000298,2026-02-24,W05,氣泡酒(杯),酒水,Fried,300.0,189.0
V000299,2026-02-24,M05,白酒蛤蜊義大利麵,主食,Seafood,380.0,167.2
V000299,2026-02-24,M02,爐烤伊比利豬肩,主食,Red_Meat,520.0,197.6
V000299,2026-02-24,M06,香煎鮭魚佐檸檬,主食,Seafood,460.0,193.2
V000299,2026-02-24,M03,炭烤戰斧牛排,主食,Red_Meat,880.0,308.0
V000299,2026-02-24,M06,香煎鮭魚佐檸檬,主食,Seafood,460.0,193.2
V000299,2026-02-24,S04,三種起司拼盤,副食,Cheese,340.0,224.4
V000299,2026-02-24,S05,松露薯條,副食,Fried,180.0,129.6
V000299,2026-02-24,S02,西班牙蒜辣蝦,副食,Seafood,260.0,176.8
V000299,2026-02-24,S03,伊比利火腿盤,副食,Cheese,380.0,247.0
V000299,2026-02-24,S06,酥炸花枝圈,副食,Fried,220.0,154.0
V000299,2026-02-24,S06,酥炸花枝圈,副食,Fried,220.0,154.0
V000299,2026-02-24,S01,紹興油泡蝦,副食,Seafood,280.0,196.0
V000299,2026-02-24,W07,Old Fashioned,酒水,Red_Meat,380.0,285.0
V000299,2026-02-24,W06,Negroni,酒水,Cheese,350.0,266.0
V000299,2026-02-24,W05,氣泡酒(杯),酒水,Fried,300.0,189.0
V000299,2026-02-24,W11,威士忌 Highball,酒水,Cheese,300.0,222.0
V000299,2026-02-24,W09,精釀 IPA,酒水,Fried,260.0,150.8
V000300,2026-02-25,M01,舒肥紅酒燉牛肉,主食,Red_Meat,480.0,192.0
V000300,2026-02-25,M06,香煎鮭魚佐檸檬,主食,Seafood,460.0,193.2
V000300,2026-02-25,S02,西班牙蒜辣蝦,副食,Seafood,260.0,176.8
V000300,2026-02-25,S04,三種起司拼盤,副食,Cheese,340.0,224.4
V000300,2026-02-25,S04,三種起司拼盤,副食,Cheese,340.0,224.4
V000300,2026-02-25,W09,精釀 IPA,酒水,Fried,260.0,150.8
V000300,2026-02-25,W04,白蘇維翁(杯),酒水,Seafood,280.0,170.8
V000300,2026-02-25,W04,白蘇維翁(杯),酒水,Seafood,280.0,170.8
V000300,2026-02-25,W06,Negroni,酒水,Cheese,350.0,266.0
V000301,2026-02-25,M01,舒肥紅酒燉牛肉,主食,Red_Meat,480.0,192.0
V000301,2026-02-25,M04,松露野菌燉飯,主食,Cheese,420.0,189.0
V000301,2026-02-25,M06,香煎鮭魚佐檸檬,主食,Seafood,460.0,193.2
V000301,2026-02-25,S04,三種起司拼盤,副食,Cheese,340.0,224.4
V000301,2026-02-25,S04,三種起司拼盤,副食,Cheese,340.0,224.4
V000301,2026-02-25,S03,伊比利火腿盤,副食,Cheese,380.0,247.0
V000301,2026-02-25,S01,紹興油泡蝦,副食,Seafood,280.0,196.0
V000301,2026-02-25,S05,松露薯條,副食,Fried,180.0,129.6
V000301,2026-02-25,S07,炙燒櫛瓜佐油醋,副食,Universal,160.0,108.8
V000301,2026-02-25,W04,白蘇維翁(杯),酒水,Seafood,280.0,170.8
V000301,2026-02-25,W10,小麥白啤酒,酒水,Fried,240.0,136.8
V000301,2026-02-25,W01,馬爾貝克紅酒(杯),酒水,Red_Meat,280.0,173.6
V000301,2026-02-25,W11,威士忌 Highball,酒水,Cheese,300.0,222.0
V000301,2026-02-25,W11,威士忌 Highball,酒水,Cheese,300.0,222.0
V000301,2026-02-25,W12,季節水果特調,酒水,Universal,340.0,261.8
V000301,2026-02-25,W04,白蘇維翁(杯),酒水,Seafood,280.0,170.8
V000301,2026-02-25,W09,精釀 IPA,酒水,Fried,260.0,150.8
V000302,2026-02-25,M06,香煎鮭魚佐檸檬,主食,Seafood,460.0,193.2
V000302,2026-02-25,M02,爐烤伊比利豬肩,主食,Red_Meat,520.0,197.6
V000302,2026-02-25,M02,爐烤伊比利豬肩,主食,Red_Meat,520.0,197.6
V000302,2026-02-25,M01,舒肥紅酒燉牛肉,主食,Red_Meat,480.0,192.0
V000302,2026-02-25,S03,伊比利火腿盤,副食,Cheese,380.0,247.0
V000302,2026-02-25,W09,精釀 IPA,酒水,Fried,260.0,150.8
V000302,2026-02-25,W03,夏多內白酒(杯),酒水,Seafood,260.0,161.2
V000302,2026-02-25,W09,精釀 IPA,酒水,Fried,260.0,150.8
V000302,2026-02-25,W02,卡本內蘇維翁(杯),酒水,Red_Meat,320.0,192.0
V000302,2026-02-25,W10,小麥白啤酒,酒水,Fried,240.0,136.8
V000303,2026-02-26,M06,香煎鮭魚佐檸檬,主食,Seafood,460.0,193.2
V000304,2026-02-26,M05,白酒蛤蜊義大利麵,主食,Seafood,380.0,167.2
V000304,2026-02-26,D01,提拉米蘇,甜點,Dessert,180.0,117.0
V000304,2026-02-26,W05,氣泡酒(杯),酒水,Fried,300.0,189.0
V000304,2026-02-26,W05,氣泡酒(杯),酒水,Fried,300.0,189.0
V000305,2026-02-26,M02,爐烤伊比利豬肩,主食,Red_Meat,520.0,197.6
V000305,2026-02-26,S05,松露薯條,副食,Fried,180.0,129.6
V000305,2026-02-26,S04,三種起司拼盤,副食,Cheese,340.0,224.4
V000305,2026-02-26,S04,三種起司拼盤,副食,Cheese,340.0,224.4
V000305,2026-02-26,S01,紹興油泡蝦,副食,Seafood,280.0,196.0
V000305,2026-02-26,S05,松露薯條,副食,Fried,180.0,129.6
V000305,2026-02-26,S03,伊比利火腿盤,副食,Cheese,380.0,247.0
V000305,2026-02-26,D02,焦糖烤布蕾,甜點,Dessert,160.0,107.2
V000305,2026-02-26,W06,Negroni,酒水,Cheese,350.0,266.0
V000305,2026-02-26,W10,小麥白啤酒,酒水,Fried,240.0,136.8
V000306,2026-02-26,M02,爐烤伊比利豬肩,主食,Red_Meat,520.0,197.6
V000306,2026-02-26,M04,松露野菌燉飯,主食,Cheese,420.0,189.0
V000306,2026-02-26,M06,香煎鮭魚佐檸檬,主食,Seafood,460.0,193.2
V000306,2026-02-26,S06,酥炸花枝圈,副食,Fried,220.0,154.0
V000306,2026-02-26,S07,炙燒櫛瓜佐油醋,副食,Universal,160.0,108.8
V000306,2026-02-26,S06,酥炸花枝圈,副食,Fried,220.0,154.0
V000306,2026-02-26,S03,伊比利火腿盤,副食,Cheese,380.0,247.0
V000306,2026-02-26,W05,氣泡酒(杯),酒水,Fried,300.0,189.0
V000306,2026-02-26,W02,卡本內蘇維翁(杯),酒水,Red_Meat,320.0,192.0
V000306,2026-02-26,W11,威士忌 Highball,酒水,Cheese,300.0,222.0
V000306,2026-02-26,W13,無酒精莫吉托,酒水,Universal,180.0,144.0
V000307,2026-02-26,M02,爐烤伊比利豬肩,主食,Red_Meat,520.0,197.6
V000307,2026-02-26,W02,卡本內蘇維翁(杯),酒水,Red_Meat,320.0,192.0
V000307,2026-02-26,W02,卡本內蘇維翁(杯),酒水,Red_Meat,320.0,192.0
V000307,2026-02-26,W01,馬爾貝克紅酒(杯),酒水,Red_Meat,280.0,173.6
V000307,2026-02-26,W09,精釀 IPA,酒水,Fried,260.0,150.8
V000308,2026-02-26,M01,舒肥紅酒燉牛肉,主食,Red_Meat,480.0,192.0
V000308,2026-02-26,M06,香煎鮭魚佐檸檬,主食,Seafood,460.0,193.2
V000308,2026-02-26,M04,松露野菌燉飯,主食,Cheese,420.0,189.0
V000308,2026-02-26,W05,氣泡酒(杯),酒水,Fried,300.0,189.0
V000308,2026-02-26,W06,Negroni,酒水,Cheese,350.0,266.0
V000309,2026-02-26,M06,香煎鮭魚佐檸檬,主食,Seafood,460.0,193.2
V000309,2026-02-26,D01,提拉米蘇,甜點,Dessert,180.0,117.0
V000309,2026-02-26,W12,季節水果特調,酒水,Universal,340.0,261.8
V000309,2026-02-26,W03,夏多內白酒(杯),酒水,Seafood,260.0,161.2
V000310,2026-02-26,M06,香煎鮭魚佐檸檬,主食,Seafood,460.0,193.2
V000310,2026-02-26,S06,酥炸花枝圈,副食,Fried,220.0,154.0
V000310,2026-02-26,W05,氣泡酒(杯),酒水,Fried,300.0,189.0
V000310,2026-02-26,W04,白蘇維翁(杯),酒水,Seafood,280.0,170.8
V000310,2026-02-26,W06,Negroni,酒水,Cheese,350.0,266.0
V000310,2026-02-26,W08,Gin & Tonic,酒水,Universal,300.0,234.0
V000310,2026-02-26,W04,白蘇維翁(杯),酒水,Seafood,280.0,170.8
V000310,2026-02-26,W05,氣泡酒(杯),酒水,Fried,300.0,189.0
V000311,2026-02-26,M03,炭烤戰斧牛排,主食,Red_Meat,880.0,308.0
V000311,2026-02-26,W06,Negroni,酒水,Cheese,350.0,266.0
V000311,2026-02-26,W02,卡本內蘇維翁(杯),酒水,Red_Meat,320.0,192.0
V000311,2026-02-26,W06,Negroni,酒水,Cheese,350.0,266.0
V000311,2026-02-26,W12,季節水果特調,酒水,Universal,340.0,261.8
V000311,2026-02-26,W03,夏多內白酒(杯),酒水,Seafood,260.0,161.2
V000311,2026-02-26,W10,小麥白啤酒,酒水,Fried,240.0,136.8
V000311,2026-02-26,W11,威士忌 Highball,酒水,Cheese,300.0,222.0
V000312,2026-02-26,M03,炭烤戰斧牛排,主食,Red_Meat,880.0,308.0
V000312,2026-02-26,M03,炭烤戰斧牛排,主食,Red_Meat,880.0,308.0
V000312,2026-02-26,S03,伊比利火腿盤,副食,Cheese,380.0,247.0
V000312,2026-02-26,S06,酥炸花枝圈,副食,Fried,220.0,154.0
V000312,2026-02-26,W02,卡本內蘇維翁(杯),酒水,Red_Meat,320.0,192.0
V000312,2026-02-26,W06,Negroni,酒水,Cheese,350.0,266.0
V000313,2026-02-26,M05,白酒蛤蜊義大利麵,主食,Seafood,380.0,167.2
V000313,2026-02-26,S04,三種起司拼盤,副食,Cheese,340.0,224.4
V000313,2026-02-26,S06,酥炸花枝圈,副食,Fried,220.0,154.0
V000313,2026-02-26,D01,提拉米蘇,甜點,Dessert,180.0,117.0
V000313,2026-02-26,W01,馬爾貝克紅酒(杯),酒水,Red_Meat,280.0,173.6
V000314,2026-02-27,M05,白酒蛤蜊義大利麵,主食,Seafood,380.0,167.2
V000314,2026-02-27,M04,松露野菌燉飯,主食,Cheese,420.0,189.0
V000314,2026-02-27,M01,舒肥紅酒燉牛肉,主食,Red_Meat,480.0,192.0
V000314,2026-02-27,W02,卡本內蘇維翁(杯),酒水,Red_Meat,320.0,192.0
V000314,2026-02-27,W02,卡本內蘇維翁(杯),酒水,Red_Meat,320.0,192.0
V000314,2026-02-27,W09,精釀 IPA,酒水,Fried,260.0,150.8
V000314,2026-02-27,W01,馬爾貝克紅酒(杯),酒水,Red_Meat,280.0,173.6
V000314,2026-02-27,W01,馬爾貝克紅酒(杯),酒水,Red_Meat,280.0,173.6
V000314,2026-02-27,W03,夏多內白酒(杯),酒水,Seafood,260.0,161.2
V000315,2026-02-27,M01,舒肥紅酒燉牛肉,主食,Red_Meat,480.0,192.0
V000315,2026-02-27,W07,Old Fashioned,酒水,Red_Meat,380.0,285.0
V000315,2026-02-27,W06,Negroni,酒水,Cheese,350.0,266.0
V000315,2026-02-27,W04,白蘇維翁(杯),酒水,Seafood,280.0,170.8
V000315,2026-02-27,W07,Old Fashioned,酒水,Red_Meat,380.0,285.0
V000316,2026-02-27,M02,爐烤伊比利豬肩,主食,Red_Meat,520.0,197.6
V000316,2026-02-27,M04,松露野菌燉飯,主食,Cheese,420.0,189.0
V000316,2026-02-27,M04,松露野菌燉飯,主食,Cheese,420.0,189.0
V000316,2026-02-27,M03,炭烤戰斧牛排,主食,Red_Meat,880.0,308.0
V000316,2026-02-27,S04,三種起司拼盤,副食,Cheese,340.0,224.4
V000316,2026-02-27,S05,松露薯條,副食,Fried,180.0,129.6
V000316,2026-02-27,S05,松露薯條,副食,Fried,180.0,129.6
V000316,2026-02-27,S01,紹興油泡蝦,副食,Seafood,280.0,196.0
V000316,2026-02-27,D01,提拉米蘇,甜點,Dessert,180.0,117.0
V000316,2026-02-27,W03,夏多內白酒(杯),酒水,Seafood,260.0,161.2
V000316,2026-02-27,W09,精釀 IPA,酒水,Fried,260.0,150.8
V000316,2026-02-27,W01,馬爾貝克紅酒(杯),酒水,Red_Meat,280.0,173.6
V000316,2026-02-27,W03,夏多內白酒(杯),酒水,Seafood,260.0,161.2
V000317,2026-02-27,M01,舒肥紅酒燉牛肉,主食,Red_Meat,480.0,192.0
V000317,2026-02-27,S04,三種起司拼盤,副食,Cheese,340.0,224.4
V000317,2026-02-27,S01,紹興油泡蝦,副食,Seafood,280.0,196.0
V000317,2026-02-27,W11,威士忌 Highball,酒水,Cheese,300.0,222.0
V000317,2026-02-27,W02,卡本內蘇維翁(杯),酒水,Red_Meat,320.0,192.0
V000317,2026-02-27,W12,季節水果特調,酒水,Universal,340.0,261.8
V000317,2026-02-27,W02,卡本內蘇維翁(杯),酒水,Red_Meat,320.0,192.0
V000317,2026-02-27,W02,卡本內蘇維翁(杯),酒水,Red_Meat,320.0,192.0
V000318,2026-02-27,M01,舒肥紅酒燉牛肉,主食,Red_Meat,480.0,192.0
V000318,2026-02-27,M01,舒肥紅酒燉牛肉,主食,Red_Meat,480.0,192.0
V000318,2026-02-27,M02,爐烤伊比利豬肩,主食,Red_Meat,520.0,197.6
V000318,2026-02-27,S03,伊比利火腿盤,副食,Cheese,380.0,247.0
V000318,2026-02-27,S01,紹興油泡蝦,副食,Seafood,280.0,196.0
V000318,2026-02-27,S03,伊比利火腿盤,副食,Cheese,380.0,247.0
V000318,2026-02-27,S03,伊比利火腿盤,副食,Cheese,380.0,247.0
V000318,2026-02-27,W03,夏多內白酒(杯),酒水,Seafood,260.0,161.2
V000318,2026-02-27,W09,精釀 IPA,酒水,Fried,260.0,150.8
V000318,2026-02-27,W03,夏多內白酒(杯),酒水,Seafood,260.0,161.2
V000318,2026-02-27,W07,Old Fashioned,酒水,Red_Meat,380.0,285.0
V000319,2026-02-27,M03,炭烤戰斧牛排,主食,Red_Meat,880.0,308.0
V000319,2026-02-27,D01,提拉米蘇,甜點,Dessert,180.0,117.0
V000319,2026-02-27,W01,馬爾貝克紅酒(杯),酒水,Red_Meat,280.0,173.6
V000319,2026-02-27,W10,小麥白啤酒,酒水,Fried,240.0,136.8
V000319,2026-02-27,W11,威士忌 Highball,酒水,Cheese,300.0,222.0
V000319,2026-02-27,W08,Gin & Tonic,酒水,Universal,300.0,234.0
V000320,2026-02-27,M04,松露野菌燉飯,主食,Cheese,420.0,189.0
V000320,2026-02-27,S04,三種起司拼盤,副食,Cheese,340.0,224.4
V000320,2026-02-27,S06,酥炸花枝圈,副食,Fried,220.0,154.0
V000320,2026-02-27,S02,西班牙蒜辣蝦,副食,Seafood,260.0,176.8
V000320,2026-02-27,W12,季節水果特調,酒水,Universal,340.0,261.8
V000320,2026-02-27,W11,威士忌 Highball,酒水,Cheese,300.0,222.0
V000320,2026-02-27,W11,威士忌 Highball,酒水,Cheese,300.0,222.0
V000320,2026-02-27,W11,威士忌 Highball,酒水,Cheese,300.0,222.0
V000320,2026-02-27,W02,卡本內蘇維翁(杯),酒水,Red_Meat,320.0,192.0
V000320,2026-02-27,W05,氣泡酒(杯),酒水,Fried,300.0,189.0
V000321,2026-02-27,M06,香煎鮭魚佐檸檬,主食,Seafood,460.0,193.2
V000321,2026-02-27,M02,爐烤伊比利豬肩,主食,Red_Meat,520.0,197.6
V000321,2026-02-27,M01,舒肥紅酒燉牛肉,主食,Red_Meat,480.0,192.0
V000321,2026-02-27,S04,三種起司拼盤,副食,Cheese,340.0,224.4
V000321,2026-02-27,S07,炙燒櫛瓜佐油醋,副食,Universal,160.0,108.8
V000321,2026-02-27,S02,西班牙蒜辣蝦,副食,Seafood,260.0,176.8
V000321,2026-02-27,S04,三種起司拼盤,副食,Cheese,340.0,224.4
V000321,2026-02-27,W02,卡本內蘇維翁(杯),酒水,Red_Meat,320.0,192.0
V000321,2026-02-27,W04,白蘇維翁(杯),酒水,Seafood,280.0,170.8
V000321,2026-02-27,W05,氣泡酒(杯),酒水,Fried,300.0,189.0
V000321,2026-02-27,W04,白蘇維翁(杯),酒水,Seafood,280.0,170.8
V000321,2026-02-27,W04,白蘇維翁(杯),酒水,Seafood,280.0,170.8
V000321,2026-02-27,W11,威士忌 Highball,酒水,Cheese,300.0,222.0
V000321,2026-02-27,W03,夏多內白酒(杯),酒水,Seafood,260.0,161.2
V000322,2026-02-27,M01,舒肥紅酒燉牛肉,主食,Red_Meat,480.0,192.0
V000322,2026-02-27,S06,酥炸花枝圈,副食,Fried,220.0,154.0
V000322,2026-02-27,W04,白蘇維翁(杯),酒水,Seafood,280.0,170.8
V000322,2026-02-27,W11,威士忌 Highball,酒水,Cheese,300.0,222.0
V000322,2026-02-27,W01,馬爾貝克紅酒(杯),酒水,Red_Meat,280.0,173.6
V000323,2026-02-27,M06,香煎鮭魚佐檸檬,主食,Seafood,460.0,193.2
V000323,2026-02-27,M01,舒肥紅酒燉牛肉,主食,Red_Meat,480.0,192.0
V000323,2026-02-27,M03,炭烤戰斧牛排,主食,Red_Meat,880.0,308.0
V000323,2026-02-27,S05,松露薯條,副食,Fried,180.0,129.6
V000323,2026-02-27,S02,西班牙蒜辣蝦,副食,Seafood,260.0,176.8
V000323,2026-02-27,D01,提拉米蘇,甜點,Dessert,180.0,117.0
V000323,2026-02-27,W04,白蘇維翁(杯),酒水,Seafood,280.0,170.8
V000323,2026-02-27,W10,小麥白啤酒,酒水,Fried,240.0,136.8
V000323,2026-02-27,W05,氣泡酒(杯),酒水,Fried,300.0,189.0
V000323,2026-02-27,W03,夏多內白酒(杯),酒水,Seafood,260.0,161.2
V000323,2026-02-27,W03,夏多內白酒(杯),酒水,Seafood,260.0,161.2
V000323,2026-02-27,W02,卡本內蘇維翁(杯),酒水,Red_Meat,320.0,192.0
V000323,2026-02-27,W05,氣泡酒(杯),酒水,Fried,300.0,189.0
V000323,2026-02-27,W08,Gin & Tonic,酒水,Universal,300.0,234.0
V000323,2026-02-27,W12,季節水果特調,酒水,Universal,340.0,261.8
V000323,2026-02-27,W03,夏多內白酒(杯),酒水,Seafood,260.0,161.2
V000323,2026-02-27,W12,季節水果特調,酒水,Universal,340.0,261.8
V000323,2026-02-27,W06,Negroni,酒水,Cheese,350.0,266.0
V000323,2026-02-27,W12,季節水果特調,酒水,Universal,340.0,261.8
V000324,2026-02-27,M02,爐烤伊比利豬肩,主食,Red_Meat,520.0,197.6
V000324,2026-02-27,M06,香煎鮭魚佐檸檬,主食,Seafood,460.0,193.2
V000324,2026-02-27,D02,焦糖烤布蕾,甜點,Dessert,160.0,107.2
V000324,2026-02-27,W07,Old Fashioned,酒水,Red_Meat,380.0,285.0
V000324,2026-02-27,W12,季節水果特調,酒水,Universal,340.0,261.8
V000324,2026-02-27,W12,季節水果特調,酒水,Universal,340.0,261.8
V000324,2026-02-27,W01,馬爾貝克紅酒(杯),酒水,Red_Meat,280.0,173.6
V000325,2026-02-27,M01,舒肥紅酒燉牛肉,主食,Red_Meat,480.0,192.0
V000325,2026-02-27,M01,舒肥紅酒燉牛肉,主食,Red_Meat,480.0,192.0
V000325,2026-02-27,S04,三種起司拼盤,副食,Cheese,340.0,224.4
V000325,2026-02-27,S05,松露薯條,副食,Fried,180.0,129.6
V000325,2026-02-27,S06,酥炸花枝圈,副食,Fried,220.0,154.0
V000325,2026-02-27,W05,氣泡酒(杯),酒水,Fried,300.0,189.0
V000325,2026-02-27,W09,精釀 IPA,酒水,Fried,260.0,150.8
V000325,2026-02-27,W05,氣泡酒(杯),酒水,Fried,300.0,189.0
V000326,2026-02-27,M02,爐烤伊比利豬肩,主食,Red_Meat,520.0,197.6
V000326,2026-02-27,S02,西班牙蒜辣蝦,副食,Seafood,260.0,176.8
V000326,2026-02-27,S03,伊比利火腿盤,副食,Cheese,380.0,247.0
V000326,2026-02-27,S02,西班牙蒜辣蝦,副食,Seafood,260.0,176.8
V000326,2026-02-27,W05,氣泡酒(杯),酒水,Fried,300.0,189.0
V000326,2026-02-27,W04,白蘇維翁(杯),酒水,Seafood,280.0,170.8
V000326,2026-02-27,W09,精釀 IPA,酒水,Fried,260.0,150.8
V000326,2026-02-27,W06,Negroni,酒水,Cheese,350.0,266.0
V000326,2026-02-27,W04,白蘇維翁(杯),酒水,Seafood,280.0,170.8
V000326,2026-02-27,W09,精釀 IPA,酒水,Fried,260.0,150.8
V000327,2026-02-27,M05,白酒蛤蜊義大利麵,主食,Seafood,380.0,167.2
V000327,2026-02-27,S03,伊比利火腿盤,副食,Cheese,380.0,247.0
V000327,2026-02-27,S06,酥炸花枝圈,副食,Fried,220.0,154.0
V000327,2026-02-27,S01,紹興油泡蝦,副食,Seafood,280.0,196.0
V000327,2026-02-27,W09,精釀 IPA,酒水,Fried,260.0,150.8
V000327,2026-02-27,W04,白蘇維翁(杯),酒水,Seafood,280.0,170.8
V000327,2026-02-27,W09,精釀 IPA,酒水,Fried,260.0,150.8
V000328,2026-02-27,M04,松露野菌燉飯,主食,Cheese,420.0,189.0
V000328,2026-02-27,M05,白酒蛤蜊義大利麵,主食,Seafood,380.0,167.2
V000328,2026-02-27,M01,舒肥紅酒燉牛肉,主食,Red_Meat,480.0,192.0
V000328,2026-02-27,S05,松露薯條,副食,Fried,180.0,129.6
V000328,2026-02-27,S06,酥炸花枝圈,副食,Fried,220.0,154.0
V000328,2026-02-27,W10,小麥白啤酒,酒水,Fried,240.0,136.8
V000328,2026-02-27,W05,氣泡酒(杯),酒水,Fried,300.0,189.0
V000328,2026-02-27,W10,小麥白啤酒,酒水,Fried,240.0,136.8
V000328,2026-02-27,W01,馬爾貝克紅酒(杯),酒水,Red_Meat,280.0,173.6
V000328,2026-02-27,W07,Old Fashioned,酒水,Red_Meat,380.0,285.0
V000329,2026-02-27,M06,香煎鮭魚佐檸檬,主食,Seafood,460.0,193.2
V000329,2026-02-27,M05,白酒蛤蜊義大利麵,主食,Seafood,380.0,167.2
V000329,2026-02-27,M01,舒肥紅酒燉牛肉,主食,Red_Meat,480.0,192.0
V000329,2026-02-27,M01,舒肥紅酒燉牛肉,主食,Red_Meat,480.0,192.0
V000329,2026-02-27,S02,西班牙蒜辣蝦,副食,Seafood,260.0,176.8
V000329,2026-02-27,S01,紹興油泡蝦,副食,Seafood,280.0,196.0
V000329,2026-02-27,S05,松露薯條,副食,Fried,180.0,129.6
V000329,2026-02-27,S04,三種起司拼盤,副食,Cheese,340.0,224.4
V000329,2026-02-27,S04,三種起司拼盤,副食,Cheese,340.0,224.4
V000329,2026-02-27,S01,紹興油泡蝦,副食,Seafood,280.0,196.0
V000329,2026-02-27,S07,炙燒櫛瓜佐油醋,副食,Universal,160.0,108.8
V000330,2026-02-27,M04,松露野菌燉飯,主食,Cheese,420.0,189.0
V000330,2026-02-27,W11,威士忌 Highball,酒水,Cheese,300.0,222.0
V000330,2026-02-27,W06,Negroni,酒水,Cheese,350.0,266.0
V000330,2026-02-27,W06,Negroni,酒水,Cheese,350.0,266.0
V000331,2026-02-27,S01,紹興油泡蝦,副食,Seafood,280.0,196.0
V000331,2026-02-27,W03,夏多內白酒(杯),酒水,Seafood,260.0,161.2
V000331,2026-02-27,W01,馬爾貝克紅酒(杯),酒水,Red_Meat,280.0,173.6
V000331,2026-02-27,W01,馬爾貝克紅酒(杯),酒水,Red_Meat,280.0,173.6
V000332,2026-02-27,M02,爐烤伊比利豬肩,主食,Red_Meat,520.0,197.6
V000332,2026-02-27,S06,酥炸花枝圈,副食,Fried,220.0,154.0
V000332,2026-02-27,S07,炙燒櫛瓜佐油醋,副食,Universal,160.0,108.8
V000332,2026-02-27,W01,馬爾貝克紅酒(杯),酒水,Red_Meat,280.0,173.6
V000333,2026-02-27,M05,白酒蛤蜊義大利麵,主食,Seafood,380.0,167.2
V000333,2026-02-27,M03,炭烤戰斧牛排,主食,Red_Meat,880.0,308.0
V000333,2026-02-27,S04,三種起司拼盤,副食,Cheese,340.0,224.4
V000333,2026-02-27,S02,西班牙蒜辣蝦,副食,Seafood,260.0,176.8
V000333,2026-02-27,S06,酥炸花枝圈,副食,Fried,220.0,154.0
V000333,2026-02-27,S03,伊比利火腿盤,副食,Cheese,380.0,247.0
V000334,2026-02-28,M06,香煎鮭魚佐檸檬,主食,Seafood,460.0,193.2
V000334,2026-02-28,M02,爐烤伊比利豬肩,主食,Red_Meat,520.0,197.6
V000334,2026-02-28,M03,炭烤戰斧牛排,主食,Red_Meat,880.0,308.0
V000334,2026-02-28,M03,炭烤戰斧牛排,主食,Red_Meat,880.0,308.0
V000334,2026-02-28,M05,白酒蛤蜊義大利麵,主食,Seafood,380.0,167.2
V000334,2026-02-28,S05,松露薯條,副食,Fried,180.0,129.6
V000334,2026-02-28,S04,三種起司拼盤,副食,Cheese,340.0,224.4
V000334,2026-02-28,S06,酥炸花枝圈,副食,Fried,220.0,154.0
V000334,2026-02-28,S04,三種起司拼盤,副食,Cheese,340.0,224.4
V000334,2026-02-28,D02,焦糖烤布蕾,甜點,Dessert,160.0,107.2
V000334,2026-02-28,W10,小麥白啤酒,酒水,Fried,240.0,136.8
V000334,2026-02-28,W06,Negroni,酒水,Cheese,350.0,266.0
V000334,2026-02-28,W04,白蘇維翁(杯),酒水,Seafood,280.0,170.8
V000334,2026-02-28,W03,夏多內白酒(杯),酒水,Seafood,260.0,161.2
V000334,2026-02-28,W11,威士忌 Highball,酒水,Cheese,300.0,222.0
V000335,2026-02-28,M02,爐烤伊比利豬肩,主食,Red_Meat,520.0,197.6
V000335,2026-02-28,M04,松露野菌燉飯,主食,Cheese,420.0,189.0
V000335,2026-02-28,S06,酥炸花枝圈,副食,Fried,220.0,154.0
V000335,2026-02-28,S03,伊比利火腿盤,副食,Cheese,380.0,247.0
V000335,2026-02-28,S05,松露薯條,副食,Fried,180.0,129.6
V000335,2026-02-28,S01,紹興油泡蝦,副食,Seafood,280.0,196.0
V000335,2026-02-28,D01,提拉米蘇,甜點,Dessert,180.0,117.0
V000335,2026-02-28,W13,無酒精莫吉托,酒水,Universal,180.0,144.0
V000335,2026-02-28,W03,夏多內白酒(杯),酒水,Seafood,260.0,161.2
V000335,2026-02-28,W08,Gin & Tonic,酒水,Universal,300.0,234.0
V000336,2026-02-28,M05,白酒蛤蜊義大利麵,主食,Seafood,380.0,167.2
V000336,2026-02-28,S03,伊比利火腿盤,副食,Cheese,380.0,247.0
V000336,2026-02-28,S05,松露薯條,副食,Fried,180.0,129.6
V000336,2026-02-28,W09,精釀 IPA,酒水,Fried,260.0,150.8
V000336,2026-02-28,W11,威士忌 Highball,酒水,Cheese,300.0,222.0
V000336,2026-02-28,W08,Gin & Tonic,酒水,Universal,300.0,234.0
V000337,2026-02-28,M03,炭烤戰斧牛排,主食,Red_Meat,880.0,308.0
V000337,2026-02-28,M03,炭烤戰斧牛排,主食,Red_Meat,880.0,308.0
V000337,2026-02-28,S02,西班牙蒜辣蝦,副食,Seafood,260.0,176.8
V000337,2026-02-28,S04,三種起司拼盤,副食,Cheese,340.0,224.4
V000337,2026-02-28,S03,伊比利火腿盤,副食,Cheese,380.0,247.0
V000337,2026-02-28,W11,威士忌 Highball,酒水,Cheese,300.0,222.0
V000337,2026-02-28,W06,Negroni,酒水,Cheese,350.0,266.0
V000337,2026-02-28,W13,無酒精莫吉托,酒水,Universal,180.0,144.0
V000337,2026-02-28,W01,馬爾貝克紅酒(杯),酒水,Red_Meat,280.0,173.6
V000337,2026-02-28,W01,馬爾貝克紅酒(杯),酒水,Red_Meat,280.0,173.6
V000338,2026-02-28,M03,炭烤戰斧牛排,主食,Red_Meat,880.0,308.0
V000338,2026-02-28,M06,香煎鮭魚佐檸檬,主食,Seafood,460.0,193.2
V000338,2026-02-28,S02,西班牙蒜辣蝦,副食,Seafood,260.0,176.8
V000338,2026-02-28,W03,夏多內白酒(杯),酒水,Seafood,260.0,161.2
V000338,2026-02-28,W04,白蘇維翁(杯),酒水,Seafood,280.0,170.8
V000338,2026-02-28,W12,季節水果特調,酒水,Universal,340.0,261.8
V000338,2026-02-28,W02,卡本內蘇維翁(杯),酒水,Red_Meat,320.0,192.0
V000338,2026-02-28,W04,白蘇維翁(杯),酒水,Seafood,280.0,170.8
V000338,2026-02-28,W12,季節水果特調,酒水,Universal,340.0,261.8
V000338,2026-02-28,W05,氣泡酒(杯),酒水,Fried,300.0,189.0
V000338,2026-02-28,W01,馬爾貝克紅酒(杯),酒水,Red_Meat,280.0,173.6
V000338,2026-02-28,W04,白蘇維翁(杯),酒水,Seafood,280.0,170.8
V000339,2026-02-28,M03,炭烤戰斧牛排,主食,Red_Meat,880.0,308.0
V000339,2026-02-28,S02,西班牙蒜辣蝦,副食,Seafood,260.0,176.8
V000339,2026-02-28,S02,西班牙蒜辣蝦,副食,Seafood,260.0,176.8
V000339,2026-02-28,S04,三種起司拼盤,副食,Cheese,340.0,224.4
V000339,2026-02-28,D02,焦糖烤布蕾,甜點,Dessert,160.0,107.2
V000339,2026-02-28,W01,馬爾貝克紅酒(杯),酒水,Red_Meat,280.0,173.6
V000340,2026-02-28,M02,爐烤伊比利豬肩,主食,Red_Meat,520.0,197.6
V000340,2026-02-28,S06,酥炸花枝圈,副食,Fried,220.0,154.0
V000340,2026-02-28,S04,三種起司拼盤,副食,Cheese,340.0,224.4
V000340,2026-02-28,S03,伊比利火腿盤,副食,Cheese,380.0,247.0
V000340,2026-02-28,W11,威士忌 Highball,酒水,Cheese,300.0,222.0
V000340,2026-02-28,W03,夏多內白酒(杯),酒水,Seafood,260.0,161.2
V000340,2026-02-28,W07,Old Fashioned,酒水,Red_Meat,380.0,285.0
V000341,2026-02-28,M06,香煎鮭魚佐檸檬,主食,Seafood,460.0,193.2
V000341,2026-02-28,S03,伊比利火腿盤,副食,Cheese,380.0,247.0
V000341,2026-02-28,W07,Old Fashioned,酒水,Red_Meat,380.0,285.0
V000342,2026-02-28,M01,舒肥紅酒燉牛肉,主食,Red_Meat,480.0,192.0
V000342,2026-02-28,S06,酥炸花枝圈,副食,Fried,220.0,154.0
V000342,2026-02-28,S05,松露薯條,副食,Fried,180.0,129.6
V000342,2026-02-28,S02,西班牙蒜辣蝦,副食,Seafood,260.0,176.8
V000342,2026-02-28,S06,酥炸花枝圈,副食,Fried,220.0,154.0
V000342,2026-02-28,S01,紹興油泡蝦,副食,Seafood,280.0,196.0
V000342,2026-02-28,D01,提拉米蘇,甜點,Dessert,180.0,117.0
V000342,2026-02-28,W07,Old Fashioned,酒水,Red_Meat,380.0,285.0
V000342,2026-02-28,W03,夏多內白酒(杯),酒水,Seafood,260.0,161.2
V000342,2026-02-28,W03,夏多內白酒(杯),酒水,Seafood,260.0,161.2
V000342,2026-02-28,W07,Old Fashioned,酒水,Red_Meat,380.0,285.0
V000343,2026-02-28,M05,白酒蛤蜊義大利麵,主食,Seafood,380.0,167.2
V000343,2026-02-28,S03,伊比利火腿盤,副食,Cheese,380.0,247.0
V000343,2026-02-28,S05,松露薯條,副食,Fried,180.0,129.6
V000343,2026-02-28,S02,西班牙蒜辣蝦,副食,Seafood,260.0,176.8
V000343,2026-02-28,W06,Negroni,酒水,Cheese,350.0,266.0
V000343,2026-02-28,W03,夏多內白酒(杯),酒水,Seafood,260.0,161.2
V000343,2026-02-28,W09,精釀 IPA,酒水,Fried,260.0,150.8
V000343,2026-02-28,W03,夏多內白酒(杯),酒水,Seafood,260.0,161.2
V000343,2026-02-28,W12,季節水果特調,酒水,Universal,340.0,261.8
V000344,2026-02-28,M03,炭烤戰斧牛排,主食,Red_Meat,880.0,308.0
V000344,2026-02-28,D01,提拉米蘇,甜點,Dessert,180.0,117.0
V000344,2026-02-28,W06,Negroni,酒水,Cheese,350.0,266.0
V000344,2026-02-28,W01,馬爾貝克紅酒(杯),酒水,Red_Meat,280.0,173.6
V000344,2026-02-28,W07,Old Fashioned,酒水,Red_Meat,380.0,285.0
V000344,2026-02-28,W12,季節水果特調,酒水,Universal,340.0,261.8
V000344,2026-02-28,W09,精釀 IPA,酒水,Fried,260.0,150.8
V000345,2026-02-28,M04,松露野菌燉飯,主食,Cheese,420.0,189.0
V000345,2026-02-28,S06,酥炸花枝圈,副食,Fried,220.0,154.0
V000345,2026-02-28,W02,卡本內蘇維翁(杯),酒水,Red_Meat,320.0,192.0
V000345,2026-02-28,W02,卡本內蘇維翁(杯),酒水,Red_Meat,320.0,192.0
V000346,2026-02-28,M04,松露野菌燉飯,主食,Cheese,420.0,189.0
V000346,2026-02-28,S04,三種起司拼盤,副食,Cheese,340.0,224.4
V000346,2026-02-28,W07,Old Fashioned,酒水,Red_Meat,380.0,285.0
V000346,2026-02-28,W10,小麥白啤酒,酒水,Fried,240.0,136.8
V000346,2026-02-28,W03,夏多內白酒(杯),酒水,Seafood,260.0,161.2
V000346,2026-02-28,W05,氣泡酒(杯),酒水,Fried,300.0,189.0
V000347,2026-02-28,M01,舒肥紅酒燉牛肉,主食,Red_Meat,480.0,192.0
V000347,2026-02-28,M04,松露野菌燉飯,主食,Cheese,420.0,189.0
V000347,2026-02-28,S07,炙燒櫛瓜佐油醋,副食,Universal,160.0,108.8
V000347,2026-02-28,S02,西班牙蒜辣蝦,副食,Seafood,260.0,176.8
V000347,2026-02-28,W01,馬爾貝克紅酒(杯),酒水,Red_Meat,280.0,173.6
V000347,2026-02-28,W01,馬爾貝克紅酒(杯),酒水,Red_Meat,280.0,173.6
V000347,2026-02-28,W01,馬爾貝克紅酒(杯),酒水,Red_Meat,280.0,173.6
V000347,2026-02-28,W10,小麥白啤酒,酒水,Fried,240.0,136.8
V000348,2026-02-28,M02,爐烤伊比利豬肩,主食,Red_Meat,520.0,197.6
V000348,2026-02-28,S04,三種起司拼盤,副食,Cheese,340.0,224.4
V000348,2026-02-28,S06,酥炸花枝圈,副食,Fried,220.0,154.0
V000348,2026-02-28,W05,氣泡酒(杯),酒水,Fried,300.0,189.0
V000348,2026-02-28,W10,小麥白啤酒,酒水,Fried,240.0,136.8
V000348,2026-02-28,W08,Gin & Tonic,酒水,Universal,300.0,234.0
V000349,2026-02-28,M03,炭烤戰斧牛排,主食,Red_Meat,880.0,308.0
V000349,2026-02-28,S05,松露薯條,副食,Fried,180.0,129.6
V000349,2026-02-28,D01,提拉米蘇,甜點,Dessert,180.0,117.0
V000349,2026-02-28,W11,威士忌 Highball,酒水,Cheese,300.0,222.0
V000349,2026-02-28,W06,Negroni,酒水,Cheese,350.0,266.0
V000349,2026-02-28,W02,卡本內蘇維翁(杯),酒水,Red_Meat,320.0,192.0
V000349,2026-02-28,W10,小麥白啤酒,酒水,Fried,240.0,136.8
V000349,2026-02-28,W10,小麥白啤酒,酒水,Fried,240.0,136.8
V000349,2026-02-28,W07,Old Fashioned,酒水,Red_Meat,380.0,285.0
V000349,2026-02-28,W07,Old Fashioned,酒水,Red_Meat,380.0,285.0
V000349,2026-02-28,W12,季節水果特調,酒水,Universal,340.0,261.8
V000349,2026-02-28,W11,威士忌 Highball,酒水,Cheese,300.0,222.0
V000349,2026-02-28,W12,季節水果特調,酒水,Universal,340.0,261.8
V000350,2026-02-28,M06,香煎鮭魚佐檸檬,主食,Seafood,460.0,193.2
V000350,2026-02-28,M04,松露野菌燉飯,主食,Cheese,420.0,189.0
V000350,2026-02-28,S04,三種起司拼盤,副食,Cheese,340.0,224.4
V000350,2026-02-28,S02,西班牙蒜辣蝦,副食,Seafood,260.0,176.8
V000351,2026-02-28,M03,炭烤戰斧牛排,主食,Red_Meat,880.0,308.0
V000351,2026-02-28,S03,伊比利火腿盤,副食,Cheese,380.0,247.0
V000351,2026-02-28,S04,三種起司拼盤,副食,Cheese,340.0,224.4
V000351,2026-02-28,S04,三種起司拼盤,副食,Cheese,340.0,224.4
V000351,2026-02-28,S01,紹興油泡蝦,副食,Seafood,280.0,196.0
V000351,2026-02-28,W02,卡本內蘇維翁(杯),酒水,Red_Meat,320.0,192.0
V000351,2026-02-28,W01,馬爾貝克紅酒(杯),酒水,Red_Meat,280.0,173.6
V000351,2026-02-28,W04,白蘇維翁(杯),酒水,Seafood,280.0,170.8
V000351,2026-02-28,W05,氣泡酒(杯),酒水,Fried,300.0,189.0
V000351,2026-02-28,W03,夏多內白酒(杯),酒水,Seafood,260.0,161.2
V000351,2026-02-28,W10,小麥白啤酒,酒水,Fried,240.0,136.8
V000351,2026-02-28,W06,Negroni,酒水,Cheese,350.0,266.0
V000351,2026-02-28,W12,季節水果特調,酒水,Universal,340.0,261.8
V000351,2026-02-28,W06,Negroni,酒水,Cheese,350.0,266.0
V000351,2026-02-28,W09,精釀 IPA,酒水,Fried,260.0,150.8
V000352,2026-02-28,M03,炭烤戰斧牛排,主食,Red_Meat,880.0,308.0
V000352,2026-02-28,M05,白酒蛤蜊義大利麵,主食,Seafood,380.0,167.2
V000352,2026-02-28,M05,白酒蛤蜊義大利麵,主食,Seafood,380.0,167.2
V000352,2026-02-28,S04,三種起司拼盤,副食,Cheese,340.0,224.4
V000352,2026-02-28,S01,紹興油泡蝦,副食,Seafood,280.0,196.0
V000352,2026-02-28,S07,炙燒櫛瓜佐油醋,副食,Universal,160.0,108.8
V000352,2026-02-28,S04,三種起司拼盤,副食,Cheese,340.0,224.4
V000352,2026-02-28,W07,Old Fashioned,酒水,Red_Meat,380.0,285.0
V000353,2026-03-01,M05,白酒蛤蜊義大利麵,主食,Seafood,380.0,167.2
V000353,2026-03-01,M05,白酒蛤蜊義大利麵,主食,Seafood,380.0,167.2
V000353,2026-03-01,S01,紹興油泡蝦,副食,Seafood,280.0,196.0
V000353,2026-03-01,D01,提拉米蘇,甜點,Dessert,180.0,117.0
V000354,2026-03-01,M02,爐烤伊比利豬肩,主食,Red_Meat,520.0,197.6
V000354,2026-03-01,M01,舒肥紅酒燉牛肉,主食,Red_Meat,480.0,192.0
V000354,2026-03-01,M02,爐烤伊比利豬肩,主食,Red_Meat,520.0,197.6
V000354,2026-03-01,M01,舒肥紅酒燉牛肉,主食,Red_Meat,480.0,192.0
V000354,2026-03-01,S05,松露薯條,副食,Fried,180.0,129.6
V000354,2026-03-01,S01,紹興油泡蝦,副食,Seafood,280.0,196.0
V000354,2026-03-01,S03,伊比利火腿盤,副食,Cheese,380.0,247.0
V000354,2026-03-01,S07,炙燒櫛瓜佐油醋,副食,Universal,160.0,108.8
V000354,2026-03-01,S04,三種起司拼盤,副食,Cheese,340.0,224.4
V000354,2026-03-01,S05,松露薯條,副食,Fried,180.0,129.6
V000354,2026-03-01,W01,馬爾貝克紅酒(杯),酒水,Red_Meat,280.0,173.6
V000354,2026-03-01,W02,卡本內蘇維翁(杯),酒水,Red_Meat,320.0,192.0
V000354,2026-03-01,W04,白蘇維翁(杯),酒水,Seafood,280.0,170.8
V000354,2026-03-01,W08,Gin & Tonic,酒水,Universal,300.0,234.0
V000354,2026-03-01,W03,夏多內白酒(杯),酒水,Seafood,260.0,161.2
V000354,2026-03-01,W13,無酒精莫吉托,酒水,Universal,180.0,144.0
V000354,2026-03-01,W04,白蘇維翁(杯),酒水,Seafood,280.0,170.8
V000354,2026-03-01,W06,Negroni,酒水,Cheese,350.0,266.0
V000354,2026-03-01,W07,Old Fashioned,酒水,Red_Meat,380.0,285.0
V000355,2026-03-01,S03,伊比利火腿盤,副食,Cheese,380.0,247.0
V000355,2026-03-01,W04,白蘇維翁(杯),酒水,Seafood,280.0,170.8
V000356,2026-03-01,M05,白酒蛤蜊義大利麵,主食,Seafood,380.0,167.2
V000356,2026-03-01,S03,伊比利火腿盤,副食,Cheese,380.0,247.0
V000356,2026-03-01,S05,松露薯條,副食,Fried,180.0,129.6
V000356,2026-03-01,S01,紹興油泡蝦,副食,Seafood,280.0,196.0
V000356,2026-03-01,W04,白蘇維翁(杯),酒水,Seafood,280.0,170.8
V000356,2026-03-01,W02,卡本內蘇維翁(杯),酒水,Red_Meat,320.0,192.0
V000356,2026-03-01,W11,威士忌 Highball,酒水,Cheese,300.0,222.0
V000356,2026-03-01,W12,季節水果特調,酒水,Universal,340.0,261.8
V000356,2026-03-01,W09,精釀 IPA,酒水,Fried,260.0,150.8
V000356,2026-03-01,W06,Negroni,酒水,Cheese,350.0,266.0
V000357,2026-03-01,M03,炭烤戰斧牛排,主食,Red_Meat,880.0,308.0
V000357,2026-03-01,M01,舒肥紅酒燉牛肉,主食,Red_Meat,480.0,192.0
V000357,2026-03-01,S02,西班牙蒜辣蝦,副食,Seafood,260.0,176.8
V000357,2026-03-01,W11,威士忌 Highball,酒水,Cheese,300.0,222.0
V000357,2026-03-01,W04,白蘇維翁(杯),酒水,Seafood,280.0,170.8
V000357,2026-03-01,W02,卡本內蘇維翁(杯),酒水,Red_Meat,320.0,192.0
V000357,2026-03-01,W07,Old Fashioned,酒水,Red_Meat,380.0,285.0
V000357,2026-03-01,W07,Old Fashioned,酒水,Red_Meat,380.0,285.0
V000357,2026-03-01,W10,小麥白啤酒,酒水,Fried,240.0,136.8
V000357,2026-03-01,W07,Old Fashioned,酒水,Red_Meat,380.0,285.0
V000357,2026-03-01,W02,卡本內蘇維翁(杯),酒水,Red_Meat,320.0,192.0
V000358,2026-03-01,M05,白酒蛤蜊義大利麵,主食,Seafood,380.0,167.2
V000358,2026-03-01,M03,炭烤戰斧牛排,主食,Red_Meat,880.0,308.0
V000358,2026-03-01,S02,西班牙蒜辣蝦,副食,Seafood,260.0,176.8
V000358,2026-03-01,S07,炙燒櫛瓜佐油醋,副食,Universal,160.0,108.8
V000358,2026-03-01,S07,炙燒櫛瓜佐油醋,副食,Universal,160.0,108.8
V000358,2026-03-01,S05,松露薯條,副食,Fried,180.0,129.6
V000358,2026-03-01,W12,季節水果特調,酒水,Universal,340.0,261.8
V000358,2026-03-01,W02,卡本內蘇維翁(杯),酒水,Red_Meat,320.0,192.0
V000358,2026-03-01,W04,白蘇維翁(杯),酒水,Seafood,280.0,170.8
V000358,2026-03-01,W10,小麥白啤酒,酒水,Fried,240.0,136.8
V000359,2026-03-01,M06,香煎鮭魚佐檸檬,主食,Seafood,460.0,193.2
V000359,2026-03-01,M05,白酒蛤蜊義大利麵,主食,Seafood,380.0,167.2
V000359,2026-03-01,M03,炭烤戰斧牛排,主食,Red_Meat,880.0,308.0
V000359,2026-03-01,S03,伊比利火腿盤,副食,Cheese,380.0,247.0
V000359,2026-03-01,S05,松露薯條,副食,Fried,180.0,129.6
V000359,2026-03-01,S05,松露薯條,副食,Fried,180.0,129.6
V000359,2026-03-01,S03,伊比利火腿盤,副食,Cheese,380.0,247.0
V000359,2026-03-01,W09,精釀 IPA,酒水,Fried,260.0,150.8
V000360,2026-03-01,M06,香煎鮭魚佐檸檬,主食,Seafood,460.0,193.2
V000360,2026-03-01,M01,舒肥紅酒燉牛肉,主食,Red_Meat,480.0,192.0
V000360,2026-03-01,W06,Negroni,酒水,Cheese,350.0,266.0
V000361,2026-03-01,M05,白酒蛤蜊義大利麵,主食,Seafood,380.0,167.2
V000361,2026-03-01,M01,舒肥紅酒燉牛肉,主食,Red_Meat,480.0,192.0
V000361,2026-03-01,S01,紹興油泡蝦,副食,Seafood,280.0,196.0
V000361,2026-03-01,S04,三種起司拼盤,副食,Cheese,340.0,224.4
V000361,2026-03-01,S02,西班牙蒜辣蝦,副食,Seafood,260.0,176.8
V000361,2026-03-01,W04,白蘇維翁(杯),酒水,Seafood,280.0,170.8
V000362,2026-03-01,S03,伊比利火腿盤,副食,Cheese,380.0,247.0
V000362,2026-03-01,D02,焦糖烤布蕾,甜點,Dessert,160.0,107.2
V000362,2026-03-01,W02,卡本內蘇維翁(杯),酒水,Red_Meat,320.0,192.0
V000363,2026-03-01,M01,舒肥紅酒燉牛肉,主食,Red_Meat,480.0,192.0
V000363,2026-03-01,S07,炙燒櫛瓜佐油醋,副食,Universal,160.0,108.8
V000363,2026-03-01,S05,松露薯條,副食,Fried,180.0,129.6
V000363,2026-03-01,S01,紹興油泡蝦,副食,Seafood,280.0,196.0
V000363,2026-03-01,S03,伊比利火腿盤,副食,Cheese,380.0,247.0
V000363,2026-03-01,S04,三種起司拼盤,副食,Cheese,340.0,224.4
V000363,2026-03-01,W07,Old Fashioned,酒水,Red_Meat,380.0,285.0
V000363,2026-03-01,W06,Negroni,酒水,Cheese,350.0,266.0
V000363,2026-03-01,W11,威士忌 Highball,酒水,Cheese,300.0,222.0
V000363,2026-03-01,W04,白蘇維翁(杯),酒水,Seafood,280.0,170.8
V000363,2026-03-01,W06,Negroni,酒水,Cheese,350.0,266.0
V000363,2026-03-01,W05,氣泡酒(杯),酒水,Fried,300.0,189.0
V000364,2026-03-01,M05,白酒蛤蜊義大利麵,主食,Seafood,380.0,167.2
V000364,2026-03-01,D02,焦糖烤布蕾,甜點,Dessert,160.0,107.2
V000364,2026-03-01,W08,Gin & Tonic,酒水,Universal,300.0,234.0
V000364,2026-03-01,W04,白蘇維翁(杯),酒水,Seafood,280.0,170.8
V000364,2026-03-01,W13,無酒精莫吉托,酒水,Universal,180.0,144.0
V000364,2026-03-01,W05,氣泡酒(杯),酒水,Fried,300.0,189.0
V000365,2026-03-01,M02,爐烤伊比利豬肩,主食,Red_Meat,520.0,197.6
V000365,2026-03-01,S07,炙燒櫛瓜佐油醋,副食,Universal,160.0,108.8
V000365,2026-03-01,W02,卡本內蘇維翁(杯),酒水,Red_Meat,320.0,192.0
V000365,2026-03-01,W10,小麥白啤酒,酒水,Fried,240.0,136.8
V000365,2026-03-01,W06,Negroni,酒水,Cheese,350.0,266.0
V000365,2026-03-01,W07,Old Fashioned,酒水,Red_Meat,380.0,285.0
V000366,2026-03-01,M04,松露野菌燉飯,主食,Cheese,420.0,189.0
V000366,2026-03-01,S03,伊比利火腿盤,副食,Cheese,380.0,247.0
V000366,2026-03-01,S01,紹興油泡蝦,副食,Seafood,280.0,196.0
V000366,2026-03-01,W04,白蘇維翁(杯),酒水,Seafood,280.0,170.8
V000366,2026-03-01,W07,Old Fashioned,酒水,Red_Meat,380.0,285.0
V000366,2026-03-01,W07,Old Fashioned,酒水,Red_Meat,380.0,285.0
V000366,2026-03-01,W04,白蘇維翁(杯),酒水,Seafood,280.0,170.8
V000366,2026-03-01,W03,夏多內白酒(杯),酒水,Seafood,260.0,161.2
V000366,2026-03-01,W09,精釀 IPA,酒水,Fried,260.0,150.8
V000367,2026-03-01,M03,炭烤戰斧牛排,主食,Red_Meat,880.0,308.0
V000367,2026-03-01,S05,松露薯條,副食,Fried,180.0,129.6
V000367,2026-03-01,S05,松露薯條,副食,Fried,180.0,129.6
V000367,2026-03-01,S01,紹興油泡蝦,副食,Seafood,280.0,196.0
V000367,2026-03-01,D01,提拉米蘇,甜點,Dessert,180.0,117.0
V000367,2026-03-01,W05,氣泡酒(杯),酒水,Fried,300.0,189.0
V000367,2026-03-01,W01,馬爾貝克紅酒(杯),酒水,Red_Meat,280.0,173.6
V000367,2026-03-01,W03,夏多內白酒(杯),酒水,Seafood,260.0,161.2
V000367,2026-03-01,W10,小麥白啤酒,酒水,Fried,240.0,136.8
V000367,2026-03-01,W02,卡本內蘇維翁(杯),酒水,Red_Meat,320.0,192.0
V000367,2026-03-01,W07,Old Fashioned,酒水,Red_Meat,380.0,285.0
V000367,2026-03-01,W09,精釀 IPA,酒水,Fried,260.0,150.8
V000367,2026-03-01,W08,Gin & Tonic,酒水,Universal,300.0,234.0
V000368,2026-03-01,M06,香煎鮭魚佐檸檬,主食,Seafood,460.0,193.2
V000368,2026-03-01,M01,舒肥紅酒燉牛肉,主食,Red_Meat,480.0,192.0
V000368,2026-03-01,S01,紹興油泡蝦,副食,Seafood,280.0,196.0
V000368,2026-03-01,W04,白蘇維翁(杯),酒水,Seafood,280.0,170.8
V000368,2026-03-01,W06,Negroni,酒水,Cheese,350.0,266.0
V000368,2026-03-01,W03,夏多內白酒(杯),酒水,Seafood,260.0,161.2
V000368,2026-03-01,W03,夏多內白酒(杯),酒水,Seafood,260.0,161.2
V000369,2026-03-01,M03,炭烤戰斧牛排,主食,Red_Meat,880.0,308.0
V000369,2026-03-01,S05,松露薯條,副食,Fried,180.0,129.6
V000369,2026-03-01,W11,威士忌 Highball,酒水,Cheese,300.0,222.0
V000369,2026-03-01,W04,白蘇維翁(杯),酒水,Seafood,280.0,170.8
V000370,2026-03-01,M05,白酒蛤蜊義大利麵,主食,Seafood,380.0,167.2
V000370,2026-03-01,M06,香煎鮭魚佐檸檬,主食,Seafood,460.0,193.2
V000370,2026-03-01,S07,炙燒櫛瓜佐油醋,副食,Universal,160.0,108.8
V000370,2026-03-01,S06,酥炸花枝圈,副食,Fried,220.0,154.0
V000370,2026-03-01,S07,炙燒櫛瓜佐油醋,副食,Universal,160.0,108.8
V000370,2026-03-01,W03,夏多內白酒(杯),酒水,Seafood,260.0,161.2
V000370,2026-03-01,W04,白蘇維翁(杯),酒水,Seafood,280.0,170.8
V000370,2026-03-01,W10,小麥白啤酒,酒水,Fried,240.0,136.8
V000370,2026-03-01,W03,夏多內白酒(杯),酒水,Seafood,260.0,161.2
V000370,2026-03-01,W08,Gin & Tonic,酒水,Universal,300.0,234.0
V000370,2026-03-01,W03,夏多內白酒(杯),酒水,Seafood,260.0,161.2
V000370,2026-03-01,W03,夏多內白酒(杯),酒水,Seafood,260.0,161.2
V000370,2026-03-01,W08,Gin & Tonic,酒水,Universal,300.0,234.0
V000370,2026-03-01,W04,白蘇維翁(杯),酒水,Seafood,280.0,170.8
V000370,2026-03-01,W12,季節水果特調,酒水,Universal,340.0,261.8
V000370,2026-03-01,W09,精釀 IPA,酒水,Fried,260.0,150.8
V000371,2026-03-01,M05,白酒蛤蜊義大利麵,主食,Seafood,380.0,167.2
V000371,2026-03-01,M05,白酒蛤蜊義大利麵,主食,Seafood,380.0,167.2
V000371,2026-03-01,M03,炭烤戰斧牛排,主食,Red_Meat,880.0,308.0
V000371,2026-03-01,M03,炭烤戰斧牛排,主食,Red_Meat,880.0,308.0
V000371,2026-03-01,M03,炭烤戰斧牛排,主食,Red_Meat,880.0,308.0
V000371,2026-03-01,S02,西班牙蒜辣蝦,副食,Seafood,260.0,176.8
V000371,2026-03-01,S03,伊比利火腿盤,副食,Cheese,380.0,247.0
V000371,2026-03-01,S01,紹興油泡蝦,副食,Seafood,280.0,196.0
V000371,2026-03-01,W07,Old Fashioned,酒水,Red_Meat,380.0,285.0
V000371,2026-03-01,W03,夏多內白酒(杯),酒水,Seafood,260.0,161.2
V000371,2026-03-01,W06,Negroni,酒水,Cheese,350.0,266.0
V000371,2026-03-01,W08,Gin & Tonic,酒水,Universal,300.0,234.0
V000371,2026-03-01,W03,夏多內白酒(杯),酒水,Seafood,260.0,161.2
V000371,2026-03-01,W07,Old Fashioned,酒水,Red_Meat,380.0,285.0
V000371,2026-03-01,W02,卡本內蘇維翁(杯),酒水,Red_Meat,320.0,192.0
V000372,2026-03-03,M02,爐烤伊比利豬肩,主食,Red_Meat,520.0,197.6
V000372,2026-03-03,M04,松露野菌燉飯,主食,Cheese,420.0,189.0
V000372,2026-03-03,S06,酥炸花枝圈,副食,Fried,220.0,154.0
V000372,2026-03-03,S07,炙燒櫛瓜佐油醋,副食,Universal,160.0,108.8
V000372,2026-03-03,S02,西班牙蒜辣蝦,副食,Seafood,260.0,176.8
V000372,2026-03-03,S01,紹興油泡蝦,副食,Seafood,280.0,196.0
V000372,2026-03-03,W06,Negroni,酒水,Cheese,350.0,266.0
V000373,2026-03-03,M01,舒肥紅酒燉牛肉,主食,Red_Meat,480.0,192.0
V000373,2026-03-03,M05,白酒蛤蜊義大利麵,主食,Seafood,380.0,167.2
V000373,2026-03-03,S03,伊比利火腿盤,副食,Cheese,380.0,247.0
V000373,2026-03-03,W02,卡本內蘇維翁(杯),酒水,Red_Meat,320.0,192.0
V000373,2026-03-03,W02,卡本內蘇維翁(杯),酒水,Red_Meat,320.0,192.0
V000373,2026-03-03,W10,小麥白啤酒,酒水,Fried,240.0,136.8
V000373,2026-03-03,W11,威士忌 Highball,酒水,Cheese,300.0,222.0
V000373,2026-03-03,W02,卡本內蘇維翁(杯),酒水,Red_Meat,320.0,192.0
V000373,2026-03-03,W01,馬爾貝克紅酒(杯),酒水,Red_Meat,280.0,173.6
V000374,2026-03-03,M05,白酒蛤蜊義大利麵,主食,Seafood,380.0,167.2
V000374,2026-03-03,M02,爐烤伊比利豬肩,主食,Red_Meat,520.0,197.6
V000374,2026-03-03,S04,三種起司拼盤,副食,Cheese,340.0,224.4
V000374,2026-03-03,S01,紹興油泡蝦,副食,Seafood,280.0,196.0
V000374,2026-03-03,S05,松露薯條,副食,Fried,180.0,129.6
V000374,2026-03-03,W07,Old Fashioned,酒水,Red_Meat,380.0,285.0
V000374,2026-03-03,W03,夏多內白酒(杯),酒水,Seafood,260.0,161.2
V000375,2026-03-03,M05,白酒蛤蜊義大利麵,主食,Seafood,380.0,167.2
V000375,2026-03-03,S05,松露薯條,副食,Fried,180.0,129.6
V000375,2026-03-03,S06,酥炸花枝圈,副食,Fried,220.0,154.0
V000375,2026-03-03,S07,炙燒櫛瓜佐油醋,副食,Universal,160.0,108.8
V000375,2026-03-03,S01,紹興油泡蝦,副食,Seafood,280.0,196.0
V000375,2026-03-03,W09,精釀 IPA,酒水,Fried,260.0,150.8
V000375,2026-03-03,W12,季節水果特調,酒水,Universal,340.0,261.8
V000375,2026-03-03,W04,白蘇維翁(杯),酒水,Seafood,280.0,170.8
V000375,2026-03-03,W03,夏多內白酒(杯),酒水,Seafood,260.0,161.2
V000375,2026-03-03,W03,夏多內白酒(杯),酒水,Seafood,260.0,161.2
V000376,2026-03-03,M03,炭烤戰斧牛排,主食,Red_Meat,880.0,308.0
V000376,2026-03-03,S04,三種起司拼盤,副食,Cheese,340.0,224.4
V000376,2026-03-03,D02,焦糖烤布蕾,甜點,Dessert,160.0,107.2
V000376,2026-03-03,W11,威士忌 Highball,酒水,Cheese,300.0,222.0
V000376,2026-03-03,W08,Gin & Tonic,酒水,Universal,300.0,234.0
V000376,2026-03-03,W03,夏多內白酒(杯),酒水,Seafood,260.0,161.2
V000377,2026-03-03,M03,炭烤戰斧牛排,主食,Red_Meat,880.0,308.0
V000377,2026-03-03,S01,紹興油泡蝦,副食,Seafood,280.0,196.0
V000377,2026-03-03,W04,白蘇維翁(杯),酒水,Seafood,280.0,170.8
V000378,2026-03-03,M06,香煎鮭魚佐檸檬,主食,Seafood,460.0,193.2
V000378,2026-03-03,M06,香煎鮭魚佐檸檬,主食,Seafood,460.0,193.2
V000378,2026-03-03,S02,西班牙蒜辣蝦,副食,Seafood,260.0,176.8
V000378,2026-03-03,S06,酥炸花枝圈,副食,Fried,220.0,154.0
V000378,2026-03-03,S07,炙燒櫛瓜佐油醋,副食,Universal,160.0,108.8
V000378,2026-03-03,S01,紹興油泡蝦,副食,Seafood,280.0,196.0
V000378,2026-03-03,D02,焦糖烤布蕾,甜點,Dessert,160.0,107.2
V000378,2026-03-03,W10,小麥白啤酒,酒水,Fried,240.0,136.8
V000379,2026-03-03,M02,爐烤伊比利豬肩,主食,Red_Meat,520.0,197.6
V000379,2026-03-03,S07,炙燒櫛瓜佐油醋,副食,Universal,160.0,108.8
V000379,2026-03-03,S04,三種起司拼盤,副食,Cheese,340.0,224.4
V000379,2026-03-03,W06,Negroni,酒水,Cheese,350.0,266.0
V000379,2026-03-03,W05,氣泡酒(杯),酒水,Fried,300.0,189.0
V000379,2026-03-03,W01,馬爾貝克紅酒(杯),酒水,Red_Meat,280.0,173.6
V000379,2026-03-03,W01,馬爾貝克紅酒(杯),酒水,Red_Meat,280.0,173.6
V000379,2026-03-03,W07,Old Fashioned,酒水,Red_Meat,380.0,285.0
V000380,2026-03-03,M05,白酒蛤蜊義大利麵,主食,Seafood,380.0,167.2
V000380,2026-03-03,S05,松露薯條,副食,Fried,180.0,129.6
V000380,2026-03-03,W05,氣泡酒(杯),酒水,Fried,300.0,189.0
V000380,2026-03-03,W03,夏多內白酒(杯),酒水,Seafood,260.0,161.2
V000380,2026-03-03,W09,精釀 IPA,酒水,Fried,260.0,150.8
V000380,2026-03-03,W13,無酒精莫吉托,酒水,Universal,180.0,144.0
V000380,2026-03-03,W07,Old Fashioned,酒水,Red_Meat,380.0,285.0
V000380,2026-03-03,W05,氣泡酒(杯),酒水,Fried,300.0,189.0
V000380,2026-03-03,W07,Old Fashioned,酒水,Red_Meat,380.0,285.0
V000381,2026-03-04,M06,香煎鮭魚佐檸檬,主食,Seafood,460.0,193.2
V000381,2026-03-04,S04,三種起司拼盤,副食,Cheese,340.0,224.4
V000381,2026-03-04,S02,西班牙蒜辣蝦,副食,Seafood,260.0,176.8
V000381,2026-03-04,W06,Negroni,酒水,Cheese,350.0,266.0
V000381,2026-03-04,W13,無酒精莫吉托,酒水,Universal,180.0,144.0
V000381,2026-03-04,W04,白蘇維翁(杯),酒水,Seafood,280.0,170.8
V000381,2026-03-04,W07,Old Fashioned,酒水,Red_Meat,380.0,285.0
V000382,2026-03-04,M06,香煎鮭魚佐檸檬,主食,Seafood,460.0,193.2
V000382,2026-03-04,M02,爐烤伊比利豬肩,主食,Red_Meat,520.0,197.6
V000382,2026-03-04,W10,小麥白啤酒,酒水,Fried,240.0,136.8
V000382,2026-03-04,W06,Negroni,酒水,Cheese,350.0,266.0
V000383,2026-03-04,M04,松露野菌燉飯,主食,Cheese,420.0,189.0
V000383,2026-03-04,W03,夏多內白酒(杯),酒水,Seafood,260.0,161.2
V000383,2026-03-04,W01,馬爾貝克紅酒(杯),酒水,Red_Meat,280.0,173.6
V000383,2026-03-04,W08,Gin & Tonic,酒水,Universal,300.0,234.0
V000383,2026-03-04,W03,夏多內白酒(杯),酒水,Seafood,260.0,161.2
V000383,2026-03-04,W06,Negroni,酒水,Cheese,350.0,266.0
V000384,2026-03-04,M02,爐烤伊比利豬肩,主食,Red_Meat,520.0,197.6
V000384,2026-03-04,M06,香煎鮭魚佐檸檬,主食,Seafood,460.0,193.2
V000384,2026-03-04,M02,爐烤伊比利豬肩,主食,Red_Meat,520.0,197.6
V000384,2026-03-04,S03,伊比利火腿盤,副食,Cheese,380.0,247.0
V000384,2026-03-04,S01,紹興油泡蝦,副食,Seafood,280.0,196.0
V000384,2026-03-04,S07,炙燒櫛瓜佐油醋,副食,Universal,160.0,108.8
V000384,2026-03-04,S03,伊比利火腿盤,副食,Cheese,380.0,247.0
V000384,2026-03-04,W06,Negroni,酒水,Cheese,350.0,266.0
V000385,2026-03-04,M06,香煎鮭魚佐檸檬,主食,Seafood,460.0,193.2
V000385,2026-03-04,M01,舒肥紅酒燉牛肉,主食,Red_Meat,480.0,192.0
V000385,2026-03-04,S04,三種起司拼盤,副食,Cheese,340.0,224.4
V000385,2026-03-04,S04,三種起司拼盤,副食,Cheese,340.0,224.4
V000386,2026-03-04,M03,炭烤戰斧牛排,主食,Red_Meat,880.0,308.0
V000386,2026-03-04,M01,舒肥紅酒燉牛肉,主食,Red_Meat,480.0,192.0
V000386,2026-03-04,S03,伊比利火腿盤,副食,Cheese,380.0,247.0
V000386,2026-03-04,S07,炙燒櫛瓜佐油醋,副食,Universal,160.0,108.8
V000386,2026-03-04,W02,卡本內蘇維翁(杯),酒水,Red_Meat,320.0,192.0
V000386,2026-03-04,W01,馬爾貝克紅酒(杯),酒水,Red_Meat,280.0,173.6
V000386,2026-03-04,W03,夏多內白酒(杯),酒水,Seafood,260.0,161.2
V000386,2026-03-04,W02,卡本內蘇維翁(杯),酒水,Red_Meat,320.0,192.0
V000386,2026-03-04,W13,無酒精莫吉托,酒水,Universal,180.0,144.0
V000386,2026-03-04,W11,威士忌 Highball,酒水,Cheese,300.0,222.0
V000386,2026-03-04,W02,卡本內蘇維翁(杯),酒水,Red_Meat,320.0,192.0
V000386,2026-03-04,W07,Old Fashioned,酒水,Red_Meat,380.0,285.0
V000386,2026-03-04,W08,Gin & Tonic,酒水,Universal,300.0,234.0
V000386,2026-03-04,W01,馬爾貝克紅酒(杯),酒水,Red_Meat,280.0,173.6
V000387,2026-03-04,M03,炭烤戰斧牛排,主食,Red_Meat,880.0,308.0
V000387,2026-03-04,M05,白酒蛤蜊義大利麵,主食,Seafood,380.0,167.2
V000387,2026-03-04,M06,香煎鮭魚佐檸檬,主食,Seafood,460.0,193.2
V000387,2026-03-04,S03,伊比利火腿盤,副食,Cheese,380.0,247.0
V000387,2026-03-04,S03,伊比利火腿盤,副食,Cheese,380.0,247.0
V000387,2026-03-04,S03,伊比利火腿盤,副食,Cheese,380.0,247.0
V000387,2026-03-04,W06,Negroni,酒水,Cheese,350.0,266.0
V000387,2026-03-04,W01,馬爾貝克紅酒(杯),酒水,Red_Meat,280.0,173.6
V000387,2026-03-04,W02,卡本內蘇維翁(杯),酒水,Red_Meat,320.0,192.0
V000387,2026-03-04,W03,夏多內白酒(杯),酒水,Seafood,260.0,161.2
V000387,2026-03-04,W07,Old Fashioned,酒水,Red_Meat,380.0,285.0
V000388,2026-03-04,M02,爐烤伊比利豬肩,主食,Red_Meat,520.0,197.6
V000388,2026-03-04,W01,馬爾貝克紅酒(杯),酒水,Red_Meat,280.0,173.6
V000388,2026-03-04,W11,威士忌 Highball,酒水,Cheese,300.0,222.0
V000388,2026-03-04,W02,卡本內蘇維翁(杯),酒水,Red_Meat,320.0,192.0
V000388,2026-03-04,W07,Old Fashioned,酒水,Red_Meat,380.0,285.0
V000388,2026-03-04,W11,威士忌 Highball,酒水,Cheese,300.0,222.0
V000389,2026-03-04,M04,松露野菌燉飯,主食,Cheese,420.0,189.0
V000389,2026-03-04,W10,小麥白啤酒,酒水,Fried,240.0,136.8
V000390,2026-03-04,M03,炭烤戰斧牛排,主食,Red_Meat,880.0,308.0
V000390,2026-03-04,M04,松露野菌燉飯,主食,Cheese,420.0,189.0
V000390,2026-03-04,S03,伊比利火腿盤,副食,Cheese,380.0,247.0
V000391,2026-03-04,M04,松露野菌燉飯,主食,Cheese,420.0,189.0
V000391,2026-03-04,M02,爐烤伊比利豬肩,主食,Red_Meat,520.0,197.6
V000391,2026-03-04,S01,紹興油泡蝦,副食,Seafood,280.0,196.0
V000391,2026-03-04,S06,酥炸花枝圈,副食,Fried,220.0,154.0
V000391,2026-03-04,S03,伊比利火腿盤,副食,Cheese,380.0,247.0
V000391,2026-03-04,S05,松露薯條,副食,Fried,180.0,129.6
V000391,2026-03-04,W08,Gin & Tonic,酒水,Universal,300.0,234.0
V000391,2026-03-04,W05,氣泡酒(杯),酒水,Fried,300.0,189.0
V000391,2026-03-04,W12,季節水果特調,酒水,Universal,340.0,261.8
V000392,2026-03-04,M05,白酒蛤蜊義大利麵,主食,Seafood,380.0,167.2
V000392,2026-03-04,S04,三種起司拼盤,副食,Cheese,340.0,224.4
V000392,2026-03-04,S06,酥炸花枝圈,副食,Fried,220.0,154.0
V000392,2026-03-04,W11,威士忌 Highball,酒水,Cheese,300.0,222.0
V000392,2026-03-04,W11,威士忌 Highball,酒水,Cheese,300.0,222.0
V000393,2026-03-05,M05,白酒蛤蜊義大利麵,主食,Seafood,380.0,167.2
V000393,2026-03-05,M01,舒肥紅酒燉牛肉,主食,Red_Meat,480.0,192.0
V000393,2026-03-05,M06,香煎鮭魚佐檸檬,主食,Seafood,460.0,193.2
V000393,2026-03-05,S04,三種起司拼盤,副食,Cheese,340.0,224.4
V000393,2026-03-05,S05,松露薯條,副食,Fried,180.0,129.6
V000393,2026-03-05,D02,焦糖烤布蕾,甜點,Dessert,160.0,107.2
V000393,2026-03-05,W04,白蘇維翁(杯),酒水,Seafood,280.0,170.8
V000393,2026-03-05,W03,夏多內白酒(杯),酒水,Seafood,260.0,161.2
V000393,2026-03-05,W11,威士忌 Highball,酒水,Cheese,300.0,222.0
V000393,2026-03-05,W11,威士忌 Highball,酒水,Cheese,300.0,222.0
V000393,2026-03-05,W10,小麥白啤酒,酒水,Fried,240.0,136.8
V000394,2026-03-05,M02,爐烤伊比利豬肩,主食,Red_Meat,520.0,197.6
V000394,2026-03-05,S05,松露薯條,副食,Fried,180.0,129.6
V000394,2026-03-05,S05,松露薯條,副食,Fried,180.0,129.6
V000394,2026-03-05,W01,馬爾貝克紅酒(杯),酒水,Red_Meat,280.0,173.6
V000394,2026-03-05,W04,白蘇維翁(杯),酒水,Seafood,280.0,170.8
V000394,2026-03-05,W10,小麥白啤酒,酒水,Fried,240.0,136.8
V000394,2026-03-05,W04,白蘇維翁(杯),酒水,Seafood,280.0,170.8
V000394,2026-03-05,W09,精釀 IPA,酒水,Fried,260.0,150.8
V000394,2026-03-05,W09,精釀 IPA,酒水,Fried,260.0,150.8
V000395,2026-03-05,M04,松露野菌燉飯,主食,Cheese,420.0,189.0
V000395,2026-03-05,S03,伊比利火腿盤,副食,Cheese,380.0,247.0
V000395,2026-03-05,S02,西班牙蒜辣蝦,副食,Seafood,260.0,176.8
V000395,2026-03-05,S04,三種起司拼盤,副食,Cheese,340.0,224.4
V000395,2026-03-05,W07,Old Fashioned,酒水,Red_Meat,380.0,285.0
V000395,2026-03-05,W04,白蘇維翁(杯),酒水,Seafood,280.0,170.8
V000395,2026-03-05,W09,精釀 IPA,酒水,Fried,260.0,150.8
V000396,2026-03-05,M05,白酒蛤蜊義大利麵,主食,Seafood,380.0,167.2
V000396,2026-03-05,S01,紹興油泡蝦,副食,Seafood,280.0,196.0
V000396,2026-03-05,S04,三種起司拼盤,副食,Cheese,340.0,224.4
V000396,2026-03-05,S03,伊比利火腿盤,副食,Cheese,380.0,247.0
V000396,2026-03-05,S01,紹興油泡蝦,副食,Seafood,280.0,196.0
V000396,2026-03-05,S07,炙燒櫛瓜佐油醋,副食,Universal,160.0,108.8
V000396,2026-03-05,W08,Gin & Tonic,酒水,Universal,300.0,234.0
V000396,2026-03-05,W08,Gin & Tonic,酒水,Universal,300.0,234.0
V000396,2026-03-05,W10,小麥白啤酒,酒水,Fried,240.0,136.8
V000396,2026-03-05,W12,季節水果特調,酒水,Universal,340.0,261.8
V000396,2026-03-05,W04,白蘇維翁(杯),酒水,Seafood,280.0,170.8
V000396,2026-03-05,W08,Gin & Tonic,酒水,Universal,300.0,234.0
V000396,2026-03-05,W08,Gin & Tonic,酒水,Universal,300.0,234.0
V000396,2026-03-05,W10,小麥白啤酒,酒水,Fried,240.0,136.8
V000396,2026-03-05,W10,小麥白啤酒,酒水,Fried,240.0,136.8
V000397,2026-03-05,M05,白酒蛤蜊義大利麵,主食,Seafood,380.0,167.2
V000397,2026-03-05,M06,香煎鮭魚佐檸檬,主食,Seafood,460.0,193.2
V000397,2026-03-05,M06,香煎鮭魚佐檸檬,主食,Seafood,460.0,193.2
V000397,2026-03-05,S01,紹興油泡蝦,副食,Seafood,280.0,196.0
V000397,2026-03-05,D02,焦糖烤布蕾,甜點,Dessert,160.0,107.2
V000397,2026-03-05,W03,夏多內白酒(杯),酒水,Seafood,260.0,161.2
V000397,2026-03-05,W03,夏多內白酒(杯),酒水,Seafood,260.0,161.2
V000397,2026-03-05,W04,白蘇維翁(杯),酒水,Seafood,280.0,170.8
V000398,2026-03-05,M03,炭烤戰斧牛排,主食,Red_Meat,880.0,308.0
V000398,2026-03-05,M05,白酒蛤蜊義大利麵,主食,Seafood,380.0,167.2
V000398,2026-03-05,S07,炙燒櫛瓜佐油醋,副食,Universal,160.0,108.8
V000398,2026-03-05,S06,酥炸花枝圈,副食,Fried,220.0,154.0
V000398,2026-03-05,S04,三種起司拼盤,副食,Cheese,340.0,224.4
V000398,2026-03-05,S03,伊比利火腿盤,副食,Cheese,380.0,247.0
V000398,2026-03-05,S07,炙燒櫛瓜佐油醋,副食,Universal,160.0,108.8
V000398,2026-03-05,D02,焦糖烤布蕾,甜點,Dessert,160.0,107.2
V000399,2026-03-05,M03,炭烤戰斧牛排,主食,Red_Meat,880.0,308.0
V000399,2026-03-05,M02,爐烤伊比利豬肩,主食,Red_Meat,520.0,197.6
V000399,2026-03-05,M04,松露野菌燉飯,主食,Cheese,420.0,189.0
V000399,2026-03-05,M05,白酒蛤蜊義大利麵,主食,Seafood,380.0,167.2
V000399,2026-03-05,S01,紹興油泡蝦,副食,Seafood,280.0,196.0
V000399,2026-03-05,S05,松露薯條,副食,Fried,180.0,129.6
V000399,2026-03-05,S02,西班牙蒜辣蝦,副食,Seafood,260.0,176.8
V000399,2026-03-05,S02,西班牙蒜辣蝦,副食,Seafood,260.0,176.8
V000399,2026-03-05,S05,松露薯條,副食,Fried,180.0,129.6
V000399,2026-03-05,S01,紹興油泡蝦,副食,Seafood,280.0,196.0
V000399,2026-03-05,W03,夏多內白酒(杯),酒水,Seafood,260.0,161.2
V000399,2026-03-05,W12,季節水果特調,酒水,Universal,340.0,261.8
V000399,2026-03-05,W08,Gin & Tonic,酒水,Universal,300.0,234.0
V000400,2026-03-05,M06,香煎鮭魚佐檸檬,主食,Seafood,460.0,193.2
V000400,2026-03-05,M06,香煎鮭魚佐檸檬,主食,Seafood,460.0,193.2
V000400,2026-03-05,W04,白蘇維翁(杯),酒水,Seafood,280.0,170.8
V000400,2026-03-05,W02,卡本內蘇維翁(杯),酒水,Red_Meat,320.0,192.0
V000400,2026-03-05,W04,白蘇維翁(杯),酒水,Seafood,280.0,170.8
V000400,2026-03-05,W03,夏多內白酒(杯),酒水,Seafood,260.0,161.2
V000401,2026-03-05,M06,香煎鮭魚佐檸檬,主食,Seafood,460.0,193.2
V000401,2026-03-05,M04,松露野菌燉飯,主食,Cheese,420.0,189.0
V000401,2026-03-05,D02,焦糖烤布蕾,甜點,Dessert,160.0,107.2
V000401,2026-03-05,W11,威士忌 Highball,酒水,Cheese,300.0,222.0
V000402,2026-03-05,M03,炭烤戰斧牛排,主食,Red_Meat,880.0,308.0
V000402,2026-03-05,S02,西班牙蒜辣蝦,副食,Seafood,260.0,176.8
V000402,2026-03-05,S04,三種起司拼盤,副食,Cheese,340.0,224.4
V000402,2026-03-05,W09,精釀 IPA,酒水,Fried,260.0,150.8
V000403,2026-03-05,M02,爐烤伊比利豬肩,主食,Red_Meat,520.0,197.6
V000403,2026-03-05,S03,伊比利火腿盤,副食,Cheese,380.0,247.0
V000403,2026-03-05,S07,炙燒櫛瓜佐油醋,副食,Universal,160.0,108.8
V000403,2026-03-05,W06,Negroni,酒水,Cheese,350.0,266.0
V000404,2026-03-05,M01,舒肥紅酒燉牛肉,主食,Red_Meat,480.0,192.0
V000404,2026-03-05,S01,紹興油泡蝦,副食,Seafood,280.0,196.0
V000404,2026-03-05,W04,白蘇維翁(杯),酒水,Seafood,280.0,170.8
V000404,2026-03-05,W04,白蘇維翁(杯),酒水,Seafood,280.0,170.8
V000405,2026-03-05,M04,松露野菌燉飯,主食,Cheese,420.0,189.0
V000405,2026-03-05,W13,無酒精莫吉托,酒水,Universal,180.0,144.0
V000406,2026-03-05,M01,舒肥紅酒燉牛肉,主食,Red_Meat,480.0,192.0
V000406,2026-03-05,S06,酥炸花枝圈,副食,Fried,220.0,154.0
V000406,2026-03-05,S02,西班牙蒜辣蝦,副食,Seafood,260.0,176.8
V000406,2026-03-05,S02,西班牙蒜辣蝦,副食,Seafood,260.0,176.8
V000406,2026-03-05,W01,馬爾貝克紅酒(杯),酒水,Red_Meat,280.0,173.6
V000406,2026-03-05,W04,白蘇維翁(杯),酒水,Seafood,280.0,170.8
V000406,2026-03-05,W02,卡本內蘇維翁(杯),酒水,Red_Meat,320.0,192.0
V000407,2026-03-05,M04,松露野菌燉飯,主食,Cheese,420.0,189.0
V000407,2026-03-05,S04,三種起司拼盤,副食,Cheese,340.0,224.4
V000407,2026-03-05,S01,紹興油泡蝦,副食,Seafood,280.0,196.0
V000407,2026-03-05,D02,焦糖烤布蕾,甜點,Dessert,160.0,107.2
V000407,2026-03-05,W05,氣泡酒(杯),酒水,Fried,300.0,189.0
V000407,2026-03-05,W09,精釀 IPA,酒水,Fried,260.0,150.8
V000408,2026-03-05,M06,香煎鮭魚佐檸檬,主食,Seafood,460.0,193.2
V000408,2026-03-05,S07,炙燒櫛瓜佐油醋,副食,Universal,160.0,108.8
V000408,2026-03-05,S05,松露薯條,副食,Fried,180.0,129.6
V000408,2026-03-05,S03,伊比利火腿盤,副食,Cheese,380.0,247.0
V000408,2026-03-05,S01,紹興油泡蝦,副食,Seafood,280.0,196.0
V000408,2026-03-05,W05,氣泡酒(杯),酒水,Fried,300.0,189.0
V000409,2026-03-06,M03,炭烤戰斧牛排,主食,Red_Meat,880.0,308.0
V000409,2026-03-06,M05,白酒蛤蜊義大利麵,主食,Seafood,380.0,167.2
V000409,2026-03-06,M02,爐烤伊比利豬肩,主食,Red_Meat,520.0,197.6
V000409,2026-03-06,S06,酥炸花枝圈,副食,Fried,220.0,154.0
V000409,2026-03-06,W07,Old Fashioned,酒水,Red_Meat,380.0,285.0
V000409,2026-03-06,W01,馬爾貝克紅酒(杯),酒水,Red_Meat,280.0,173.6
V000409,2026-03-06,W01,馬爾貝克紅酒(杯),酒水,Red_Meat,280.0,173.6
V000409,2026-03-06,W06,Negroni,酒水,Cheese,350.0,266.0
V000409,2026-03-06,W05,氣泡酒(杯),酒水,Fried,300.0,189.0
V000409,2026-03-06,W07,Old Fashioned,酒水,Red_Meat,380.0,285.0
V000409,2026-03-06,W05,氣泡酒(杯),酒水,Fried,300.0,189.0
V000409,2026-03-06,W11,威士忌 Highball,酒水,Cheese,300.0,222.0
V000409,2026-03-06,W03,夏多內白酒(杯),酒水,Seafood,260.0,161.2
V000410,2026-03-06,M06,香煎鮭魚佐檸檬,主食,Seafood,460.0,193.2
V000410,2026-03-06,S02,西班牙蒜辣蝦,副食,Seafood,260.0,176.8
V000410,2026-03-06,S06,酥炸花枝圈,副食,Fried,220.0,154.0
V000410,2026-03-06,W01,馬爾貝克紅酒(杯),酒水,Red_Meat,280.0,173.6
V000410,2026-03-06,W08,Gin & Tonic,酒水,Universal,300.0,234.0
V000410,2026-03-06,W03,夏多內白酒(杯),酒水,Seafood,260.0,161.2
V000411,2026-03-06,M04,松露野菌燉飯,主食,Cheese,420.0,189.0
V000411,2026-03-06,S05,松露薯條,副食,Fried,180.0,129.6
V000411,2026-03-06,S03,伊比利火腿盤,副食,Cheese,380.0,247.0
V000411,2026-03-06,S01,紹興油泡蝦,副食,Seafood,280.0,196.0
V000411,2026-03-06,W11,威士忌 Highball,酒水,Cheese,300.0,222.0
V000412,2026-03-06,M01,舒肥紅酒燉牛肉,主食,Red_Meat,480.0,192.0
V000412,2026-03-06,M03,炭烤戰斧牛排,主食,Red_Meat,880.0,308.0
V000412,2026-03-06,M05,白酒蛤蜊義大利麵,主食,Seafood,380.0,167.2
V000412,2026-03-06,S05,松露薯條,副食,Fried,180.0,129.6
V000412,2026-03-06,S06,酥炸花枝圈,副食,Fried,220.0,154.0
V000412,2026-03-06,S06,酥炸花枝圈,副食,Fried,220.0,154.0
V000412,2026-03-06,S07,炙燒櫛瓜佐油醋,副食,Universal,160.0,108.8
V000412,2026-03-06,S07,炙燒櫛瓜佐油醋,副食,Universal,160.0,108.8
V000412,2026-03-06,S05,松露薯條,副食,Fried,180.0,129.6
V000412,2026-03-06,S07,炙燒櫛瓜佐油醋,副食,Universal,160.0,108.8
V000412,2026-03-06,W09,精釀 IPA,酒水,Fried,260.0,150.8
V000412,2026-03-06,W05,氣泡酒(杯),酒水,Fried,300.0,189.0
V000412,2026-03-06,W12,季節水果特調,酒水,Universal,340.0,261.8
V000412,2026-03-06,W05,氣泡酒(杯),酒水,Fried,300.0,189.0
V000413,2026-03-06,M01,舒肥紅酒燉牛肉,主食,Red_Meat,480.0,192.0
V000413,2026-03-06,S02,西班牙蒜辣蝦,副食,Seafood,260.0,176.8
V000413,2026-03-06,S07,炙燒櫛瓜佐油醋,副食,Universal,160.0,108.8
V000413,2026-03-06,S02,西班牙蒜辣蝦,副食,Seafood,260.0,176.8
V000413,2026-03-06,S03,伊比利火腿盤,副食,Cheese,380.0,247.0
V000413,2026-03-06,W12,季節水果特調,酒水,Universal,340.0,261.8
V000413,2026-03-06,W03,夏多內白酒(杯),酒水,Seafood,260.0,161.2
V000414,2026-03-06,M03,炭烤戰斧牛排,主食,Red_Meat,880.0,308.0
V000414,2026-03-06,S03,伊比利火腿盤,副食,Cheese,380.0,247.0
V000414,2026-03-06,W01,馬爾貝克紅酒(杯),酒水,Red_Meat,280.0,173.6
V000414,2026-03-06,W12,季節水果特調,酒水,Universal,340.0,261.8
V000414,2026-03-06,W01,馬爾貝克紅酒(杯),酒水,Red_Meat,280.0,173.6
V000414,2026-03-06,W05,氣泡酒(杯),酒水,Fried,300.0,189.0
V000415,2026-03-06,M05,白酒蛤蜊義大利麵,主食,Seafood,380.0,167.2
V000415,2026-03-06,M01,舒肥紅酒燉牛肉,主食,Red_Meat,480.0,192.0
V000416,2026-03-06,M05,白酒蛤蜊義大利麵,主食,Seafood,380.0,167.2
V000416,2026-03-06,M04,松露野菌燉飯,主食,Cheese,420.0,189.0
V000416,2026-03-06,S03,伊比利火腿盤,副食,Cheese,380.0,247.0
V000416,2026-03-06,S07,炙燒櫛瓜佐油醋,副食,Universal,160.0,108.8
V000416,2026-03-06,D01,提拉米蘇,甜點,Dessert,180.0,117.0
V000416,2026-03-06,W07,Old Fashioned,酒水,Red_Meat,380.0,285.0
V000416,2026-03-06,W09,精釀 IPA,酒水,Fried,260.0,150.8
V000416,2026-03-06,W08,Gin & Tonic,酒水,Universal,300.0,234.0
V000416,2026-03-06,W11,威士忌 Highball,酒水,Cheese,300.0,222.0
V000416,2026-03-06,W13,無酒精莫吉托,酒水,Universal,180.0,144.0
V000416,2026-03-06,W09,精釀 IPA,酒水,Fried,260.0,150.8
V000416,2026-03-06,W13,無酒精莫吉托,酒水,Universal,180.0,144.0
V000417,2026-03-06,M05,白酒蛤蜊義大利麵,主食,Seafood,380.0,167.2
V000417,2026-03-06,S07,炙燒櫛瓜佐油醋,副食,Universal,160.0,108.8
V000417,2026-03-06,S06,酥炸花枝圈,副食,Fried,220.0,154.0
V000417,2026-03-06,W02,卡本內蘇維翁(杯),酒水,Red_Meat,320.0,192.0
V000417,2026-03-06,W06,Negroni,酒水,Cheese,350.0,266.0
V000417,2026-03-06,W04,白蘇維翁(杯),酒水,Seafood,280.0,170.8
V000418,2026-03-06,M01,舒肥紅酒燉牛肉,主食,Red_Meat,480.0,192.0
V000418,2026-03-06,S03,伊比利火腿盤,副食,Cheese,380.0,247.0
V000418,2026-03-06,S04,三種起司拼盤,副食,Cheese,340.0,224.4
V000418,2026-03-06,S04,三種起司拼盤,副食,Cheese,340.0,224.4
V000418,2026-03-06,W03,夏多內白酒(杯),酒水,Seafood,260.0,161.2
V000418,2026-03-06,W11,威士忌 Highball,酒水,Cheese,300.0,222.0
V000419,2026-03-06,M06,香煎鮭魚佐檸檬,主食,Seafood,460.0,193.2
V000419,2026-03-06,S04,三種起司拼盤,副食,Cheese,340.0,224.4
V000419,2026-03-06,S03,伊比利火腿盤,副食,Cheese,380.0,247.0
V000419,2026-03-06,S03,伊比利火腿盤,副食,Cheese,380.0,247.0
V000419,2026-03-06,D02,焦糖烤布蕾,甜點,Dessert,160.0,107.2
V000419,2026-03-06,W04,白蘇維翁(杯),酒水,Seafood,280.0,170.8
V000419,2026-03-06,W03,夏多內白酒(杯),酒水,Seafood,260.0,161.2
V000419,2026-03-06,W07,Old Fashioned,酒水,Red_Meat,380.0,285.0
V000419,2026-03-06,W11,威士忌 Highball,酒水,Cheese,300.0,222.0
V000419,2026-03-06,W11,威士忌 Highball,酒水,Cheese,300.0,222.0
V000420,2026-03-06,M02,爐烤伊比利豬肩,主食,Red_Meat,520.0,197.6
V000420,2026-03-06,M01,舒肥紅酒燉牛肉,主食,Red_Meat,480.0,192.0
V000420,2026-03-06,W04,白蘇維翁(杯),酒水,Seafood,280.0,170.8
V000420,2026-03-06,W05,氣泡酒(杯),酒水,Fried,300.0,189.0
V000420,2026-03-06,W03,夏多內白酒(杯),酒水,Seafood,260.0,161.2
V000421,2026-03-06,M01,舒肥紅酒燉牛肉,主食,Red_Meat,480.0,192.0
V000421,2026-03-06,S05,松露薯條,副食,Fried,180.0,129.6
V000421,2026-03-06,S01,紹興油泡蝦,副食,Seafood,280.0,196.0
V000421,2026-03-06,W02,卡本內蘇維翁(杯),酒水,Red_Meat,320.0,192.0
V000421,2026-03-06,W03,夏多內白酒(杯),酒水,Seafood,260.0,161.2
V000421,2026-03-06,W08,Gin & Tonic,酒水,Universal,300.0,234.0
V000421,2026-03-06,W13,無酒精莫吉托,酒水,Universal,180.0,144.0
V000421,2026-03-06,W11,威士忌 Highball,酒水,Cheese,300.0,222.0
V000421,2026-03-06,W10,小麥白啤酒,酒水,Fried,240.0,136.8
V000421,2026-03-06,W08,Gin & Tonic,酒水,Universal,300.0,234.0
V000421,2026-03-06,W01,馬爾貝克紅酒(杯),酒水,Red_Meat,280.0,173.6
V000421,2026-03-06,W07,Old Fashioned,酒水,Red_Meat,380.0,285.0
V000421,2026-03-06,W09,精釀 IPA,酒水,Fried,260.0,150.8
V000421,2026-03-06,W06,Negroni,酒水,Cheese,350.0,266.0
V000421,2026-03-06,W06,Negroni,酒水,Cheese,350.0,266.0
V000421,2026-03-06,W12,季節水果特調,酒水,Universal,340.0,261.8
V000421,2026-03-06,W13,無酒精莫吉托,酒水,Universal,180.0,144.0
V000422,2026-03-06,M06,香煎鮭魚佐檸檬,主食,Seafood,460.0,193.2
V000422,2026-03-06,M06,香煎鮭魚佐檸檬,主食,Seafood,460.0,193.2
V000422,2026-03-06,M06,香煎鮭魚佐檸檬,主食,Seafood,460.0,193.2
V000422,2026-03-06,S04,三種起司拼盤,副食,Cheese,340.0,224.4
V000422,2026-03-06,S07,炙燒櫛瓜佐油醋,副食,Universal,160.0,108.8
V000422,2026-03-06,W08,Gin & Tonic,酒水,Universal,300.0,234.0
V000422,2026-03-06,W12,季節水果特調,酒水,Universal,340.0,261.8
V000423,2026-03-06,M04,松露野菌燉飯,主食,Cheese,420.0,189.0
V000423,2026-03-06,S04,三種起司拼盤,副食,Cheese,340.0,224.4
V000423,2026-03-06,W11,威士忌 Highball,酒水,Cheese,300.0,222.0
V000424,2026-03-06,M01,舒肥紅酒燉牛肉,主食,Red_Meat,480.0,192.0
V000424,2026-03-06,S03,伊比利火腿盤,副食,Cheese,380.0,247.0
V000424,2026-03-06,S01,紹興油泡蝦,副食,Seafood,280.0,196.0
V000424,2026-03-06,S07,炙燒櫛瓜佐油醋,副食,Universal,160.0,108.8
V000424,2026-03-06,W06,Negroni,酒水,Cheese,350.0,266.0
V000424,2026-03-06,W08,Gin & Tonic,酒水,Universal,300.0,234.0
V000425,2026-03-06,M06,香煎鮭魚佐檸檬,主食,Seafood,460.0,193.2
V000425,2026-03-06,M03,炭烤戰斧牛排,主食,Red_Meat,880.0,308.0
V000425,2026-03-06,M05,白酒蛤蜊義大利麵,主食,Seafood,380.0,167.2
V000425,2026-03-06,S07,炙燒櫛瓜佐油醋,副食,Universal,160.0,108.8
V000425,2026-03-06,S01,紹興油泡蝦,副食,Seafood,280.0,196.0
V000425,2026-03-06,W12,季節水果特調,酒水,Universal,340.0,261.8
V000425,2026-03-06,W13,無酒精莫吉托,酒水,Universal,180.0,144.0
V000425,2026-03-06,W13,無酒精莫吉托,酒水,Universal,180.0,144.0
V000425,2026-03-06,W07,Old Fashioned,酒水,Red_Meat,380.0,285.0
V000426,2026-03-06,M01,舒肥紅酒燉牛肉,主食,Red_Meat,480.0,192.0
V000426,2026-03-06,M03,炭烤戰斧牛排,主食,Red_Meat,880.0,308.0
V000426,2026-03-06,M01,舒肥紅酒燉牛肉,主食,Red_Meat,480.0,192.0
V000426,2026-03-06,S05,松露薯條,副食,Fried,180.0,129.6
V000426,2026-03-06,S01,紹興油泡蝦,副食,Seafood,280.0,196.0
V000426,2026-03-06,W05,氣泡酒(杯),酒水,Fried,300.0,189.0
V000426,2026-03-06,W07,Old Fashioned,酒水,Red_Meat,380.0,285.0
V000426,2026-03-06,W07,Old Fashioned,酒水,Red_Meat,380.0,285.0
V000426,2026-03-06,W06,Negroni,酒水,Cheese,350.0,266.0
V000426,2026-03-06,W02,卡本內蘇維翁(杯),酒水,Red_Meat,320.0,192.0
V000426,2026-03-06,W02,卡本內蘇維翁(杯),酒水,Red_Meat,320.0,192.0
V000426,2026-03-06,W12,季節水果特調,酒水,Universal,340.0,261.8
V000427,2026-03-06,M01,舒肥紅酒燉牛肉,主食,Red_Meat,480.0,192.0
V000427,2026-03-06,S01,紹興油泡蝦,副食,Seafood,280.0,196.0
V000427,2026-03-06,W07,Old Fashioned,酒水,Red_Meat,380.0,285.0
V000427,2026-03-06,W07,Old Fashioned,酒水,Red_Meat,380.0,285.0
V000427,2026-03-06,W01,馬爾貝克紅酒(杯),酒水,Red_Meat,280.0,173.6
V000428,2026-03-06,M06,香煎鮭魚佐檸檬,主食,Seafood,460.0,193.2
V000428,2026-03-06,S05,松露薯條,副食,Fried,180.0,129.6
V000428,2026-03-06,S01,紹興油泡蝦,副食,Seafood,280.0,196.0
V000428,2026-03-06,W09,精釀 IPA,酒水,Fried,260.0,150.8
V000428,2026-03-06,W10,小麥白啤酒,酒水,Fried,240.0,136.8
V000428,2026-03-06,W05,氣泡酒(杯),酒水,Fried,300.0,189.0
V000428,2026-03-06,W05,氣泡酒(杯),酒水,Fried,300.0,189.0
V000429,2026-03-07,M02,爐烤伊比利豬肩,主食,Red_Meat,520.0,197.6
V000429,2026-03-07,S01,紹興油泡蝦,副食,Seafood,280.0,196.0
V000429,2026-03-07,S01,紹興油泡蝦,副食,Seafood,280.0,196.0
V000429,2026-03-07,W03,夏多內白酒(杯),酒水,Seafood,260.0,161.2
V000429,2026-03-07,W13,無酒精莫吉托,酒水,Universal,180.0,144.0
V000429,2026-03-07,W02,卡本內蘇維翁(杯),酒水,Red_Meat,320.0,192.0
V000430,2026-03-07,M01,舒肥紅酒燉牛肉,主食,Red_Meat,480.0,192.0
V000430,2026-03-07,M05,白酒蛤蜊義大利麵,主食,Seafood,380.0,167.2
V000430,2026-03-07,M03,炭烤戰斧牛排,主食,Red_Meat,880.0,308.0
V000430,2026-03-07,S01,紹興油泡蝦,副食,Seafood,280.0,196.0
V000430,2026-03-07,S07,炙燒櫛瓜佐油醋,副食,Universal,160.0,108.8
V000430,2026-03-07,D02,焦糖烤布蕾,甜點,Dessert,160.0,107.2
V000430,2026-03-07,W04,白蘇維翁(杯),酒水,Seafood,280.0,170.8
V000430,2026-03-07,W06,Negroni,酒水,Cheese,350.0,266.0
V000430,2026-03-07,W06,Negroni,酒水,Cheese,350.0,266.0
V000430,2026-03-07,W04,白蘇維翁(杯),酒水,Seafood,280.0,170.8
V000430,2026-03-07,W03,夏多內白酒(杯),酒水,Seafood,260.0,161.2
V000430,2026-03-07,W08,Gin & Tonic,酒水,Universal,300.0,234.0
V000431,2026-03-07,M03,炭烤戰斧牛排,主食,Red_Meat,880.0,308.0
V000431,2026-03-07,S05,松露薯條,副食,Fried,180.0,129.6
V000431,2026-03-07,S05,松露薯條,副食,Fried,180.0,129.6
V000431,2026-03-07,W12,季節水果特調,酒水,Universal,340.0,261.8
V000431,2026-03-07,W03,夏多內白酒(杯),酒水,Seafood,260.0,161.2
V000431,2026-03-07,W07,Old Fashioned,酒水,Red_Meat,380.0,285.0
V000431,2026-03-07,W10,小麥白啤酒,酒水,Fried,240.0,136.8
V000432,2026-03-07,M06,香煎鮭魚佐檸檬,主食,Seafood,460.0,193.2
V000432,2026-03-07,M01,舒肥紅酒燉牛肉,主食,Red_Meat,480.0,192.0
V000432,2026-03-07,M04,松露野菌燉飯,主食,Cheese,420.0,189.0
V000432,2026-03-07,M05,白酒蛤蜊義大利麵,主食,Seafood,380.0,167.2
V000432,2026-03-07,S05,松露薯條,副食,Fried,180.0,129.6
V000432,2026-03-07,W10,小麥白啤酒,酒水,Fried,240.0,136.8
V000432,2026-03-07,W07,Old Fashioned,酒水,Red_Meat,380.0,285.0
V000433,2026-03-07,M01,舒肥紅酒燉牛肉,主食,Red_Meat,480.0,192.0
V000433,2026-03-07,S01,紹興油泡蝦,副食,Seafood,280.0,196.0
V000433,2026-03-07,S07,炙燒櫛瓜佐油醋,副食,Universal,160.0,108.8
V000433,2026-03-07,W13,無酒精莫吉托,酒水,Universal,180.0,144.0
V000433,2026-03-07,W03,夏多內白酒(杯),酒水,Seafood,260.0,161.2
V000434,2026-03-07,M02,爐烤伊比利豬肩,主食,Red_Meat,520.0,197.6
V000434,2026-03-07,W06,Negroni,酒水,Cheese,350.0,266.0
V000434,2026-03-07,W06,Negroni,酒水,Cheese,350.0,266.0
V000434,2026-03-07,W01,馬爾貝克紅酒(杯),酒水,Red_Meat,280.0,173.6
V000434,2026-03-07,W10,小麥白啤酒,酒水,Fried,240.0,136.8
V000435,2026-03-07,M02,爐烤伊比利豬肩,主食,Red_Meat,520.0,197.6
V000435,2026-03-07,M06,香煎鮭魚佐檸檬,主食,Seafood,460.0,193.2
V000435,2026-03-07,S05,松露薯條,副食,Fried,180.0,129.6
V000435,2026-03-07,S01,紹興油泡蝦,副食,Seafood,280.0,196.0
V000435,2026-03-07,S05,松露薯條,副食,Fried,180.0,129.6
V000435,2026-03-07,S04,三種起司拼盤,副食,Cheese,340.0,224.4
V000435,2026-03-07,D01,提拉米蘇,甜點,Dessert,180.0,117.0
V000435,2026-03-07,W07,Old Fashioned,酒水,Red_Meat,380.0,285.0
V000435,2026-03-07,W03,夏多內白酒(杯),酒水,Seafood,260.0,161.2
V000435,2026-03-07,W07,Old Fashioned,酒水,Red_Meat,380.0,285.0
V000435,2026-03-07,W09,精釀 IPA,酒水,Fried,260.0,150.8
V000435,2026-03-07,W08,Gin & Tonic,酒水,Universal,300.0,234.0
V000435,2026-03-07,W10,小麥白啤酒,酒水,Fried,240.0,136.8
V000435,2026-03-07,W01,馬爾貝克紅酒(杯),酒水,Red_Meat,280.0,173.6
V000436,2026-03-07,M01,舒肥紅酒燉牛肉,主食,Red_Meat,480.0,192.0
V000436,2026-03-07,S04,三種起司拼盤,副食,Cheese,340.0,224.4
V000436,2026-03-07,S01,紹興油泡蝦,副食,Seafood,280.0,196.0
V000436,2026-03-07,S05,松露薯條,副食,Fried,180.0,129.6
V000436,2026-03-07,W02,卡本內蘇維翁(杯),酒水,Red_Meat,320.0,192.0
V000437,2026-03-07,M01,舒肥紅酒燉牛肉,主食,Red_Meat,480.0,192.0
V000437,2026-03-07,S02,西班牙蒜辣蝦,副食,Seafood,260.0,176.8
V000437,2026-03-07,S02,西班牙蒜辣蝦,副食,Seafood,260.0,176.8
V000437,2026-03-07,S03,伊比利火腿盤,副食,Cheese,380.0,247.0
V000437,2026-03-07,W03,夏多內白酒(杯),酒水,Seafood,260.0,161.2
V000437,2026-03-07,W07,Old Fashioned,酒水,Red_Meat,380.0,285.0
V000437,2026-03-07,W02,卡本內蘇維翁(杯),酒水,Red_Meat,320.0,192.0
V000437,2026-03-07,W04,白蘇維翁(杯),酒水,Seafood,280.0,170.8
V000437,2026-03-07,W05,氣泡酒(杯),酒水,Fried,300.0,189.0
V000437,2026-03-07,W03,夏多內白酒(杯),酒水,Seafood,260.0,161.2
V000438,2026-03-07,M05,白酒蛤蜊義大利麵,主食,Seafood,380.0,167.2
V000438,2026-03-07,S06,酥炸花枝圈,副食,Fried,220.0,154.0
V000438,2026-03-07,S01,紹興油泡蝦,副食,Seafood,280.0,196.0
V000438,2026-03-07,S03,伊比利火腿盤,副食,Cheese,380.0,247.0
V000438,2026-03-07,S05,松露薯條,副食,Fried,180.0,129.6
V000438,2026-03-07,W09,精釀 IPA,酒水,Fried,260.0,150.8
V000438,2026-03-07,W04,白蘇維翁(杯),酒水,Seafood,280.0,170.8
V000438,2026-03-07,W03,夏多內白酒(杯),酒水,Seafood,260.0,161.2
V000438,2026-03-07,W04,白蘇維翁(杯),酒水,Seafood,280.0,170.8
V000438,2026-03-07,W13,無酒精莫吉托,酒水,Universal,180.0,144.0
V000438,2026-03-07,W04,白蘇維翁(杯),酒水,Seafood,280.0,170.8
V000438,2026-03-07,W05,氣泡酒(杯),酒水,Fried,300.0,189.0
V000438,2026-03-07,W11,威士忌 Highball,酒水,Cheese,300.0,222.0
V000439,2026-03-07,M05,白酒蛤蜊義大利麵,主食,Seafood,380.0,167.2
V000439,2026-03-07,M02,爐烤伊比利豬肩,主食,Red_Meat,520.0,197.6
V000439,2026-03-07,S04,三種起司拼盤,副食,Cheese,340.0,224.4
V000439,2026-03-07,S02,西班牙蒜辣蝦,副食,Seafood,260.0,176.8
V000439,2026-03-07,D02,焦糖烤布蕾,甜點,Dessert,160.0,107.2
V000439,2026-03-07,W06,Negroni,酒水,Cheese,350.0,266.0
V000440,2026-03-07,M04,松露野菌燉飯,主食,Cheese,420.0,189.0
V000440,2026-03-07,M02,爐烤伊比利豬肩,主食,Red_Meat,520.0,197.6
V000440,2026-03-07,S01,紹興油泡蝦,副食,Seafood,280.0,196.0
V000440,2026-03-07,S02,西班牙蒜辣蝦,副食,Seafood,260.0,176.8
V000440,2026-03-07,S06,酥炸花枝圈,副食,Fried,220.0,154.0
V000440,2026-03-07,D02,焦糖烤布蕾,甜點,Dessert,160.0,107.2
V000440,2026-03-07,W03,夏多內白酒(杯),酒水,Seafood,260.0,161.2
V000440,2026-03-07,W01,馬爾貝克紅酒(杯),酒水,Red_Meat,280.0,173.6
V000440,2026-03-07,W10,小麥白啤酒,酒水,Fried,240.0,136.8
V000440,2026-03-07,W02,卡本內蘇維翁(杯),酒水,Red_Meat,320.0,192.0
V000441,2026-03-07,M03,炭烤戰斧牛排,主食,Red_Meat,880.0,308.0
V000441,2026-03-07,S07,炙燒櫛瓜佐油醋,副食,Universal,160.0,108.8
V000441,2026-03-07,S07,炙燒櫛瓜佐油醋,副食,Universal,160.0,108.8
V000441,2026-03-07,W08,Gin & Tonic,酒水,Universal,300.0,234.0
V000441,2026-03-07,W04,白蘇維翁(杯),酒水,Seafood,280.0,170.8
V000441,2026-03-07,W06,Negroni,酒水,Cheese,350.0,266.0
V000441,2026-03-07,W04,白蘇維翁(杯),酒水,Seafood,280.0,170.8
V000441,2026-03-07,W13,無酒精莫吉托,酒水,Universal,180.0,144.0
V000442,2026-03-07,M06,香煎鮭魚佐檸檬,主食,Seafood,460.0,193.2
V000442,2026-03-07,S05,松露薯條,副食,Fried,180.0,129.6
V000442,2026-03-07,S04,三種起司拼盤,副食,Cheese,340.0,224.4
V000442,2026-03-07,S04,三種起司拼盤,副食,Cheese,340.0,224.4
V000443,2026-03-07,W01,馬爾貝克紅酒(杯),酒水,Red_Meat,280.0,173.6
V000444,2026-03-07,M04,松露野菌燉飯,主食,Cheese,420.0,189.0
V000444,2026-03-07,M01,舒肥紅酒燉牛肉,主食,Red_Meat,480.0,192.0
V000444,2026-03-07,M02,爐烤伊比利豬肩,主食,Red_Meat,520.0,197.6
V000444,2026-03-07,S03,伊比利火腿盤,副食,Cheese,380.0,247.0
V000444,2026-03-07,S04,三種起司拼盤,副食,Cheese,340.0,224.4
V000444,2026-03-07,W04,白蘇維翁(杯),酒水,Seafood,280.0,170.8
V000444,2026-03-07,W07,Old Fashioned,酒水,Red_Meat,380.0,285.0
V000444,2026-03-07,W06,Negroni,酒水,Cheese,350.0,266.0
V000444,2026-03-07,W02,卡本內蘇維翁(杯),酒水,Red_Meat,320.0,192.0
V000444,2026-03-07,W11,威士忌 Highball,酒水,Cheese,300.0,222.0
V000444,2026-03-07,W11,威士忌 Highball,酒水,Cheese,300.0,222.0
V000444,2026-03-07,W07,Old Fashioned,酒水,Red_Meat,380.0,285.0
V000444,2026-03-07,W07,Old Fashioned,酒水,Red_Meat,380.0,285.0
V000445,2026-03-07,M03,炭烤戰斧牛排,主食,Red_Meat,880.0,308.0
V000445,2026-03-07,S04,三種起司拼盤,副食,Cheese,340.0,224.4
V000445,2026-03-07,S05,松露薯條,副食,Fried,180.0,129.6
V000445,2026-03-07,S06,酥炸花枝圈,副食,Fried,220.0,154.0
V000445,2026-03-07,D02,焦糖烤布蕾,甜點,Dessert,160.0,107.2
V000445,2026-03-07,W12,季節水果特調,酒水,Universal,340.0,261.8
V000445,2026-03-07,W05,氣泡酒(杯),酒水,Fried,300.0,189.0
V000445,2026-03-07,W06,Negroni,酒水,Cheese,350.0,266.0
V000446,2026-03-07,M02,爐烤伊比利豬肩,主食,Red_Meat,520.0,197.6
V000446,2026-03-07,M01,舒肥紅酒燉牛肉,主食,Red_Meat,480.0,192.0
V000446,2026-03-07,W07,Old Fashioned,酒水,Red_Meat,380.0,285.0
V000446,2026-03-07,W07,Old Fashioned,酒水,Red_Meat,380.0,285.0
V000446,2026-03-07,W12,季節水果特調,酒水,Universal,340.0,261.8
V000446,2026-03-07,W05,氣泡酒(杯),酒水,Fried,300.0,189.0
V000447,2026-03-07,M05,白酒蛤蜊義大利麵,主食,Seafood,380.0,167.2
V000447,2026-03-07,S07,炙燒櫛瓜佐油醋,副食,Universal,160.0,108.8
V000447,2026-03-07,W02,卡本內蘇維翁(杯),酒水,Red_Meat,320.0,192.0
V000447,2026-03-07,W13,無酒精莫吉托,酒水,Universal,180.0,144.0
V000447,2026-03-07,W04,白蘇維翁(杯),酒水,Seafood,280.0,170.8
V000447,2026-03-07,W03,夏多內白酒(杯),酒水,Seafood,260.0,161.2
V000447,2026-03-07,W03,夏多內白酒(杯),酒水,Seafood,260.0,161.2
V000448,2026-03-07,M05,白酒蛤蜊義大利麵,主食,Seafood,380.0,167.2
V000448,2026-03-07,M03,炭烤戰斧牛排,主食,Red_Meat,880.0,308.0
V000448,2026-03-07,M04,松露野菌燉飯,主食,Cheese,420.0,189.0
V000448,2026-03-07,S07,炙燒櫛瓜佐油醋,副食,Universal,160.0,108.8
V000448,2026-03-07,S06,酥炸花枝圈,副食,Fried,220.0,154.0
V000448,2026-03-07,S06,酥炸花枝圈,副食,Fried,220.0,154.0
V000448,2026-03-07,S07,炙燒櫛瓜佐油醋,副食,Universal,160.0,108.8
V000448,2026-03-07,W13,無酒精莫吉托,酒水,Universal,180.0,144.0
V000448,2026-03-07,W13,無酒精莫吉托,酒水,Universal,180.0,144.0
V000448,2026-03-07,W10,小麥白啤酒,酒水,Fried,240.0,136.8
V000449,2026-03-07,M06,香煎鮭魚佐檸檬,主食,Seafood,460.0,193.2
V000449,2026-03-07,M05,白酒蛤蜊義大利麵,主食,Seafood,380.0,167.2
V000449,2026-03-07,M02,爐烤伊比利豬肩,主食,Red_Meat,520.0,197.6
V000449,2026-03-07,M01,舒肥紅酒燉牛肉,主食,Red_Meat,480.0,192.0
V000449,2026-03-07,S04,三種起司拼盤,副食,Cheese,340.0,224.4
V000449,2026-03-07,S05,松露薯條,副食,Fried,180.0,129.6
V000449,2026-03-07,S01,紹興油泡蝦,副食,Seafood,280.0,196.0
V000449,2026-03-07,W04,白蘇維翁(杯),酒水,Seafood,280.0,170.8
V000449,2026-03-07,W02,卡本內蘇維翁(杯),酒水,Red_Meat,320.0,192.0
V000449,2026-03-07,W06,Negroni,酒水,Cheese,350.0,266.0
V000449,2026-03-07,W07,Old Fashioned,酒水,Red_Meat,380.0,285.0
V000449,2026-03-07,W07,Old Fashioned,酒水,Red_Meat,380.0,285.0
V000449,2026-03-07,W02,卡本內蘇維翁(杯),酒水,Red_Meat,320.0,192.0
V000450,2026-03-07,M06,香煎鮭魚佐檸檬,主食,Seafood,460.0,193.2
V000450,2026-03-07,S07,炙燒櫛瓜佐油醋,副食,Universal,160.0,108.8
V000450,2026-03-07,S07,炙燒櫛瓜佐油醋,副食,Universal,160.0,108.8
V000450,2026-03-07,S03,伊比利火腿盤,副食,Cheese,380.0,247.0
V000450,2026-03-07,S05,松露薯條,副食,Fried,180.0,129.6
V000450,2026-03-07,D01,提拉米蘇,甜點,Dessert,180.0,117.0
V000450,2026-03-07,W03,夏多內白酒(杯),酒水,Seafood,260.0,161.2
V000450,2026-03-07,W03,夏多內白酒(杯),酒水,Seafood,260.0,161.2
V000450,2026-03-07,W11,威士忌 Highball,酒水,Cheese,300.0,222.0
V000451,2026-03-07,M02,爐烤伊比利豬肩,主食,Red_Meat,520.0,197.6
V000451,2026-03-07,S07,炙燒櫛瓜佐油醋,副食,Universal,160.0,108.8
V000451,2026-03-07,D01,提拉米蘇,甜點,Dessert,180.0,117.0
V000451,2026-03-07,W05,氣泡酒(杯),酒水,Fried,300.0,189.0
V000451,2026-03-07,W12,季節水果特調,酒水,Universal,340.0,261.8
V000451,2026-03-07,W11,威士忌 Highball,酒水,Cheese,300.0,222.0
V000452,2026-03-08,W03,夏多內白酒(杯),酒水,Seafood,260.0,161.2
V000452,2026-03-08,W05,氣泡酒(杯),酒水,Fried,300.0,189.0
V000453,2026-03-08,M04,松露野菌燉飯,主食,Cheese,420.0,189.0
V000453,2026-03-08,M01,舒肥紅酒燉牛肉,主食,Red_Meat,480.0,192.0
V000453,2026-03-08,S04,三種起司拼盤,副食,Cheese,340.0,224.4
V000453,2026-03-08,S02,西班牙蒜辣蝦,副食,Seafood,260.0,176.8
V000453,2026-03-08,W03,夏多內白酒(杯),酒水,Seafood,260.0,161.2
V000453,2026-03-08,W13,無酒精莫吉托,酒水,Universal,180.0,144.0
V000453,2026-03-08,W03,夏多內白酒(杯),酒水,Seafood,260.0,161.2
V000453,2026-03-08,W07,Old Fashioned,酒水,Red_Meat,380.0,285.0
V000453,2026-03-08,W04,白蘇維翁(杯),酒水,Seafood,280.0,170.8
V000454,2026-03-08,M04,松露野菌燉飯,主食,Cheese,420.0,189.0
V000454,2026-03-08,S07,炙燒櫛瓜佐油醋,副食,Universal,160.0,108.8
V000455,2026-03-08,M02,爐烤伊比利豬肩,主食,Red_Meat,520.0,197.6
V000455,2026-03-08,S04,三種起司拼盤,副食,Cheese,340.0,224.4
V000455,2026-03-08,W07,Old Fashioned,酒水,Red_Meat,380.0,285.0
V000455,2026-03-08,W11,威士忌 Highball,酒水,Cheese,300.0,222.0
V000455,2026-03-08,W13,無酒精莫吉托,酒水,Universal,180.0,144.0
V000456,2026-03-08,M04,松露野菌燉飯,主食,Cheese,420.0,189.0
V000456,2026-03-08,M05,白酒蛤蜊義大利麵,主食,Seafood,380.0,167.2
V000456,2026-03-08,S07,炙燒櫛瓜佐油醋,副食,Universal,160.0,108.8
V000456,2026-03-08,D02,焦糖烤布蕾,甜點,Dessert,160.0,107.2
V000457,2026-03-08,M02,爐烤伊比利豬肩,主食,Red_Meat,520.0,197.6
V000457,2026-03-08,S01,紹興油泡蝦,副食,Seafood,280.0,196.0
V000457,2026-03-08,W03,夏多內白酒(杯),酒水,Seafood,260.0,161.2
V000458,2026-03-08,M04,松露野菌燉飯,主食,Cheese,420.0,189.0
V000458,2026-03-08,S01,紹興油泡蝦,副食,Seafood,280.0,196.0
V000458,2026-03-08,W02,卡本內蘇維翁(杯),酒水,Red_Meat,320.0,192.0
V000458,2026-03-08,W03,夏多內白酒(杯),酒水,Seafood,260.0,161.2
V000459,2026-03-08,M03,炭烤戰斧牛排,主食,Red_Meat,880.0,308.0
V000459,2026-03-08,S07,炙燒櫛瓜佐油醋,副食,Universal,160.0,108.8
V000459,2026-03-08,S05,松露薯條,副食,Fried,180.0,129.6
V000459,2026-03-08,S01,紹興油泡蝦,副食,Seafood,280.0,196.0
V000459,2026-03-08,S06,酥炸花枝圈,副食,Fried,220.0,154.0
V000459,2026-03-08,S03,伊比利火腿盤,副食,Cheese,380.0,247.0
V000459,2026-03-08,W05,氣泡酒(杯),酒水,Fried,300.0,189.0
V000459,2026-03-08,W02,卡本內蘇維翁(杯),酒水,Red_Meat,320.0,192.0
V000459,2026-03-08,W04,白蘇維翁(杯),酒水,Seafood,280.0,170.8
V000459,2026-03-08,W12,季節水果特調,酒水,Universal,340.0,261.8
V000459,2026-03-08,W02,卡本內蘇維翁(杯),酒水,Red_Meat,320.0,192.0
V000459,2026-03-08,W06,Negroni,酒水,Cheese,350.0,266.0
V000460,2026-03-08,M02,爐烤伊比利豬肩,主食,Red_Meat,520.0,197.6
V000460,2026-03-08,M01,舒肥紅酒燉牛肉,主食,Red_Meat,480.0,192.0
V000460,2026-03-08,S03,伊比利火腿盤,副食,Cheese,380.0,247.0
V000460,2026-03-08,S07,炙燒櫛瓜佐油醋,副食,Universal,160.0,108.8
V000460,2026-03-08,S05,松露薯條,副食,Fried,180.0,129.6
V000460,2026-03-08,W05,氣泡酒(杯),酒水,Fried,300.0,189.0
V000461,2026-03-08,M04,松露野菌燉飯,主食,Cheese,420.0,189.0
V000461,2026-03-08,M06,香煎鮭魚佐檸檬,主食,Seafood,460.0,193.2
V000461,2026-03-08,M02,爐烤伊比利豬肩,主食,Red_Meat,520.0,197.6
V000461,2026-03-08,S05,松露薯條,副食,Fried,180.0,129.6
V000461,2026-03-08,S01,紹興油泡蝦,副食,Seafood,280.0,196.0
V000461,2026-03-08,S07,炙燒櫛瓜佐油醋,副食,Universal,160.0,108.8
V000461,2026-03-08,S05,松露薯條,副食,Fried,180.0,129.6
V000461,2026-03-08,D01,提拉米蘇,甜點,Dessert,180.0,117.0
V000461,2026-03-08,W03,夏多內白酒(杯),酒水,Seafood,260.0,161.2
V000461,2026-03-08,W10,小麥白啤酒,酒水,Fried,240.0,136.8
V000461,2026-03-08,W02,卡本內蘇維翁(杯),酒水,Red_Meat,320.0,192.0
V000461,2026-03-08,W03,夏多內白酒(杯),酒水,Seafood,260.0,161.2
V000462,2026-03-10,M01,舒肥紅酒燉牛肉,主食,Red_Meat,480.0,192.0
V000462,2026-03-10,S04,三種起司拼盤,副食,Cheese,340.0,224.4
V000462,2026-03-10,S07,炙燒櫛瓜佐油醋,副食,Universal,160.0,108.8
V000462,2026-03-10,S06,酥炸花枝圈,副食,Fried,220.0,154.0
V000462,2026-03-10,W08,Gin & Tonic,酒水,Universal,300.0,234.0
V000462,2026-03-10,W02,卡本內蘇維翁(杯),酒水,Red_Meat,320.0,192.0
V000462,2026-03-10,W03,夏多內白酒(杯),酒水,Seafood,260.0,161.2
V000462,2026-03-10,W08,Gin & Tonic,酒水,Universal,300.0,234.0
V000462,2026-03-10,W13,無酒精莫吉托,酒水,Universal,180.0,144.0
V000462,2026-03-10,W01,馬爾貝克紅酒(杯),酒水,Red_Meat,280.0,173.6
V000462,2026-03-10,W04,白蘇維翁(杯),酒水,Seafood,280.0,170.8
V000463,2026-03-10,M01,舒肥紅酒燉牛肉,主食,Red_Meat,480.0,192.0
V000463,2026-03-10,M02,爐烤伊比利豬肩,主食,Red_Meat,520.0,197.6
V000463,2026-03-10,M05,白酒蛤蜊義大利麵,主食,Seafood,380.0,167.2
V000463,2026-03-10,S06,酥炸花枝圈,副食,Fried,220.0,154.0
V000463,2026-03-10,S03,伊比利火腿盤,副食,Cheese,380.0,247.0
V000463,2026-03-10,S05,松露薯條,副食,Fried,180.0,129.6
V000463,2026-03-10,D02,焦糖烤布蕾,甜點,Dessert,160.0,107.2
V000463,2026-03-10,W10,小麥白啤酒,酒水,Fried,240.0,136.8
V000463,2026-03-10,W01,馬爾貝克紅酒(杯),酒水,Red_Meat,280.0,173.6
V000463,2026-03-10,W12,季節水果特調,酒水,Universal,340.0,261.8
V000463,2026-03-10,W02,卡本內蘇維翁(杯),酒水,Red_Meat,320.0,192.0
V000464,2026-03-10,M01,舒肥紅酒燉牛肉,主食,Red_Meat,480.0,192.0
V000464,2026-03-10,W03,夏多內白酒(杯),酒水,Seafood,260.0,161.2
V000464,2026-03-10,W02,卡本內蘇維翁(杯),酒水,Red_Meat,320.0,192.0
V000465,2026-03-10,M06,香煎鮭魚佐檸檬,主食,Seafood,460.0,193.2
V000465,2026-03-10,M01,舒肥紅酒燉牛肉,主食,Red_Meat,480.0,192.0
V000465,2026-03-10,M04,松露野菌燉飯,主食,Cheese,420.0,189.0
V000465,2026-03-10,S05,松露薯條,副食,Fried,180.0,129.6
V000465,2026-03-10,S03,伊比利火腿盤,副食,Cheese,380.0,247.0
V000466,2026-03-10,M03,炭烤戰斧牛排,主食,Red_Meat,880.0,308.0
V000466,2026-03-10,M02,爐烤伊比利豬肩,主食,Red_Meat,520.0,197.6
V000466,2026-03-10,S04,三種起司拼盤,副食,Cheese,340.0,224.4
V000466,2026-03-10,S03,伊比利火腿盤,副食,Cheese,380.0,247.0
V000466,2026-03-10,S05,松露薯條,副食,Fried,180.0,129.6
V000466,2026-03-10,S03,伊比利火腿盤,副食,Cheese,380.0,247.0
V000467,2026-03-10,M03,炭烤戰斧牛排,主食,Red_Meat,880.0,308.0
V000467,2026-03-10,S05,松露薯條,副食,Fried,180.0,129.6
V000467,2026-03-10,S03,伊比利火腿盤,副食,Cheese,380.0,247.0
V000467,2026-03-10,D01,提拉米蘇,甜點,Dessert,180.0,117.0
V000467,2026-03-10,W06,Negroni,酒水,Cheese,350.0,266.0
V000467,2026-03-10,W05,氣泡酒(杯),酒水,Fried,300.0,189.0
V000468,2026-03-10,M05,白酒蛤蜊義大利麵,主食,Seafood,380.0,167.2
V000468,2026-03-10,M02,爐烤伊比利豬肩,主食,Red_Meat,520.0,197.6
V000468,2026-03-10,S01,紹興油泡蝦,副食,Seafood,280.0,196.0
V000468,2026-03-10,S07,炙燒櫛瓜佐油醋,副食,Universal,160.0,108.8
V000468,2026-03-10,S05,松露薯條,副食,Fried,180.0,129.6
V000469,2026-03-10,M04,松露野菌燉飯,主食,Cheese,420.0,189.0
V000469,2026-03-10,S07,炙燒櫛瓜佐油醋,副食,Universal,160.0,108.8
V000469,2026-03-10,S03,伊比利火腿盤,副食,Cheese,380.0,247.0
V000469,2026-03-10,W11,威士忌 Highball,酒水,Cheese,300.0,222.0
V000469,2026-03-10,W12,季節水果特調,酒水,Universal,340.0,261.8
V000469,2026-03-10,W11,威士忌 Highball,酒水,Cheese,300.0,222.0
V000470,2026-03-11,M01,舒肥紅酒燉牛肉,主食,Red_Meat,480.0,192.0
V000470,2026-03-11,S07,炙燒櫛瓜佐油醋,副食,Universal,160.0,108.8
V000470,2026-03-11,S03,伊比利火腿盤,副食,Cheese,380.0,247.0
V000470,2026-03-11,S06,酥炸花枝圈,副食,Fried,220.0,154.0
V000470,2026-03-11,D02,焦糖烤布蕾,甜點,Dessert,160.0,107.2
V000470,2026-03-11,W12,季節水果特調,酒水,Universal,340.0,261.8
V000470,2026-03-11,W11,威士忌 Highball,酒水,Cheese,300.0,222.0
V000470,2026-03-11,W03,夏多內白酒(杯),酒水,Seafood,260.0,161.2
V000470,2026-03-11,W01,馬爾貝克紅酒(杯),酒水,Red_Meat,280.0,173.6
V000471,2026-03-11,M02,爐烤伊比利豬肩,主食,Red_Meat,520.0,197.6
V000471,2026-03-11,M04,松露野菌燉飯,主食,Cheese,420.0,189.0
V000471,2026-03-11,M01,舒肥紅酒燉牛肉,主食,Red_Meat,480.0,192.0
V000471,2026-03-11,M01,舒肥紅酒燉牛肉,主食,Red_Meat,480.0,192.0
V000471,2026-03-11,S07,炙燒櫛瓜佐油醋,副食,Universal,160.0,108.8
V000471,2026-03-11,S01,紹興油泡蝦,副食,Seafood,280.0,196.0
V000471,2026-03-11,S05,松露薯條,副食,Fried,180.0,129.6
V000471,2026-03-11,S04,三種起司拼盤,副食,Cheese,340.0,224.4
V000471,2026-03-11,D02,焦糖烤布蕾,甜點,Dessert,160.0,107.2
V000471,2026-03-11,W08,Gin & Tonic,酒水,Universal,300.0,234.0
V000471,2026-03-11,W13,無酒精莫吉托,酒水,Universal,180.0,144.0
V000471,2026-03-11,W07,Old Fashioned,酒水,Red_Meat,380.0,285.0
V000471,2026-03-11,W07,Old Fashioned,酒水,Red_Meat,380.0,285.0
V000471,2026-03-11,W02,卡本內蘇維翁(杯),酒水,Red_Meat,320.0,192.0
V000471,2026-03-11,W10,小麥白啤酒,酒水,Fried,240.0,136.8
V000472,2026-03-11,M02,爐烤伊比利豬肩,主食,Red_Meat,520.0,197.6
V000472,2026-03-11,M03,炭烤戰斧牛排,主食,Red_Meat,880.0,308.0
V000472,2026-03-11,S07,炙燒櫛瓜佐油醋,副食,Universal,160.0,108.8
V000472,2026-03-11,S04,三種起司拼盤,副食,Cheese,340.0,224.4
V000472,2026-03-11,S01,紹興油泡蝦,副食,Seafood,280.0,196.0
V000472,2026-03-11,W01,馬爾貝克紅酒(杯),酒水,Red_Meat,280.0,173.6
V000472,2026-03-11,W01,馬爾貝克紅酒(杯),酒水,Red_Meat,280.0,173.6
V000472,2026-03-11,W01,馬爾貝克紅酒(杯),酒水,Red_Meat,280.0,173.6
V000472,2026-03-11,W01,馬爾貝克紅酒(杯),酒水,Red_Meat,280.0,173.6
V000472,2026-03-11,W04,白蘇維翁(杯),酒水,Seafood,280.0,170.8
V000473,2026-03-11,M06,香煎鮭魚佐檸檬,主食,Seafood,460.0,193.2
V000473,2026-03-11,M01,舒肥紅酒燉牛肉,主食,Red_Meat,480.0,192.0
V000473,2026-03-11,M03,炭烤戰斧牛排,主食,Red_Meat,880.0,308.0
V000473,2026-03-11,M05,白酒蛤蜊義大利麵,主食,Seafood,380.0,167.2
V000473,2026-03-11,S05,松露薯條,副食,Fried,180.0,129.6
V000473,2026-03-11,S03,伊比利火腿盤,副食,Cheese,380.0,247.0
V000473,2026-03-11,S07,炙燒櫛瓜佐油醋,副食,Universal,160.0,108.8
V000473,2026-03-11,S01,紹興油泡蝦,副食,Seafood,280.0,196.0
V000473,2026-03-11,D02,焦糖烤布蕾,甜點,Dessert,160.0,107.2
V000473,2026-03-11,W09,精釀 IPA,酒水,Fried,260.0,150.8
V000473,2026-03-11,W06,Negroni,酒水,Cheese,350.0,266.0
V000474,2026-03-11,S01,紹興油泡蝦,副食,Seafood,280.0,196.0
V000474,2026-03-11,S02,西班牙蒜辣蝦,副食,Seafood,260.0,176.8
V000474,2026-03-11,W04,白蘇維翁(杯),酒水,Seafood,280.0,170.8
V000474,2026-03-11,W11,威士忌 Highball,酒水,Cheese,300.0,222.0
V000475,2026-03-12,M06,香煎鮭魚佐檸檬,主食,Seafood,460.0,193.2
V000475,2026-03-12,S04,三種起司拼盤,副食,Cheese,340.0,224.4
V000475,2026-03-12,S02,西班牙蒜辣蝦,副食,Seafood,260.0,176.8
V000475,2026-03-12,W04,白蘇維翁(杯),酒水,Seafood,280.0,170.8
V000475,2026-03-12,W08,Gin & Tonic,酒水,Universal,300.0,234.0
V000475,2026-03-12,W03,夏多內白酒(杯),酒水,Seafood,260.0,161.2
V000475,2026-03-12,W03,夏多內白酒(杯),酒水,Seafood,260.0,161.2
V000476,2026-03-12,M01,舒肥紅酒燉牛肉,主食,Red_Meat,480.0,192.0
V000476,2026-03-12,W02,卡本內蘇維翁(杯),酒水,Red_Meat,320.0,192.0
V000476,2026-03-12,W12,季節水果特調,酒水,Universal,340.0,261.8
V000476,2026-03-12,W06,Negroni,酒水,Cheese,350.0,266.0
V000477,2026-03-12,M02,爐烤伊比利豬肩,主食,Red_Meat,520.0,197.6
V000477,2026-03-12,W07,Old Fashioned,酒水,Red_Meat,380.0,285.0
V000477,2026-03-12,W06,Negroni,酒水,Cheese,350.0,266.0
V000478,2026-03-12,M01,舒肥紅酒燉牛肉,主食,Red_Meat,480.0,192.0
V000478,2026-03-12,S03,伊比利火腿盤,副食,Cheese,380.0,247.0
V000478,2026-03-12,D01,提拉米蘇,甜點,Dessert,180.0,117.0
V000478,2026-03-12,W12,季節水果特調,酒水,Universal,340.0,261.8
V000478,2026-03-12,W02,卡本內蘇維翁(杯),酒水,Red_Meat,320.0,192.0
V000478,2026-03-12,W06,Negroni,酒水,Cheese,350.0,266.0
V000478,2026-03-12,W02,卡本內蘇維翁(杯),酒水,Red_Meat,320.0,192.0
V000479,2026-03-12,M01,舒肥紅酒燉牛肉,主食,Red_Meat,480.0,192.0
V000479,2026-03-12,S06,酥炸花枝圈,副食,Fried,220.0,154.0
V000479,2026-03-12,W05,氣泡酒(杯),酒水,Fried,300.0,189.0
V000479,2026-03-12,W05,氣泡酒(杯),酒水,Fried,300.0,189.0
V000480,2026-03-12,M06,香煎鮭魚佐檸檬,主食,Seafood,460.0,193.2
V000480,2026-03-12,S01,紹興油泡蝦,副食,Seafood,280.0,196.0
V000481,2026-03-12,M01,舒肥紅酒燉牛肉,主食,Red_Meat,480.0,192.0
V000481,2026-03-12,S06,酥炸花枝圈,副食,Fried,220.0,154.0
V000481,2026-03-12,D01,提拉米蘇,甜點,Dessert,180.0,117.0
V000482,2026-03-12,M02,爐烤伊比利豬肩,主食,Red_Meat,520.0,197.6
V000482,2026-03-12,S07,炙燒櫛瓜佐油醋,副食,Universal,160.0,108.8
V000482,2026-03-12,W01,馬爾貝克紅酒(杯),酒水,Red_Meat,280.0,173.6
V000483,2026-03-12,M03,炭烤戰斧牛排,主食,Red_Meat,880.0,308.0
V000483,2026-03-12,S05,松露薯條,副食,Fried,180.0,129.6
V000483,2026-03-12,S07,炙燒櫛瓜佐油醋,副食,Universal,160.0,108.8
V000483,2026-03-12,S04,三種起司拼盤,副食,Cheese,340.0,224.4
V000483,2026-03-12,W05,氣泡酒(杯),酒水,Fried,300.0,189.0
V000483,2026-03-12,W01,馬爾貝克紅酒(杯),酒水,Red_Meat,280.0,173.6
V000483,2026-03-12,W12,季節水果特調,酒水,Universal,340.0,261.8
V000484,2026-03-12,M03,炭烤戰斧牛排,主食,Red_Meat,880.0,308.0
V000484,2026-03-12,S02,西班牙蒜辣蝦,副食,Seafood,260.0,176.8
V000484,2026-03-12,S04,三種起司拼盤,副食,Cheese,340.0,224.4
V000484,2026-03-12,S01,紹興油泡蝦,副食,Seafood,280.0,196.0
V000484,2026-03-12,S06,酥炸花枝圈,副食,Fried,220.0,154.0
V000484,2026-03-12,W01,馬爾貝克紅酒(杯),酒水,Red_Meat,280.0,173.6
V000484,2026-03-12,W04,白蘇維翁(杯),酒水,Seafood,280.0,170.8
V000484,2026-03-12,W04,白蘇維翁(杯),酒水,Seafood,280.0,170.8
V000484,2026-03-12,W06,Negroni,酒水,Cheese,350.0,266.0
V000484,2026-03-12,W04,白蘇維翁(杯),酒水,Seafood,280.0,170.8
V000484,2026-03-12,W04,白蘇維翁(杯),酒水,Seafood,280.0,170.8
V000485,2026-03-12,M02,爐烤伊比利豬肩,主食,Red_Meat,520.0,197.6
V000485,2026-03-12,S04,三種起司拼盤,副食,Cheese,340.0,224.4
V000485,2026-03-12,S07,炙燒櫛瓜佐油醋,副食,Universal,160.0,108.8
V000485,2026-03-12,W13,無酒精莫吉托,酒水,Universal,180.0,144.0
V000485,2026-03-12,W09,精釀 IPA,酒水,Fried,260.0,150.8
V000485,2026-03-12,W02,卡本內蘇維翁(杯),酒水,Red_Meat,320.0,192.0
V000485,2026-03-12,W12,季節水果特調,酒水,Universal,340.0,261.8
V000486,2026-03-12,M01,舒肥紅酒燉牛肉,主食,Red_Meat,480.0,192.0
V000486,2026-03-12,M02,爐烤伊比利豬肩,主食,Red_Meat,520.0,197.6
V000486,2026-03-12,M02,爐烤伊比利豬肩,主食,Red_Meat,520.0,197.6
V000486,2026-03-12,M05,白酒蛤蜊義大利麵,主食,Seafood,380.0,167.2
V000486,2026-03-12,S07,炙燒櫛瓜佐油醋,副食,Universal,160.0,108.8
V000486,2026-03-12,D02,焦糖烤布蕾,甜點,Dessert,160.0,107.2
V000486,2026-03-12,W12,季節水果特調,酒水,Universal,340.0,261.8
V000486,2026-03-12,W02,卡本內蘇維翁(杯),酒水,Red_Meat,320.0,192.0
V000486,2026-03-12,W03,夏多內白酒(杯),酒水,Seafood,260.0,161.2
V000487,2026-03-12,M03,炭烤戰斧牛排,主食,Red_Meat,880.0,308.0
V000487,2026-03-12,M03,炭烤戰斧牛排,主食,Red_Meat,880.0,308.0
V000487,2026-03-12,S05,松露薯條,副食,Fried,180.0,129.6
V000487,2026-03-12,S07,炙燒櫛瓜佐油醋,副食,Universal,160.0,108.8
V000487,2026-03-12,S05,松露薯條,副食,Fried,180.0,129.6
V000487,2026-03-12,S06,酥炸花枝圈,副食,Fried,220.0,154.0
V000487,2026-03-12,S05,松露薯條,副食,Fried,180.0,129.6
V000487,2026-03-12,D02,焦糖烤布蕾,甜點,Dessert,160.0,107.2
V000487,2026-03-12,W09,精釀 IPA,酒水,Fried,260.0,150.8
V000487,2026-03-12,W10,小麥白啤酒,酒水,Fried,240.0,136.8
V000487,2026-03-12,W11,威士忌 Highball,酒水,Cheese,300.0,222.0
V000487,2026-03-12,W02,卡本內蘇維翁(杯),酒水,Red_Meat,320.0,192.0
V000488,2026-03-12,M03,炭烤戰斧牛排,主食,Red_Meat,880.0,308.0
V000489,2026-03-13,M01,舒肥紅酒燉牛肉,主食,Red_Meat,480.0,192.0
V000489,2026-03-13,M04,松露野菌燉飯,主食,Cheese,420.0,189.0
V000489,2026-03-13,S02,西班牙蒜辣蝦,副食,Seafood,260.0,176.8
V000489,2026-03-13,S02,西班牙蒜辣蝦,副食,Seafood,260.0,176.8
V000489,2026-03-13,W03,夏多內白酒(杯),酒水,Seafood,260.0,161.2
V000489,2026-03-13,W04,白蘇維翁(杯),酒水,Seafood,280.0,170.8
V000490,2026-03-13,M06,香煎鮭魚佐檸檬,主食,Seafood,460.0,193.2
V000490,2026-03-13,M01,舒肥紅酒燉牛肉,主食,Red_Meat,480.0,192.0
V000491,2026-03-13,M02,爐烤伊比利豬肩,主食,Red_Meat,520.0,197.6
V000491,2026-03-13,S06,酥炸花枝圈,副食,Fried,220.0,154.0
V000491,2026-03-13,S05,松露薯條,副食,Fried,180.0,129.6
V000491,2026-03-13,W10,小麥白啤酒,酒水,Fried,240.0,136.8
V000491,2026-03-13,W05,氣泡酒(杯),酒水,Fried,300.0,189.0
V000492,2026-03-13,M02,爐烤伊比利豬肩,主食,Red_Meat,520.0,197.6
V000492,2026-03-13,M03,炭烤戰斧牛排,主食,Red_Meat,880.0,308.0
V000492,2026-03-13,S04,三種起司拼盤,副食,Cheese,340.0,224.4
V000492,2026-03-13,S06,酥炸花枝圈,副食,Fried,220.0,154.0
V000492,2026-03-13,S02,西班牙蒜辣蝦,副食,Seafood,260.0,176.8
V000492,2026-03-13,W10,小麥白啤酒,酒水,Fried,240.0,136.8
V000492,2026-03-13,W02,卡本內蘇維翁(杯),酒水,Red_Meat,320.0,192.0
V000493,2026-03-13,M04,松露野菌燉飯,主食,Cheese,420.0,189.0
V000493,2026-03-13,S06,酥炸花枝圈,副食,Fried,220.0,154.0
V000493,2026-03-13,S05,松露薯條,副食,Fried,180.0,129.6
V000493,2026-03-13,S05,松露薯條,副食,Fried,180.0,129.6
V000493,2026-03-13,S06,酥炸花枝圈,副食,Fried,220.0,154.0
V000493,2026-03-13,S02,西班牙蒜辣蝦,副食,Seafood,260.0,176.8
V000493,2026-03-13,W09,精釀 IPA,酒水,Fried,260.0,150.8
V000494,2026-03-13,M01,舒肥紅酒燉牛肉,主食,Red_Meat,480.0,192.0
V000494,2026-03-13,S04,三種起司拼盤,副食,Cheese,340.0,224.4
V000494,2026-03-13,S07,炙燒櫛瓜佐油醋,副食,Universal,160.0,108.8
V000494,2026-03-13,W08,Gin & Tonic,酒水,Universal,300.0,234.0
V000495,2026-03-13,M01,舒肥紅酒燉牛肉,主食,Red_Meat,480.0,192.0
V000495,2026-03-13,M05,白酒蛤蜊義大利麵,主食,Seafood,380.0,167.2
V000495,2026-03-13,S07,炙燒櫛瓜佐油醋,副食,Universal,160.0,108.8
V000495,2026-03-13,S01,紹興油泡蝦,副食,Seafood,280.0,196.0
V000495,2026-03-13,S06,酥炸花枝圈,副食,Fried,220.0,154.0
V000495,2026-03-13,W03,夏多內白酒(杯),酒水,Seafood,260.0,161.2
V000495,2026-03-13,W03,夏多內白酒(杯),酒水,Seafood,260.0,161.2
V000495,2026-03-13,W02,卡本內蘇維翁(杯),酒水,Red_Meat,320.0,192.0
V000495,2026-03-13,W04,白蘇維翁(杯),酒水,Seafood,280.0,170.8
V000495,2026-03-13,W03,夏多內白酒(杯),酒水,Seafood,260.0,161.2
V000496,2026-03-13,M06,香煎鮭魚佐檸檬,主食,Seafood,460.0,193.2
V000496,2026-03-13,S05,松露薯條,副食,Fried,180.0,129.6
V000496,2026-03-13,W13,無酒精莫吉托,酒水,Universal,180.0,144.0
V000497,2026-03-13,M02,爐烤伊比利豬肩,主食,Red_Meat,520.0,197.6
V000497,2026-03-13,S07,炙燒櫛瓜佐油醋,副食,Universal,160.0,108.8
V000497,2026-03-13,W05,氣泡酒(杯),酒水,Fried,300.0,189.0
V000497,2026-03-13,W12,季節水果特調,酒水,Universal,340.0,261.8
V000497,2026-03-13,W11,威士忌 Highball,酒水,Cheese,300.0,222.0
V000497,2026-03-13,W07,Old Fashioned,酒水,Red_Meat,380.0,285.0
V000498,2026-03-13,M04,松露野菌燉飯,主食,Cheese,420.0,189.0
V000498,2026-03-13,S01,紹興油泡蝦,副食,Seafood,280.0,196.0
V000498,2026-03-13,S02,西班牙蒜辣蝦,副食,Seafood,260.0,176.8
V000498,2026-03-13,S06,酥炸花枝圈,副食,Fried,220.0,154.0
V000498,2026-03-13,W05,氣泡酒(杯),酒水,Fried,300.0,189.0
V000498,2026-03-13,W03,夏多內白酒(杯),酒水,Seafood,260.0,161.2
V000498,2026-03-13,W03,夏多內白酒(杯),酒水,Seafood,260.0,161.2
V000498,2026-03-13,W04,白蘇維翁(杯),酒水,Seafood,280.0,170.8
V000499,2026-03-13,M06,香煎鮭魚佐檸檬,主食,Seafood,460.0,193.2
V000499,2026-03-13,S01,紹興油泡蝦,副食,Seafood,280.0,196.0
V000499,2026-03-13,S01,紹興油泡蝦,副食,Seafood,280.0,196.0
V000499,2026-03-13,W04,白蘇維翁(杯),酒水,Seafood,280.0,170.8
V000499,2026-03-13,W04,白蘇維翁(杯),酒水,Seafood,280.0,170.8
V000499,2026-03-13,W03,夏多內白酒(杯),酒水,Seafood,260.0,161.2
V000499,2026-03-13,W04,白蘇維翁(杯),酒水,Seafood,280.0,170.8
V000499,2026-03-13,W03,夏多內白酒(杯),酒水,Seafood,260.0,161.2
V000499,2026-03-13,W10,小麥白啤酒,酒水,Fried,240.0,136.8
V000500,2026-03-13,M04,松露野菌燉飯,主食,Cheese,420.0,189.0
V000500,2026-03-13,S07,炙燒櫛瓜佐油醋,副食,Universal,160.0,108.8
V000500,2026-03-13,S06,酥炸花枝圈,副食,Fried,220.0,154.0
V000500,2026-03-13,S05,松露薯條,副食,Fried,180.0,129.6
V000500,2026-03-13,S07,炙燒櫛瓜佐油醋,副食,Universal,160.0,108.8
V000500,2026-03-13,W12,季節水果特調,酒水,Universal,340.0,261.8
V000501,2026-03-13,M06,香煎鮭魚佐檸檬,主食,Seafood,460.0,193.2
V000501,2026-03-13,M05,白酒蛤蜊義大利麵,主食,Seafood,380.0,167.2
V000501,2026-03-13,S01,紹興油泡蝦,副食,Seafood,280.0,196.0
V000501,2026-03-13,W04,白蘇維翁(杯),酒水,Seafood,280.0,170.8
V000502,2026-03-13,M04,松露野菌燉飯,主食,Cheese,420.0,189.0
V000502,2026-03-13,D02,焦糖烤布蕾,甜點,Dessert,160.0,107.2
V000502,2026-03-13,W06,Negroni,酒水,Cheese,350.0,266.0
V000502,2026-03-13,W12,季節水果特調,酒水,Universal,340.0,261.8
V000502,2026-03-13,W10,小麥白啤酒,酒水,Fried,240.0,136.8
V000502,2026-03-13,W12,季節水果特調,酒水,Universal,340.0,261.8
V000502,2026-03-13,W12,季節水果特調,酒水,Universal,340.0,261.8
V000502,2026-03-13,W10,小麥白啤酒,酒水,Fried,240.0,136.8
V000502,2026-03-13,W03,夏多內白酒(杯),酒水,Seafood,260.0,161.2
V000502,2026-03-13,W09,精釀 IPA,酒水,Fried,260.0,150.8
V000502,2026-03-13,W02,卡本內蘇維翁(杯),酒水,Red_Meat,320.0,192.0
V000503,2026-03-13,M04,松露野菌燉飯,主食,Cheese,420.0,189.0
V000503,2026-03-13,M05,白酒蛤蜊義大利麵,主食,Seafood,380.0,167.2
V000503,2026-03-13,M02,爐烤伊比利豬肩,主食,Red_Meat,520.0,197.6
V000503,2026-03-13,M01,舒肥紅酒燉牛肉,主食,Red_Meat,480.0,192.0
V000503,2026-03-13,S04,三種起司拼盤,副食,Cheese,340.0,224.4
V000503,2026-03-13,S05,松露薯條,副食,Fried,180.0,129.6
V000503,2026-03-13,S07,炙燒櫛瓜佐油醋,副食,Universal,160.0,108.8
V000503,2026-03-13,W02,卡本內蘇維翁(杯),酒水,Red_Meat,320.0,192.0
V000503,2026-03-13,W02,卡本內蘇維翁(杯),酒水,Red_Meat,320.0,192.0
V000503,2026-03-13,W12,季節水果特調,酒水,Universal,340.0,261.8
V000503,2026-03-13,W07,Old Fashioned,酒水,Red_Meat,380.0,285.0
V000503,2026-03-13,W08,Gin & Tonic,酒水,Universal,300.0,234.0
V000504,2026-03-14,M06,香煎鮭魚佐檸檬,主食,Seafood,460.0,193.2
V000504,2026-03-14,M06,香煎鮭魚佐檸檬,主食,Seafood,460.0,193.2
V000504,2026-03-14,S04,三種起司拼盤,副食,Cheese,340.0,224.4
V000504,2026-03-14,S02,西班牙蒜辣蝦,副食,Seafood,260.0,176.8
V000504,2026-03-14,S04,三種起司拼盤,副食,Cheese,340.0,224.4
V000504,2026-03-14,S04,三種起司拼盤,副食,Cheese,340.0,224.4
V000505,2026-03-14,M05,白酒蛤蜊義大利麵,主食,Seafood,380.0,167.2
V000505,2026-03-14,M02,爐烤伊比利豬肩,主食,Red_Meat,520.0,197.6
V000505,2026-03-14,S02,西班牙蒜辣蝦,副食,Seafood,260.0,176.8
V000505,2026-03-14,S07,炙燒櫛瓜佐油醋,副食,Universal,160.0,108.8
V000505,2026-03-14,S05,松露薯條,副食,Fried,180.0,129.6
V000505,2026-03-14,S04,三種起司拼盤,副食,Cheese,340.0,224.4
V000505,2026-03-14,S02,西班牙蒜辣蝦,副食,Seafood,260.0,176.8
V000505,2026-03-14,S06,酥炸花枝圈,副食,Fried,220.0,154.0
V000505,2026-03-14,D02,焦糖烤布蕾,甜點,Dessert,160.0,107.2
V000505,2026-03-14,W04,白蘇維翁(杯),酒水,Seafood,280.0,170.8
V000505,2026-03-14,W13,無酒精莫吉托,酒水,Universal,180.0,144.0
V000505,2026-03-14,W09,精釀 IPA,酒水,Fried,260.0,150.8
V000505,2026-03-14,W05,氣泡酒(杯),酒水,Fried,300.0,189.0
V000505,2026-03-14,W06,Negroni,酒水,Cheese,350.0,266.0
V000505,2026-03-14,W04,白蘇維翁(杯),酒水,Seafood,280.0,170.8
V000506,2026-03-14,M03,炭烤戰斧牛排,主食,Red_Meat,880.0,308.0
V000506,2026-03-14,M04,松露野菌燉飯,主食,Cheese,420.0,189.0
V000506,2026-03-14,S02,西班牙蒜辣蝦,副食,Seafood,260.0,176.8
V000506,2026-03-14,S07,炙燒櫛瓜佐油醋,副食,Universal,160.0,108.8
V000506,2026-03-14,S02,西班牙蒜辣蝦,副食,Seafood,260.0,176.8
V000506,2026-03-14,W07,Old Fashioned,酒水,Red_Meat,380.0,285.0
V000506,2026-03-14,W03,夏多內白酒(杯),酒水,Seafood,260.0,161.2
V000506,2026-03-14,W04,白蘇維翁(杯),酒水,Seafood,280.0,170.8
V000507,2026-03-14,M01,舒肥紅酒燉牛肉,主食,Red_Meat,480.0,192.0
V000507,2026-03-14,S05,松露薯條,副食,Fried,180.0,129.6
V000507,2026-03-14,S02,西班牙蒜辣蝦,副食,Seafood,260.0,176.8
V000507,2026-03-14,D01,提拉米蘇,甜點,Dessert,180.0,117.0
V000507,2026-03-14,W02,卡本內蘇維翁(杯),酒水,Red_Meat,320.0,192.0
V000507,2026-03-14,W13,無酒精莫吉托,酒水,Universal,180.0,144.0
V000507,2026-03-14,W10,小麥白啤酒,酒水,Fried,240.0,136.8
V000508,2026-03-14,S07,炙燒櫛瓜佐油醋,副食,Universal,160.0,108.8
V000509,2026-03-14,M02,爐烤伊比利豬肩,主食,Red_Meat,520.0,197.6
V000509,2026-03-14,M05,白酒蛤蜊義大利麵,主食,Seafood,380.0,167.2
V000509,2026-03-14,S05,松露薯條,副食,Fried,180.0,129.6
V000509,2026-03-14,S03,伊比利火腿盤,副食,Cheese,380.0,247.0
V000509,2026-03-14,S01,紹興油泡蝦,副食,Seafood,280.0,196.0
V000509,2026-03-14,W03,夏多內白酒(杯),酒水,Seafood,260.0,161.2
V000509,2026-03-14,W03,夏多內白酒(杯),酒水,Seafood,260.0,161.2
V000510,2026-03-14,M03,炭烤戰斧牛排,主食,Red_Meat,880.0,308.0
V000510,2026-03-14,M04,松露野菌燉飯,主食,Cheese,420.0,189.0
V000510,2026-03-14,M02,爐烤伊比利豬肩,主食,Red_Meat,520.0,197.6
V000510,2026-03-14,W02,卡本內蘇維翁(杯),酒水,Red_Meat,320.0,192.0
V000510,2026-03-14,W13,無酒精莫吉托,酒水,Universal,180.0,144.0
V000510,2026-03-14,W01,馬爾貝克紅酒(杯),酒水,Red_Meat,280.0,173.6
V000510,2026-03-14,W11,威士忌 Highball,酒水,Cheese,300.0,222.0
V000510,2026-03-14,W01,馬爾貝克紅酒(杯),酒水,Red_Meat,280.0,173.6
V000510,2026-03-14,W01,馬爾貝克紅酒(杯),酒水,Red_Meat,280.0,173.6
V000510,2026-03-14,W04,白蘇維翁(杯),酒水,Seafood,280.0,170.8
V000510,2026-03-14,W07,Old Fashioned,酒水,Red_Meat,380.0,285.0
V000511,2026-03-14,M02,爐烤伊比利豬肩,主食,Red_Meat,520.0,197.6
V000511,2026-03-14,S06,酥炸花枝圈,副食,Fried,220.0,154.0
V000511,2026-03-14,S07,炙燒櫛瓜佐油醋,副食,Universal,160.0,108.8
V000511,2026-03-14,D02,焦糖烤布蕾,甜點,Dessert,160.0,107.2
V000511,2026-03-14,W07,Old Fashioned,酒水,Red_Meat,380.0,285.0
V000511,2026-03-14,W01,馬爾貝克紅酒(杯),酒水,Red_Meat,280.0,173.6
V000511,2026-03-14,W05,氣泡酒(杯),酒水,Fried,300.0,189.0
V000511,2026-03-14,W09,精釀 IPA,酒水,Fried,260.0,150.8
V000511,2026-03-14,W03,夏多內白酒(杯),酒水,Seafood,260.0,161.2
V000512,2026-03-14,S02,西班牙蒜辣蝦,副食,Seafood,260.0,176.8
V000512,2026-03-14,W08,Gin & Tonic,酒水,Universal,300.0,234.0
V000513,2026-03-14,M04,松露野菌燉飯,主食,Cheese,420.0,189.0
V000513,2026-03-14,M06,香煎鮭魚佐檸檬,主食,Seafood,460.0,193.2
V000513,2026-03-14,S05,松露薯條,副食,Fried,180.0,129.6
V000513,2026-03-14,S01,紹興油泡蝦,副食,Seafood,280.0,196.0
V000513,2026-03-14,S06,酥炸花枝圈,副食,Fried,220.0,154.0
V000513,2026-03-14,S04,三種起司拼盤,副食,Cheese,340.0,224.4
V000513,2026-03-14,W09,精釀 IPA,酒水,Fried,260.0,150.8
V000513,2026-03-14,W10,小麥白啤酒,酒水,Fried,240.0,136.8
V000513,2026-03-14,W02,卡本內蘇維翁(杯),酒水,Red_Meat,320.0,192.0
V000513,2026-03-14,W04,白蘇維翁(杯),酒水,Seafood,280.0,170.8
V000513,2026-03-14,W12,季節水果特調,酒水,Universal,340.0,261.8
V000513,2026-03-14,W03,夏多內白酒(杯),酒水,Seafood,260.0,161.2
V000513,2026-03-14,W04,白蘇維翁(杯),酒水,Seafood,280.0,170.8
V000514,2026-03-14,M06,香煎鮭魚佐檸檬,主食,Seafood,460.0,193.2
V000514,2026-03-14,M06,香煎鮭魚佐檸檬,主食,Seafood,460.0,193.2
V000514,2026-03-14,S07,炙燒櫛瓜佐油醋,副食,Universal,160.0,108.8
V000515,2026-03-14,M04,松露野菌燉飯,主食,Cheese,420.0,189.0
V000515,2026-03-14,M02,爐烤伊比利豬肩,主食,Red_Meat,520.0,197.6
V000515,2026-03-14,S05,松露薯條,副食,Fried,180.0,129.6
V000515,2026-03-14,S06,酥炸花枝圈,副食,Fried,220.0,154.0
V000515,2026-03-14,W12,季節水果特調,酒水,Universal,340.0,261.8
V000515,2026-03-14,W08,Gin & Tonic,酒水,Universal,300.0,234.0
V000515,2026-03-14,W02,卡本內蘇維翁(杯),酒水,Red_Meat,320.0,192.0
V000515,2026-03-14,W07,Old Fashioned,酒水,Red_Meat,380.0,285.0
V000515,2026-03-14,W05,氣泡酒(杯),酒水,Fried,300.0,189.0
V000515,2026-03-14,W01,馬爾貝克紅酒(杯),酒水,Red_Meat,280.0,173.6
V000515,2026-03-14,W03,夏多內白酒(杯),酒水,Seafood,260.0,161.2
V000515,2026-03-14,W02,卡本內蘇維翁(杯),酒水,Red_Meat,320.0,192.0
V000515,2026-03-14,W10,小麥白啤酒,酒水,Fried,240.0,136.8
V000515,2026-03-14,W09,精釀 IPA,酒水,Fried,260.0,150.8
V000515,2026-03-14,W02,卡本內蘇維翁(杯),酒水,Red_Meat,320.0,192.0
V000515,2026-03-14,W05,氣泡酒(杯),酒水,Fried,300.0,189.0
V000516,2026-03-14,M02,爐烤伊比利豬肩,主食,Red_Meat,520.0,197.6
V000516,2026-03-14,M06,香煎鮭魚佐檸檬,主食,Seafood,460.0,193.2
V000516,2026-03-14,M05,白酒蛤蜊義大利麵,主食,Seafood,380.0,167.2
V000516,2026-03-14,W04,白蘇維翁(杯),酒水,Seafood,280.0,170.8
V000516,2026-03-14,W09,精釀 IPA,酒水,Fried,260.0,150.8
V000516,2026-03-14,W04,白蘇維翁(杯),酒水,Seafood,280.0,170.8
V000517,2026-03-14,M03,炭烤戰斧牛排,主食,Red_Meat,880.0,308.0
V000517,2026-03-14,M03,炭烤戰斧牛排,主食,Red_Meat,880.0,308.0
V000517,2026-03-14,M03,炭烤戰斧牛排,主食,Red_Meat,880.0,308.0
V000517,2026-03-14,M01,舒肥紅酒燉牛肉,主食,Red_Meat,480.0,192.0
V000517,2026-03-14,S07,炙燒櫛瓜佐油醋,副食,Universal,160.0,108.8
V000517,2026-03-14,S02,西班牙蒜辣蝦,副食,Seafood,260.0,176.8
V000517,2026-03-14,S03,伊比利火腿盤,副食,Cheese,380.0,247.0
V000517,2026-03-14,S03,伊比利火腿盤,副食,Cheese,380.0,247.0
V000517,2026-03-14,S02,西班牙蒜辣蝦,副食,Seafood,260.0,176.8
V000517,2026-03-14,S05,松露薯條,副食,Fried,180.0,129.6
V000517,2026-03-14,S07,炙燒櫛瓜佐油醋,副食,Universal,160.0,108.8
V000517,2026-03-14,W12,季節水果特調,酒水,Universal,340.0,261.8
V000517,2026-03-14,W04,白蘇維翁(杯),酒水,Seafood,280.0,170.8
V000517,2026-03-14,W06,Negroni,酒水,Cheese,350.0,266.0
V000517,2026-03-14,W02,卡本內蘇維翁(杯),酒水,Red_Meat,320.0,192.0
V000517,2026-03-14,W01,馬爾貝克紅酒(杯),酒水,Red_Meat,280.0,173.6
V000517,2026-03-14,W03,夏多內白酒(杯),酒水,Seafood,260.0,161.2
V000517,2026-03-14,W06,Negroni,酒水,Cheese,350.0,266.0
V000517,2026-03-14,W05,氣泡酒(杯),酒水,Fried,300.0,189.0
V000517,2026-03-14,W01,馬爾貝克紅酒(杯),酒水,Red_Meat,280.0,173.6
V000517,2026-03-14,W03,夏多內白酒(杯),酒水,Seafood,260.0,161.2
V000518,2026-03-14,M02,爐烤伊比利豬肩,主食,Red_Meat,520.0,197.6
V000518,2026-03-14,S05,松露薯條,副食,Fried,180.0,129.6
V000518,2026-03-14,S03,伊比利火腿盤,副食,Cheese,380.0,247.0
V000518,2026-03-14,W09,精釀 IPA,酒水,Fried,260.0,150.8
V000519,2026-03-14,M01,舒肥紅酒燉牛肉,主食,Red_Meat,480.0,192.0
V000519,2026-03-14,S03,伊比利火腿盤,副食,Cheese,380.0,247.0
V000519,2026-03-14,S07,炙燒櫛瓜佐油醋,副食,Universal,160.0,108.8
V000519,2026-03-14,S07,炙燒櫛瓜佐油醋,副食,Universal,160.0,108.8
V000519,2026-03-14,W13,無酒精莫吉托,酒水,Universal,180.0,144.0
V000519,2026-03-14,W02,卡本內蘇維翁(杯),酒水,Red_Meat,320.0,192.0
V000519,2026-03-14,W05,氣泡酒(杯),酒水,Fried,300.0,189.0
V000519,2026-03-14,W08,Gin & Tonic,酒水,Universal,300.0,234.0
V000519,2026-03-14,W07,Old Fashioned,酒水,Red_Meat,380.0,285.0
V000520,2026-03-14,W01,馬爾貝克紅酒(杯),酒水,Red_Meat,280.0,173.6
V000521,2026-03-14,M06,香煎鮭魚佐檸檬,主食,Seafood,460.0,193.2
V000521,2026-03-14,S05,松露薯條,副食,Fried,180.0,129.6
V000521,2026-03-14,W02,卡本內蘇維翁(杯),酒水,Red_Meat,320.0,192.0
V000521,2026-03-14,W03,夏多內白酒(杯),酒水,Seafood,260.0,161.2
V000521,2026-03-14,W03,夏多內白酒(杯),酒水,Seafood,260.0,161.2
V000522,2026-03-14,M01,舒肥紅酒燉牛肉,主食,Red_Meat,480.0,192.0
V000522,2026-03-14,S03,伊比利火腿盤,副食,Cheese,380.0,247.0
V000522,2026-03-14,S03,伊比利火腿盤,副食,Cheese,380.0,247.0
V000522,2026-03-14,S06,酥炸花枝圈,副食,Fried,220.0,154.0
V000522,2026-03-14,S01,紹興油泡蝦,副食,Seafood,280.0,196.0
V000522,2026-03-14,S01,紹興油泡蝦,副食,Seafood,280.0,196.0
V000522,2026-03-14,W01,馬爾貝克紅酒(杯),酒水,Red_Meat,280.0,173.6
V000522,2026-03-14,W05,氣泡酒(杯),酒水,Fried,300.0,189.0
V000523,2026-03-14,M02,爐烤伊比利豬肩,主食,Red_Meat,520.0,197.6
V000523,2026-03-14,S02,西班牙蒜辣蝦,副食,Seafood,260.0,176.8
V000523,2026-03-14,S06,酥炸花枝圈,副食,Fried,220.0,154.0
V000523,2026-03-14,S03,伊比利火腿盤,副食,Cheese,380.0,247.0
V000523,2026-03-14,D01,提拉米蘇,甜點,Dessert,180.0,117.0
V000523,2026-03-14,W03,夏多內白酒(杯),酒水,Seafood,260.0,161.2
V000523,2026-03-14,W10,小麥白啤酒,酒水,Fried,240.0,136.8
V000523,2026-03-14,W02,卡本內蘇維翁(杯),酒水,Red_Meat,320.0,192.0
V000524,2026-03-14,M02,爐烤伊比利豬肩,主食,Red_Meat,520.0,197.6
V000524,2026-03-14,M06,香煎鮭魚佐檸檬,主食,Seafood,460.0,193.2
V000524,2026-03-14,S04,三種起司拼盤,副食,Cheese,340.0,224.4
V000524,2026-03-14,S01,紹興油泡蝦,副食,Seafood,280.0,196.0
V000524,2026-03-14,S03,伊比利火腿盤,副食,Cheese,380.0,247.0
V000524,2026-03-14,S03,伊比利火腿盤,副食,Cheese,380.0,247.0
V000524,2026-03-14,W05,氣泡酒(杯),酒水,Fried,300.0,189.0
V000524,2026-03-14,W09,精釀 IPA,酒水,Fried,260.0,150.8
V000524,2026-03-14,W08,Gin & Tonic,酒水,Universal,300.0,234.0
V000524,2026-03-14,W01,馬爾貝克紅酒(杯),酒水,Red_Meat,280.0,173.6
V000524,2026-03-14,W01,馬爾貝克紅酒(杯),酒水,Red_Meat,280.0,173.6
V000525,2026-03-14,M05,白酒蛤蜊義大利麵,主食,Seafood,380.0,167.2
V000525,2026-03-14,S06,酥炸花枝圈,副食,Fried,220.0,154.0
V000525,2026-03-14,W03,夏多內白酒(杯),酒水,Seafood,260.0,161.2
V000525,2026-03-14,W03,夏多內白酒(杯),酒水,Seafood,260.0,161.2
V000525,2026-03-14,W11,威士忌 Highball,酒水,Cheese,300.0,222.0
V000526,2026-03-14,M01,舒肥紅酒燉牛肉,主食,Red_Meat,480.0,192.0
V000526,2026-03-14,M02,爐烤伊比利豬肩,主食,Red_Meat,520.0,197.6
V000526,2026-03-14,S06,酥炸花枝圈,副食,Fried,220.0,154.0
V000526,2026-03-14,D02,焦糖烤布蕾,甜點,Dessert,160.0,107.2
V000526,2026-03-14,W04,白蘇維翁(杯),酒水,Seafood,280.0,170.8
V000526,2026-03-14,W05,氣泡酒(杯),酒水,Fried,300.0,189.0
V000527,2026-03-15,M01,舒肥紅酒燉牛肉,主食,Red_Meat,480.0,192.0
V000527,2026-03-15,W07,Old Fashioned,酒水,Red_Meat,380.0,285.0
V000527,2026-03-15,W02,卡本內蘇維翁(杯),酒水,Red_Meat,320.0,192.0
V000527,2026-03-15,W08,Gin & Tonic,酒水,Universal,300.0,234.0
V000527,2026-03-15,W01,馬爾貝克紅酒(杯),酒水,Red_Meat,280.0,173.6
V000528,2026-03-15,M03,炭烤戰斧牛排,主食,Red_Meat,880.0,308.0
V000528,2026-03-15,S03,伊比利火腿盤,副食,Cheese,380.0,247.0
V000528,2026-03-15,S01,紹興油泡蝦,副食,Seafood,280.0,196.0
V000528,2026-03-15,S07,炙燒櫛瓜佐油醋,副食,Universal,160.0,108.8
V000528,2026-03-15,D02,焦糖烤布蕾,甜點,Dessert,160.0,107.2
V000528,2026-03-15,W01,馬爾貝克紅酒(杯),酒水,Red_Meat,280.0,173.6
V000529,2026-03-15,M06,香煎鮭魚佐檸檬,主食,Seafood,460.0,193.2
V000529,2026-03-15,M02,爐烤伊比利豬肩,主食,Red_Meat,520.0,197.6
V000529,2026-03-15,M05,白酒蛤蜊義大利麵,主食,Seafood,380.0,167.2
V000529,2026-03-15,M01,舒肥紅酒燉牛肉,主食,Red_Meat,480.0,192.0
V000529,2026-03-15,S02,西班牙蒜辣蝦,副食,Seafood,260.0,176.8
V000529,2026-03-15,D02,焦糖烤布蕾,甜點,Dessert,160.0,107.2
V000529,2026-03-15,W10,小麥白啤酒,酒水,Fried,240.0,136.8
V000529,2026-03-15,W08,Gin & Tonic,酒水,Universal,300.0,234.0
V000529,2026-03-15,W12,季節水果特調,酒水,Universal,340.0,261.8
V000529,2026-03-15,W11,威士忌 Highball,酒水,Cheese,300.0,222.0
V000529,2026-03-15,W07,Old Fashioned,酒水,Red_Meat,380.0,285.0
V000529,2026-03-15,W11,威士忌 Highball,酒水,Cheese,300.0,222.0
V000529,2026-03-15,W12,季節水果特調,酒水,Universal,340.0,261.8
V000529,2026-03-15,W07,Old Fashioned,酒水,Red_Meat,380.0,285.0
V000530,2026-03-15,M06,香煎鮭魚佐檸檬,主食,Seafood,460.0,193.2
V000530,2026-03-15,S04,三種起司拼盤,副食,Cheese,340.0,224.4
V000530,2026-03-15,S02,西班牙蒜辣蝦,副食,Seafood,260.0,176.8
V000530,2026-03-15,W13,無酒精莫吉托,酒水,Universal,180.0,144.0
V000530,2026-03-15,W03,夏多內白酒(杯),酒水,Seafood,260.0,161.2
V000530,2026-03-15,W04,白蘇維翁(杯),酒水,Seafood,280.0,170.8
V000531,2026-03-15,M04,松露野菌燉飯,主食,Cheese,420.0,189.0
V000531,2026-03-15,S01,紹興油泡蝦,副食,Seafood,280.0,196.0
V000531,2026-03-15,S01,紹興油泡蝦,副食,Seafood,280.0,196.0
V000531,2026-03-15,S02,西班牙蒜辣蝦,副食,Seafood,260.0,176.8
V000531,2026-03-15,S04,三種起司拼盤,副食,Cheese,340.0,224.4
V000531,2026-03-15,S04,三種起司拼盤,副食,Cheese,340.0,224.4
V000531,2026-03-15,D02,焦糖烤布蕾,甜點,Dessert,160.0,107.2
V000531,2026-03-15,W11,威士忌 Highball,酒水,Cheese,300.0,222.0
V000531,2026-03-15,W01,馬爾貝克紅酒(杯),酒水,Red_Meat,280.0,173.6
V000532,2026-03-15,M05,白酒蛤蜊義大利麵,主食,Seafood,380.0,167.2
V000532,2026-03-15,M01,舒肥紅酒燉牛肉,主食,Red_Meat,480.0,192.0
V000532,2026-03-15,M03,炭烤戰斧牛排,主食,Red_Meat,880.0,308.0
V000532,2026-03-15,M01,舒肥紅酒燉牛肉,主食,Red_Meat,480.0,192.0
V000532,2026-03-15,W01,馬爾貝克紅酒(杯),酒水,Red_Meat,280.0,173.6
V000532,2026-03-15,W03,夏多內白酒(杯),酒水,Seafood,260.0,161.2
V000533,2026-03-15,M04,松露野菌燉飯,主食,Cheese,420.0,189.0
V000533,2026-03-15,S02,西班牙蒜辣蝦,副食,Seafood,260.0,176.8
V000533,2026-03-15,S02,西班牙蒜辣蝦,副食,Seafood,260.0,176.8
V000533,2026-03-15,W01,馬爾貝克紅酒(杯),酒水,Red_Meat,280.0,173.6
V000533,2026-03-15,W11,威士忌 Highball,酒水,Cheese,300.0,222.0
V000533,2026-03-15,W03,夏多內白酒(杯),酒水,Seafood,260.0,161.2
V000534,2026-03-15,M05,白酒蛤蜊義大利麵,主食,Seafood,380.0,167.2
V000534,2026-03-15,S02,西班牙蒜辣蝦,副食,Seafood,260.0,176.8
V000534,2026-03-15,W04,白蘇維翁(杯),酒水,Seafood,280.0,170.8
V000534,2026-03-15,W10,小麥白啤酒,酒水,Fried,240.0,136.8
V000534,2026-03-15,W08,Gin & Tonic,酒水,Universal,300.0,234.0
V000535,2026-03-15,M01,舒肥紅酒燉牛肉,主食,Red_Meat,480.0,192.0
V000535,2026-03-15,M02,爐烤伊比利豬肩,主食,Red_Meat,520.0,197.6
V000535,2026-03-15,M01,舒肥紅酒燉牛肉,主食,Red_Meat,480.0,192.0
V000535,2026-03-15,M01,舒肥紅酒燉牛肉,主食,Red_Meat,480.0,192.0
V000535,2026-03-15,S02,西班牙蒜辣蝦,副食,Seafood,260.0,176.8
V000535,2026-03-15,S01,紹興油泡蝦,副食,Seafood,280.0,196.0
V000535,2026-03-15,S01,紹興油泡蝦,副食,Seafood,280.0,196.0
V000535,2026-03-15,S06,酥炸花枝圈,副食,Fried,220.0,154.0
V000535,2026-03-15,W05,氣泡酒(杯),酒水,Fried,300.0,189.0
V000535,2026-03-15,W07,Old Fashioned,酒水,Red_Meat,380.0,285.0
V000535,2026-03-15,W07,Old Fashioned,酒水,Red_Meat,380.0,285.0
V000535,2026-03-15,W07,Old Fashioned,酒水,Red_Meat,380.0,285.0
V000535,2026-03-15,W02,卡本內蘇維翁(杯),酒水,Red_Meat,320.0,192.0
V000535,2026-03-15,W04,白蘇維翁(杯),酒水,Seafood,280.0,170.8
V000535,2026-03-15,W13,無酒精莫吉托,酒水,Universal,180.0,144.0
V000535,2026-03-15,W11,威士忌 Highball,酒水,Cheese,300.0,222.0
V000535,2026-03-15,W01,馬爾貝克紅酒(杯),酒水,Red_Meat,280.0,173.6
V000535,2026-03-15,W04,白蘇維翁(杯),酒水,Seafood,280.0,170.8
V000535,2026-03-15,W06,Negroni,酒水,Cheese,350.0,266.0
V000536,2026-03-15,M03,炭烤戰斧牛排,主食,Red_Meat,880.0,308.0
V000536,2026-03-15,S06,酥炸花枝圈,副食,Fried,220.0,154.0
V000536,2026-03-15,W02,卡本內蘇維翁(杯),酒水,Red_Meat,320.0,192.0
V000537,2026-03-15,M01,舒肥紅酒燉牛肉,主食,Red_Meat,480.0,192.0
V000537,2026-03-15,S06,酥炸花枝圈,副食,Fried,220.0,154.0
V000537,2026-03-15,S07,炙燒櫛瓜佐油醋,副食,Universal,160.0,108.8
V000537,2026-03-15,S04,三種起司拼盤,副食,Cheese,340.0,224.4
V000537,2026-03-15,W11,威士忌 Highball,酒水,Cheese,300.0,222.0
V000537,2026-03-15,W02,卡本內蘇維翁(杯),酒水,Red_Meat,320.0,192.0
V000538,2026-03-15,M06,香煎鮭魚佐檸檬,主食,Seafood,460.0,193.2
V000538,2026-03-15,S05,松露薯條,副食,Fried,180.0,129.6
V000538,2026-03-15,S02,西班牙蒜辣蝦,副食,Seafood,260.0,176.8
V000538,2026-03-15,S06,酥炸花枝圈,副食,Fried,220.0,154.0
V000538,2026-03-15,W12,季節水果特調,酒水,Universal,340.0,261.8
V000538,2026-03-15,W04,白蘇維翁(杯),酒水,Seafood,280.0,170.8
V000539,2026-03-15,M06,香煎鮭魚佐檸檬,主食,Seafood,460.0,193.2
V000539,2026-03-15,S04,三種起司拼盤,副食,Cheese,340.0,224.4
V000539,2026-03-15,S06,酥炸花枝圈,副食,Fried,220.0,154.0
V000539,2026-03-15,S05,松露薯條,副食,Fried,180.0,129.6
V000539,2026-03-15,W09,精釀 IPA,酒水,Fried,260.0,150.8
V000540,2026-03-15,M05,白酒蛤蜊義大利麵,主食,Seafood,380.0,167.2
V000540,2026-03-15,W03,夏多內白酒(杯),酒水,Seafood,260.0,161.2
V000540,2026-03-15,W04,白蘇維翁(杯),酒水,Seafood,280.0,170.8
V000540,2026-03-15,W04,白蘇維翁(杯),酒水,Seafood,280.0,170.8
V000541,2026-03-15,M05,白酒蛤蜊義大利麵,主食,Seafood,380.0,167.2
V000541,2026-03-15,S06,酥炸花枝圈,副食,Fried,220.0,154.0
V000541,2026-03-15,D02,焦糖烤布蕾,甜點,Dessert,160.0,107.2
V000541,2026-03-15,W11,威士忌 Highball,酒水,Cheese,300.0,222.0
V000541,2026-03-15,W11,威士忌 Highball,酒水,Cheese,300.0,222.0
V000541,2026-03-15,W03,夏多內白酒(杯),酒水,Seafood,260.0,161.2
V000542,2026-03-15,M03,炭烤戰斧牛排,主食,Red_Meat,880.0,308.0
V000542,2026-03-15,S05,松露薯條,副食,Fried,180.0,129.6
V000542,2026-03-15,S07,炙燒櫛瓜佐油醋,副食,Universal,160.0,108.8
V000542,2026-03-15,W05,氣泡酒(杯),酒水,Fried,300.0,189.0
V000542,2026-03-15,W08,Gin & Tonic,酒水,Universal,300.0,234.0
V000542,2026-03-15,W02,卡本內蘇維翁(杯),酒水,Red_Meat,320.0,192.0
V000542,2026-03-15,W07,Old Fashioned,酒水,Red_Meat,380.0,285.0
V000542,2026-03-15,W12,季節水果特調,酒水,Universal,340.0,261.8
V000543,2026-03-15,M06,香煎鮭魚佐檸檬,主食,Seafood,460.0,193.2
V000543,2026-03-15,S07,炙燒櫛瓜佐油醋,副食,Universal,160.0,108.8
V000543,2026-03-15,S02,西班牙蒜辣蝦,副食,Seafood,260.0,176.8
V000543,2026-03-15,W06,Negroni,酒水,Cheese,350.0,266.0
V000543,2026-03-15,W13,無酒精莫吉托,酒水,Universal,180.0,144.0
V000543,2026-03-15,W04,白蘇維翁(杯),酒水,Seafood,280.0,170.8
V000543,2026-03-15,W03,夏多內白酒(杯),酒水,Seafood,260.0,161.2
V000543,2026-03-15,W03,夏多內白酒(杯),酒水,Seafood,260.0,161.2
V000544,2026-03-15,M06,香煎鮭魚佐檸檬,主食,Seafood,460.0,193.2
V000544,2026-03-15,S01,紹興油泡蝦,副食,Seafood,280.0,196.0
V000544,2026-03-15,S07,炙燒櫛瓜佐油醋,副食,Universal,160.0,108.8
V000544,2026-03-15,W08,Gin & Tonic,酒水,Universal,300.0,234.0
V000544,2026-03-15,W04,白蘇維翁(杯),酒水,Seafood,280.0,170.8
V000545,2026-03-15,M02,爐烤伊比利豬肩,主食,Red_Meat,520.0,197.6
V000545,2026-03-15,M01,舒肥紅酒燉牛肉,主食,Red_Meat,480.0,192.0
V000545,2026-03-15,S07,炙燒櫛瓜佐油醋,副食,Universal,160.0,108.8
V000545,2026-03-15,W06,Negroni,酒水,Cheese,350.0,266.0
V000545,2026-03-15,W08,Gin & Tonic,酒水,Universal,300.0,234.0
V000546,2026-03-17,M05,白酒蛤蜊義大利麵,主食,Seafood,380.0,167.2
V000546,2026-03-17,M04,松露野菌燉飯,主食,Cheese,420.0,189.0
V000546,2026-03-17,M01,舒肥紅酒燉牛肉,主食,Red_Meat,480.0,192.0
V000546,2026-03-17,M05,白酒蛤蜊義大利麵,主食,Seafood,380.0,167.2
V000546,2026-03-17,M03,炭烤戰斧牛排,主食,Red_Meat,880.0,308.0
V000546,2026-03-17,S05,松露薯條,副食,Fried,180.0,129.6
V000546,2026-03-17,S02,西班牙蒜辣蝦,副食,Seafood,260.0,176.8
V000546,2026-03-17,W13,無酒精莫吉托,酒水,Universal,180.0,144.0
V000546,2026-03-17,W09,精釀 IPA,酒水,Fried,260.0,150.8
V000546,2026-03-17,W02,卡本內蘇維翁(杯),酒水,Red_Meat,320.0,192.0
V000546,2026-03-17,W10,小麥白啤酒,酒水,Fried,240.0,136.8
V000546,2026-03-17,W12,季節水果特調,酒水,Universal,340.0,261.8
V000546,2026-03-17,W13,無酒精莫吉托,酒水,Universal,180.0,144.0
V000547,2026-03-17,M02,爐烤伊比利豬肩,主食,Red_Meat,520.0,197.6
V000547,2026-03-17,S06,酥炸花枝圈,副食,Fried,220.0,154.0
V000547,2026-03-17,S06,酥炸花枝圈,副食,Fried,220.0,154.0
V000547,2026-03-17,W09,精釀 IPA,酒水,Fried,260.0,150.8
V000547,2026-03-17,W02,卡本內蘇維翁(杯),酒水,Red_Meat,320.0,192.0
V000547,2026-03-17,W06,Negroni,酒水,Cheese,350.0,266.0
V000547,2026-03-17,W03,夏多內白酒(杯),酒水,Seafood,260.0,161.2
V000547,2026-03-17,W12,季節水果特調,酒水,Universal,340.0,261.8
V000547,2026-03-17,W13,無酒精莫吉托,酒水,Universal,180.0,144.0
V000548,2026-03-17,M02,爐烤伊比利豬肩,主食,Red_Meat,520.0,197.6
V000548,2026-03-17,S02,西班牙蒜辣蝦,副食,Seafood,260.0,176.8
V000548,2026-03-17,S05,松露薯條,副食,Fried,180.0,129.6
V000548,2026-03-17,S02,西班牙蒜辣蝦,副食,Seafood,260.0,176.8
V000548,2026-03-17,W08,Gin & Tonic,酒水,Universal,300.0,234.0
V000548,2026-03-17,W02,卡本內蘇維翁(杯),酒水,Red_Meat,320.0,192.0
V000548,2026-03-17,W10,小麥白啤酒,酒水,Fried,240.0,136.8
V000548,2026-03-17,W09,精釀 IPA,酒水,Fried,260.0,150.8
V000548,2026-03-17,W07,Old Fashioned,酒水,Red_Meat,380.0,285.0
V000548,2026-03-17,W08,Gin & Tonic,酒水,Universal,300.0,234.0
V000548,2026-03-17,W04,白蘇維翁(杯),酒水,Seafood,280.0,170.8
V000548,2026-03-17,W13,無酒精莫吉托,酒水,Universal,180.0,144.0
V000548,2026-03-17,W03,夏多內白酒(杯),酒水,Seafood,260.0,161.2
V000548,2026-03-17,W04,白蘇維翁(杯),酒水,Seafood,280.0,170.8
V000549,2026-03-17,M01,舒肥紅酒燉牛肉,主食,Red_Meat,480.0,192.0
V000549,2026-03-17,M05,白酒蛤蜊義大利麵,主食,Seafood,380.0,167.2
V000549,2026-03-17,S03,伊比利火腿盤,副食,Cheese,380.0,247.0
V000549,2026-03-17,S02,西班牙蒜辣蝦,副食,Seafood,260.0,176.8
V000549,2026-03-17,S07,炙燒櫛瓜佐油醋,副食,Universal,160.0,108.8
V000550,2026-03-17,M03,炭烤戰斧牛排,主食,Red_Meat,880.0,308.0
V000550,2026-03-17,M06,香煎鮭魚佐檸檬,主食,Seafood,460.0,193.2
V000550,2026-03-17,S03,伊比利火腿盤,副食,Cheese,380.0,247.0
V000550,2026-03-17,S02,西班牙蒜辣蝦,副食,Seafood,260.0,176.8
V000550,2026-03-17,S02,西班牙蒜辣蝦,副食,Seafood,260.0,176.8
V000550,2026-03-17,S05,松露薯條,副食,Fried,180.0,129.6
V000550,2026-03-17,W05,氣泡酒(杯),酒水,Fried,300.0,189.0
V000550,2026-03-17,W13,無酒精莫吉托,酒水,Universal,180.0,144.0
V000550,2026-03-17,W02,卡本內蘇維翁(杯),酒水,Red_Meat,320.0,192.0
V000550,2026-03-17,W01,馬爾貝克紅酒(杯),酒水,Red_Meat,280.0,173.6
V000550,2026-03-17,W07,Old Fashioned,酒水,Red_Meat,380.0,285.0
V000550,2026-03-17,W05,氣泡酒(杯),酒水,Fried,300.0,189.0
V000550,2026-03-17,W07,Old Fashioned,酒水,Red_Meat,380.0,285.0
V000550,2026-03-17,W11,威士忌 Highball,酒水,Cheese,300.0,222.0
V000550,2026-03-17,W09,精釀 IPA,酒水,Fried,260.0,150.8
V000551,2026-03-17,M01,舒肥紅酒燉牛肉,主食,Red_Meat,480.0,192.0
V000551,2026-03-17,M06,香煎鮭魚佐檸檬,主食,Seafood,460.0,193.2
V000551,2026-03-17,S05,松露薯條,副食,Fried,180.0,129.6
V000551,2026-03-17,S01,紹興油泡蝦,副食,Seafood,280.0,196.0
V000551,2026-03-17,W10,小麥白啤酒,酒水,Fried,240.0,136.8
V000552,2026-03-17,M04,松露野菌燉飯,主食,Cheese,420.0,189.0
V000552,2026-03-17,M05,白酒蛤蜊義大利麵,主食,Seafood,380.0,167.2
V000552,2026-03-17,M01,舒肥紅酒燉牛肉,主食,Red_Meat,480.0,192.0
V000552,2026-03-17,S04,三種起司拼盤,副食,Cheese,340.0,224.4
V000552,2026-03-17,S03,伊比利火腿盤,副食,Cheese,380.0,247.0
V000552,2026-03-17,S04,三種起司拼盤,副食,Cheese,340.0,224.4
V000552,2026-03-17,D02,焦糖烤布蕾,甜點,Dessert,160.0,107.2
V000552,2026-03-17,W09,精釀 IPA,酒水,Fried,260.0,150.8
V000552,2026-03-17,W11,威士忌 Highball,酒水,Cheese,300.0,222.0
V000552,2026-03-17,W03,夏多內白酒(杯),酒水,Seafood,260.0,161.2
V000552,2026-03-17,W11,威士忌 Highball,酒水,Cheese,300.0,222.0
V000552,2026-03-17,W08,Gin & Tonic,酒水,Universal,300.0,234.0
V000552,2026-03-17,W02,卡本內蘇維翁(杯),酒水,Red_Meat,320.0,192.0
V000552,2026-03-17,W07,Old Fashioned,酒水,Red_Meat,380.0,285.0
V000553,2026-03-17,M06,香煎鮭魚佐檸檬,主食,Seafood,460.0,193.2
V000553,2026-03-17,S02,西班牙蒜辣蝦,副食,Seafood,260.0,176.8
V000553,2026-03-17,D02,焦糖烤布蕾,甜點,Dessert,160.0,107.2
V000553,2026-03-17,W08,Gin & Tonic,酒水,Universal,300.0,234.0
V000554,2026-03-18,M04,松露野菌燉飯,主食,Cheese,420.0,189.0
V000554,2026-03-18,M02,爐烤伊比利豬肩,主食,Red_Meat,520.0,197.6
V000554,2026-03-18,S02,西班牙蒜辣蝦,副食,Seafood,260.0,176.8
V000554,2026-03-18,S03,伊比利火腿盤,副食,Cheese,380.0,247.0
V000554,2026-03-18,S01,紹興油泡蝦,副食,Seafood,280.0,196.0
V000554,2026-03-18,S06,酥炸花枝圈,副食,Fried,220.0,154.0
V000554,2026-03-18,S01,紹興油泡蝦,副食,Seafood,280.0,196.0
V000554,2026-03-18,S03,伊比利火腿盤,副食,Cheese,380.0,247.0
V000554,2026-03-18,W01,馬爾貝克紅酒(杯),酒水,Red_Meat,280.0,173.6
V000554,2026-03-18,W12,季節水果特調,酒水,Universal,340.0,261.8
V000554,2026-03-18,W12,季節水果特調,酒水,Universal,340.0,261.8
V000555,2026-03-18,M03,炭烤戰斧牛排,主食,Red_Meat,880.0,308.0
V000555,2026-03-18,M06,香煎鮭魚佐檸檬,主食,Seafood,460.0,193.2
V000555,2026-03-18,S01,紹興油泡蝦,副食,Seafood,280.0,196.0
V000555,2026-03-18,S02,西班牙蒜辣蝦,副食,Seafood,260.0,176.8
V000555,2026-03-18,D02,焦糖烤布蕾,甜點,Dessert,160.0,107.2
V000555,2026-03-18,W03,夏多內白酒(杯),酒水,Seafood,260.0,161.2
V000555,2026-03-18,W01,馬爾貝克紅酒(杯),酒水,Red_Meat,280.0,173.6
V000555,2026-03-18,W03,夏多內白酒(杯),酒水,Seafood,260.0,161.2
V000556,2026-03-18,M01,舒肥紅酒燉牛肉,主食,Red_Meat,480.0,192.0
V000556,2026-03-18,S01,紹興油泡蝦,副食,Seafood,280.0,196.0
V000556,2026-03-18,W07,Old Fashioned,酒水,Red_Meat,380.0,285.0
V000556,2026-03-18,W06,Negroni,酒水,Cheese,350.0,266.0
V000556,2026-03-18,W07,Old Fashioned,酒水,Red_Meat,380.0,285.0
V000557,2026-03-18,S07,炙燒櫛瓜佐油醋,副食,Universal,160.0,108.8
V000557,2026-03-18,W11,威士忌 Highball,酒水,Cheese,300.0,222.0
V000557,2026-03-18,W12,季節水果特調,酒水,Universal,340.0,261.8
V000557,2026-03-18,W10,小麥白啤酒,酒水,Fried,240.0,136.8
V000558,2026-03-18,M05,白酒蛤蜊義大利麵,主食,Seafood,380.0,167.2
V000558,2026-03-18,S06,酥炸花枝圈,副食,Fried,220.0,154.0
V000558,2026-03-18,S03,伊比利火腿盤,副食,Cheese,380.0,247.0
V000558,2026-03-18,W02,卡本內蘇維翁(杯),酒水,Red_Meat,320.0,192.0
V000558,2026-03-18,W02,卡本內蘇維翁(杯),酒水,Red_Meat,320.0,192.0
V000558,2026-03-18,W02,卡本內蘇維翁(杯),酒水,Red_Meat,320.0,192.0
V000558,2026-03-18,W06,Negroni,酒水,Cheese,350.0,266.0
V000558,2026-03-18,W12,季節水果特調,酒水,Universal,340.0,261.8
V000558,2026-03-18,W03,夏多內白酒(杯),酒水,Seafood,260.0,161.2
V000559,2026-03-18,M03,炭烤戰斧牛排,主食,Red_Meat,880.0,308.0
V000559,2026-03-18,M02,爐烤伊比利豬肩,主食,Red_Meat,520.0,197.6
V000559,2026-03-18,S06,酥炸花枝圈,副食,Fried,220.0,154.0
V000559,2026-03-18,S06,酥炸花枝圈,副食,Fried,220.0,154.0
V000559,2026-03-18,S05,松露薯條,副食,Fried,180.0,129.6
V000559,2026-03-18,W09,精釀 IPA,酒水,Fried,260.0,150.8
V000560,2026-03-18,M06,香煎鮭魚佐檸檬,主食,Seafood,460.0,193.2
V000560,2026-03-18,W03,夏多內白酒(杯),酒水,Seafood,260.0,161.2
V000560,2026-03-18,W06,Negroni,酒水,Cheese,350.0,266.0
V000561,2026-03-18,M01,舒肥紅酒燉牛肉,主食,Red_Meat,480.0,192.0
V000561,2026-03-18,S02,西班牙蒜辣蝦,副食,Seafood,260.0,176.8
V000561,2026-03-18,S04,三種起司拼盤,副食,Cheese,340.0,224.4
V000562,2026-03-18,M03,炭烤戰斧牛排,主食,Red_Meat,880.0,308.0
V000562,2026-03-18,M05,白酒蛤蜊義大利麵,主食,Seafood,380.0,167.2
V000562,2026-03-18,S04,三種起司拼盤,副食,Cheese,340.0,224.4
V000562,2026-03-18,S01,紹興油泡蝦,副食,Seafood,280.0,196.0
V000562,2026-03-18,D02,焦糖烤布蕾,甜點,Dessert,160.0,107.2
V000562,2026-03-18,W06,Negroni,酒水,Cheese,350.0,266.0
V000562,2026-03-18,W01,馬爾貝克紅酒(杯),酒水,Red_Meat,280.0,173.6
V000563,2026-03-18,M04,松露野菌燉飯,主食,Cheese,420.0,189.0
V000563,2026-03-18,M01,舒肥紅酒燉牛肉,主食,Red_Meat,480.0,192.0
V000563,2026-03-18,S04,三種起司拼盤,副食,Cheese,340.0,224.4
V000563,2026-03-18,S03,伊比利火腿盤,副食,Cheese,380.0,247.0
V000564,2026-03-18,M02,爐烤伊比利豬肩,主食,Red_Meat,520.0,197.6
V000564,2026-03-18,M04,松露野菌燉飯,主食,Cheese,420.0,189.0
V000564,2026-03-18,S05,松露薯條,副食,Fried,180.0,129.6
V000564,2026-03-18,W10,小麥白啤酒,酒水,Fried,240.0,136.8
V000564,2026-03-18,W02,卡本內蘇維翁(杯),酒水,Red_Meat,320.0,192.0
V000564,2026-03-18,W09,精釀 IPA,酒水,Fried,260.0,150.8
V000564,2026-03-18,W07,Old Fashioned,酒水,Red_Meat,380.0,285.0
V000564,2026-03-18,W01,馬爾貝克紅酒(杯),酒水,Red_Meat,280.0,173.6
V000564,2026-03-18,W13,無酒精莫吉托,酒水,Universal,180.0,144.0
V000564,2026-03-18,W11,威士忌 Highball,酒水,Cheese,300.0,222.0
V000564,2026-03-18,W09,精釀 IPA,酒水,Fried,260.0,150.8
V000564,2026-03-18,W11,威士忌 Highball,酒水,Cheese,300.0,222.0
V000564,2026-03-18,W01,馬爾貝克紅酒(杯),酒水,Red_Meat,280.0,173.6
V000564,2026-03-18,W11,威士忌 Highball,酒水,Cheese,300.0,222.0
V000565,2026-03-18,M02,爐烤伊比利豬肩,主食,Red_Meat,520.0,197.6
V000565,2026-03-18,W04,白蘇維翁(杯),酒水,Seafood,280.0,170.8
V000565,2026-03-18,W07,Old Fashioned,酒水,Red_Meat,380.0,285.0
V000565,2026-03-18,W12,季節水果特調,酒水,Universal,340.0,261.8
V000566,2026-03-18,M06,香煎鮭魚佐檸檬,主食,Seafood,460.0,193.2
V000566,2026-03-18,S04,三種起司拼盤,副食,Cheese,340.0,224.4
V000566,2026-03-18,W07,Old Fashioned,酒水,Red_Meat,380.0,285.0
V000566,2026-03-18,W06,Negroni,酒水,Cheese,350.0,266.0
V000567,2026-03-19,M04,松露野菌燉飯,主食,Cheese,420.0,189.0
V000567,2026-03-19,M01,舒肥紅酒燉牛肉,主食,Red_Meat,480.0,192.0
V000567,2026-03-19,S01,紹興油泡蝦,副食,Seafood,280.0,196.0
V000567,2026-03-19,S07,炙燒櫛瓜佐油醋,副食,Universal,160.0,108.8
V000567,2026-03-19,W08,Gin & Tonic,酒水,Universal,300.0,234.0
V000567,2026-03-19,W09,精釀 IPA,酒水,Fried,260.0,150.8
V000567,2026-03-19,W05,氣泡酒(杯),酒水,Fried,300.0,189.0
V000568,2026-03-19,M06,香煎鮭魚佐檸檬,主食,Seafood,460.0,193.2
V000569,2026-03-19,W04,白蘇維翁(杯),酒水,Seafood,280.0,170.8
V000569,2026-03-19,W05,氣泡酒(杯),酒水,Fried,300.0,189.0
V000570,2026-03-19,M06,香煎鮭魚佐檸檬,主食,Seafood,460.0,193.2
V000570,2026-03-19,M06,香煎鮭魚佐檸檬,主食,Seafood,460.0,193.2
V000570,2026-03-19,S07,炙燒櫛瓜佐油醋,副食,Universal,160.0,108.8
V000570,2026-03-19,S01,紹興油泡蝦,副食,Seafood,280.0,196.0
V000570,2026-03-19,S02,西班牙蒜辣蝦,副食,Seafood,260.0,176.8
V000570,2026-03-19,S07,炙燒櫛瓜佐油醋,副食,Universal,160.0,108.8
V000571,2026-03-19,M01,舒肥紅酒燉牛肉,主食,Red_Meat,480.0,192.0
V000571,2026-03-19,M05,白酒蛤蜊義大利麵,主食,Seafood,380.0,167.2
V000571,2026-03-19,S04,三種起司拼盤,副食,Cheese,340.0,224.4
V000571,2026-03-19,S01,紹興油泡蝦,副食,Seafood,280.0,196.0
V000571,2026-03-19,S01,紹興油泡蝦,副食,Seafood,280.0,196.0
V000571,2026-03-19,S07,炙燒櫛瓜佐油醋,副食,Universal,160.0,108.8
V000571,2026-03-19,W03,夏多內白酒(杯),酒水,Seafood,260.0,161.2
V000571,2026-03-19,W01,馬爾貝克紅酒(杯),酒水,Red_Meat,280.0,173.6
V000572,2026-03-19,M04,松露野菌燉飯,主食,Cheese,420.0,189.0
V000572,2026-03-19,M05,白酒蛤蜊義大利麵,主食,Seafood,380.0,167.2
V000572,2026-03-19,M02,爐烤伊比利豬肩,主食,Red_Meat,520.0,197.6
V000572,2026-03-19,M04,松露野菌燉飯,主食,Cheese,420.0,189.0
V000572,2026-03-19,M03,炭烤戰斧牛排,主食,Red_Meat,880.0,308.0
V000572,2026-03-19,S02,西班牙蒜辣蝦,副食,Seafood,260.0,176.8
V000572,2026-03-19,S03,伊比利火腿盤,副食,Cheese,380.0,247.0
V000572,2026-03-19,S01,紹興油泡蝦,副食,Seafood,280.0,196.0
V000572,2026-03-19,S06,酥炸花枝圈,副食,Fried,220.0,154.0
V000572,2026-03-19,W01,馬爾貝克紅酒(杯),酒水,Red_Meat,280.0,173.6
V000572,2026-03-19,W05,氣泡酒(杯),酒水,Fried,300.0,189.0
V000572,2026-03-19,W02,卡本內蘇維翁(杯),酒水,Red_Meat,320.0,192.0
V000572,2026-03-19,W06,Negroni,酒水,Cheese,350.0,266.0
V000572,2026-03-19,W01,馬爾貝克紅酒(杯),酒水,Red_Meat,280.0,173.6
V000573,2026-03-19,M03,炭烤戰斧牛排,主食,Red_Meat,880.0,308.0
V000573,2026-03-19,M02,爐烤伊比利豬肩,主食,Red_Meat,520.0,197.6
V000573,2026-03-19,S03,伊比利火腿盤,副食,Cheese,380.0,247.0
V000573,2026-03-19,S02,西班牙蒜辣蝦,副食,Seafood,260.0,176.8
V000573,2026-03-19,S06,酥炸花枝圈,副食,Fried,220.0,154.0
V000573,2026-03-19,S06,酥炸花枝圈,副食,Fried,220.0,154.0
V000573,2026-03-19,S04,三種起司拼盤,副食,Cheese,340.0,224.4
V000573,2026-03-19,W06,Negroni,酒水,Cheese,350.0,266.0
V000573,2026-03-19,W06,Negroni,酒水,Cheese,350.0,266.0
V000573,2026-03-19,W10,小麥白啤酒,酒水,Fried,240.0,136.8
V000574,2026-03-19,M01,舒肥紅酒燉牛肉,主食,Red_Meat,480.0,192.0
V000574,2026-03-19,W10,小麥白啤酒,酒水,Fried,240.0,136.8
V000574,2026-03-19,W11,威士忌 Highball,酒水,Cheese,300.0,222.0
V000574,2026-03-19,W07,Old Fashioned,酒水,Red_Meat,380.0,285.0
V000574,2026-03-19,W13,無酒精莫吉托,酒水,Universal,180.0,144.0
V000574,2026-03-19,W11,威士忌 Highball,酒水,Cheese,300.0,222.0
V000575,2026-03-19,M06,香煎鮭魚佐檸檬,主食,Seafood,460.0,193.2
V000575,2026-03-19,M05,白酒蛤蜊義大利麵,主食,Seafood,380.0,167.2
V000575,2026-03-19,M06,香煎鮭魚佐檸檬,主食,Seafood,460.0,193.2
V000575,2026-03-19,S01,紹興油泡蝦,副食,Seafood,280.0,196.0
V000575,2026-03-19,S02,西班牙蒜辣蝦,副食,Seafood,260.0,176.8
V000575,2026-03-19,S01,紹興油泡蝦,副食,Seafood,280.0,196.0
V000575,2026-03-19,D01,提拉米蘇,甜點,Dessert,180.0,117.0
V000575,2026-03-19,W04,白蘇維翁(杯),酒水,Seafood,280.0,170.8
V000576,2026-03-19,M02,爐烤伊比利豬肩,主食,Red_Meat,520.0,197.6
V000576,2026-03-19,W07,Old Fashioned,酒水,Red_Meat,380.0,285.0
V000577,2026-03-19,M05,白酒蛤蜊義大利麵,主食,Seafood,380.0,167.2
V000577,2026-03-19,S07,炙燒櫛瓜佐油醋,副食,Universal,160.0,108.8
V000577,2026-03-19,S04,三種起司拼盤,副食,Cheese,340.0,224.4
V000577,2026-03-19,S02,西班牙蒜辣蝦,副食,Seafood,260.0,176.8
V000577,2026-03-19,S05,松露薯條,副食,Fried,180.0,129.6
V000578,2026-03-19,M06,香煎鮭魚佐檸檬,主食,Seafood,460.0,193.2
V000578,2026-03-19,M01,舒肥紅酒燉牛肉,主食,Red_Meat,480.0,192.0
V000578,2026-03-19,S03,伊比利火腿盤,副食,Cheese,380.0,247.0
V000578,2026-03-19,S02,西班牙蒜辣蝦,副食,Seafood,260.0,176.8
V000578,2026-03-19,S04,三種起司拼盤,副食,Cheese,340.0,224.4
V000578,2026-03-19,S02,西班牙蒜辣蝦,副食,Seafood,260.0,176.8
V000578,2026-03-19,W07,Old Fashioned,酒水,Red_Meat,380.0,285.0
V000578,2026-03-19,W09,精釀 IPA,酒水,Fried,260.0,150.8
V000578,2026-03-19,W07,Old Fashioned,酒水,Red_Meat,380.0,285.0
V000578,2026-03-19,W03,夏多內白酒(杯),酒水,Seafood,260.0,161.2
V000578,2026-03-19,W12,季節水果特調,酒水,Universal,340.0,261.8
V000578,2026-03-19,W10,小麥白啤酒,酒水,Fried,240.0,136.8
V000579,2026-03-19,M03,炭烤戰斧牛排,主食,Red_Meat,880.0,308.0
V000579,2026-03-19,W07,Old Fashioned,酒水,Red_Meat,380.0,285.0
V000579,2026-03-19,W02,卡本內蘇維翁(杯),酒水,Red_Meat,320.0,192.0
V000579,2026-03-19,W06,Negroni,酒水,Cheese,350.0,266.0
V000580,2026-03-20,M04,松露野菌燉飯,主食,Cheese,420.0,189.0
V000580,2026-03-20,M05,白酒蛤蜊義大利麵,主食,Seafood,380.0,167.2
V000580,2026-03-20,S04,三種起司拼盤,副食,Cheese,340.0,224.4
V000580,2026-03-20,S03,伊比利火腿盤,副食,Cheese,380.0,247.0
V000580,2026-03-20,S07,炙燒櫛瓜佐油醋,副食,Universal,160.0,108.8
V000581,2026-03-20,M03,炭烤戰斧牛排,主食,Red_Meat,880.0,308.0
V000581,2026-03-20,S07,炙燒櫛瓜佐油醋,副食,Universal,160.0,108.8
V000581,2026-03-20,W08,Gin & Tonic,酒水,Universal,300.0,234.0
V000581,2026-03-20,W08,Gin & Tonic,酒水,Universal,300.0,234.0
V000581,2026-03-20,W03,夏多內白酒(杯),酒水,Seafood,260.0,161.2
V000582,2026-03-20,M04,松露野菌燉飯,主食,Cheese,420.0,189.0
V000582,2026-03-20,S02,西班牙蒜辣蝦,副食,Seafood,260.0,176.8
V000582,2026-03-20,D01,提拉米蘇,甜點,Dessert,180.0,117.0
V000582,2026-03-20,W03,夏多內白酒(杯),酒水,Seafood,260.0,161.2
V000582,2026-03-20,W08,Gin & Tonic,酒水,Universal,300.0,234.0
V000582,2026-03-20,W11,威士忌 Highball,酒水,Cheese,300.0,222.0
V000583,2026-03-20,M05,白酒蛤蜊義大利麵,主食,Seafood,380.0,167.2
V000583,2026-03-20,S02,西班牙蒜辣蝦,副食,Seafood,260.0,176.8
V000583,2026-03-20,S03,伊比利火腿盤,副食,Cheese,380.0,247.0
V000583,2026-03-20,S01,紹興油泡蝦,副食,Seafood,280.0,196.0
V000583,2026-03-20,D01,提拉米蘇,甜點,Dessert,180.0,117.0
V000583,2026-03-20,W08,Gin & Tonic,酒水,Universal,300.0,234.0
V000583,2026-03-20,W13,無酒精莫吉托,酒水,Universal,180.0,144.0
V000584,2026-03-20,M02,爐烤伊比利豬肩,主食,Red_Meat,520.0,197.6
V000584,2026-03-20,M04,松露野菌燉飯,主食,Cheese,420.0,189.0
V000584,2026-03-20,M02,爐烤伊比利豬肩,主食,Red_Meat,520.0,197.6
V000584,2026-03-20,M06,香煎鮭魚佐檸檬,主食,Seafood,460.0,193.2
V000584,2026-03-20,S03,伊比利火腿盤,副食,Cheese,380.0,247.0
V000584,2026-03-20,S03,伊比利火腿盤,副食,Cheese,380.0,247.0
V000584,2026-03-20,S03,伊比利火腿盤,副食,Cheese,380.0,247.0
V000584,2026-03-20,S07,炙燒櫛瓜佐油醋,副食,Universal,160.0,108.8
V000584,2026-03-20,S04,三種起司拼盤,副食,Cheese,340.0,224.4
V000584,2026-03-20,S01,紹興油泡蝦,副食,Seafood,280.0,196.0
V000584,2026-03-20,S01,紹興油泡蝦,副食,Seafood,280.0,196.0
V000584,2026-03-20,W05,氣泡酒(杯),酒水,Fried,300.0,189.0
V000585,2026-03-20,M05,白酒蛤蜊義大利麵,主食,Seafood,380.0,167.2
V000585,2026-03-20,S04,三種起司拼盤,副食,Cheese,340.0,224.4
V000585,2026-03-20,S07,炙燒櫛瓜佐油醋,副食,Universal,160.0,108.8
V000585,2026-03-20,S03,伊比利火腿盤,副食,Cheese,380.0,247.0
V000585,2026-03-20,D02,焦糖烤布蕾,甜點,Dessert,160.0,107.2
V000585,2026-03-20,W04,白蘇維翁(杯),酒水,Seafood,280.0,170.8
V000585,2026-03-20,W06,Negroni,酒水,Cheese,350.0,266.0
V000585,2026-03-20,W02,卡本內蘇維翁(杯),酒水,Red_Meat,320.0,192.0
V000586,2026-03-20,M05,白酒蛤蜊義大利麵,主食,Seafood,380.0,167.2
V000586,2026-03-20,M04,松露野菌燉飯,主食,Cheese,420.0,189.0
V000586,2026-03-20,S01,紹興油泡蝦,副食,Seafood,280.0,196.0
V000586,2026-03-20,S01,紹興油泡蝦,副食,Seafood,280.0,196.0
V000586,2026-03-20,W04,白蘇維翁(杯),酒水,Seafood,280.0,170.8
V000587,2026-03-20,M02,爐烤伊比利豬肩,主食,Red_Meat,520.0,197.6
V000587,2026-03-20,S05,松露薯條,副食,Fried,180.0,129.6
V000587,2026-03-20,S05,松露薯條,副食,Fried,180.0,129.6
V000587,2026-03-20,D01,提拉米蘇,甜點,Dessert,180.0,117.0
V000587,2026-03-20,W10,小麥白啤酒,酒水,Fried,240.0,136.8
V000587,2026-03-20,W02,卡本內蘇維翁(杯),酒水,Red_Meat,320.0,192.0
V000587,2026-03-20,W09,精釀 IPA,酒水,Fried,260.0,150.8
V000587,2026-03-20,W02,卡本內蘇維翁(杯),酒水,Red_Meat,320.0,192.0
V000587,2026-03-20,W06,Negroni,酒水,Cheese,350.0,266.0
V000587,2026-03-20,W13,無酒精莫吉托,酒水,Universal,180.0,144.0
V000587,2026-03-20,W10,小麥白啤酒,酒水,Fried,240.0,136.8
V000587,2026-03-20,W03,夏多內白酒(杯),酒水,Seafood,260.0,161.2
V000588,2026-03-20,M04,松露野菌燉飯,主食,Cheese,420.0,189.0
V000588,2026-03-20,S05,松露薯條,副食,Fried,180.0,129.6
V000588,2026-03-20,S07,炙燒櫛瓜佐油醋,副食,Universal,160.0,108.8
V000588,2026-03-20,D02,焦糖烤布蕾,甜點,Dessert,160.0,107.2
V000588,2026-03-20,W02,卡本內蘇維翁(杯),酒水,Red_Meat,320.0,192.0
V000588,2026-03-20,W05,氣泡酒(杯),酒水,Fried,300.0,189.0
V000589,2026-03-20,M01,舒肥紅酒燉牛肉,主食,Red_Meat,480.0,192.0
V000589,2026-03-20,M01,舒肥紅酒燉牛肉,主食,Red_Meat,480.0,192.0
V000589,2026-03-20,M01,舒肥紅酒燉牛肉,主食,Red_Meat,480.0,192.0
V000589,2026-03-20,S01,紹興油泡蝦,副食,Seafood,280.0,196.0
V000589,2026-03-20,S05,松露薯條,副食,Fried,180.0,129.6
V000589,2026-03-20,S04,三種起司拼盤,副食,Cheese,340.0,224.4
V000589,2026-03-20,W08,Gin & Tonic,酒水,Universal,300.0,234.0
V000589,2026-03-20,W06,Negroni,酒水,Cheese,350.0,266.0
V000590,2026-03-20,M02,爐烤伊比利豬肩,主食,Red_Meat,520.0,197.6
V000590,2026-03-20,M03,炭烤戰斧牛排,主食,Red_Meat,880.0,308.0
V000590,2026-03-20,M03,炭烤戰斧牛排,主食,Red_Meat,880.0,308.0
V000590,2026-03-20,M05,白酒蛤蜊義大利麵,主食,Seafood,380.0,167.2
V000590,2026-03-20,M03,炭烤戰斧牛排,主食,Red_Meat,880.0,308.0
V000590,2026-03-20,S06,酥炸花枝圈,副食,Fried,220.0,154.0
V000590,2026-03-20,S02,西班牙蒜辣蝦,副食,Seafood,260.0,176.8
V000590,2026-03-20,S02,西班牙蒜辣蝦,副食,Seafood,260.0,176.8
V000590,2026-03-20,W11,威士忌 Highball,酒水,Cheese,300.0,222.0
V000590,2026-03-20,W01,馬爾貝克紅酒(杯),酒水,Red_Meat,280.0,173.6
V000590,2026-03-20,W09,精釀 IPA,酒水,Fried,260.0,150.8
V000590,2026-03-20,W01,馬爾貝克紅酒(杯),酒水,Red_Meat,280.0,173.6
V000590,2026-03-20,W11,威士忌 Highball,酒水,Cheese,300.0,222.0
V000590,2026-03-20,W04,白蘇維翁(杯),酒水,Seafood,280.0,170.8
V000591,2026-03-20,M06,香煎鮭魚佐檸檬,主食,Seafood,460.0,193.2
V000591,2026-03-20,S04,三種起司拼盤,副食,Cheese,340.0,224.4
V000591,2026-03-20,S03,伊比利火腿盤,副食,Cheese,380.0,247.0
V000591,2026-03-20,S05,松露薯條,副食,Fried,180.0,129.6
V000591,2026-03-20,W12,季節水果特調,酒水,Universal,340.0,261.8
V000592,2026-03-20,M04,松露野菌燉飯,主食,Cheese,420.0,189.0
V000592,2026-03-20,W11,威士忌 Highball,酒水,Cheese,300.0,222.0
V000592,2026-03-20,W04,白蘇維翁(杯),酒水,Seafood,280.0,170.8
V000592,2026-03-20,W11,威士忌 Highball,酒水,Cheese,300.0,222.0
V000592,2026-03-20,W11,威士忌 Highball,酒水,Cheese,300.0,222.0
V000592,2026-03-20,W13,無酒精莫吉托,酒水,Universal,180.0,144.0
V000593,2026-03-20,M05,白酒蛤蜊義大利麵,主食,Seafood,380.0,167.2
V000593,2026-03-20,S05,松露薯條,副食,Fried,180.0,129.6
V000593,2026-03-20,S06,酥炸花枝圈,副食,Fried,220.0,154.0
V000593,2026-03-20,S02,西班牙蒜辣蝦,副食,Seafood,260.0,176.8
V000593,2026-03-20,S07,炙燒櫛瓜佐油醋,副食,Universal,160.0,108.8
V000593,2026-03-20,D02,焦糖烤布蕾,甜點,Dessert,160.0,107.2
V000593,2026-03-20,W02,卡本內蘇維翁(杯),酒水,Red_Meat,320.0,192.0
V000593,2026-03-20,W13,無酒精莫吉托,酒水,Universal,180.0,144.0
V000594,2026-03-20,M04,松露野菌燉飯,主食,Cheese,420.0,189.0
V000594,2026-03-20,S06,酥炸花枝圈,副食,Fried,220.0,154.0
V000594,2026-03-20,S07,炙燒櫛瓜佐油醋,副食,Universal,160.0,108.8
V000594,2026-03-20,W07,Old Fashioned,酒水,Red_Meat,380.0,285.0
V000594,2026-03-20,W13,無酒精莫吉托,酒水,Universal,180.0,144.0
V000595,2026-03-20,M02,爐烤伊比利豬肩,主食,Red_Meat,520.0,197.6
V000595,2026-03-20,M06,香煎鮭魚佐檸檬,主食,Seafood,460.0,193.2
V000595,2026-03-20,S03,伊比利火腿盤,副食,Cheese,380.0,247.0
V000595,2026-03-20,S02,西班牙蒜辣蝦,副食,Seafood,260.0,176.8
V000595,2026-03-20,D01,提拉米蘇,甜點,Dessert,180.0,117.0
V000595,2026-03-20,W05,氣泡酒(杯),酒水,Fried,300.0,189.0
V000596,2026-03-20,M05,白酒蛤蜊義大利麵,主食,Seafood,380.0,167.2
V000596,2026-03-20,S04,三種起司拼盤,副食,Cheese,340.0,224.4
V000596,2026-03-20,S02,西班牙蒜辣蝦,副食,Seafood,260.0,176.8
V000596,2026-03-20,S01,紹興油泡蝦,副食,Seafood,280.0,196.0
V000596,2026-03-20,D02,焦糖烤布蕾,甜點,Dessert,160.0,107.2
V000596,2026-03-20,W07,Old Fashioned,酒水,Red_Meat,380.0,285.0
V000596,2026-03-20,W03,夏多內白酒(杯),酒水,Seafood,260.0,161.2
V000597,2026-03-20,M01,舒肥紅酒燉牛肉,主食,Red_Meat,480.0,192.0
V000597,2026-03-20,S01,紹興油泡蝦,副食,Seafood,280.0,196.0
V000597,2026-03-20,S01,紹興油泡蝦,副食,Seafood,280.0,196.0
V000597,2026-03-20,S04,三種起司拼盤,副食,Cheese,340.0,224.4
V000597,2026-03-20,D02,焦糖烤布蕾,甜點,Dessert,160.0,107.2
V000597,2026-03-20,W10,小麥白啤酒,酒水,Fried,240.0,136.8
V000598,2026-03-20,M04,松露野菌燉飯,主食,Cheese,420.0,189.0
V000598,2026-03-20,M03,炭烤戰斧牛排,主食,Red_Meat,880.0,308.0
V000598,2026-03-20,M05,白酒蛤蜊義大利麵,主食,Seafood,380.0,167.2
V000598,2026-03-20,S03,伊比利火腿盤,副食,Cheese,380.0,247.0
V000598,2026-03-20,S03,伊比利火腿盤,副食,Cheese,380.0,247.0
V000598,2026-03-20,S02,西班牙蒜辣蝦,副食,Seafood,260.0,176.8
V000598,2026-03-20,S06,酥炸花枝圈,副食,Fried,220.0,154.0
V000598,2026-03-20,S01,紹興油泡蝦,副食,Seafood,280.0,196.0
V000598,2026-03-20,W06,Negroni,酒水,Cheese,350.0,266.0
V000599,2026-03-20,M01,舒肥紅酒燉牛肉,主食,Red_Meat,480.0,192.0
V000599,2026-03-20,S02,西班牙蒜辣蝦,副食,Seafood,260.0,176.8
V000599,2026-03-20,S01,紹興油泡蝦,副食,Seafood,280.0,196.0
V000599,2026-03-20,S05,松露薯條,副食,Fried,180.0,129.6
V000599,2026-03-20,W03,夏多內白酒(杯),酒水,Seafood,260.0,161.2
V000599,2026-03-20,W03,夏多內白酒(杯),酒水,Seafood,260.0,161.2
V000600,2026-03-20,M04,松露野菌燉飯,主食,Cheese,420.0,189.0
V000600,2026-03-20,M04,松露野菌燉飯,主食,Cheese,420.0,189.0
V000600,2026-03-20,S07,炙燒櫛瓜佐油醋,副食,Universal,160.0,108.8
V000600,2026-03-20,S06,酥炸花枝圈,副食,Fried,220.0,154.0
V000600,2026-03-20,S06,酥炸花枝圈,副食,Fried,220.0,154.0
V000600,2026-03-20,S01,紹興油泡蝦,副食,Seafood,280.0,196.0
V000600,2026-03-20,S05,松露薯條,副食,Fried,180.0,129.6
V000600,2026-03-20,S06,酥炸花枝圈,副食,Fried,220.0,154.0
V000600,2026-03-20,S07,炙燒櫛瓜佐油醋,副食,Universal,160.0,108.8
V000600,2026-03-20,D01,提拉米蘇,甜點,Dessert,180.0,117.0
V000600,2026-03-20,W12,季節水果特調,酒水,Universal,340.0,261.8
V000600,2026-03-20,W10,小麥白啤酒,酒水,Fried,240.0,136.8
V000600,2026-03-20,W13,無酒精莫吉托,酒水,Universal,180.0,144.0
V000600,2026-03-20,W13,無酒精莫吉托,酒水,Universal,180.0,144.0
V000600,2026-03-20,W01,馬爾貝克紅酒(杯),酒水,Red_Meat,280.0,173.6
V000600,2026-03-20,W08,Gin & Tonic,酒水,Universal,300.0,234.0
V000600,2026-03-20,W09,精釀 IPA,酒水,Fried,260.0,150.8
V000600,2026-03-20,W08,Gin & Tonic,酒水,Universal,300.0,234.0
V000600,2026-03-20,W06,Negroni,酒水,Cheese,350.0,266.0
V000600,2026-03-20,W07,Old Fashioned,酒水,Red_Meat,380.0,285.0
V000601,2026-03-20,M03,炭烤戰斧牛排,主食,Red_Meat,880.0,308.0
V000601,2026-03-20,W11,威士忌 Highball,酒水,Cheese,300.0,222.0
V000602,2026-03-20,M06,香煎鮭魚佐檸檬,主食,Seafood,460.0,193.2
V000602,2026-03-20,S02,西班牙蒜辣蝦,副食,Seafood,260.0,176.8
V000602,2026-03-20,D01,提拉米蘇,甜點,Dessert,180.0,117.0
V000602,2026-03-20,W04,白蘇維翁(杯),酒水,Seafood,280.0,170.8
V000602,2026-03-20,W08,Gin & Tonic,酒水,Universal,300.0,234.0
V000602,2026-03-20,W01,馬爾貝克紅酒(杯),酒水,Red_Meat,280.0,173.6
V000602,2026-03-20,W02,卡本內蘇維翁(杯),酒水,Red_Meat,320.0,192.0
V000602,2026-03-20,W04,白蘇維翁(杯),酒水,Seafood,280.0,170.8
V000602,2026-03-20,W08,Gin & Tonic,酒水,Universal,300.0,234.0
V000603,2026-03-21,M04,松露野菌燉飯,主食,Cheese,420.0,189.0
V000603,2026-03-21,M01,舒肥紅酒燉牛肉,主食,Red_Meat,480.0,192.0
V000603,2026-03-21,S05,松露薯條,副食,Fried,180.0,129.6
V000603,2026-03-21,S05,松露薯條,副食,Fried,180.0,129.6
V000603,2026-03-21,W02,卡本內蘇維翁(杯),酒水,Red_Meat,320.0,192.0
V000603,2026-03-21,W07,Old Fashioned,酒水,Red_Meat,380.0,285.0
V000604,2026-03-21,M02,爐烤伊比利豬肩,主食,Red_Meat,520.0,197.6
V000604,2026-03-21,S07,炙燒櫛瓜佐油醋,副食,Universal,160.0,108.8
V000604,2026-03-21,S04,三種起司拼盤,副食,Cheese,340.0,224.4
V000604,2026-03-21,W02,卡本內蘇維翁(杯),酒水,Red_Meat,320.0,192.0
V000604,2026-03-21,W11,威士忌 Highball,酒水,Cheese,300.0,222.0
V000605,2026-03-21,S07,炙燒櫛瓜佐油醋,副食,Universal,160.0,108.8
V000605,2026-03-21,S02,西班牙蒜辣蝦,副食,Seafood,260.0,176.8
V000605,2026-03-21,D01,提拉米蘇,甜點,Dessert,180.0,117.0
V000605,2026-03-21,W08,Gin & Tonic,酒水,Universal,300.0,234.0
V000605,2026-03-21,W11,威士忌 Highball,酒水,Cheese,300.0,222.0
V000605,2026-03-21,W13,無酒精莫吉托,酒水,Universal,180.0,144.0
V000605,2026-03-21,W13,無酒精莫吉托,酒水,Universal,180.0,144.0
V000606,2026-03-21,M05,白酒蛤蜊義大利麵,主食,Seafood,380.0,167.2
V000606,2026-03-21,M03,炭烤戰斧牛排,主食,Red_Meat,880.0,308.0
V000606,2026-03-21,M05,白酒蛤蜊義大利麵,主食,Seafood,380.0,167.2
V000606,2026-03-21,S03,伊比利火腿盤,副食,Cheese,380.0,247.0
V000606,2026-03-21,S03,伊比利火腿盤,副食,Cheese,380.0,247.0
V000606,2026-03-21,S04,三種起司拼盤,副食,Cheese,340.0,224.4
V000606,2026-03-21,S07,炙燒櫛瓜佐油醋,副食,Universal,160.0,108.8
V000606,2026-03-21,D02,焦糖烤布蕾,甜點,Dessert,160.0,107.2
V000606,2026-03-21,W04,白蘇維翁(杯),酒水,Seafood,280.0,170.8
V000606,2026-03-21,W11,威士忌 Highball,酒水,Cheese,300.0,222.0
V000606,2026-03-21,W09,精釀 IPA,酒水,Fried,260.0,150.8
V000606,2026-03-21,W06,Negroni,酒水,Cheese,350.0,266.0
V000606,2026-03-21,W13,無酒精莫吉托,酒水,Universal,180.0,144.0
V000606,2026-03-21,W05,氣泡酒(杯),酒水,Fried,300.0,189.0
V000606,2026-03-21,W07,Old Fashioned,酒水,Red_Meat,380.0,285.0
V000607,2026-03-21,M05,白酒蛤蜊義大利麵,主食,Seafood,380.0,167.2
V000607,2026-03-21,W06,Negroni,酒水,Cheese,350.0,266.0
V000607,2026-03-21,W12,季節水果特調,酒水,Universal,340.0,261.8
V000607,2026-03-21,W04,白蘇維翁(杯),酒水,Seafood,280.0,170.8
V000608,2026-03-21,M04,松露野菌燉飯,主食,Cheese,420.0,189.0
V000608,2026-03-21,M04,松露野菌燉飯,主食,Cheese,420.0,189.0
V000608,2026-03-21,M04,松露野菌燉飯,主食,Cheese,420.0,189.0
V000608,2026-03-21,S04,三種起司拼盤,副食,Cheese,340.0,224.4
V000608,2026-03-21,S03,伊比利火腿盤,副食,Cheese,380.0,247.0
V000608,2026-03-21,D02,焦糖烤布蕾,甜點,Dessert,160.0,107.2
V000608,2026-03-21,W06,Negroni,酒水,Cheese,350.0,266.0
V000608,2026-03-21,W05,氣泡酒(杯),酒水,Fried,300.0,189.0
V000608,2026-03-21,W06,Negroni,酒水,Cheese,350.0,266.0
V000608,2026-03-21,W01,馬爾貝克紅酒(杯),酒水,Red_Meat,280.0,173.6
V000608,2026-03-21,W06,Negroni,酒水,Cheese,350.0,266.0
V000608,2026-03-21,W07,Old Fashioned,酒水,Red_Meat,380.0,285.0
V000608,2026-03-21,W02,卡本內蘇維翁(杯),酒水,Red_Meat,320.0,192.0
V000608,2026-03-21,W03,夏多內白酒(杯),酒水,Seafood,260.0,161.2
V000608,2026-03-21,W05,氣泡酒(杯),酒水,Fried,300.0,189.0
V000608,2026-03-21,W06,Negroni,酒水,Cheese,350.0,266.0
V000608,2026-03-21,W08,Gin & Tonic,酒水,Universal,300.0,234.0
V000608,2026-03-21,W11,威士忌 Highball,酒水,Cheese,300.0,222.0
V000608,2026-03-21,W13,無酒精莫吉托,酒水,Universal,180.0,144.0
V000608,2026-03-21,W02,卡本內蘇維翁(杯),酒水,Red_Meat,320.0,192.0
V000609,2026-03-21,M05,白酒蛤蜊義大利麵,主食,Seafood,380.0,167.2
V000609,2026-03-21,M06,香煎鮭魚佐檸檬,主食,Seafood,460.0,193.2
V000609,2026-03-21,D02,焦糖烤布蕾,甜點,Dessert,160.0,107.2
V000609,2026-03-21,W11,威士忌 Highball,酒水,Cheese,300.0,222.0
V000610,2026-03-21,M05,白酒蛤蜊義大利麵,主食,Seafood,380.0,167.2
V000610,2026-03-21,M02,爐烤伊比利豬肩,主食,Red_Meat,520.0,197.6
V000610,2026-03-21,M05,白酒蛤蜊義大利麵,主食,Seafood,380.0,167.2
V000610,2026-03-21,S04,三種起司拼盤,副食,Cheese,340.0,224.4
V000610,2026-03-21,W02,卡本內蘇維翁(杯),酒水,Red_Meat,320.0,192.0
V000610,2026-03-21,W02,卡本內蘇維翁(杯),酒水,Red_Meat,320.0,192.0
V000611,2026-03-21,M05,白酒蛤蜊義大利麵,主食,Seafood,380.0,167.2
V000611,2026-03-21,M04,松露野菌燉飯,主食,Cheese,420.0,189.0
V000611,2026-03-21,M03,炭烤戰斧牛排,主食,Red_Meat,880.0,308.0
V000611,2026-03-21,S06,酥炸花枝圈,副食,Fried,220.0,154.0
V000611,2026-03-21,S04,三種起司拼盤,副食,Cheese,340.0,224.4
V000611,2026-03-21,S07,炙燒櫛瓜佐油醋,副食,Universal,160.0,108.8
V000611,2026-03-21,S05,松露薯條,副食,Fried,180.0,129.6
V000611,2026-03-21,W11,威士忌 Highball,酒水,Cheese,300.0,222.0
V000611,2026-03-21,W09,精釀 IPA,酒水,Fried,260.0,150.8
V000611,2026-03-21,W05,氣泡酒(杯),酒水,Fried,300.0,189.0
V000612,2026-03-21,M03,炭烤戰斧牛排,主食,Red_Meat,880.0,308.0
V000612,2026-03-21,M01,舒肥紅酒燉牛肉,主食,Red_Meat,480.0,192.0
V000612,2026-03-21,S03,伊比利火腿盤,副食,Cheese,380.0,247.0
V000612,2026-03-21,S03,伊比利火腿盤,副食,Cheese,380.0,247.0
V000612,2026-03-21,W07,Old Fashioned,酒水,Red_Meat,380.0,285.0
V000613,2026-03-21,M03,炭烤戰斧牛排,主食,Red_Meat,880.0,308.0
V000613,2026-03-21,S07,炙燒櫛瓜佐油醋,副食,Universal,160.0,108.8
V000613,2026-03-21,W01,馬爾貝克紅酒(杯),酒水,Red_Meat,280.0,173.6
V000613,2026-03-21,W07,Old Fashioned,酒水,Red_Meat,380.0,285.0
V000613,2026-03-21,W02,卡本內蘇維翁(杯),酒水,Red_Meat,320.0,192.0
V000613,2026-03-21,W01,馬爾貝克紅酒(杯),酒水,Red_Meat,280.0,173.6
V000614,2026-03-21,M02,爐烤伊比利豬肩,主食,Red_Meat,520.0,197.6
V000614,2026-03-21,M05,白酒蛤蜊義大利麵,主食,Seafood,380.0,167.2
V000614,2026-03-21,M05,白酒蛤蜊義大利麵,主食,Seafood,380.0,167.2
V000614,2026-03-21,S01,紹興油泡蝦,副食,Seafood,280.0,196.0
V000614,2026-03-21,S01,紹興油泡蝦,副食,Seafood,280.0,196.0
V000614,2026-03-21,S02,西班牙蒜辣蝦,副食,Seafood,260.0,176.8
V000614,2026-03-21,W12,季節水果特調,酒水,Universal,340.0,261.8
V000614,2026-03-21,W07,Old Fashioned,酒水,Red_Meat,380.0,285.0
V000615,2026-03-21,M03,炭烤戰斧牛排,主食,Red_Meat,880.0,308.0
V000615,2026-03-21,M03,炭烤戰斧牛排,主食,Red_Meat,880.0,308.0
V000615,2026-03-21,M01,舒肥紅酒燉牛肉,主食,Red_Meat,480.0,192.0
V000615,2026-03-21,S01,紹興油泡蝦,副食,Seafood,280.0,196.0
V000615,2026-03-21,S06,酥炸花枝圈,副食,Fried,220.0,154.0
V000615,2026-03-21,S07,炙燒櫛瓜佐油醋,副食,Universal,160.0,108.8
V000615,2026-03-21,W02,卡本內蘇維翁(杯),酒水,Red_Meat,320.0,192.0
V000615,2026-03-21,W11,威士忌 Highball,酒水,Cheese,300.0,222.0
V000615,2026-03-21,W07,Old Fashioned,酒水,Red_Meat,380.0,285.0
V000615,2026-03-21,W06,Negroni,酒水,Cheese,350.0,266.0
V000615,2026-03-21,W05,氣泡酒(杯),酒水,Fried,300.0,189.0
V000615,2026-03-21,W09,精釀 IPA,酒水,Fried,260.0,150.8
V000615,2026-03-21,W03,夏多內白酒(杯),酒水,Seafood,260.0,161.2
V000616,2026-03-21,M03,炭烤戰斧牛排,主食,Red_Meat,880.0,308.0
V000616,2026-03-21,D02,焦糖烤布蕾,甜點,Dessert,160.0,107.2
V000616,2026-03-21,W06,Negroni,酒水,Cheese,350.0,266.0
V000616,2026-03-21,W03,夏多內白酒(杯),酒水,Seafood,260.0,161.2
V000616,2026-03-21,W04,白蘇維翁(杯),酒水,Seafood,280.0,170.8
V000616,2026-03-21,W08,Gin & Tonic,酒水,Universal,300.0,234.0
V000617,2026-03-21,M05,白酒蛤蜊義大利麵,主食,Seafood,380.0,167.2
V000617,2026-03-21,S01,紹興油泡蝦,副食,Seafood,280.0,196.0
V000617,2026-03-21,W03,夏多內白酒(杯),酒水,Seafood,260.0,161.2
V000617,2026-03-21,W13,無酒精莫吉托,酒水,Universal,180.0,144.0
V000617,2026-03-21,W03,夏多內白酒(杯),酒水,Seafood,260.0,161.2
V000617,2026-03-21,W01,馬爾貝克紅酒(杯),酒水,Red_Meat,280.0,173.6
V000618,2026-03-21,M05,白酒蛤蜊義大利麵,主食,Seafood,380.0,167.2
V000618,2026-03-21,S01,紹興油泡蝦,副食,Seafood,280.0,196.0
V000618,2026-03-21,S01,紹興油泡蝦,副食,Seafood,280.0,196.0
V000618,2026-03-21,S01,紹興油泡蝦,副食,Seafood,280.0,196.0
V000618,2026-03-21,S05,松露薯條,副食,Fried,180.0,129.6
V000618,2026-03-21,W03,夏多內白酒(杯),酒水,Seafood,260.0,161.2
V000619,2026-03-21,M02,爐烤伊比利豬肩,主食,Red_Meat,520.0,197.6
V000619,2026-03-21,S01,紹興油泡蝦,副食,Seafood,280.0,196.0
V000619,2026-03-21,S01,紹興油泡蝦,副食,Seafood,280.0,196.0
V000619,2026-03-21,D01,提拉米蘇,甜點,Dessert,180.0,117.0
V000619,2026-03-21,W12,季節水果特調,酒水,Universal,340.0,261.8
V000619,2026-03-21,W03,夏多內白酒(杯),酒水,Seafood,260.0,161.2
V000620,2026-03-21,M05,白酒蛤蜊義大利麵,主食,Seafood,380.0,167.2
V000620,2026-03-21,M02,爐烤伊比利豬肩,主食,Red_Meat,520.0,197.6
V000620,2026-03-21,W13,無酒精莫吉托,酒水,Universal,180.0,144.0
V000620,2026-03-21,W07,Old Fashioned,酒水,Red_Meat,380.0,285.0
V000620,2026-03-21,W03,夏多內白酒(杯),酒水,Seafood,260.0,161.2
V000621,2026-03-21,S01,紹興油泡蝦,副食,Seafood,280.0,196.0
V000621,2026-03-21,W04,白蘇維翁(杯),酒水,Seafood,280.0,170.8
V000621,2026-03-21,W08,Gin & Tonic,酒水,Universal,300.0,234.0
V000621,2026-03-21,W06,Negroni,酒水,Cheese,350.0,266.0
V000622,2026-03-21,M05,白酒蛤蜊義大利麵,主食,Seafood,380.0,167.2
V000622,2026-03-21,S07,炙燒櫛瓜佐油醋,副食,Universal,160.0,108.8
V000622,2026-03-21,S04,三種起司拼盤,副食,Cheese,340.0,224.4
V000622,2026-03-21,W03,夏多內白酒(杯),酒水,Seafood,260.0,161.2
V000622,2026-03-21,W04,白蘇維翁(杯),酒水,Seafood,280.0,170.8
V000622,2026-03-21,W04,白蘇維翁(杯),酒水,Seafood,280.0,170.8
V000622,2026-03-21,W05,氣泡酒(杯),酒水,Fried,300.0,189.0
V000622,2026-03-21,W01,馬爾貝克紅酒(杯),酒水,Red_Meat,280.0,173.6
V000622,2026-03-21,W05,氣泡酒(杯),酒水,Fried,300.0,189.0
V000622,2026-03-21,W01,馬爾貝克紅酒(杯),酒水,Red_Meat,280.0,173.6
V000623,2026-03-21,M03,炭烤戰斧牛排,主食,Red_Meat,880.0,308.0
V000623,2026-03-21,M05,白酒蛤蜊義大利麵,主食,Seafood,380.0,167.2
V000623,2026-03-21,M02,爐烤伊比利豬肩,主食,Red_Meat,520.0,197.6
V000623,2026-03-21,S01,紹興油泡蝦,副食,Seafood,280.0,196.0
V000623,2026-03-21,S05,松露薯條,副食,Fried,180.0,129.6
V000623,2026-03-21,S07,炙燒櫛瓜佐油醋,副食,Universal,160.0,108.8
V000623,2026-03-21,W01,馬爾貝克紅酒(杯),酒水,Red_Meat,280.0,173.6
V000623,2026-03-21,W09,精釀 IPA,酒水,Fried,260.0,150.8
V000623,2026-03-21,W08,Gin & Tonic,酒水,Universal,300.0,234.0
V000624,2026-03-21,M02,爐烤伊比利豬肩,主食,Red_Meat,520.0,197.6
V000624,2026-03-21,S03,伊比利火腿盤,副食,Cheese,380.0,247.0
V000624,2026-03-21,S01,紹興油泡蝦,副食,Seafood,280.0,196.0
V000624,2026-03-21,S01,紹興油泡蝦,副食,Seafood,280.0,196.0
V000624,2026-03-21,S04,三種起司拼盤,副食,Cheese,340.0,224.4
V000624,2026-03-21,W04,白蘇維翁(杯),酒水,Seafood,280.0,170.8
V000624,2026-03-21,W04,白蘇維翁(杯),酒水,Seafood,280.0,170.8
V000624,2026-03-21,W09,精釀 IPA,酒水,Fried,260.0,150.8
V000624,2026-03-21,W01,馬爾貝克紅酒(杯),酒水,Red_Meat,280.0,173.6
V000624,2026-03-21,W01,馬爾貝克紅酒(杯),酒水,Red_Meat,280.0,173.6
V000625,2026-03-21,M04,松露野菌燉飯,主食,Cheese,420.0,189.0
V000625,2026-03-21,M06,香煎鮭魚佐檸檬,主食,Seafood,460.0,193.2
V000625,2026-03-21,S02,西班牙蒜辣蝦,副食,Seafood,260.0,176.8
V000625,2026-03-21,S05,松露薯條,副食,Fried,180.0,129.6
V000625,2026-03-21,S02,西班牙蒜辣蝦,副食,Seafood,260.0,176.8
V000625,2026-03-21,W03,夏多內白酒(杯),酒水,Seafood,260.0,161.2
V000626,2026-03-21,M06,香煎鮭魚佐檸檬,主食,Seafood,460.0,193.2
V000626,2026-03-21,S01,紹興油泡蝦,副食,Seafood,280.0,196.0
V000626,2026-03-21,D01,提拉米蘇,甜點,Dessert,180.0,117.0
V000626,2026-03-21,W10,小麥白啤酒,酒水,Fried,240.0,136.8
V000626,2026-03-21,W04,白蘇維翁(杯),酒水,Seafood,280.0,170.8
V000626,2026-03-21,W09,精釀 IPA,酒水,Fried,260.0,150.8
V000626,2026-03-21,W03,夏多內白酒(杯),酒水,Seafood,260.0,161.2
V000626,2026-03-21,W03,夏多內白酒(杯),酒水,Seafood,260.0,161.2
V000627,2026-03-22,M01,舒肥紅酒燉牛肉,主食,Red_Meat,480.0,192.0
V000627,2026-03-22,S01,紹興油泡蝦,副食,Seafood,280.0,196.0
V000627,2026-03-22,S06,酥炸花枝圈,副食,Fried,220.0,154.0
V000627,2026-03-22,S02,西班牙蒜辣蝦,副食,Seafood,260.0,176.8
V000627,2026-03-22,S04,三種起司拼盤,副食,Cheese,340.0,224.4
V000627,2026-03-22,S03,伊比利火腿盤,副食,Cheese,380.0,247.0
V000627,2026-03-22,S02,西班牙蒜辣蝦,副食,Seafood,260.0,176.8
V000627,2026-03-22,S02,西班牙蒜辣蝦,副食,Seafood,260.0,176.8
V000627,2026-03-22,W01,馬爾貝克紅酒(杯),酒水,Red_Meat,280.0,173.6
V000628,2026-03-22,M02,爐烤伊比利豬肩,主食,Red_Meat,520.0,197.6
V000628,2026-03-22,S07,炙燒櫛瓜佐油醋,副食,Universal,160.0,108.8
V000628,2026-03-22,S04,三種起司拼盤,副食,Cheese,340.0,224.4
V000628,2026-03-22,D02,焦糖烤布蕾,甜點,Dessert,160.0,107.2
V000628,2026-03-22,W08,Gin & Tonic,酒水,Universal,300.0,234.0
V000628,2026-03-22,W09,精釀 IPA,酒水,Fried,260.0,150.8
V000628,2026-03-22,W07,Old Fashioned,酒水,Red_Meat,380.0,285.0
V000629,2026-03-22,M03,炭烤戰斧牛排,主食,Red_Meat,880.0,308.0
V000629,2026-03-22,S05,松露薯條,副食,Fried,180.0,129.6
V000629,2026-03-22,S07,炙燒櫛瓜佐油醋,副食,Universal,160.0,108.8
V000629,2026-03-22,S01,紹興油泡蝦,副食,Seafood,280.0,196.0
V000629,2026-03-22,S01,紹興油泡蝦,副食,Seafood,280.0,196.0
V000629,2026-03-22,S04,三種起司拼盤,副食,Cheese,340.0,224.4
V000629,2026-03-22,S03,伊比利火腿盤,副食,Cheese,380.0,247.0
V000629,2026-03-22,D01,提拉米蘇,甜點,Dessert,180.0,117.0
V000630,2026-03-22,M03,炭烤戰斧牛排,主食,Red_Meat,880.0,308.0
V000630,2026-03-22,S01,紹興油泡蝦,副食,Seafood,280.0,196.0
V000631,2026-03-22,M02,爐烤伊比利豬肩,主食,Red_Meat,520.0,197.6
V000631,2026-03-22,S05,松露薯條,副食,Fried,180.0,129.6
V000631,2026-03-22,S03,伊比利火腿盤,副食,Cheese,380.0,247.0
V000631,2026-03-22,W03,夏多內白酒(杯),酒水,Seafood,260.0,161.2
V000631,2026-03-22,W11,威士忌 Highball,酒水,Cheese,300.0,222.0
V000631,2026-03-22,W11,威士忌 Highball,酒水,Cheese,300.0,222.0
V000631,2026-03-22,W10,小麥白啤酒,酒水,Fried,240.0,136.8
V000631,2026-03-22,W11,威士忌 Highball,酒水,Cheese,300.0,222.0
V000631,2026-03-22,W01,馬爾貝克紅酒(杯),酒水,Red_Meat,280.0,173.6
V000631,2026-03-22,W07,Old Fashioned,酒水,Red_Meat,380.0,285.0
V000632,2026-03-22,S03,伊比利火腿盤,副食,Cheese,380.0,247.0
V000632,2026-03-22,S01,紹興油泡蝦,副食,Seafood,280.0,196.0
V000632,2026-03-22,W08,Gin & Tonic,酒水,Universal,300.0,234.0
V000632,2026-03-22,W05,氣泡酒(杯),酒水,Fried,300.0,189.0
V000633,2026-03-22,M01,舒肥紅酒燉牛肉,主食,Red_Meat,480.0,192.0
V000633,2026-03-22,M01,舒肥紅酒燉牛肉,主食,Red_Meat,480.0,192.0
V000633,2026-03-22,M05,白酒蛤蜊義大利麵,主食,Seafood,380.0,167.2
V000633,2026-03-22,S04,三種起司拼盤,副食,Cheese,340.0,224.4
V000633,2026-03-22,S02,西班牙蒜辣蝦,副食,Seafood,260.0,176.8
V000633,2026-03-22,S06,酥炸花枝圈,副食,Fried,220.0,154.0
V000633,2026-03-22,D01,提拉米蘇,甜點,Dessert,180.0,117.0
V000633,2026-03-22,W01,馬爾貝克紅酒(杯),酒水,Red_Meat,280.0,173.6
V000633,2026-03-22,W12,季節水果特調,酒水,Universal,340.0,261.8
V000634,2026-03-22,M03,炭烤戰斧牛排,主食,Red_Meat,880.0,308.0
V000634,2026-03-22,M04,松露野菌燉飯,主食,Cheese,420.0,189.0
V000634,2026-03-22,S07,炙燒櫛瓜佐油醋,副食,Universal,160.0,108.8
V000634,2026-03-22,W06,Negroni,酒水,Cheese,350.0,266.0
V000635,2026-03-22,M06,香煎鮭魚佐檸檬,主食,Seafood,460.0,193.2
V000635,2026-03-22,M05,白酒蛤蜊義大利麵,主食,Seafood,380.0,167.2
V000635,2026-03-22,M06,香煎鮭魚佐檸檬,主食,Seafood,460.0,193.2
V000635,2026-03-22,S06,酥炸花枝圈,副食,Fried,220.0,154.0
V000635,2026-03-22,S05,松露薯條,副食,Fried,180.0,129.6
V000635,2026-03-22,D01,提拉米蘇,甜點,Dessert,180.0,117.0
V000635,2026-03-22,W08,Gin & Tonic,酒水,Universal,300.0,234.0
V000635,2026-03-22,W08,Gin & Tonic,酒水,Universal,300.0,234.0
V000636,2026-03-22,M05,白酒蛤蜊義大利麵,主食,Seafood,380.0,167.2
V000636,2026-03-22,M06,香煎鮭魚佐檸檬,主食,Seafood,460.0,193.2
V000636,2026-03-22,M04,松露野菌燉飯,主食,Cheese,420.0,189.0
V000636,2026-03-22,S05,松露薯條,副食,Fried,180.0,129.6
V000636,2026-03-22,S05,松露薯條,副食,Fried,180.0,129.6
V000636,2026-03-22,S07,炙燒櫛瓜佐油醋,副食,Universal,160.0,108.8
V000636,2026-03-22,W04,白蘇維翁(杯),酒水,Seafood,280.0,170.8
V000636,2026-03-22,W12,季節水果特調,酒水,Universal,340.0,261.8
V000637,2026-03-24,M01,舒肥紅酒燉牛肉,主食,Red_Meat,480.0,192.0
V000637,2026-03-24,M01,舒肥紅酒燉牛肉,主食,Red_Meat,480.0,192.0
V000637,2026-03-24,S06,酥炸花枝圈,副食,Fried,220.0,154.0
V000637,2026-03-24,S07,炙燒櫛瓜佐油醋,副食,Universal,160.0,108.8
V000637,2026-03-24,S04,三種起司拼盤,副食,Cheese,340.0,224.4
V000637,2026-03-24,S02,西班牙蒜辣蝦,副食,Seafood,260.0,176.8
V000637,2026-03-24,W01,馬爾貝克紅酒(杯),酒水,Red_Meat,280.0,173.6
V000637,2026-03-24,W07,Old Fashioned,酒水,Red_Meat,380.0,285.0
V000637,2026-03-24,W04,白蘇維翁(杯),酒水,Seafood,280.0,170.8
V000637,2026-03-24,W07,Old Fashioned,酒水,Red_Meat,380.0,285.0
V000637,2026-03-24,W08,Gin & Tonic,酒水,Universal,300.0,234.0
V000637,2026-03-24,W04,白蘇維翁(杯),酒水,Seafood,280.0,170.8
V000638,2026-03-24,S03,伊比利火腿盤,副食,Cheese,380.0,247.0
V000638,2026-03-24,S07,炙燒櫛瓜佐油醋,副食,Universal,160.0,108.8
V000639,2026-03-24,M02,爐烤伊比利豬肩,主食,Red_Meat,520.0,197.6
V000639,2026-03-24,M04,松露野菌燉飯,主食,Cheese,420.0,189.0
V000639,2026-03-24,M05,白酒蛤蜊義大利麵,主食,Seafood,380.0,167.2
V000639,2026-03-24,M04,松露野菌燉飯,主食,Cheese,420.0,189.0
V000639,2026-03-24,M06,香煎鮭魚佐檸檬,主食,Seafood,460.0,193.2
V000639,2026-03-24,S07,炙燒櫛瓜佐油醋,副食,Universal,160.0,108.8
V000639,2026-03-24,S04,三種起司拼盤,副食,Cheese,340.0,224.4
V000639,2026-03-24,S04,三種起司拼盤,副食,Cheese,340.0,224.4
V000639,2026-03-24,S02,西班牙蒜辣蝦,副食,Seafood,260.0,176.8
V000639,2026-03-24,S06,酥炸花枝圈,副食,Fried,220.0,154.0
V000639,2026-03-24,W06,Negroni,酒水,Cheese,350.0,266.0
V000639,2026-03-24,W11,威士忌 Highball,酒水,Cheese,300.0,222.0
V000639,2026-03-24,W10,小麥白啤酒,酒水,Fried,240.0,136.8
V000639,2026-03-24,W02,卡本內蘇維翁(杯),酒水,Red_Meat,320.0,192.0
V000639,2026-03-24,W06,Negroni,酒水,Cheese,350.0,266.0
V000639,2026-03-24,W01,馬爾貝克紅酒(杯),酒水,Red_Meat,280.0,173.6
V000639,2026-03-24,W09,精釀 IPA,酒水,Fried,260.0,150.8
V000640,2026-03-24,M03,炭烤戰斧牛排,主食,Red_Meat,880.0,308.0
V000640,2026-03-24,S07,炙燒櫛瓜佐油醋,副食,Universal,160.0,108.8
V000640,2026-03-24,S04,三種起司拼盤,副食,Cheese,340.0,224.4
V000640,2026-03-24,S01,紹興油泡蝦,副食,Seafood,280.0,196.0
V000640,2026-03-24,D02,焦糖烤布蕾,甜點,Dessert,160.0,107.2
V000640,2026-03-24,W13,無酒精莫吉托,酒水,Universal,180.0,144.0
V000640,2026-03-24,W09,精釀 IPA,酒水,Fried,260.0,150.8
V000640,2026-03-24,W03,夏多內白酒(杯),酒水,Seafood,260.0,161.2
V000640,2026-03-24,W13,無酒精莫吉托,酒水,Universal,180.0,144.0
V000641,2026-03-25,S03,伊比利火腿盤,副食,Cheese,380.0,247.0
V000641,2026-03-25,S06,酥炸花枝圈,副食,Fried,220.0,154.0
V000641,2026-03-25,D01,提拉米蘇,甜點,Dessert,180.0,117.0
V000642,2026-03-25,M05,白酒蛤蜊義大利麵,主食,Seafood,380.0,167.2
V000642,2026-03-25,M03,炭烤戰斧牛排,主食,Red_Meat,880.0,308.0
V000642,2026-03-25,S05,松露薯條,副食,Fried,180.0,129.6
V000642,2026-03-25,S02,西班牙蒜辣蝦,副食,Seafood,260.0,176.8
V000642,2026-03-25,S05,松露薯條,副食,Fried,180.0,129.6
V000642,2026-03-25,W11,威士忌 Highball,酒水,Cheese,300.0,222.0
V000642,2026-03-25,W10,小麥白啤酒,酒水,Fried,240.0,136.8
V000642,2026-03-25,W02,卡本內蘇維翁(杯),酒水,Red_Meat,320.0,192.0
V000642,2026-03-25,W08,Gin & Tonic,酒水,Universal,300.0,234.0
V000642,2026-03-25,W07,Old Fashioned,酒水,Red_Meat,380.0,285.0
V000642,2026-03-25,W02,卡本內蘇維翁(杯),酒水,Red_Meat,320.0,192.0
V000643,2026-03-25,M02,爐烤伊比利豬肩,主食,Red_Meat,520.0,197.6
V000643,2026-03-25,M01,舒肥紅酒燉牛肉,主食,Red_Meat,480.0,192.0
V000643,2026-03-25,S01,紹興油泡蝦,副食,Seafood,280.0,196.0
V000643,2026-03-25,D01,提拉米蘇,甜點,Dessert,180.0,117.0
V000643,2026-03-25,W13,無酒精莫吉托,酒水,Universal,180.0,144.0
V000643,2026-03-25,W06,Negroni,酒水,Cheese,350.0,266.0
V000644,2026-03-25,M02,爐烤伊比利豬肩,主食,Red_Meat,520.0,197.6
V000644,2026-03-25,S04,三種起司拼盤,副食,Cheese,340.0,224.4
V000645,2026-03-25,M06,香煎鮭魚佐檸檬,主食,Seafood,460.0,193.2
V000645,2026-03-25,S07,炙燒櫛瓜佐油醋,副食,Universal,160.0,108.8
V000645,2026-03-25,W08,Gin & Tonic,酒水,Universal,300.0,234.0
V000645,2026-03-25,W08,Gin & Tonic,酒水,Universal,300.0,234.0
V000645,2026-03-25,W03,夏多內白酒(杯),酒水,Seafood,260.0,161.2
V000645,2026-03-25,W04,白蘇維翁(杯),酒水,Seafood,280.0,170.8
V000646,2026-03-25,M06,香煎鮭魚佐檸檬,主食,Seafood,460.0,193.2
V000646,2026-03-25,M05,白酒蛤蜊義大利麵,主食,Seafood,380.0,167.2
V000646,2026-03-25,S05,松露薯條,副食,Fried,180.0,129.6
V000646,2026-03-25,S03,伊比利火腿盤,副食,Cheese,380.0,247.0
V000646,2026-03-25,W06,Negroni,酒水,Cheese,350.0,266.0
V000647,2026-03-25,M04,松露野菌燉飯,主食,Cheese,420.0,189.0
V000647,2026-03-25,S05,松露薯條,副食,Fried,180.0,129.6
V000647,2026-03-25,S04,三種起司拼盤,副食,Cheese,340.0,224.4
V000647,2026-03-25,S06,酥炸花枝圈,副食,Fried,220.0,154.0
V000647,2026-03-25,S02,西班牙蒜辣蝦,副食,Seafood,260.0,176.8
V000647,2026-03-25,W06,Negroni,酒水,Cheese,350.0,266.0
V000647,2026-03-25,W04,白蘇維翁(杯),酒水,Seafood,280.0,170.8
V000647,2026-03-25,W13,無酒精莫吉托,酒水,Universal,180.0,144.0
V000647,2026-03-25,W08,Gin & Tonic,酒水,Universal,300.0,234.0
V000648,2026-03-25,M04,松露野菌燉飯,主食,Cheese,420.0,189.0
V000648,2026-03-25,M06,香煎鮭魚佐檸檬,主食,Seafood,460.0,193.2
V000648,2026-03-25,S07,炙燒櫛瓜佐油醋,副食,Universal,160.0,108.8
V000648,2026-03-25,S07,炙燒櫛瓜佐油醋,副食,Universal,160.0,108.8
V000648,2026-03-25,W12,季節水果特調,酒水,Universal,340.0,261.8
V000648,2026-03-25,W03,夏多內白酒(杯),酒水,Seafood,260.0,161.2
V000648,2026-03-25,W05,氣泡酒(杯),酒水,Fried,300.0,189.0
V000649,2026-03-25,M06,香煎鮭魚佐檸檬,主食,Seafood,460.0,193.2
V000649,2026-03-25,M06,香煎鮭魚佐檸檬,主食,Seafood,460.0,193.2
V000649,2026-03-25,M03,炭烤戰斧牛排,主食,Red_Meat,880.0,308.0
V000649,2026-03-25,M04,松露野菌燉飯,主食,Cheese,420.0,189.0
V000649,2026-03-25,M06,香煎鮭魚佐檸檬,主食,Seafood,460.0,193.2
V000649,2026-03-25,S05,松露薯條,副食,Fried,180.0,129.6
V000649,2026-03-25,S02,西班牙蒜辣蝦,副食,Seafood,260.0,176.8
V000649,2026-03-25,W06,Negroni,酒水,Cheese,350.0,266.0
V000649,2026-03-25,W05,氣泡酒(杯),酒水,Fried,300.0,189.0
V000649,2026-03-25,W12,季節水果特調,酒水,Universal,340.0,261.8
V000649,2026-03-25,W03,夏多內白酒(杯),酒水,Seafood,260.0,161.2
V000649,2026-03-25,W03,夏多內白酒(杯),酒水,Seafood,260.0,161.2
V000649,2026-03-25,W02,卡本內蘇維翁(杯),酒水,Red_Meat,320.0,192.0
V000649,2026-03-25,W04,白蘇維翁(杯),酒水,Seafood,280.0,170.8
V000650,2026-03-25,M01,舒肥紅酒燉牛肉,主食,Red_Meat,480.0,192.0
V000650,2026-03-25,S01,紹興油泡蝦,副食,Seafood,280.0,196.0
V000650,2026-03-25,S06,酥炸花枝圈,副食,Fried,220.0,154.0
V000650,2026-03-25,S05,松露薯條,副食,Fried,180.0,129.6
V000650,2026-03-25,S01,紹興油泡蝦,副食,Seafood,280.0,196.0
V000650,2026-03-25,S03,伊比利火腿盤,副食,Cheese,380.0,247.0
V000650,2026-03-25,W11,威士忌 Highball,酒水,Cheese,300.0,222.0
V000650,2026-03-25,W08,Gin & Tonic,酒水,Universal,300.0,234.0
V000651,2026-03-25,M03,炭烤戰斧牛排,主食,Red_Meat,880.0,308.0
V000651,2026-03-25,S01,紹興油泡蝦,副食,Seafood,280.0,196.0
V000651,2026-03-25,W04,白蘇維翁(杯),酒水,Seafood,280.0,170.8
V000651,2026-03-25,W07,Old Fashioned,酒水,Red_Meat,380.0,285.0
V000651,2026-03-25,W12,季節水果特調,酒水,Universal,340.0,261.8
V000651,2026-03-25,W07,Old Fashioned,酒水,Red_Meat,380.0,285.0
V000652,2026-03-25,M04,松露野菌燉飯,主食,Cheese,420.0,189.0
V000652,2026-03-25,M01,舒肥紅酒燉牛肉,主食,Red_Meat,480.0,192.0
V000652,2026-03-25,S03,伊比利火腿盤,副食,Cheese,380.0,247.0
V000652,2026-03-25,S05,松露薯條,副食,Fried,180.0,129.6
V000652,2026-03-25,S03,伊比利火腿盤,副食,Cheese,380.0,247.0
V000652,2026-03-25,S06,酥炸花枝圈,副食,Fried,220.0,154.0
V000652,2026-03-25,D02,焦糖烤布蕾,甜點,Dessert,160.0,107.2
V000652,2026-03-25,W01,馬爾貝克紅酒(杯),酒水,Red_Meat,280.0,173.6
V000652,2026-03-25,W07,Old Fashioned,酒水,Red_Meat,380.0,285.0
V000652,2026-03-25,W05,氣泡酒(杯),酒水,Fried,300.0,189.0
V000652,2026-03-25,W06,Negroni,酒水,Cheese,350.0,266.0
V000652,2026-03-25,W07,Old Fashioned,酒水,Red_Meat,380.0,285.0
V000653,2026-03-25,M06,香煎鮭魚佐檸檬,主食,Seafood,460.0,193.2
V000653,2026-03-25,M04,松露野菌燉飯,主食,Cheese,420.0,189.0
V000653,2026-03-25,S07,炙燒櫛瓜佐油醋,副食,Universal,160.0,108.8
V000653,2026-03-25,W06,Negroni,酒水,Cheese,350.0,266.0
V000653,2026-03-25,W09,精釀 IPA,酒水,Fried,260.0,150.8
V000654,2026-03-26,M04,松露野菌燉飯,主食,Cheese,420.0,189.0
V000654,2026-03-26,S03,伊比利火腿盤,副食,Cheese,380.0,247.0
V000654,2026-03-26,S05,松露薯條,副食,Fried,180.0,129.6
V000654,2026-03-26,S03,伊比利火腿盤,副食,Cheese,380.0,247.0
V000654,2026-03-26,W03,夏多內白酒(杯),酒水,Seafood,260.0,161.2
V000655,2026-03-26,M06,香煎鮭魚佐檸檬,主食,Seafood,460.0,193.2
V000655,2026-03-26,S04,三種起司拼盤,副食,Cheese,340.0,224.4
V000655,2026-03-26,S03,伊比利火腿盤,副食,Cheese,380.0,247.0
V000655,2026-03-26,S02,西班牙蒜辣蝦,副食,Seafood,260.0,176.8
V000655,2026-03-26,S05,松露薯條,副食,Fried,180.0,129.6
V000655,2026-03-26,W02,卡本內蘇維翁(杯),酒水,Red_Meat,320.0,192.0
V000655,2026-03-26,W06,Negroni,酒水,Cheese,350.0,266.0
V000655,2026-03-26,W07,Old Fashioned,酒水,Red_Meat,380.0,285.0
V000655,2026-03-26,W10,小麥白啤酒,酒水,Fried,240.0,136.8
V000655,2026-03-26,W11,威士忌 Highball,酒水,Cheese,300.0,222.0
V000655,2026-03-26,W03,夏多內白酒(杯),酒水,Seafood,260.0,161.2
V000656,2026-03-26,M03,炭烤戰斧牛排,主食,Red_Meat,880.0,308.0
V000656,2026-03-26,M03,炭烤戰斧牛排,主食,Red_Meat,880.0,308.0
V000656,2026-03-26,S06,酥炸花枝圈,副食,Fried,220.0,154.0
V000656,2026-03-26,S07,炙燒櫛瓜佐油醋,副食,Universal,160.0,108.8
V000656,2026-03-26,S02,西班牙蒜辣蝦,副食,Seafood,260.0,176.8
V000656,2026-03-26,S03,伊比利火腿盤,副食,Cheese,380.0,247.0
V000656,2026-03-26,S07,炙燒櫛瓜佐油醋,副食,Universal,160.0,108.8
V000656,2026-03-26,W10,小麥白啤酒,酒水,Fried,240.0,136.8
V000656,2026-03-26,W11,威士忌 Highball,酒水,Cheese,300.0,222.0
V000656,2026-03-26,W01,馬爾貝克紅酒(杯),酒水,Red_Meat,280.0,173.6
V000656,2026-03-26,W02,卡本內蘇維翁(杯),酒水,Red_Meat,320.0,192.0
V000656,2026-03-26,W03,夏多內白酒(杯),酒水,Seafood,260.0,161.2
V000656,2026-03-26,W03,夏多內白酒(杯),酒水,Seafood,260.0,161.2
V000656,2026-03-26,W03,夏多內白酒(杯),酒水,Seafood,260.0,161.2
V000657,2026-03-26,M05,白酒蛤蜊義大利麵,主食,Seafood,380.0,167.2
V000657,2026-03-26,S06,酥炸花枝圈,副食,Fried,220.0,154.0
V000657,2026-03-26,W10,小麥白啤酒,酒水,Fried,240.0,136.8
V000657,2026-03-26,W09,精釀 IPA,酒水,Fried,260.0,150.8
V000658,2026-03-26,M03,炭烤戰斧牛排,主食,Red_Meat,880.0,308.0
V000658,2026-03-26,M06,香煎鮭魚佐檸檬,主食,Seafood,460.0,193.2
V000658,2026-03-26,S06,酥炸花枝圈,副食,Fried,220.0,154.0
V000658,2026-03-26,S03,伊比利火腿盤,副食,Cheese,380.0,247.0
V000658,2026-03-26,D02,焦糖烤布蕾,甜點,Dessert,160.0,107.2
V000658,2026-03-26,W11,威士忌 Highball,酒水,Cheese,300.0,222.0
V000658,2026-03-26,W06,Negroni,酒水,Cheese,350.0,266.0
V000658,2026-03-26,W06,Negroni,酒水,Cheese,350.0,266.0
V000658,2026-03-26,W10,小麥白啤酒,酒水,Fried,240.0,136.8
V000658,2026-03-26,W01,馬爾貝克紅酒(杯),酒水,Red_Meat,280.0,173.6
V000658,2026-03-26,W11,威士忌 Highball,酒水,Cheese,300.0,222.0
V000658,2026-03-26,W13,無酒精莫吉托,酒水,Universal,180.0,144.0
V000659,2026-03-26,M05,白酒蛤蜊義大利麵,主食,Seafood,380.0,167.2
V000659,2026-03-26,M06,香煎鮭魚佐檸檬,主食,Seafood,460.0,193.2
V000659,2026-03-26,M05,白酒蛤蜊義大利麵,主食,Seafood,380.0,167.2
V000659,2026-03-26,S03,伊比利火腿盤,副食,Cheese,380.0,247.0
V000659,2026-03-26,S02,西班牙蒜辣蝦,副食,Seafood,260.0,176.8
V000659,2026-03-26,S06,酥炸花枝圈,副食,Fried,220.0,154.0
V000659,2026-03-26,W11,威士忌 Highball,酒水,Cheese,300.0,222.0
V000659,2026-03-26,W04,白蘇維翁(杯),酒水,Seafood,280.0,170.8
V000659,2026-03-26,W07,Old Fashioned,酒水,Red_Meat,380.0,285.0
V000660,2026-03-26,M03,炭烤戰斧牛排,主食,Red_Meat,880.0,308.0
V000660,2026-03-26,S03,伊比利火腿盤,副食,Cheese,380.0,247.0
V000660,2026-03-26,S02,西班牙蒜辣蝦,副食,Seafood,260.0,176.8
V000661,2026-03-26,M01,舒肥紅酒燉牛肉,主食,Red_Meat,480.0,192.0
V000661,2026-03-26,S04,三種起司拼盤,副食,Cheese,340.0,224.4
V000661,2026-03-26,S06,酥炸花枝圈,副食,Fried,220.0,154.0
V000661,2026-03-26,S04,三種起司拼盤,副食,Cheese,340.0,224.4
V000661,2026-03-26,S01,紹興油泡蝦,副食,Seafood,280.0,196.0
V000661,2026-03-26,S03,伊比利火腿盤,副食,Cheese,380.0,247.0
V000661,2026-03-26,S07,炙燒櫛瓜佐油醋,副食,Universal,160.0,108.8
V000661,2026-03-26,W08,Gin & Tonic,酒水,Universal,300.0,234.0
V000662,2026-03-26,M05,白酒蛤蜊義大利麵,主食,Seafood,380.0,167.2
V000662,2026-03-26,D01,提拉米蘇,甜點,Dessert,180.0,117.0
V000663,2026-03-26,M04,松露野菌燉飯,主食,Cheese,420.0,189.0
V000663,2026-03-26,M04,松露野菌燉飯,主食,Cheese,420.0,189.0
V000663,2026-03-26,S07,炙燒櫛瓜佐油醋,副食,Universal,160.0,108.8
V000663,2026-03-26,S01,紹興油泡蝦,副食,Seafood,280.0,196.0
V000663,2026-03-26,W04,白蘇維翁(杯),酒水,Seafood,280.0,170.8
V000663,2026-03-26,W06,Negroni,酒水,Cheese,350.0,266.0
V000663,2026-03-26,W10,小麥白啤酒,酒水,Fried,240.0,136.8
V000663,2026-03-26,W11,威士忌 Highball,酒水,Cheese,300.0,222.0
V000664,2026-03-26,M06,香煎鮭魚佐檸檬,主食,Seafood,460.0,193.2
V000664,2026-03-26,S02,西班牙蒜辣蝦,副食,Seafood,260.0,176.8
V000664,2026-03-26,S03,伊比利火腿盤,副食,Cheese,380.0,247.0
V000664,2026-03-26,W02,卡本內蘇維翁(杯),酒水,Red_Meat,320.0,192.0
V000664,2026-03-26,W01,馬爾貝克紅酒(杯),酒水,Red_Meat,280.0,173.6
V000664,2026-03-26,W01,馬爾貝克紅酒(杯),酒水,Red_Meat,280.0,173.6
V000664,2026-03-26,W13,無酒精莫吉托,酒水,Universal,180.0,144.0
V000665,2026-03-26,M02,爐烤伊比利豬肩,主食,Red_Meat,520.0,197.6
V000665,2026-03-26,S01,紹興油泡蝦,副食,Seafood,280.0,196.0
V000665,2026-03-26,W04,白蘇維翁(杯),酒水,Seafood,280.0,170.8
V000665,2026-03-26,W02,卡本內蘇維翁(杯),酒水,Red_Meat,320.0,192.0
V000665,2026-03-26,W03,夏多內白酒(杯),酒水,Seafood,260.0,161.2
V000665,2026-03-26,W07,Old Fashioned,酒水,Red_Meat,380.0,285.0
V000666,2026-03-26,M06,香煎鮭魚佐檸檬,主食,Seafood,460.0,193.2
V000666,2026-03-26,M04,松露野菌燉飯,主食,Cheese,420.0,189.0
V000666,2026-03-26,S05,松露薯條,副食,Fried,180.0,129.6
V000666,2026-03-26,S06,酥炸花枝圈,副食,Fried,220.0,154.0
V000666,2026-03-26,S02,西班牙蒜辣蝦,副食,Seafood,260.0,176.8
V000666,2026-03-26,S04,三種起司拼盤,副食,Cheese,340.0,224.4
V000666,2026-03-26,W09,精釀 IPA,酒水,Fried,260.0,150.8
V000666,2026-03-26,W05,氣泡酒(杯),酒水,Fried,300.0,189.0
V000666,2026-03-26,W02,卡本內蘇維翁(杯),酒水,Red_Meat,320.0,192.0
V000666,2026-03-26,W09,精釀 IPA,酒水,Fried,260.0,150.8
V000666,2026-03-26,W02,卡本內蘇維翁(杯),酒水,Red_Meat,320.0,192.0
V000666,2026-03-26,W05,氣泡酒(杯),酒水,Fried,300.0,189.0
V000666,2026-03-26,W10,小麥白啤酒,酒水,Fried,240.0,136.8
V000666,2026-03-26,W07,Old Fashioned,酒水,Red_Meat,380.0,285.0
V000667,2026-03-27,M05,白酒蛤蜊義大利麵,主食,Seafood,380.0,167.2
V000667,2026-03-27,S02,西班牙蒜辣蝦,副食,Seafood,260.0,176.8
V000667,2026-03-27,S07,炙燒櫛瓜佐油醋,副食,Universal,160.0,108.8
V000667,2026-03-27,S02,西班牙蒜辣蝦,副食,Seafood,260.0,176.8
V000667,2026-03-27,S01,紹興油泡蝦,副食,Seafood,280.0,196.0
V000667,2026-03-27,S06,酥炸花枝圈,副食,Fried,220.0,154.0
V000667,2026-03-27,W10,小麥白啤酒,酒水,Fried,240.0,136.8
V000667,2026-03-27,W04,白蘇維翁(杯),酒水,Seafood,280.0,170.8
V000667,2026-03-27,W03,夏多內白酒(杯),酒水,Seafood,260.0,161.2
V000668,2026-03-27,M01,舒肥紅酒燉牛肉,主食,Red_Meat,480.0,192.0
V000668,2026-03-27,M06,香煎鮭魚佐檸檬,主食,Seafood,460.0,193.2
V000668,2026-03-27,M05,白酒蛤蜊義大利麵,主食,Seafood,380.0,167.2
V000668,2026-03-27,S02,西班牙蒜辣蝦,副食,Seafood,260.0,176.8
V000668,2026-03-27,S03,伊比利火腿盤,副食,Cheese,380.0,247.0
V000668,2026-03-27,S06,酥炸花枝圈,副食,Fried,220.0,154.0
V000668,2026-03-27,S07,炙燒櫛瓜佐油醋,副食,Universal,160.0,108.8
V000668,2026-03-27,S05,松露薯條,副食,Fried,180.0,129.6
V000668,2026-03-27,D01,提拉米蘇,甜點,Dessert,180.0,117.0
V000668,2026-03-27,W12,季節水果特調,酒水,Universal,340.0,261.8
V000668,2026-03-27,W10,小麥白啤酒,酒水,Fried,240.0,136.8
V000669,2026-03-27,M05,白酒蛤蜊義大利麵,主食,Seafood,380.0,167.2
V000669,2026-03-27,S01,紹興油泡蝦,副食,Seafood,280.0,196.0
V000670,2026-03-27,M05,白酒蛤蜊義大利麵,主食,Seafood,380.0,167.2
V000670,2026-03-27,M03,炭烤戰斧牛排,主食,Red_Meat,880.0,308.0
V000670,2026-03-27,S06,酥炸花枝圈,副食,Fried,220.0,154.0
V000670,2026-03-27,S06,酥炸花枝圈,副食,Fried,220.0,154.0
V000670,2026-03-27,W13,無酒精莫吉托,酒水,Universal,180.0,144.0
V000670,2026-03-27,W02,卡本內蘇維翁(杯),酒水,Red_Meat,320.0,192.0
V000670,2026-03-27,W02,卡本內蘇維翁(杯),酒水,Red_Meat,320.0,192.0
V000671,2026-03-27,M05,白酒蛤蜊義大利麵,主食,Seafood,380.0,167.2
V000671,2026-03-27,M03,炭烤戰斧牛排,主食,Red_Meat,880.0,308.0
V000671,2026-03-27,M06,香煎鮭魚佐檸檬,主食,Seafood,460.0,193.2
V000671,2026-03-27,S04,三種起司拼盤,副食,Cheese,340.0,224.4
V000671,2026-03-27,S02,西班牙蒜辣蝦,副食,Seafood,260.0,176.8
V000671,2026-03-27,S02,西班牙蒜辣蝦,副食,Seafood,260.0,176.8
V000671,2026-03-27,W08,Gin & Tonic,酒水,Universal,300.0,234.0
V000671,2026-03-27,W10,小麥白啤酒,酒水,Fried,240.0,136.8
V000671,2026-03-27,W02,卡本內蘇維翁(杯),酒水,Red_Meat,320.0,192.0
V000671,2026-03-27,W03,夏多內白酒(杯),酒水,Seafood,260.0,161.2
V000671,2026-03-27,W03,夏多內白酒(杯),酒水,Seafood,260.0,161.2
V000671,2026-03-27,W02,卡本內蘇維翁(杯),酒水,Red_Meat,320.0,192.0
V000671,2026-03-27,W12,季節水果特調,酒水,Universal,340.0,261.8
V000671,2026-03-27,W04,白蘇維翁(杯),酒水,Seafood,280.0,170.8
V000671,2026-03-27,W02,卡本內蘇維翁(杯),酒水,Red_Meat,320.0,192.0
V000672,2026-03-27,M03,炭烤戰斧牛排,主食,Red_Meat,880.0,308.0
V000672,2026-03-27,M05,白酒蛤蜊義大利麵,主食,Seafood,380.0,167.2
V000672,2026-03-27,M06,香煎鮭魚佐檸檬,主食,Seafood,460.0,193.2
V000672,2026-03-27,S05,松露薯條,副食,Fried,180.0,129.6
V000672,2026-03-27,S05,松露薯條,副食,Fried,180.0,129.6
V000672,2026-03-27,S04,三種起司拼盤,副食,Cheese,340.0,224.4
V000672,2026-03-27,S02,西班牙蒜辣蝦,副食,Seafood,260.0,176.8
V000672,2026-03-27,W09,精釀 IPA,酒水,Fried,260.0,150.8
V000672,2026-03-27,W02,卡本內蘇維翁(杯),酒水,Red_Meat,320.0,192.0
V000672,2026-03-27,W01,馬爾貝克紅酒(杯),酒水,Red_Meat,280.0,173.6
V000672,2026-03-27,W02,卡本內蘇維翁(杯),酒水,Red_Meat,320.0,192.0
V000672,2026-03-27,W03,夏多內白酒(杯),酒水,Seafood,260.0,161.2
V000672,2026-03-27,W13,無酒精莫吉托,酒水,Universal,180.0,144.0
V000672,2026-03-27,W09,精釀 IPA,酒水,Fried,260.0,150.8
V000672,2026-03-27,W12,季節水果特調,酒水,Universal,340.0,261.8
V000672,2026-03-27,W12,季節水果特調,酒水,Universal,340.0,261.8
V000673,2026-03-27,M06,香煎鮭魚佐檸檬,主食,Seafood,460.0,193.2
V000673,2026-03-27,M04,松露野菌燉飯,主食,Cheese,420.0,189.0
V000674,2026-03-27,M02,爐烤伊比利豬肩,主食,Red_Meat,520.0,197.6
V000674,2026-03-27,S07,炙燒櫛瓜佐油醋,副食,Universal,160.0,108.8
V000674,2026-03-27,D01,提拉米蘇,甜點,Dessert,180.0,117.0
V000674,2026-03-27,W02,卡本內蘇維翁(杯),酒水,Red_Meat,320.0,192.0
V000674,2026-03-27,W11,威士忌 Highball,酒水,Cheese,300.0,222.0
V000674,2026-03-27,W08,Gin & Tonic,酒水,Universal,300.0,234.0
V000674,2026-03-27,W03,夏多內白酒(杯),酒水,Seafood,260.0,161.2
V000674,2026-03-27,W12,季節水果特調,酒水,Universal,340.0,261.8
V000674,2026-03-27,W11,威士忌 Highball,酒水,Cheese,300.0,222.0
V000674,2026-03-27,W07,Old Fashioned,酒水,Red_Meat,380.0,285.0
V000674,2026-03-27,W02,卡本內蘇維翁(杯),酒水,Red_Meat,320.0,192.0
V000674,2026-03-27,W12,季節水果特調,酒水,Universal,340.0,261.8
V000675,2026-03-27,M03,炭烤戰斧牛排,主食,Red_Meat,880.0,308.0
V000675,2026-03-27,S06,酥炸花枝圈,副食,Fried,220.0,154.0
V000675,2026-03-27,S02,西班牙蒜辣蝦,副食,Seafood,260.0,176.8
V000675,2026-03-27,S03,伊比利火腿盤,副食,Cheese,380.0,247.0
V000675,2026-03-27,D02,焦糖烤布蕾,甜點,Dessert,160.0,107.2
V000676,2026-03-27,M06,香煎鮭魚佐檸檬,主食,Seafood,460.0,193.2
V000676,2026-03-27,M06,香煎鮭魚佐檸檬,主食,Seafood,460.0,193.2
V000676,2026-03-27,M05,白酒蛤蜊義大利麵,主食,Seafood,380.0,167.2
V000676,2026-03-27,S07,炙燒櫛瓜佐油醋,副食,Universal,160.0,108.8
V000676,2026-03-27,S01,紹興油泡蝦,副食,Seafood,280.0,196.0
V000676,2026-03-27,S07,炙燒櫛瓜佐油醋,副食,Universal,160.0,108.8
V000676,2026-03-27,S05,松露薯條,副食,Fried,180.0,129.6
V000676,2026-03-27,D02,焦糖烤布蕾,甜點,Dessert,160.0,107.2
V000676,2026-03-27,W04,白蘇維翁(杯),酒水,Seafood,280.0,170.8
V000676,2026-03-27,W05,氣泡酒(杯),酒水,Fried,300.0,189.0
V000676,2026-03-27,W04,白蘇維翁(杯),酒水,Seafood,280.0,170.8
V000676,2026-03-27,W12,季節水果特調,酒水,Universal,340.0,261.8
V000676,2026-03-27,W07,Old Fashioned,酒水,Red_Meat,380.0,285.0
V000676,2026-03-27,W04,白蘇維翁(杯),酒水,Seafood,280.0,170.8
V000676,2026-03-27,W04,白蘇維翁(杯),酒水,Seafood,280.0,170.8
V000676,2026-03-27,W13,無酒精莫吉托,酒水,Universal,180.0,144.0
V000676,2026-03-27,W12,季節水果特調,酒水,Universal,340.0,261.8
V000677,2026-03-27,M04,松露野菌燉飯,主食,Cheese,420.0,189.0
V000677,2026-03-27,M03,炭烤戰斧牛排,主食,Red_Meat,880.0,308.0
V000677,2026-03-27,S06,酥炸花枝圈,副食,Fried,220.0,154.0
V000677,2026-03-27,S04,三種起司拼盤,副食,Cheese,340.0,224.4
V000677,2026-03-27,S02,西班牙蒜辣蝦,副食,Seafood,260.0,176.8
V000677,2026-03-27,S05,松露薯條,副食,Fried,180.0,129.6
V000677,2026-03-27,S02,西班牙蒜辣蝦,副食,Seafood,260.0,176.8
V000677,2026-03-27,S01,紹興油泡蝦,副食,Seafood,280.0,196.0
V000677,2026-03-27,W03,夏多內白酒(杯),酒水,Seafood,260.0,161.2
V000677,2026-03-27,W09,精釀 IPA,酒水,Fried,260.0,150.8
V000677,2026-03-27,W01,馬爾貝克紅酒(杯),酒水,Red_Meat,280.0,173.6
V000677,2026-03-27,W11,威士忌 Highball,酒水,Cheese,300.0,222.0
V000677,2026-03-27,W11,威士忌 Highball,酒水,Cheese,300.0,222.0
V000678,2026-03-27,M05,白酒蛤蜊義大利麵,主食,Seafood,380.0,167.2
V000678,2026-03-27,S06,酥炸花枝圈,副食,Fried,220.0,154.0
V000678,2026-03-27,W10,小麥白啤酒,酒水,Fried,240.0,136.8
V000678,2026-03-27,W09,精釀 IPA,酒水,Fried,260.0,150.8
V000679,2026-03-27,M01,舒肥紅酒燉牛肉,主食,Red_Meat,480.0,192.0
V000679,2026-03-27,S07,炙燒櫛瓜佐油醋,副食,Universal,160.0,108.8
V000679,2026-03-27,S02,西班牙蒜辣蝦,副食,Seafood,260.0,176.8
V000679,2026-03-27,S01,紹興油泡蝦,副食,Seafood,280.0,196.0
V000679,2026-03-27,S04,三種起司拼盤,副食,Cheese,340.0,224.4
V000679,2026-03-27,S07,炙燒櫛瓜佐油醋,副食,Universal,160.0,108.8
V000679,2026-03-27,W10,小麥白啤酒,酒水,Fried,240.0,136.8
V000679,2026-03-27,W04,白蘇維翁(杯),酒水,Seafood,280.0,170.8
V000679,2026-03-27,W03,夏多內白酒(杯),酒水,Seafood,260.0,161.2
V000679,2026-03-27,W09,精釀 IPA,酒水,Fried,260.0,150.8
V000679,2026-03-27,W08,Gin & Tonic,酒水,Universal,300.0,234.0
V000680,2026-03-27,M01,舒肥紅酒燉牛肉,主食,Red_Meat,480.0,192.0
V000680,2026-03-27,S07,炙燒櫛瓜佐油醋,副食,Universal,160.0,108.8
V000680,2026-03-27,W01,馬爾貝克紅酒(杯),酒水,Red_Meat,280.0,173.6
V000680,2026-03-27,W01,馬爾貝克紅酒(杯),酒水,Red_Meat,280.0,173.6
V000680,2026-03-27,W08,Gin & Tonic,酒水,Universal,300.0,234.0
V000681,2026-03-27,M05,白酒蛤蜊義大利麵,主食,Seafood,380.0,167.2
V000681,2026-03-27,S04,三種起司拼盤,副食,Cheese,340.0,224.4
V000681,2026-03-27,S04,三種起司拼盤,副食,Cheese,340.0,224.4
V000681,2026-03-27,S01,紹興油泡蝦,副食,Seafood,280.0,196.0
V000681,2026-03-27,S03,伊比利火腿盤,副食,Cheese,380.0,247.0
V000681,2026-03-27,S01,紹興油泡蝦,副食,Seafood,280.0,196.0
V000682,2026-03-27,M04,松露野菌燉飯,主食,Cheese,420.0,189.0
V000683,2026-03-28,M05,白酒蛤蜊義大利麵,主食,Seafood,380.0,167.2
V000683,2026-03-28,M01,舒肥紅酒燉牛肉,主食,Red_Meat,480.0,192.0
V000683,2026-03-28,M06,香煎鮭魚佐檸檬,主食,Seafood,460.0,193.2
V000683,2026-03-28,M04,松露野菌燉飯,主食,Cheese,420.0,189.0
V000683,2026-03-28,S03,伊比利火腿盤,副食,Cheese,380.0,247.0
V000683,2026-03-28,S07,炙燒櫛瓜佐油醋,副食,Universal,160.0,108.8
V000683,2026-03-28,W06,Negroni,酒水,Cheese,350.0,266.0
V000683,2026-03-28,W04,白蘇維翁(杯),酒水,Seafood,280.0,170.8
V000684,2026-03-28,M01,舒肥紅酒燉牛肉,主食,Red_Meat,480.0,192.0
V000684,2026-03-28,M03,炭烤戰斧牛排,主食,Red_Meat,880.0,308.0
V000684,2026-03-28,M05,白酒蛤蜊義大利麵,主食,Seafood,380.0,167.2
V000684,2026-03-28,S07,炙燒櫛瓜佐油醋,副食,Universal,160.0,108.8
V000684,2026-03-28,S04,三種起司拼盤,副食,Cheese,340.0,224.4
V000684,2026-03-28,S07,炙燒櫛瓜佐油醋,副食,Universal,160.0,108.8
V000684,2026-03-28,W02,卡本內蘇維翁(杯),酒水,Red_Meat,320.0,192.0
V000684,2026-03-28,W09,精釀 IPA,酒水,Fried,260.0,150.8
V000684,2026-03-28,W10,小麥白啤酒,酒水,Fried,240.0,136.8
V000684,2026-03-28,W13,無酒精莫吉托,酒水,Universal,180.0,144.0
V000685,2026-03-28,M04,松露野菌燉飯,主食,Cheese,420.0,189.0
V000685,2026-03-28,S05,松露薯條,副食,Fried,180.0,129.6
V000685,2026-03-28,W06,Negroni,酒水,Cheese,350.0,266.0
V000685,2026-03-28,W09,精釀 IPA,酒水,Fried,260.0,150.8
V000686,2026-03-28,M05,白酒蛤蜊義大利麵,主食,Seafood,380.0,167.2
V000686,2026-03-28,M03,炭烤戰斧牛排,主食,Red_Meat,880.0,308.0
V000686,2026-03-28,M04,松露野菌燉飯,主食,Cheese,420.0,189.0
V000686,2026-03-28,S02,西班牙蒜辣蝦,副食,Seafood,260.0,176.8
V000686,2026-03-28,S06,酥炸花枝圈,副食,Fried,220.0,154.0
V000686,2026-03-28,S01,紹興油泡蝦,副食,Seafood,280.0,196.0
V000686,2026-03-28,W11,威士忌 Highball,酒水,Cheese,300.0,222.0
V000686,2026-03-28,W04,白蘇維翁(杯),酒水,Seafood,280.0,170.8
V000686,2026-03-28,W07,Old Fashioned,酒水,Red_Meat,380.0,285.0
V000687,2026-03-28,M05,白酒蛤蜊義大利麵,主食,Seafood,380.0,167.2
V000687,2026-03-28,S04,三種起司拼盤,副食,Cheese,340.0,224.4
V000687,2026-03-28,S06,酥炸花枝圈,副食,Fried,220.0,154.0
V000687,2026-03-28,S05,松露薯條,副食,Fried,180.0,129.6
V000687,2026-03-28,S07,炙燒櫛瓜佐油醋,副食,Universal,160.0,108.8
V000687,2026-03-28,D01,提拉米蘇,甜點,Dessert,180.0,117.0
V000687,2026-03-28,W09,精釀 IPA,酒水,Fried,260.0,150.8
V000687,2026-03-28,W12,季節水果特調,酒水,Universal,340.0,261.8
V000687,2026-03-28,W06,Negroni,酒水,Cheese,350.0,266.0
V000688,2026-03-28,M03,炭烤戰斧牛排,主食,Red_Meat,880.0,308.0
V000688,2026-03-28,S04,三種起司拼盤,副食,Cheese,340.0,224.4
V000688,2026-03-28,D01,提拉米蘇,甜點,Dessert,180.0,117.0
V000688,2026-03-28,W06,Negroni,酒水,Cheese,350.0,266.0
V000689,2026-03-28,M05,白酒蛤蜊義大利麵,主食,Seafood,380.0,167.2
V000689,2026-03-28,S01,紹興油泡蝦,副食,Seafood,280.0,196.0
V000689,2026-03-28,S06,酥炸花枝圈,副食,Fried,220.0,154.0
V000689,2026-03-28,S02,西班牙蒜辣蝦,副食,Seafood,260.0,176.8
V000689,2026-03-28,W13,無酒精莫吉托,酒水,Universal,180.0,144.0
V000689,2026-03-28,W05,氣泡酒(杯),酒水,Fried,300.0,189.0
V000689,2026-03-28,W08,Gin & Tonic,酒水,Universal,300.0,234.0
V000690,2026-03-28,M04,松露野菌燉飯,主食,Cheese,420.0,189.0
V000690,2026-03-28,M03,炭烤戰斧牛排,主食,Red_Meat,880.0,308.0
V000690,2026-03-28,S03,伊比利火腿盤,副食,Cheese,380.0,247.0
V000690,2026-03-28,W10,小麥白啤酒,酒水,Fried,240.0,136.8
V000690,2026-03-28,W06,Negroni,酒水,Cheese,350.0,266.0
V000690,2026-03-28,W02,卡本內蘇維翁(杯),酒水,Red_Meat,320.0,192.0
V000691,2026-03-28,S07,炙燒櫛瓜佐油醋,副食,Universal,160.0,108.8
V000691,2026-03-28,S04,三種起司拼盤,副食,Cheese,340.0,224.4
V000692,2026-03-28,M01,舒肥紅酒燉牛肉,主食,Red_Meat,480.0,192.0
V000692,2026-03-28,S04,三種起司拼盤,副食,Cheese,340.0,224.4
V000692,2026-03-28,S06,酥炸花枝圈,副食,Fried,220.0,154.0
V000692,2026-03-28,S04,三種起司拼盤,副食,Cheese,340.0,224.4
V000692,2026-03-28,W02,卡本內蘇維翁(杯),酒水,Red_Meat,320.0,192.0
V000692,2026-03-28,W11,威士忌 Highball,酒水,Cheese,300.0,222.0
V000692,2026-03-28,W04,白蘇維翁(杯),酒水,Seafood,280.0,170.8
V000692,2026-03-28,W05,氣泡酒(杯),酒水,Fried,300.0,189.0
V000692,2026-03-28,W05,氣泡酒(杯),酒水,Fried,300.0,189.0
V000692,2026-03-28,W01,馬爾貝克紅酒(杯),酒水,Red_Meat,280.0,173.6
V000692,2026-03-28,W06,Negroni,酒水,Cheese,350.0,266.0
V000692,2026-03-28,W06,Negroni,酒水,Cheese,350.0,266.0
V000692,2026-03-28,W02,卡本內蘇維翁(杯),酒水,Red_Meat,320.0,192.0
V000693,2026-03-28,M02,爐烤伊比利豬肩,主食,Red_Meat,520.0,197.6
V000693,2026-03-28,M03,炭烤戰斧牛排,主食,Red_Meat,880.0,308.0
V000693,2026-03-28,M02,爐烤伊比利豬肩,主食,Red_Meat,520.0,197.6
V000693,2026-03-28,S02,西班牙蒜辣蝦,副食,Seafood,260.0,176.8
V000693,2026-03-28,S07,炙燒櫛瓜佐油醋,副食,Universal,160.0,108.8
V000693,2026-03-28,S07,炙燒櫛瓜佐油醋,副食,Universal,160.0,108.8
V000693,2026-03-28,S01,紹興油泡蝦,副食,Seafood,280.0,196.0
V000693,2026-03-28,W03,夏多內白酒(杯),酒水,Seafood,260.0,161.2
V000693,2026-03-28,W12,季節水果特調,酒水,Universal,340.0,261.8
V000693,2026-03-28,W03,夏多內白酒(杯),酒水,Seafood,260.0,161.2
V000693,2026-03-28,W04,白蘇維翁(杯),酒水,Seafood,280.0,170.8
V000693,2026-03-28,W03,夏多內白酒(杯),酒水,Seafood,260.0,161.2
V000693,2026-03-28,W09,精釀 IPA,酒水,Fried,260.0,150.8
V000694,2026-03-28,M01,舒肥紅酒燉牛肉,主食,Red_Meat,480.0,192.0
V000694,2026-03-28,M02,爐烤伊比利豬肩,主食,Red_Meat,520.0,197.6
V000694,2026-03-28,S06,酥炸花枝圈,副食,Fried,220.0,154.0
V000694,2026-03-28,W12,季節水果特調,酒水,Universal,340.0,261.8
V000695,2026-03-28,M03,炭烤戰斧牛排,主食,Red_Meat,880.0,308.0
V000695,2026-03-28,S05,松露薯條,副食,Fried,180.0,129.6
V000695,2026-03-28,S04,三種起司拼盤,副食,Cheese,340.0,224.4
V000695,2026-03-28,S03,伊比利火腿盤,副食,Cheese,380.0,247.0
V000695,2026-03-28,S03,伊比利火腿盤,副食,Cheese,380.0,247.0
V000695,2026-03-28,D02,焦糖烤布蕾,甜點,Dessert,160.0,107.2
V000695,2026-03-28,W11,威士忌 Highball,酒水,Cheese,300.0,222.0
V000695,2026-03-28,W09,精釀 IPA,酒水,Fried,260.0,150.8
V000695,2026-03-28,W02,卡本內蘇維翁(杯),酒水,Red_Meat,320.0,192.0
V000695,2026-03-28,W11,威士忌 Highball,酒水,Cheese,300.0,222.0
V000695,2026-03-28,W08,Gin & Tonic,酒水,Universal,300.0,234.0
V000696,2026-03-28,M05,白酒蛤蜊義大利麵,主食,Seafood,380.0,167.2
V000696,2026-03-28,S02,西班牙蒜辣蝦,副食,Seafood,260.0,176.8
V000696,2026-03-28,D02,焦糖烤布蕾,甜點,Dessert,160.0,107.2
V000697,2026-03-28,M04,松露野菌燉飯,主食,Cheese,420.0,189.0
V000697,2026-03-28,M03,炭烤戰斧牛排,主食,Red_Meat,880.0,308.0
V000697,2026-03-28,S05,松露薯條,副食,Fried,180.0,129.6
V000697,2026-03-28,S02,西班牙蒜辣蝦,副食,Seafood,260.0,176.8
V000697,2026-03-28,S03,伊比利火腿盤,副食,Cheese,380.0,247.0
V000697,2026-03-28,D02,焦糖烤布蕾,甜點,Dessert,160.0,107.2
V000697,2026-03-28,W02,卡本內蘇維翁(杯),酒水,Red_Meat,320.0,192.0
V000697,2026-03-28,W02,卡本內蘇維翁(杯),酒水,Red_Meat,320.0,192.0
V000698,2026-03-28,M06,香煎鮭魚佐檸檬,主食,Seafood,460.0,193.2
V000698,2026-03-28,S05,松露薯條,副食,Fried,180.0,129.6
V000698,2026-03-28,S06,酥炸花枝圈,副食,Fried,220.0,154.0
V000698,2026-03-28,S02,西班牙蒜辣蝦,副食,Seafood,260.0,176.8
V000698,2026-03-28,D01,提拉米蘇,甜點,Dessert,180.0,117.0
V000698,2026-03-28,W04,白蘇維翁(杯),酒水,Seafood,280.0,170.8
V000699,2026-03-28,M06,香煎鮭魚佐檸檬,主食,Seafood,460.0,193.2
V000699,2026-03-28,S03,伊比利火腿盤,副食,Cheese,380.0,247.0
V000699,2026-03-28,S03,伊比利火腿盤,副食,Cheese,380.0,247.0
V000699,2026-03-28,W11,威士忌 Highball,酒水,Cheese,300.0,222.0
V000699,2026-03-28,W07,Old Fashioned,酒水,Red_Meat,380.0,285.0
V000700,2026-03-28,M06,香煎鮭魚佐檸檬,主食,Seafood,460.0,193.2
V000700,2026-03-28,M04,松露野菌燉飯,主食,Cheese,420.0,189.0
V000700,2026-03-28,W06,Negroni,酒水,Cheese,350.0,266.0
V000701,2026-03-28,M01,舒肥紅酒燉牛肉,主食,Red_Meat,480.0,192.0
V000701,2026-03-28,M01,舒肥紅酒燉牛肉,主食,Red_Meat,480.0,192.0
V000701,2026-03-28,S01,紹興油泡蝦,副食,Seafood,280.0,196.0
V000701,2026-03-28,S05,松露薯條,副食,Fried,180.0,129.6
V000701,2026-03-28,S03,伊比利火腿盤,副食,Cheese,380.0,247.0
V000701,2026-03-28,D01,提拉米蘇,甜點,Dessert,180.0,117.0
V000701,2026-03-28,W01,馬爾貝克紅酒(杯),酒水,Red_Meat,280.0,173.6
V000701,2026-03-28,W03,夏多內白酒(杯),酒水,Seafood,260.0,161.2
V000702,2026-03-28,M01,舒肥紅酒燉牛肉,主食,Red_Meat,480.0,192.0
V000702,2026-03-28,M01,舒肥紅酒燉牛肉,主食,Red_Meat,480.0,192.0
V000702,2026-03-28,M03,炭烤戰斧牛排,主食,Red_Meat,880.0,308.0
V000702,2026-03-28,M02,爐烤伊比利豬肩,主食,Red_Meat,520.0,197.6
V000702,2026-03-28,S01,紹興油泡蝦,副食,Seafood,280.0,196.0
V000702,2026-03-28,S04,三種起司拼盤,副食,Cheese,340.0,224.4
V000702,2026-03-28,S04,三種起司拼盤,副食,Cheese,340.0,224.4
V000702,2026-03-28,S03,伊比利火腿盤,副食,Cheese,380.0,247.0
V000702,2026-03-28,W07,Old Fashioned,酒水,Red_Meat,380.0,285.0
V000702,2026-03-28,W02,卡本內蘇維翁(杯),酒水,Red_Meat,320.0,192.0
V000702,2026-03-28,W07,Old Fashioned,酒水,Red_Meat,380.0,285.0
V000702,2026-03-28,W02,卡本內蘇維翁(杯),酒水,Red_Meat,320.0,192.0
V000702,2026-03-28,W01,馬爾貝克紅酒(杯),酒水,Red_Meat,280.0,173.6
V000702,2026-03-28,W03,夏多內白酒(杯),酒水,Seafood,260.0,161.2
V000703,2026-03-28,M06,香煎鮭魚佐檸檬,主食,Seafood,460.0,193.2
V000703,2026-03-28,M03,炭烤戰斧牛排,主食,Red_Meat,880.0,308.0
V000703,2026-03-28,S06,酥炸花枝圈,副食,Fried,220.0,154.0
V000703,2026-03-28,S04,三種起司拼盤,副食,Cheese,340.0,224.4
V000703,2026-03-28,S02,西班牙蒜辣蝦,副食,Seafood,260.0,176.8
V000703,2026-03-28,S07,炙燒櫛瓜佐油醋,副食,Universal,160.0,108.8
V000703,2026-03-28,W07,Old Fashioned,酒水,Red_Meat,380.0,285.0
V000703,2026-03-28,W02,卡本內蘇維翁(杯),酒水,Red_Meat,320.0,192.0
V000704,2026-03-29,M06,香煎鮭魚佐檸檬,主食,Seafood,460.0,193.2
V000704,2026-03-29,S01,紹興油泡蝦,副食,Seafood,280.0,196.0
V000704,2026-03-29,W04,白蘇維翁(杯),酒水,Seafood,280.0,170.8
V000705,2026-03-29,M05,白酒蛤蜊義大利麵,主食,Seafood,380.0,167.2
V000705,2026-03-29,S05,松露薯條,副食,Fried,180.0,129.6
V000705,2026-03-29,W12,季節水果特調,酒水,Universal,340.0,261.8
V000705,2026-03-29,W13,無酒精莫吉托,酒水,Universal,180.0,144.0
V000706,2026-03-29,M02,爐烤伊比利豬肩,主食,Red_Meat,520.0,197.6
V000706,2026-03-29,S05,松露薯條,副食,Fried,180.0,129.6
V000706,2026-03-29,S03,伊比利火腿盤,副食,Cheese,380.0,247.0
V000706,2026-03-29,S05,松露薯條,副食,Fried,180.0,129.6
V000706,2026-03-29,S03,伊比利火腿盤,副食,Cheese,380.0,247.0
V000706,2026-03-29,S07,炙燒櫛瓜佐油醋,副食,Universal,160.0,108.8
V000706,2026-03-29,S06,酥炸花枝圈,副食,Fried,220.0,154.0
V000706,2026-03-29,W09,精釀 IPA,酒水,Fried,260.0,150.8
V000706,2026-03-29,W02,卡本內蘇維翁(杯),酒水,Red_Meat,320.0,192.0
V000706,2026-03-29,W09,精釀 IPA,酒水,Fried,260.0,150.8
V000707,2026-03-29,M04,松露野菌燉飯,主食,Cheese,420.0,189.0
V000707,2026-03-29,M06,香煎鮭魚佐檸檬,主食,Seafood,460.0,193.2
V000707,2026-03-29,M06,香煎鮭魚佐檸檬,主食,Seafood,460.0,193.2
V000707,2026-03-29,M03,炭烤戰斧牛排,主食,Red_Meat,880.0,308.0
V000707,2026-03-29,S06,酥炸花枝圈,副食,Fried,220.0,154.0
V000707,2026-03-29,W04,白蘇維翁(杯),酒水,Seafood,280.0,170.8
V000707,2026-03-29,W02,卡本內蘇維翁(杯),酒水,Red_Meat,320.0,192.0
V000707,2026-03-29,W08,Gin & Tonic,酒水,Universal,300.0,234.0
V000707,2026-03-29,W04,白蘇維翁(杯),酒水,Seafood,280.0,170.8
V000707,2026-03-29,W03,夏多內白酒(杯),酒水,Seafood,260.0,161.2
V000707,2026-03-29,W08,Gin & Tonic,酒水,Universal,300.0,234.0
V000707,2026-03-29,W07,Old Fashioned,酒水,Red_Meat,380.0,285.0
V000707,2026-03-29,W07,Old Fashioned,酒水,Red_Meat,380.0,285.0
V000707,2026-03-29,W05,氣泡酒(杯),酒水,Fried,300.0,189.0
V000708,2026-03-29,M04,松露野菌燉飯,主食,Cheese,420.0,189.0
V000708,2026-03-29,S03,伊比利火腿盤,副食,Cheese,380.0,247.0
V000708,2026-03-29,S03,伊比利火腿盤,副食,Cheese,380.0,247.0
V000708,2026-03-29,W07,Old Fashioned,酒水,Red_Meat,380.0,285.0
V000708,2026-03-29,W12,季節水果特調,酒水,Universal,340.0,261.8
V000708,2026-03-29,W04,白蘇維翁(杯),酒水,Seafood,280.0,170.8
V000708,2026-03-29,W13,無酒精莫吉托,酒水,Universal,180.0,144.0
V000708,2026-03-29,W09,精釀 IPA,酒水,Fried,260.0,150.8
V000709,2026-03-29,M01,舒肥紅酒燉牛肉,主食,Red_Meat,480.0,192.0
V000709,2026-03-29,M06,香煎鮭魚佐檸檬,主食,Seafood,460.0,193.2
V000709,2026-03-29,S06,酥炸花枝圈,副食,Fried,220.0,154.0
V000709,2026-03-29,S06,酥炸花枝圈,副食,Fried,220.0,154.0
V000709,2026-03-29,W05,氣泡酒(杯),酒水,Fried,300.0,189.0
V000709,2026-03-29,W07,Old Fashioned,酒水,Red_Meat,380.0,285.0
V000709,2026-03-29,W13,無酒精莫吉托,酒水,Universal,180.0,144.0
V000710,2026-03-29,M05,白酒蛤蜊義大利麵,主食,Seafood,380.0,167.2
V000710,2026-03-29,S01,紹興油泡蝦,副食,Seafood,280.0,196.0
V000710,2026-03-29,S03,伊比利火腿盤,副食,Cheese,380.0,247.0
V000710,2026-03-29,D01,提拉米蘇,甜點,Dessert,180.0,117.0
V000711,2026-03-29,M04,松露野菌燉飯,主食,Cheese,420.0,189.0
V000711,2026-03-29,S07,炙燒櫛瓜佐油醋,副食,Universal,160.0,108.8
V000711,2026-03-29,S05,松露薯條,副食,Fried,180.0,129.6
V000711,2026-03-29,W03,夏多內白酒(杯),酒水,Seafood,260.0,161.2
V000711,2026-03-29,W03,夏多內白酒(杯),酒水,Seafood,260.0,161.2
V000712,2026-03-29,S02,西班牙蒜辣蝦,副食,Seafood,260.0,176.8
V000712,2026-03-29,S05,松露薯條,副食,Fried,180.0,129.6
V000712,2026-03-29,W03,夏多內白酒(杯),酒水,Seafood,260.0,161.2
V000713,2026-03-29,M02,爐烤伊比利豬肩,主食,Red_Meat,520.0,197.6
V000713,2026-03-29,M03,炭烤戰斧牛排,主食,Red_Meat,880.0,308.0
V000713,2026-03-29,W10,小麥白啤酒,酒水,Fried,240.0,136.8
V000713,2026-03-29,W01,馬爾貝克紅酒(杯),酒水,Red_Meat,280.0,173.6
V000713,2026-03-29,W06,Negroni,酒水,Cheese,350.0,266.0
V000714,2026-03-29,M05,白酒蛤蜊義大利麵,主食,Seafood,380.0,167.2
V000714,2026-03-29,M02,爐烤伊比利豬肩,主食,Red_Meat,520.0,197.6
V000714,2026-03-29,M06,香煎鮭魚佐檸檬,主食,Seafood,460.0,193.2
V000714,2026-03-29,M02,爐烤伊比利豬肩,主食,Red_Meat,520.0,197.6
V000714,2026-03-29,S02,西班牙蒜辣蝦,副食,Seafood,260.0,176.8
V000714,2026-03-29,W08,Gin & Tonic,酒水,Universal,300.0,234.0
V000714,2026-03-29,W07,Old Fashioned,酒水,Red_Meat,380.0,285.0
V000715,2026-03-29,M02,爐烤伊比利豬肩,主食,Red_Meat,520.0,197.6
V000715,2026-03-29,S05,松露薯條,副食,Fried,180.0,129.6
V000715,2026-03-29,S03,伊比利火腿盤,副食,Cheese,380.0,247.0
V000715,2026-03-29,W10,小麥白啤酒,酒水,Fried,240.0,136.8
V000715,2026-03-29,W02,卡本內蘇維翁(杯),酒水,Red_Meat,320.0,192.0
V000715,2026-03-29,W06,Negroni,酒水,Cheese,350.0,266.0
V000715,2026-03-29,W09,精釀 IPA,酒水,Fried,260.0,150.8
V000716,2026-03-31,M03,炭烤戰斧牛排,主食,Red_Meat,880.0,308.0
V000716,2026-03-31,M05,白酒蛤蜊義大利麵,主食,Seafood,380.0,167.2
V000716,2026-03-31,S04,三種起司拼盤,副食,Cheese,340.0,224.4
V000716,2026-03-31,S05,松露薯條,副食,Fried,180.0,129.6
V000716,2026-03-31,D02,焦糖烤布蕾,甜點,Dessert,160.0,107.2
V000716,2026-03-31,W04,白蘇維翁(杯),酒水,Seafood,280.0,170.8
V000716,2026-03-31,W05,氣泡酒(杯),酒水,Fried,300.0,189.0
V000717,2026-03-31,M02,爐烤伊比利豬肩,主食,Red_Meat,520.0,197.6
V000717,2026-03-31,S06,酥炸花枝圈,副食,Fried,220.0,154.0
V000717,2026-03-31,S06,酥炸花枝圈,副食,Fried,220.0,154.0
V000717,2026-03-31,S02,西班牙蒜辣蝦,副食,Seafood,260.0,176.8
V000717,2026-03-31,S07,炙燒櫛瓜佐油醋,副食,Universal,160.0,108.8
V000717,2026-03-31,S07,炙燒櫛瓜佐油醋,副食,Universal,160.0,108.8
V000717,2026-03-31,D02,焦糖烤布蕾,甜點,Dessert,160.0,107.2
V000717,2026-03-31,W05,氣泡酒(杯),酒水,Fried,300.0,189.0
V000718,2026-03-31,M06,香煎鮭魚佐檸檬,主食,Seafood,460.0,193.2
V000718,2026-03-31,S04,三種起司拼盤,副食,Cheese,340.0,224.4
V000718,2026-03-31,D01,提拉米蘇,甜點,Dessert,180.0,117.0
V000719,2026-03-31,M01,舒肥紅酒燉牛肉,主食,Red_Meat,480.0,192.0
V000719,2026-03-31,M05,白酒蛤蜊義大利麵,主食,Seafood,380.0,167.2
V000719,2026-03-31,S07,炙燒櫛瓜佐油醋,副食,Universal,160.0,108.8
V000719,2026-03-31,S04,三種起司拼盤,副食,Cheese,340.0,224.4
V000719,2026-03-31,W04,白蘇維翁(杯),酒水,Seafood,280.0,170.8
V000720,2026-03-31,M01,舒肥紅酒燉牛肉,主食,Red_Meat,480.0,192.0
V000720,2026-03-31,S01,紹興油泡蝦,副食,Seafood,280.0,196.0
V000720,2026-03-31,S04,三種起司拼盤,副食,Cheese,340.0,224.4
V000720,2026-03-31,W02,卡本內蘇維翁(杯),酒水,Red_Meat,320.0,192.0
V000720,2026-03-31,W03,夏多內白酒(杯),酒水,Seafood,260.0,161.2
V000721,2026-03-31,M02,爐烤伊比利豬肩,主食,Red_Meat,520.0,197.6
V000721,2026-03-31,M05,白酒蛤蜊義大利麵,主食,Seafood,380.0,167.2
V000721,2026-03-31,S07,炙燒櫛瓜佐油醋,副食,Universal,160.0,108.8
V000721,2026-03-31,S04,三種起司拼盤,副食,Cheese,340.0,224.4
V000721,2026-03-31,S03,伊比利火腿盤,副食,Cheese,380.0,247.0
V000721,2026-03-31,W05,氣泡酒(杯),酒水,Fried,300.0,189.0
V000721,2026-03-31,W06,Negroni,酒水,Cheese,350.0,266.0
V000722,2026-03-31,M01,舒肥紅酒燉牛肉,主食,Red_Meat,480.0,192.0
V000722,2026-03-31,M06,香煎鮭魚佐檸檬,主食,Seafood,460.0,193.2
V000722,2026-03-31,M02,爐烤伊比利豬肩,主食,Red_Meat,520.0,197.6
V000722,2026-03-31,M03,炭烤戰斧牛排,主食,Red_Meat,880.0,308.0
V000722,2026-03-31,S06,酥炸花枝圈,副食,Fried,220.0,154.0
V000722,2026-03-31,S04,三種起司拼盤,副食,Cheese,340.0,224.4
V000723,2026-03-31,M05,白酒蛤蜊義大利麵,主食,Seafood,380.0,167.2
V000723,2026-03-31,S04,三種起司拼盤,副食,Cheese,340.0,224.4
V000723,2026-03-31,S05,松露薯條,副食,Fried,180.0,129.6
V000723,2026-03-31,W05,氣泡酒(杯),酒水,Fried,300.0,189.0
V000723,2026-03-31,W04,白蘇維翁(杯),酒水,Seafood,280.0,170.8
V000723,2026-03-31,W02,卡本內蘇維翁(杯),酒水,Red_Meat,320.0,192.0
V000723,2026-03-31,W06,Negroni,酒水,Cheese,350.0,266.0
V000724,2026-03-31,M05,白酒蛤蜊義大利麵,主食,Seafood,380.0,167.2
V000724,2026-03-31,S06,酥炸花枝圈,副食,Fried,220.0,154.0
V000724,2026-03-31,S05,松露薯條,副食,Fried,180.0,129.6
V000724,2026-03-31,S04,三種起司拼盤,副食,Cheese,340.0,224.4
V000724,2026-03-31,S07,炙燒櫛瓜佐油醋,副食,Universal,160.0,108.8
V000725,2026-04-01,M04,松露野菌燉飯,主食,Cheese,420.0,189.0
V000725,2026-04-01,M06,香煎鮭魚佐檸檬,主食,Seafood,460.0,193.2
V000725,2026-04-01,M06,香煎鮭魚佐檸檬,主食,Seafood,460.0,193.2
V000725,2026-04-01,S02,西班牙蒜辣蝦,副食,Seafood,260.0,176.8
V000725,2026-04-01,D01,提拉米蘇,甜點,Dessert,180.0,117.0
V000725,2026-04-01,W06,Negroni,酒水,Cheese,350.0,266.0
V000725,2026-04-01,W05,氣泡酒(杯),酒水,Fried,300.0,189.0
V000725,2026-04-01,W08,Gin & Tonic,酒水,Universal,300.0,234.0
V000725,2026-04-01,W06,Negroni,酒水,Cheese,350.0,266.0
V000726,2026-04-01,M01,舒肥紅酒燉牛肉,主食,Red_Meat,480.0,192.0
V000726,2026-04-01,S02,西班牙蒜辣蝦,副食,Seafood,260.0,176.8
V000726,2026-04-01,S05,松露薯條,副食,Fried,180.0,129.6
V000726,2026-04-01,W13,無酒精莫吉托,酒水,Universal,180.0,144.0
V000726,2026-04-01,W01,馬爾貝克紅酒(杯),酒水,Red_Meat,280.0,173.6
V000726,2026-04-01,W10,小麥白啤酒,酒水,Fried,240.0,136.8
V000727,2026-04-01,M03,炭烤戰斧牛排,主食,Red_Meat,880.0,308.0
V000727,2026-04-01,S04,三種起司拼盤,副食,Cheese,340.0,224.4
V000727,2026-04-01,W01,馬爾貝克紅酒(杯),酒水,Red_Meat,280.0,173.6
V000727,2026-04-01,W08,Gin & Tonic,酒水,Universal,300.0,234.0
V000727,2026-04-01,W11,威士忌 Highball,酒水,Cheese,300.0,222.0
V000727,2026-04-01,W04,白蘇維翁(杯),酒水,Seafood,280.0,170.8
V000727,2026-04-01,W07,Old Fashioned,酒水,Red_Meat,380.0,285.0
V000728,2026-04-01,M04,松露野菌燉飯,主食,Cheese,420.0,189.0
V000728,2026-04-01,S06,酥炸花枝圈,副食,Fried,220.0,154.0
V000728,2026-04-01,S04,三種起司拼盤,副食,Cheese,340.0,224.4
V000728,2026-04-01,S03,伊比利火腿盤,副食,Cheese,380.0,247.0
V000728,2026-04-01,S07,炙燒櫛瓜佐油醋,副食,Universal,160.0,108.8
V000728,2026-04-01,W08,Gin & Tonic,酒水,Universal,300.0,234.0
V000729,2026-04-01,M05,白酒蛤蜊義大利麵,主食,Seafood,380.0,167.2
V000729,2026-04-01,S06,酥炸花枝圈,副食,Fried,220.0,154.0
V000729,2026-04-01,S02,西班牙蒜辣蝦,副食,Seafood,260.0,176.8
V000729,2026-04-01,W06,Negroni,酒水,Cheese,350.0,266.0
V000730,2026-04-01,M03,炭烤戰斧牛排,主食,Red_Meat,880.0,308.0
V000730,2026-04-01,M03,炭烤戰斧牛排,主食,Red_Meat,880.0,308.0
V000730,2026-04-01,S01,紹興油泡蝦,副食,Seafood,280.0,196.0
V000730,2026-04-01,S05,松露薯條,副食,Fried,180.0,129.6
V000730,2026-04-01,S03,伊比利火腿盤,副食,Cheese,380.0,247.0
V000731,2026-04-01,M05,白酒蛤蜊義大利麵,主食,Seafood,380.0,167.2
V000731,2026-04-01,M06,香煎鮭魚佐檸檬,主食,Seafood,460.0,193.2
V000731,2026-04-01,S03,伊比利火腿盤,副食,Cheese,380.0,247.0
V000731,2026-04-01,S02,西班牙蒜辣蝦,副食,Seafood,260.0,176.8
V000731,2026-04-01,S03,伊比利火腿盤,副食,Cheese,380.0,247.0
V000731,2026-04-01,S07,炙燒櫛瓜佐油醋,副食,Universal,160.0,108.8
V000731,2026-04-01,W13,無酒精莫吉托,酒水,Universal,180.0,144.0
V000731,2026-04-01,W02,卡本內蘇維翁(杯),酒水,Red_Meat,320.0,192.0
V000731,2026-04-01,W02,卡本內蘇維翁(杯),酒水,Red_Meat,320.0,192.0
V000732,2026-04-01,M01,舒肥紅酒燉牛肉,主食,Red_Meat,480.0,192.0
V000732,2026-04-01,M06,香煎鮭魚佐檸檬,主食,Seafood,460.0,193.2
V000732,2026-04-01,M03,炭烤戰斧牛排,主食,Red_Meat,880.0,308.0
V000732,2026-04-01,S05,松露薯條,副食,Fried,180.0,129.6
V000732,2026-04-01,W05,氣泡酒(杯),酒水,Fried,300.0,189.0
V000732,2026-04-01,W02,卡本內蘇維翁(杯),酒水,Red_Meat,320.0,192.0
V000732,2026-04-01,W12,季節水果特調,酒水,Universal,340.0,261.8
V000733,2026-04-01,M05,白酒蛤蜊義大利麵,主食,Seafood,380.0,167.2
V000733,2026-04-01,M06,香煎鮭魚佐檸檬,主食,Seafood,460.0,193.2
V000733,2026-04-01,S06,酥炸花枝圈,副食,Fried,220.0,154.0
V000733,2026-04-01,S04,三種起司拼盤,副食,Cheese,340.0,224.4
V000733,2026-04-01,S01,紹興油泡蝦,副食,Seafood,280.0,196.0
V000733,2026-04-01,W10,小麥白啤酒,酒水,Fried,240.0,136.8
V000734,2026-04-01,M06,香煎鮭魚佐檸檬,主食,Seafood,460.0,193.2
V000734,2026-04-01,M05,白酒蛤蜊義大利麵,主食,Seafood,380.0,167.2
V000734,2026-04-01,S05,松露薯條,副食,Fried,180.0,129.6
V000734,2026-04-01,W10,小麥白啤酒,酒水,Fried,240.0,136.8
V000735,2026-04-02,M01,舒肥紅酒燉牛肉,主食,Red_Meat,480.0,192.0
V000735,2026-04-02,M01,舒肥紅酒燉牛肉,主食,Red_Meat,480.0,192.0
V000735,2026-04-02,W02,卡本內蘇維翁(杯),酒水,Red_Meat,320.0,192.0
V000735,2026-04-02,W04,白蘇維翁(杯),酒水,Seafood,280.0,170.8
V000735,2026-04-02,W08,Gin & Tonic,酒水,Universal,300.0,234.0
V000735,2026-04-02,W02,卡本內蘇維翁(杯),酒水,Red_Meat,320.0,192.0
V000735,2026-04-02,W03,夏多內白酒(杯),酒水,Seafood,260.0,161.2
V000735,2026-04-02,W01,馬爾貝克紅酒(杯),酒水,Red_Meat,280.0,173.6
V000736,2026-04-02,M04,松露野菌燉飯,主食,Cheese,420.0,189.0
V000736,2026-04-02,S01,紹興油泡蝦,副食,Seafood,280.0,196.0
V000736,2026-04-02,S05,松露薯條,副食,Fried,180.0,129.6
V000736,2026-04-02,W10,小麥白啤酒,酒水,Fried,240.0,136.8
V000737,2026-04-02,M03,炭烤戰斧牛排,主食,Red_Meat,880.0,308.0
V000737,2026-04-02,M06,香煎鮭魚佐檸檬,主食,Seafood,460.0,193.2
V000737,2026-04-02,S01,紹興油泡蝦,副食,Seafood,280.0,196.0
V000737,2026-04-02,S05,松露薯條,副食,Fried,180.0,129.6
V000737,2026-04-02,W09,精釀 IPA,酒水,Fried,260.0,150.8
V000737,2026-04-02,W02,卡本內蘇維翁(杯),酒水,Red_Meat,320.0,192.0
V000737,2026-04-02,W09,精釀 IPA,酒水,Fried,260.0,150.8
V000738,2026-04-02,M02,爐烤伊比利豬肩,主食,Red_Meat,520.0,197.6
V000738,2026-04-02,M02,爐烤伊比利豬肩,主食,Red_Meat,520.0,197.6
V000738,2026-04-02,S01,紹興油泡蝦,副食,Seafood,280.0,196.0
V000738,2026-04-02,S05,松露薯條,副食,Fried,180.0,129.6
V000738,2026-04-02,S04,三種起司拼盤,副食,Cheese,340.0,224.4
V000738,2026-04-02,W09,精釀 IPA,酒水,Fried,260.0,150.8
V000738,2026-04-02,W02,卡本內蘇維翁(杯),酒水,Red_Meat,320.0,192.0
V000738,2026-04-02,W04,白蘇維翁(杯),酒水,Seafood,280.0,170.8
V000739,2026-04-02,M03,炭烤戰斧牛排,主食,Red_Meat,880.0,308.0
V000739,2026-04-02,W02,卡本內蘇維翁(杯),酒水,Red_Meat,320.0,192.0
V000740,2026-04-02,M04,松露野菌燉飯,主食,Cheese,420.0,189.0
V000740,2026-04-02,M04,松露野菌燉飯,主食,Cheese,420.0,189.0
V000740,2026-04-02,M02,爐烤伊比利豬肩,主食,Red_Meat,520.0,197.6
V000740,2026-04-02,S02,西班牙蒜辣蝦,副食,Seafood,260.0,176.8
V000740,2026-04-02,S06,酥炸花枝圈,副食,Fried,220.0,154.0
V000740,2026-04-02,W04,白蘇維翁(杯),酒水,Seafood,280.0,170.8
V000740,2026-04-02,W05,氣泡酒(杯),酒水,Fried,300.0,189.0
V000740,2026-04-02,W08,Gin & Tonic,酒水,Universal,300.0,234.0
V000740,2026-04-02,W01,馬爾貝克紅酒(杯),酒水,Red_Meat,280.0,173.6
V000740,2026-04-02,W03,夏多內白酒(杯),酒水,Seafood,260.0,161.2
V000740,2026-04-02,W05,氣泡酒(杯),酒水,Fried,300.0,189.0
V000740,2026-04-02,W09,精釀 IPA,酒水,Fried,260.0,150.8
V000740,2026-04-02,W11,威士忌 Highball,酒水,Cheese,300.0,222.0
V000740,2026-04-02,W01,馬爾貝克紅酒(杯),酒水,Red_Meat,280.0,173.6
V000740,2026-04-02,W07,Old Fashioned,酒水,Red_Meat,380.0,285.0
V000740,2026-04-02,W07,Old Fashioned,酒水,Red_Meat,380.0,285.0
V000741,2026-04-02,M01,舒肥紅酒燉牛肉,主食,Red_Meat,480.0,192.0
V000741,2026-04-02,S01,紹興油泡蝦,副食,Seafood,280.0,196.0
V000741,2026-04-02,S03,伊比利火腿盤,副食,Cheese,380.0,247.0
V000741,2026-04-02,S07,炙燒櫛瓜佐油醋,副食,Universal,160.0,108.8
V000741,2026-04-02,S03,伊比利火腿盤,副食,Cheese,380.0,247.0
V000741,2026-04-02,S07,炙燒櫛瓜佐油醋,副食,Universal,160.0,108.8
V000741,2026-04-02,W02,卡本內蘇維翁(杯),酒水,Red_Meat,320.0,192.0
V000741,2026-04-02,W04,白蘇維翁(杯),酒水,Seafood,280.0,170.8
V000742,2026-04-02,M03,炭烤戰斧牛排,主食,Red_Meat,880.0,308.0
V000742,2026-04-02,S01,紹興油泡蝦,副食,Seafood,280.0,196.0
V000742,2026-04-02,D02,焦糖烤布蕾,甜點,Dessert,160.0,107.2
V000742,2026-04-02,W03,夏多內白酒(杯),酒水,Seafood,260.0,161.2
V000743,2026-04-02,M06,香煎鮭魚佐檸檬,主食,Seafood,460.0,193.2
V000743,2026-04-02,S06,酥炸花枝圈,副食,Fried,220.0,154.0
V000743,2026-04-02,S07,炙燒櫛瓜佐油醋,副食,Universal,160.0,108.8
V000743,2026-04-02,S06,酥炸花枝圈,副食,Fried,220.0,154.0
V000743,2026-04-02,S06,酥炸花枝圈,副食,Fried,220.0,154.0
V000743,2026-04-02,S03,伊比利火腿盤,副食,Cheese,380.0,247.0
V000743,2026-04-02,W03,夏多內白酒(杯),酒水,Seafood,260.0,161.2
V000743,2026-04-02,W12,季節水果特調,酒水,Universal,340.0,261.8
V000743,2026-04-02,W09,精釀 IPA,酒水,Fried,260.0,150.8
V000743,2026-04-02,W03,夏多內白酒(杯),酒水,Seafood,260.0,161.2
V000743,2026-04-02,W06,Negroni,酒水,Cheese,350.0,266.0
V000743,2026-04-02,W12,季節水果特調,酒水,Universal,340.0,261.8
V000743,2026-04-02,W10,小麥白啤酒,酒水,Fried,240.0,136.8
V000744,2026-04-02,M03,炭烤戰斧牛排,主食,Red_Meat,880.0,308.0
V000744,2026-04-02,S01,紹興油泡蝦,副食,Seafood,280.0,196.0
V000744,2026-04-02,S04,三種起司拼盤,副食,Cheese,340.0,224.4
V000744,2026-04-02,S06,酥炸花枝圈,副食,Fried,220.0,154.0
V000744,2026-04-02,W10,小麥白啤酒,酒水,Fried,240.0,136.8
V000744,2026-04-02,W08,Gin & Tonic,酒水,Universal,300.0,234.0
V000744,2026-04-02,W03,夏多內白酒(杯),酒水,Seafood,260.0,161.2
V000745,2026-04-02,M05,白酒蛤蜊義大利麵,主食,Seafood,380.0,167.2
V000745,2026-04-02,S01,紹興油泡蝦,副食,Seafood,280.0,196.0
V000745,2026-04-02,W04,白蘇維翁(杯),酒水,Seafood,280.0,170.8
V000745,2026-04-02,W04,白蘇維翁(杯),酒水,Seafood,280.0,170.8
V000745,2026-04-02,W05,氣泡酒(杯),酒水,Fried,300.0,189.0
V000745,2026-04-02,W06,Negroni,酒水,Cheese,350.0,266.0
V000745,2026-04-02,W09,精釀 IPA,酒水,Fried,260.0,150.8
V000745,2026-04-02,W04,白蘇維翁(杯),酒水,Seafood,280.0,170.8
V000745,2026-04-02,W07,Old Fashioned,酒水,Red_Meat,380.0,285.0
V000746,2026-04-02,M03,炭烤戰斧牛排,主食,Red_Meat,880.0,308.0
V000746,2026-04-02,S04,三種起司拼盤,副食,Cheese,340.0,224.4
V000746,2026-04-02,S03,伊比利火腿盤,副食,Cheese,380.0,247.0
V000746,2026-04-02,S03,伊比利火腿盤,副食,Cheese,380.0,247.0
V000746,2026-04-02,S05,松露薯條,副食,Fried,180.0,129.6
V000746,2026-04-02,W05,氣泡酒(杯),酒水,Fried,300.0,189.0
V000746,2026-04-02,W07,Old Fashioned,酒水,Red_Meat,380.0,285.0
V000746,2026-04-02,W13,無酒精莫吉托,酒水,Universal,180.0,144.0
V000746,2026-04-02,W07,Old Fashioned,酒水,Red_Meat,380.0,285.0
V000746,2026-04-02,W07,Old Fashioned,酒水,Red_Meat,380.0,285.0
V000746,2026-04-02,W10,小麥白啤酒,酒水,Fried,240.0,136.8
V000746,2026-04-02,W13,無酒精莫吉托,酒水,Universal,180.0,144.0
V000746,2026-04-02,W11,威士忌 Highball,酒水,Cheese,300.0,222.0
V000746,2026-04-02,W11,威士忌 Highball,酒水,Cheese,300.0,222.0
V000746,2026-04-02,W02,卡本內蘇維翁(杯),酒水,Red_Meat,320.0,192.0
V000747,2026-04-03,M02,爐烤伊比利豬肩,主食,Red_Meat,520.0,197.6
V000747,2026-04-03,S07,炙燒櫛瓜佐油醋,副食,Universal,160.0,108.8
V000747,2026-04-03,S07,炙燒櫛瓜佐油醋,副食,Universal,160.0,108.8
V000748,2026-04-03,M05,白酒蛤蜊義大利麵,主食,Seafood,380.0,167.2
V000748,2026-04-03,M03,炭烤戰斧牛排,主食,Red_Meat,880.0,308.0
V000748,2026-04-03,S01,紹興油泡蝦,副食,Seafood,280.0,196.0
V000748,2026-04-03,S07,炙燒櫛瓜佐油醋,副食,Universal,160.0,108.8
V000748,2026-04-03,S03,伊比利火腿盤,副食,Cheese,380.0,247.0
V000748,2026-04-03,D01,提拉米蘇,甜點,Dessert,180.0,117.0
V000748,2026-04-03,W13,無酒精莫吉托,酒水,Universal,180.0,144.0
V000748,2026-04-03,W01,馬爾貝克紅酒(杯),酒水,Red_Meat,280.0,173.6
V000748,2026-04-03,W06,Negroni,酒水,Cheese,350.0,266.0
V000748,2026-04-03,W02,卡本內蘇維翁(杯),酒水,Red_Meat,320.0,192.0
V000748,2026-04-03,W04,白蘇維翁(杯),酒水,Seafood,280.0,170.8
V000748,2026-04-03,W04,白蘇維翁(杯),酒水,Seafood,280.0,170.8
V000748,2026-04-03,W10,小麥白啤酒,酒水,Fried,240.0,136.8
V000748,2026-04-03,W09,精釀 IPA,酒水,Fried,260.0,150.8
V000748,2026-04-03,W06,Negroni,酒水,Cheese,350.0,266.0
V000749,2026-04-03,M01,舒肥紅酒燉牛肉,主食,Red_Meat,480.0,192.0
V000749,2026-04-03,S07,炙燒櫛瓜佐油醋,副食,Universal,160.0,108.8
V000749,2026-04-03,W08,Gin & Tonic,酒水,Universal,300.0,234.0
V000750,2026-04-03,M03,炭烤戰斧牛排,主食,Red_Meat,880.0,308.0
V000750,2026-04-03,S02,西班牙蒜辣蝦,副食,Seafood,260.0,176.8
V000750,2026-04-03,S07,炙燒櫛瓜佐油醋,副食,Universal,160.0,108.8
V000750,2026-04-03,W03,夏多內白酒(杯),酒水,Seafood,260.0,161.2
V000751,2026-04-03,M05,白酒蛤蜊義大利麵,主食,Seafood,380.0,167.2
V000751,2026-04-03,M04,松露野菌燉飯,主食,Cheese,420.0,189.0
V000751,2026-04-03,S04,三種起司拼盤,副食,Cheese,340.0,224.4
V000752,2026-04-03,M04,松露野菌燉飯,主食,Cheese,420.0,189.0
V000752,2026-04-03,S01,紹興油泡蝦,副食,Seafood,280.0,196.0
V000752,2026-04-03,W01,馬爾貝克紅酒(杯),酒水,Red_Meat,280.0,173.6
V000752,2026-04-03,W06,Negroni,酒水,Cheese,350.0,266.0
V000753,2026-04-03,M01,舒肥紅酒燉牛肉,主食,Red_Meat,480.0,192.0
V000753,2026-04-03,S06,酥炸花枝圈,副食,Fried,220.0,154.0
V000753,2026-04-03,S03,伊比利火腿盤,副食,Cheese,380.0,247.0
V000753,2026-04-03,S04,三種起司拼盤,副食,Cheese,340.0,224.4
V000753,2026-04-03,S05,松露薯條,副食,Fried,180.0,129.6
V000753,2026-04-03,D02,焦糖烤布蕾,甜點,Dessert,160.0,107.2
V000753,2026-04-03,W01,馬爾貝克紅酒(杯),酒水,Red_Meat,280.0,173.6
V000753,2026-04-03,W11,威士忌 Highball,酒水,Cheese,300.0,222.0
V000753,2026-04-03,W05,氣泡酒(杯),酒水,Fried,300.0,189.0
V000753,2026-04-03,W11,威士忌 Highball,酒水,Cheese,300.0,222.0
V000754,2026-04-03,M01,舒肥紅酒燉牛肉,主食,Red_Meat,480.0,192.0
V000754,2026-04-03,M02,爐烤伊比利豬肩,主食,Red_Meat,520.0,197.6
V000754,2026-04-03,D02,焦糖烤布蕾,甜點,Dessert,160.0,107.2
V000754,2026-04-03,W07,Old Fashioned,酒水,Red_Meat,380.0,285.0
V000755,2026-04-03,M04,松露野菌燉飯,主食,Cheese,420.0,189.0
V000755,2026-04-03,W02,卡本內蘇維翁(杯),酒水,Red_Meat,320.0,192.0
V000755,2026-04-03,W07,Old Fashioned,酒水,Red_Meat,380.0,285.0
V000755,2026-04-03,W03,夏多內白酒(杯),酒水,Seafood,260.0,161.2
V000755,2026-04-03,W12,季節水果特調,酒水,Universal,340.0,261.8
V000755,2026-04-03,W06,Negroni,酒水,Cheese,350.0,266.0
V000755,2026-04-03,W13,無酒精莫吉托,酒水,Universal,180.0,144.0
V000756,2026-04-03,M05,白酒蛤蜊義大利麵,主食,Seafood,380.0,167.2
V000756,2026-04-03,M05,白酒蛤蜊義大利麵,主食,Seafood,380.0,167.2
V000756,2026-04-03,M03,炭烤戰斧牛排,主食,Red_Meat,880.0,308.0
V000756,2026-04-03,W07,Old Fashioned,酒水,Red_Meat,380.0,285.0
V000756,2026-04-03,W01,馬爾貝克紅酒(杯),酒水,Red_Meat,280.0,173.6
V000756,2026-04-03,W13,無酒精莫吉托,酒水,Universal,180.0,144.0
V000756,2026-04-03,W05,氣泡酒(杯),酒水,Fried,300.0,189.0
V000757,2026-04-03,S01,紹興油泡蝦,副食,Seafood,280.0,196.0
V000757,2026-04-03,W03,夏多內白酒(杯),酒水,Seafood,260.0,161.2
V000757,2026-04-03,W13,無酒精莫吉托,酒水,Universal,180.0,144.0
V000758,2026-04-03,M02,爐烤伊比利豬肩,主食,Red_Meat,520.0,197.6
V000758,2026-04-03,M06,香煎鮭魚佐檸檬,主食,Seafood,460.0,193.2
V000758,2026-04-03,S04,三種起司拼盤,副食,Cheese,340.0,224.4
V000758,2026-04-03,S06,酥炸花枝圈,副食,Fried,220.0,154.0
V000758,2026-04-03,S04,三種起司拼盤,副食,Cheese,340.0,224.4
V000758,2026-04-03,W13,無酒精莫吉托,酒水,Universal,180.0,144.0
V000758,2026-04-03,W11,威士忌 Highball,酒水,Cheese,300.0,222.0
V000759,2026-04-03,M02,爐烤伊比利豬肩,主食,Red_Meat,520.0,197.6
V000759,2026-04-03,W02,卡本內蘇維翁(杯),酒水,Red_Meat,320.0,192.0
V000759,2026-04-03,W02,卡本內蘇維翁(杯),酒水,Red_Meat,320.0,192.0
V000759,2026-04-03,W01,馬爾貝克紅酒(杯),酒水,Red_Meat,280.0,173.6
V000760,2026-04-03,M04,松露野菌燉飯,主食,Cheese,420.0,189.0
V000760,2026-04-03,W02,卡本內蘇維翁(杯),酒水,Red_Meat,320.0,192.0
V000760,2026-04-03,W07,Old Fashioned,酒水,Red_Meat,380.0,285.0
V000760,2026-04-03,W11,威士忌 Highball,酒水,Cheese,300.0,222.0
V000761,2026-04-03,M04,松露野菌燉飯,主食,Cheese,420.0,189.0
V000761,2026-04-03,M06,香煎鮭魚佐檸檬,主食,Seafood,460.0,193.2
V000761,2026-04-03,M05,白酒蛤蜊義大利麵,主食,Seafood,380.0,167.2
V000761,2026-04-03,M06,香煎鮭魚佐檸檬,主食,Seafood,460.0,193.2
V000761,2026-04-03,S05,松露薯條,副食,Fried,180.0,129.6
V000761,2026-04-03,S06,酥炸花枝圈,副食,Fried,220.0,154.0
V000761,2026-04-03,S02,西班牙蒜辣蝦,副食,Seafood,260.0,176.8
V000761,2026-04-03,W11,威士忌 Highball,酒水,Cheese,300.0,222.0
V000761,2026-04-03,W04,白蘇維翁(杯),酒水,Seafood,280.0,170.8
V000761,2026-04-03,W04,白蘇維翁(杯),酒水,Seafood,280.0,170.8
V000762,2026-04-03,M04,松露野菌燉飯,主食,Cheese,420.0,189.0
V000762,2026-04-03,M05,白酒蛤蜊義大利麵,主食,Seafood,380.0,167.2
V000762,2026-04-03,M03,炭烤戰斧牛排,主食,Red_Meat,880.0,308.0
V000762,2026-04-03,M05,白酒蛤蜊義大利麵,主食,Seafood,380.0,167.2
V000762,2026-04-03,M02,爐烤伊比利豬肩,主食,Red_Meat,520.0,197.6
V000762,2026-04-03,S05,松露薯條,副食,Fried,180.0,129.6
V000762,2026-04-03,S03,伊比利火腿盤,副食,Cheese,380.0,247.0
V000762,2026-04-03,S07,炙燒櫛瓜佐油醋,副食,Universal,160.0,108.8
V000762,2026-04-03,S05,松露薯條,副食,Fried,180.0,129.6
V000762,2026-04-03,W02,卡本內蘇維翁(杯),酒水,Red_Meat,320.0,192.0
V000762,2026-04-03,W01,馬爾貝克紅酒(杯),酒水,Red_Meat,280.0,173.6
V000762,2026-04-03,W02,卡本內蘇維翁(杯),酒水,Red_Meat,320.0,192.0
V000762,2026-04-03,W06,Negroni,酒水,Cheese,350.0,266.0
V000762,2026-04-03,W12,季節水果特調,酒水,Universal,340.0,261.8
V000762,2026-04-03,W03,夏多內白酒(杯),酒水,Seafood,260.0,161.2
V000762,2026-04-03,W01,馬爾貝克紅酒(杯),酒水,Red_Meat,280.0,173.6
V000762,2026-04-03,W04,白蘇維翁(杯),酒水,Seafood,280.0,170.8
V000762,2026-04-03,W04,白蘇維翁(杯),酒水,Seafood,280.0,170.8
V000762,2026-04-03,W01,馬爾貝克紅酒(杯),酒水,Red_Meat,280.0,173.6
V000763,2026-04-03,M04,松露野菌燉飯,主食,Cheese,420.0,189.0
V000763,2026-04-03,S02,西班牙蒜辣蝦,副食,Seafood,260.0,176.8
V000763,2026-04-03,S01,紹興油泡蝦,副食,Seafood,280.0,196.0
V000763,2026-04-03,S02,西班牙蒜辣蝦,副食,Seafood,260.0,176.8
V000763,2026-04-03,W07,Old Fashioned,酒水,Red_Meat,380.0,285.0
V000763,2026-04-03,W02,卡本內蘇維翁(杯),酒水,Red_Meat,320.0,192.0
V000763,2026-04-03,W03,夏多內白酒(杯),酒水,Seafood,260.0,161.2
V000763,2026-04-03,W04,白蘇維翁(杯),酒水,Seafood,280.0,170.8
V000763,2026-04-03,W11,威士忌 Highball,酒水,Cheese,300.0,222.0
V000763,2026-04-03,W12,季節水果特調,酒水,Universal,340.0,261.8
V000763,2026-04-03,W03,夏多內白酒(杯),酒水,Seafood,260.0,161.2
V000764,2026-04-03,M02,爐烤伊比利豬肩,主食,Red_Meat,520.0,197.6
V000764,2026-04-03,S05,松露薯條,副食,Fried,180.0,129.6
V000764,2026-04-03,W05,氣泡酒(杯),酒水,Fried,300.0,189.0
V000764,2026-04-03,W07,Old Fashioned,酒水,Red_Meat,380.0,285.0
V000764,2026-04-03,W13,無酒精莫吉托,酒水,Universal,180.0,144.0
V000764,2026-04-03,W02,卡本內蘇維翁(杯),酒水,Red_Meat,320.0,192.0
V000765,2026-04-03,M02,爐烤伊比利豬肩,主食,Red_Meat,520.0,197.6
V000765,2026-04-03,S06,酥炸花枝圈,副食,Fried,220.0,154.0
V000765,2026-04-03,S04,三種起司拼盤,副食,Cheese,340.0,224.4
V000765,2026-04-03,W09,精釀 IPA,酒水,Fried,260.0,150.8
V000765,2026-04-03,W02,卡本內蘇維翁(杯),酒水,Red_Meat,320.0,192.0
V000765,2026-04-03,W03,夏多內白酒(杯),酒水,Seafood,260.0,161.2
V000765,2026-04-03,W02,卡本內蘇維翁(杯),酒水,Red_Meat,320.0,192.0
V000765,2026-04-03,W11,威士忌 Highball,酒水,Cheese,300.0,222.0
V000766,2026-04-03,M06,香煎鮭魚佐檸檬,主食,Seafood,460.0,193.2
V000766,2026-04-03,M01,舒肥紅酒燉牛肉,主食,Red_Meat,480.0,192.0
V000766,2026-04-03,M05,白酒蛤蜊義大利麵,主食,Seafood,380.0,167.2
V000766,2026-04-03,S07,炙燒櫛瓜佐油醋,副食,Universal,160.0,108.8
V000766,2026-04-03,S02,西班牙蒜辣蝦,副食,Seafood,260.0,176.8
V000766,2026-04-03,S06,酥炸花枝圈,副食,Fried,220.0,154.0
V000766,2026-04-03,D02,焦糖烤布蕾,甜點,Dessert,160.0,107.2
V000766,2026-04-03,W02,卡本內蘇維翁(杯),酒水,Red_Meat,320.0,192.0
V000766,2026-04-03,W04,白蘇維翁(杯),酒水,Seafood,280.0,170.8
V000766,2026-04-03,W07,Old Fashioned,酒水,Red_Meat,380.0,285.0
V000766,2026-04-03,W04,白蘇維翁(杯),酒水,Seafood,280.0,170.8
V000766,2026-04-03,W07,Old Fashioned,酒水,Red_Meat,380.0,285.0
V000767,2026-04-03,M02,爐烤伊比利豬肩,主食,Red_Meat,520.0,197.6
V000767,2026-04-03,S02,西班牙蒜辣蝦,副食,Seafood,260.0,176.8
V000767,2026-04-03,W04,白蘇維翁(杯),酒水,Seafood,280.0,170.8
V000768,2026-04-03,M04,松露野菌燉飯,主食,Cheese,420.0,189.0
V000768,2026-04-03,M03,炭烤戰斧牛排,主食,Red_Meat,880.0,308.0
V000768,2026-04-03,M05,白酒蛤蜊義大利麵,主食,Seafood,380.0,167.2
V000768,2026-04-03,M02,爐烤伊比利豬肩,主食,Red_Meat,520.0,197.6
V000768,2026-04-03,S05,松露薯條,副食,Fried,180.0,129.6
V000768,2026-04-03,S02,西班牙蒜辣蝦,副食,Seafood,260.0,176.8
V000768,2026-04-03,S07,炙燒櫛瓜佐油醋,副食,Universal,160.0,108.8
V000768,2026-04-03,S05,松露薯條,副食,Fried,180.0,129.6
V000768,2026-04-03,W10,小麥白啤酒,酒水,Fried,240.0,136.8
V000768,2026-04-03,W12,季節水果特調,酒水,Universal,340.0,261.8
V000768,2026-04-03,W04,白蘇維翁(杯),酒水,Seafood,280.0,170.8
V000768,2026-04-03,W13,無酒精莫吉托,酒水,Universal,180.0,144.0
V000768,2026-04-03,W13,無酒精莫吉托,酒水,Universal,180.0,144.0
V000768,2026-04-03,W04,白蘇維翁(杯),酒水,Seafood,280.0,170.8
V000769,2026-04-03,M01,舒肥紅酒燉牛肉,主食,Red_Meat,480.0,192.0
V000769,2026-04-03,M02,爐烤伊比利豬肩,主食,Red_Meat,520.0,197.6
V000769,2026-04-03,S05,松露薯條,副食,Fried,180.0,129.6
V000769,2026-04-03,S02,西班牙蒜辣蝦,副食,Seafood,260.0,176.8
V000769,2026-04-03,S02,西班牙蒜辣蝦,副食,Seafood,260.0,176.8
V000769,2026-04-03,W01,馬爾貝克紅酒(杯),酒水,Red_Meat,280.0,173.6
V000769,2026-04-03,W05,氣泡酒(杯),酒水,Fried,300.0,189.0
V000769,2026-04-03,W04,白蘇維翁(杯),酒水,Seafood,280.0,170.8
V000769,2026-04-03,W04,白蘇維翁(杯),酒水,Seafood,280.0,170.8
V000769,2026-04-03,W11,威士忌 Highball,酒水,Cheese,300.0,222.0
V000770,2026-04-03,M03,炭烤戰斧牛排,主食,Red_Meat,880.0,308.0
V000770,2026-04-03,S01,紹興油泡蝦,副食,Seafood,280.0,196.0
V000770,2026-04-03,W07,Old Fashioned,酒水,Red_Meat,380.0,285.0
V000770,2026-04-03,W02,卡本內蘇維翁(杯),酒水,Red_Meat,320.0,192.0
V000770,2026-04-03,W04,白蘇維翁(杯),酒水,Seafood,280.0,170.8
V000771,2026-04-04,M04,松露野菌燉飯,主食,Cheese,420.0,189.0
V000771,2026-04-04,S01,紹興油泡蝦,副食,Seafood,280.0,196.0
V000771,2026-04-04,S07,炙燒櫛瓜佐油醋,副食,Universal,160.0,108.8
V000771,2026-04-04,W09,精釀 IPA,酒水,Fried,260.0,150.8
V000771,2026-04-04,W04,白蘇維翁(杯),酒水,Seafood,280.0,170.8
V000771,2026-04-04,W09,精釀 IPA,酒水,Fried,260.0,150.8
V000772,2026-04-04,M03,炭烤戰斧牛排,主食,Red_Meat,880.0,308.0
V000772,2026-04-04,S05,松露薯條,副食,Fried,180.0,129.6
V000772,2026-04-04,S03,伊比利火腿盤,副食,Cheese,380.0,247.0
V000772,2026-04-04,W05,氣泡酒(杯),酒水,Fried,300.0,189.0
V000772,2026-04-04,W11,威士忌 Highball,酒水,Cheese,300.0,222.0
V000772,2026-04-04,W03,夏多內白酒(杯),酒水,Seafood,260.0,161.2
V000773,2026-04-04,M01,舒肥紅酒燉牛肉,主食,Red_Meat,480.0,192.0
V000773,2026-04-04,M02,爐烤伊比利豬肩,主食,Red_Meat,520.0,197.6
V000773,2026-04-04,S05,松露薯條,副食,Fried,180.0,129.6
V000773,2026-04-04,S03,伊比利火腿盤,副食,Cheese,380.0,247.0
V000773,2026-04-04,S01,紹興油泡蝦,副食,Seafood,280.0,196.0
V000773,2026-04-04,W02,卡本內蘇維翁(杯),酒水,Red_Meat,320.0,192.0
V000774,2026-04-04,M04,松露野菌燉飯,主食,Cheese,420.0,189.0
V000774,2026-04-04,S06,酥炸花枝圈,副食,Fried,220.0,154.0
V000774,2026-04-04,S06,酥炸花枝圈,副食,Fried,220.0,154.0
V000774,2026-04-04,W06,Negroni,酒水,Cheese,350.0,266.0
V000774,2026-04-04,W01,馬爾貝克紅酒(杯),酒水,Red_Meat,280.0,173.6
V000774,2026-04-04,W01,馬爾貝克紅酒(杯),酒水,Red_Meat,280.0,173.6
V000775,2026-04-04,M02,爐烤伊比利豬肩,主食,Red_Meat,520.0,197.6
V000775,2026-04-04,M02,爐烤伊比利豬肩,主食,Red_Meat,520.0,197.6
V000775,2026-04-04,M03,炭烤戰斧牛排,主食,Red_Meat,880.0,308.0
V000775,2026-04-04,S06,酥炸花枝圈,副食,Fried,220.0,154.0
V000775,2026-04-04,S05,松露薯條,副食,Fried,180.0,129.6
V000775,2026-04-04,S02,西班牙蒜辣蝦,副食,Seafood,260.0,176.8
V000775,2026-04-04,S03,伊比利火腿盤,副食,Cheese,380.0,247.0
V000775,2026-04-04,W02,卡本內蘇維翁(杯),酒水,Red_Meat,320.0,192.0
V000775,2026-04-04,W09,精釀 IPA,酒水,Fried,260.0,150.8
V000776,2026-04-04,M06,香煎鮭魚佐檸檬,主食,Seafood,460.0,193.2
V000776,2026-04-04,M01,舒肥紅酒燉牛肉,主食,Red_Meat,480.0,192.0
V000776,2026-04-04,S01,紹興油泡蝦,副食,Seafood,280.0,196.0
V000776,2026-04-04,S01,紹興油泡蝦,副食,Seafood,280.0,196.0
V000776,2026-04-04,S05,松露薯條,副食,Fried,180.0,129.6
V000776,2026-04-04,W03,夏多內白酒(杯),酒水,Seafood,260.0,161.2
V000776,2026-04-04,W04,白蘇維翁(杯),酒水,Seafood,280.0,170.8
V000776,2026-04-04,W04,白蘇維翁(杯),酒水,Seafood,280.0,170.8
V000777,2026-04-04,M03,炭烤戰斧牛排,主食,Red_Meat,880.0,308.0
V000777,2026-04-04,S03,伊比利火腿盤,副食,Cheese,380.0,247.0
V000777,2026-04-04,S07,炙燒櫛瓜佐油醋,副食,Universal,160.0,108.8
V000777,2026-04-04,S03,伊比利火腿盤,副食,Cheese,380.0,247.0
V000777,2026-04-04,S05,松露薯條,副食,Fried,180.0,129.6
V000777,2026-04-04,W13,無酒精莫吉托,酒水,Universal,180.0,144.0
V000777,2026-04-04,W02,卡本內蘇維翁(杯),酒水,Red_Meat,320.0,192.0
V000777,2026-04-04,W01,馬爾貝克紅酒(杯),酒水,Red_Meat,280.0,173.6
V000777,2026-04-04,W10,小麥白啤酒,酒水,Fried,240.0,136.8
V000778,2026-04-04,M01,舒肥紅酒燉牛肉,主食,Red_Meat,480.0,192.0
V000778,2026-04-04,S06,酥炸花枝圈,副食,Fried,220.0,154.0
V000778,2026-04-04,S04,三種起司拼盤,副食,Cheese,340.0,224.4
V000778,2026-04-04,D02,焦糖烤布蕾,甜點,Dessert,160.0,107.2
V000778,2026-04-04,W01,馬爾貝克紅酒(杯),酒水,Red_Meat,280.0,173.6
V000778,2026-04-04,W12,季節水果特調,酒水,Universal,340.0,261.8
V000778,2026-04-04,W12,季節水果特調,酒水,Universal,340.0,261.8
V000779,2026-04-04,M05,白酒蛤蜊義大利麵,主食,Seafood,380.0,167.2
V000779,2026-04-04,M05,白酒蛤蜊義大利麵,主食,Seafood,380.0,167.2
V000779,2026-04-04,S01,紹興油泡蝦,副食,Seafood,280.0,196.0
V000779,2026-04-04,S01,紹興油泡蝦,副食,Seafood,280.0,196.0
V000779,2026-04-04,D01,提拉米蘇,甜點,Dessert,180.0,117.0
V000779,2026-04-04,W04,白蘇維翁(杯),酒水,Seafood,280.0,170.8
V000779,2026-04-04,W06,Negroni,酒水,Cheese,350.0,266.0
V000779,2026-04-04,W03,夏多內白酒(杯),酒水,Seafood,260.0,161.2
V000779,2026-04-04,W01,馬爾貝克紅酒(杯),酒水,Red_Meat,280.0,173.6
V000780,2026-04-04,M03,炭烤戰斧牛排,主食,Red_Meat,880.0,308.0
V000780,2026-04-04,S04,三種起司拼盤,副食,Cheese,340.0,224.4
V000780,2026-04-04,W01,馬爾貝克紅酒(杯),酒水,Red_Meat,280.0,173.6
V000780,2026-04-04,W11,威士忌 Highball,酒水,Cheese,300.0,222.0
V000780,2026-04-04,W01,馬爾貝克紅酒(杯),酒水,Red_Meat,280.0,173.6
V000780,2026-04-04,W08,Gin & Tonic,酒水,Universal,300.0,234.0
V000781,2026-04-04,M04,松露野菌燉飯,主食,Cheese,420.0,189.0
V000781,2026-04-04,S06,酥炸花枝圈,副食,Fried,220.0,154.0
V000781,2026-04-04,S04,三種起司拼盤,副食,Cheese,340.0,224.4
V000782,2026-04-04,M02,爐烤伊比利豬肩,主食,Red_Meat,520.0,197.6
V000783,2026-04-04,M03,炭烤戰斧牛排,主食,Red_Meat,880.0,308.0
V000783,2026-04-04,M03,炭烤戰斧牛排,主食,Red_Meat,880.0,308.0
V000783,2026-04-04,S05,松露薯條,副食,Fried,180.0,129.6
V000783,2026-04-04,S03,伊比利火腿盤,副食,Cheese,380.0,247.0
V000783,2026-04-04,S07,炙燒櫛瓜佐油醋,副食,Universal,160.0,108.8
V000783,2026-04-04,S02,西班牙蒜辣蝦,副食,Seafood,260.0,176.8
V000783,2026-04-04,S03,伊比利火腿盤,副食,Cheese,380.0,247.0
V000783,2026-04-04,W13,無酒精莫吉托,酒水,Universal,180.0,144.0
V000783,2026-04-04,W01,馬爾貝克紅酒(杯),酒水,Red_Meat,280.0,173.6
V000783,2026-04-04,W07,Old Fashioned,酒水,Red_Meat,380.0,285.0
V000783,2026-04-04,W01,馬爾貝克紅酒(杯),酒水,Red_Meat,280.0,173.6
V000784,2026-04-04,M03,炭烤戰斧牛排,主食,Red_Meat,880.0,308.0
V000784,2026-04-04,S05,松露薯條,副食,Fried,180.0,129.6
V000784,2026-04-04,S03,伊比利火腿盤,副食,Cheese,380.0,247.0
V000784,2026-04-04,S01,紹興油泡蝦,副食,Seafood,280.0,196.0
V000784,2026-04-04,S05,松露薯條,副食,Fried,180.0,129.6
V000784,2026-04-04,S05,松露薯條,副食,Fried,180.0,129.6
V000784,2026-04-04,S05,松露薯條,副食,Fried,180.0,129.6
V000784,2026-04-04,W01,馬爾貝克紅酒(杯),酒水,Red_Meat,280.0,173.6
V000785,2026-04-04,M04,松露野菌燉飯,主食,Cheese,420.0,189.0
V000785,2026-04-04,S06,酥炸花枝圈,副食,Fried,220.0,154.0
V000785,2026-04-04,S04,三種起司拼盤,副食,Cheese,340.0,224.4
V000785,2026-04-04,W12,季節水果特調,酒水,Universal,340.0,261.8
V000785,2026-04-04,W09,精釀 IPA,酒水,Fried,260.0,150.8
V000786,2026-04-04,M05,白酒蛤蜊義大利麵,主食,Seafood,380.0,167.2
V000786,2026-04-04,M01,舒肥紅酒燉牛肉,主食,Red_Meat,480.0,192.0
V000786,2026-04-04,M03,炭烤戰斧牛排,主食,Red_Meat,880.0,308.0
V000786,2026-04-04,M04,松露野菌燉飯,主食,Cheese,420.0,189.0
V000786,2026-04-04,S02,西班牙蒜辣蝦,副食,Seafood,260.0,176.8
V000786,2026-04-04,W08,Gin & Tonic,酒水,Universal,300.0,234.0
V000786,2026-04-04,W04,白蘇維翁(杯),酒水,Seafood,280.0,170.8
V000786,2026-04-04,W02,卡本內蘇維翁(杯),酒水,Red_Meat,320.0,192.0
V000786,2026-04-04,W12,季節水果特調,酒水,Universal,340.0,261.8
V000787,2026-04-04,M03,炭烤戰斧牛排,主食,Red_Meat,880.0,308.0
V000787,2026-04-04,M04,松露野菌燉飯,主食,Cheese,420.0,189.0
V000787,2026-04-04,M04,松露野菌燉飯,主食,Cheese,420.0,189.0
V000787,2026-04-04,M01,舒肥紅酒燉牛肉,主食,Red_Meat,480.0,192.0
V000787,2026-04-04,M03,炭烤戰斧牛排,主食,Red_Meat,880.0,308.0
V000787,2026-04-04,S07,炙燒櫛瓜佐油醋,副食,Universal,160.0,108.8
V000787,2026-04-04,S06,酥炸花枝圈,副食,Fried,220.0,154.0
V000787,2026-04-04,S06,酥炸花枝圈,副食,Fried,220.0,154.0
V000787,2026-04-04,S07,炙燒櫛瓜佐油醋,副食,Universal,160.0,108.8
V000787,2026-04-04,S01,紹興油泡蝦,副食,Seafood,280.0,196.0
V000787,2026-04-04,S02,西班牙蒜辣蝦,副食,Seafood,260.0,176.8
V000787,2026-04-04,D01,提拉米蘇,甜點,Dessert,180.0,117.0
V000787,2026-04-04,W09,精釀 IPA,酒水,Fried,260.0,150.8
V000787,2026-04-04,W04,白蘇維翁(杯),酒水,Seafood,280.0,170.8
V000787,2026-04-04,W02,卡本內蘇維翁(杯),酒水,Red_Meat,320.0,192.0
V000787,2026-04-04,W07,Old Fashioned,酒水,Red_Meat,380.0,285.0
V000787,2026-04-04,W11,威士忌 Highball,酒水,Cheese,300.0,222.0
V000787,2026-04-04,W12,季節水果特調,酒水,Universal,340.0,261.8
V000787,2026-04-04,W12,季節水果特調,酒水,Universal,340.0,261.8
V000787,2026-04-04,W09,精釀 IPA,酒水,Fried,260.0,150.8
V000788,2026-04-04,M01,舒肥紅酒燉牛肉,主食,Red_Meat,480.0,192.0
V000788,2026-04-04,S05,松露薯條,副食,Fried,180.0,129.6
V000789,2026-04-04,M05,白酒蛤蜊義大利麵,主食,Seafood,380.0,167.2
V000789,2026-04-04,M02,爐烤伊比利豬肩,主食,Red_Meat,520.0,197.6
V000789,2026-04-04,S05,松露薯條,副食,Fried,180.0,129.6
V000789,2026-04-04,S01,紹興油泡蝦,副食,Seafood,280.0,196.0
V000789,2026-04-04,S04,三種起司拼盤,副食,Cheese,340.0,224.4
V000789,2026-04-04,S03,伊比利火腿盤,副食,Cheese,380.0,247.0
V000789,2026-04-04,W12,季節水果特調,酒水,Universal,340.0,261.8
V000789,2026-04-04,W03,夏多內白酒(杯),酒水,Seafood,260.0,161.2
V000789,2026-04-04,W11,威士忌 Highball,酒水,Cheese,300.0,222.0
V000789,2026-04-04,W12,季節水果特調,酒水,Universal,340.0,261.8
V000789,2026-04-04,W08,Gin & Tonic,酒水,Universal,300.0,234.0
V000789,2026-04-04,W10,小麥白啤酒,酒水,Fried,240.0,136.8
V000789,2026-04-04,W11,威士忌 Highball,酒水,Cheese,300.0,222.0
V000789,2026-04-04,W12,季節水果特調,酒水,Universal,340.0,261.8
V000789,2026-04-04,W08,Gin & Tonic,酒水,Universal,300.0,234.0
V000790,2026-04-04,M02,爐烤伊比利豬肩,主食,Red_Meat,520.0,197.6
V000790,2026-04-04,M05,白酒蛤蜊義大利麵,主食,Seafood,380.0,167.2
V000790,2026-04-04,S07,炙燒櫛瓜佐油醋,副食,Universal,160.0,108.8
V000790,2026-04-04,S05,松露薯條,副食,Fried,180.0,129.6
V000790,2026-04-04,S07,炙燒櫛瓜佐油醋,副食,Universal,160.0,108.8
V000790,2026-04-04,S03,伊比利火腿盤,副食,Cheese,380.0,247.0
V000790,2026-04-04,D02,焦糖烤布蕾,甜點,Dessert,160.0,107.2
V000790,2026-04-04,W02,卡本內蘇維翁(杯),酒水,Red_Meat,320.0,192.0
V000790,2026-04-04,W04,白蘇維翁(杯),酒水,Seafood,280.0,170.8
V000790,2026-04-04,W01,馬爾貝克紅酒(杯),酒水,Red_Meat,280.0,173.6
V000790,2026-04-04,W08,Gin & Tonic,酒水,Universal,300.0,234.0
V000790,2026-04-04,W12,季節水果特調,酒水,Universal,340.0,261.8
V000791,2026-04-04,M01,舒肥紅酒燉牛肉,主食,Red_Meat,480.0,192.0
V000791,2026-04-04,M03,炭烤戰斧牛排,主食,Red_Meat,880.0,308.0
V000791,2026-04-04,M06,香煎鮭魚佐檸檬,主食,Seafood,460.0,193.2
V000791,2026-04-04,S04,三種起司拼盤,副食,Cheese,340.0,224.4
V000791,2026-04-04,S06,酥炸花枝圈,副食,Fried,220.0,154.0
V000791,2026-04-04,S04,三種起司拼盤,副食,Cheese,340.0,224.4
V000791,2026-04-04,S07,炙燒櫛瓜佐油醋,副食,Universal,160.0,108.8
V000791,2026-04-04,S02,西班牙蒜辣蝦,副食,Seafood,260.0,176.8
V000791,2026-04-04,W03,夏多內白酒(杯),酒水,Seafood,260.0,161.2
V000792,2026-04-04,M03,炭烤戰斧牛排,主食,Red_Meat,880.0,308.0
V000792,2026-04-04,M04,松露野菌燉飯,主食,Cheese,420.0,189.0
V000792,2026-04-04,M04,松露野菌燉飯,主食,Cheese,420.0,189.0
V000792,2026-04-04,S03,伊比利火腿盤,副食,Cheese,380.0,247.0
V000792,2026-04-04,S06,酥炸花枝圈,副食,Fried,220.0,154.0
V000792,2026-04-04,S07,炙燒櫛瓜佐油醋,副食,Universal,160.0,108.8
V000792,2026-04-04,S07,炙燒櫛瓜佐油醋,副食,Universal,160.0,108.8
V000792,2026-04-04,S05,松露薯條,副食,Fried,180.0,129.6
V000792,2026-04-04,W12,季節水果特調,酒水,Universal,340.0,261.8
V000793,2026-04-04,M01,舒肥紅酒燉牛肉,主食,Red_Meat,480.0,192.0
V000793,2026-04-04,M03,炭烤戰斧牛排,主食,Red_Meat,880.0,308.0
V000793,2026-04-04,M04,松露野菌燉飯,主食,Cheese,420.0,189.0
V000793,2026-04-04,S03,伊比利火腿盤,副食,Cheese,380.0,247.0
V000793,2026-04-04,S03,伊比利火腿盤,副食,Cheese,380.0,247.0
V000793,2026-04-04,S07,炙燒櫛瓜佐油醋,副食,Universal,160.0,108.8
V000793,2026-04-04,W02,卡本內蘇維翁(杯),酒水,Red_Meat,320.0,192.0
V000793,2026-04-04,W01,馬爾貝克紅酒(杯),酒水,Red_Meat,280.0,173.6
V000793,2026-04-04,W01,馬爾貝克紅酒(杯),酒水,Red_Meat,280.0,173.6
V000793,2026-04-04,W11,威士忌 Highball,酒水,Cheese,300.0,222.0
V000793,2026-04-04,W01,馬爾貝克紅酒(杯),酒水,Red_Meat,280.0,173.6
V000794,2026-04-05,M02,爐烤伊比利豬肩,主食,Red_Meat,520.0,197.6
V000794,2026-04-05,M06,香煎鮭魚佐檸檬,主食,Seafood,460.0,193.2
V000794,2026-04-05,S07,炙燒櫛瓜佐油醋,副食,Universal,160.0,108.8
V000794,2026-04-05,S04,三種起司拼盤,副食,Cheese,340.0,224.4
V000794,2026-04-05,D01,提拉米蘇,甜點,Dessert,180.0,117.0
V000794,2026-04-05,W12,季節水果特調,酒水,Universal,340.0,261.8
V000795,2026-04-05,M05,白酒蛤蜊義大利麵,主食,Seafood,380.0,167.2
V000795,2026-04-05,S01,紹興油泡蝦,副食,Seafood,280.0,196.0
V000795,2026-04-05,W09,精釀 IPA,酒水,Fried,260.0,150.8
V000796,2026-04-05,M06,香煎鮭魚佐檸檬,主食,Seafood,460.0,193.2
V000796,2026-04-05,M05,白酒蛤蜊義大利麵,主食,Seafood,380.0,167.2
V000796,2026-04-05,S02,西班牙蒜辣蝦,副食,Seafood,260.0,176.8
V000796,2026-04-05,S04,三種起司拼盤,副食,Cheese,340.0,224.4
V000796,2026-04-05,W03,夏多內白酒(杯),酒水,Seafood,260.0,161.2
V000796,2026-04-05,W09,精釀 IPA,酒水,Fried,260.0,150.8
V000796,2026-04-05,W04,白蘇維翁(杯),酒水,Seafood,280.0,170.8
V000796,2026-04-05,W03,夏多內白酒(杯),酒水,Seafood,260.0,161.2
V000796,2026-04-05,W02,卡本內蘇維翁(杯),酒水,Red_Meat,320.0,192.0
V000797,2026-04-05,M03,炭烤戰斧牛排,主食,Red_Meat,880.0,308.0
V000797,2026-04-05,M02,爐烤伊比利豬肩,主食,Red_Meat,520.0,197.6
V000797,2026-04-05,M01,舒肥紅酒燉牛肉,主食,Red_Meat,480.0,192.0
V000797,2026-04-05,S01,紹興油泡蝦,副食,Seafood,280.0,196.0
V000797,2026-04-05,S02,西班牙蒜辣蝦,副食,Seafood,260.0,176.8
V000797,2026-04-05,S04,三種起司拼盤,副食,Cheese,340.0,224.4
V000797,2026-04-05,D02,焦糖烤布蕾,甜點,Dessert,160.0,107.2
V000797,2026-04-05,W07,Old Fashioned,酒水,Red_Meat,380.0,285.0
V000797,2026-04-05,W07,Old Fashioned,酒水,Red_Meat,380.0,285.0
V000797,2026-04-05,W06,Negroni,酒水,Cheese,350.0,266.0
V000797,2026-04-05,W12,季節水果特調,酒水,Universal,340.0,261.8
V000797,2026-04-05,W13,無酒精莫吉托,酒水,Universal,180.0,144.0
V000797,2026-04-05,W13,無酒精莫吉托,酒水,Universal,180.0,144.0
V000798,2026-04-05,M02,爐烤伊比利豬肩,主食,Red_Meat,520.0,197.6
V000798,2026-04-05,S03,伊比利火腿盤,副食,Cheese,380.0,247.0
V000798,2026-04-05,S07,炙燒櫛瓜佐油醋,副食,Universal,160.0,108.8
V000798,2026-04-05,S03,伊比利火腿盤,副食,Cheese,380.0,247.0
V000798,2026-04-05,S06,酥炸花枝圈,副食,Fried,220.0,154.0
V000798,2026-04-05,D02,焦糖烤布蕾,甜點,Dessert,160.0,107.2
V000798,2026-04-05,W07,Old Fashioned,酒水,Red_Meat,380.0,285.0
V000798,2026-04-05,W06,Negroni,酒水,Cheese,350.0,266.0
V000799,2026-04-05,M06,香煎鮭魚佐檸檬,主食,Seafood,460.0,193.2
V000799,2026-04-05,M05,白酒蛤蜊義大利麵,主食,Seafood,380.0,167.2
V000799,2026-04-05,M03,炭烤戰斧牛排,主食,Red_Meat,880.0,308.0
V000799,2026-04-05,M06,香煎鮭魚佐檸檬,主食,Seafood,460.0,193.2
V000799,2026-04-05,M02,爐烤伊比利豬肩,主食,Red_Meat,520.0,197.6
V000799,2026-04-05,S07,炙燒櫛瓜佐油醋,副食,Universal,160.0,108.8
V000799,2026-04-05,S03,伊比利火腿盤,副食,Cheese,380.0,247.0
V000799,2026-04-05,S01,紹興油泡蝦,副食,Seafood,280.0,196.0
V000799,2026-04-05,S01,紹興油泡蝦,副食,Seafood,280.0,196.0
V000799,2026-04-05,W04,白蘇維翁(杯),酒水,Seafood,280.0,170.8
V000799,2026-04-05,W03,夏多內白酒(杯),酒水,Seafood,260.0,161.2
V000799,2026-04-05,W09,精釀 IPA,酒水,Fried,260.0,150.8
V000799,2026-04-05,W04,白蘇維翁(杯),酒水,Seafood,280.0,170.8
V000799,2026-04-05,W12,季節水果特調,酒水,Universal,340.0,261.8
V000799,2026-04-05,W06,Negroni,酒水,Cheese,350.0,266.0
V000800,2026-04-05,M01,舒肥紅酒燉牛肉,主食,Red_Meat,480.0,192.0
V000800,2026-04-05,M01,舒肥紅酒燉牛肉,主食,Red_Meat,480.0,192.0
V000800,2026-04-05,S02,西班牙蒜辣蝦,副食,Seafood,260.0,176.8
V000800,2026-04-05,S02,西班牙蒜辣蝦,副食,Seafood,260.0,176.8
V000800,2026-04-05,S01,紹興油泡蝦,副食,Seafood,280.0,196.0
V000800,2026-04-05,W04,白蘇維翁(杯),酒水,Seafood,280.0,170.8
V000800,2026-04-05,W06,Negroni,酒水,Cheese,350.0,266.0
V000800,2026-04-05,W01,馬爾貝克紅酒(杯),酒水,Red_Meat,280.0,173.6
V000801,2026-04-05,M05,白酒蛤蜊義大利麵,主食,Seafood,380.0,167.2
V000801,2026-04-05,S03,伊比利火腿盤,副食,Cheese,380.0,247.0
V000801,2026-04-05,S06,酥炸花枝圈,副食,Fried,220.0,154.0
V000801,2026-04-05,S05,松露薯條,副食,Fried,180.0,129.6
V000801,2026-04-05,D01,提拉米蘇,甜點,Dessert,180.0,117.0
V000802,2026-04-05,M05,白酒蛤蜊義大利麵,主食,Seafood,380.0,167.2
V000802,2026-04-05,S02,西班牙蒜辣蝦,副食,Seafood,260.0,176.8
V000802,2026-04-05,S07,炙燒櫛瓜佐油醋,副食,Universal,160.0,108.8
V000802,2026-04-05,W12,季節水果特調,酒水,Universal,340.0,261.8
V000803,2026-04-05,M01,舒肥紅酒燉牛肉,主食,Red_Meat,480.0,192.0
V000804,2026-04-05,M05,白酒蛤蜊義大利麵,主食,Seafood,380.0,167.2
V000804,2026-04-05,S07,炙燒櫛瓜佐油醋,副食,Universal,160.0,108.8
V000804,2026-04-05,S06,酥炸花枝圈,副食,Fried,220.0,154.0
V000804,2026-04-05,S01,紹興油泡蝦,副食,Seafood,280.0,196.0
V000804,2026-04-05,W04,白蘇維翁(杯),酒水,Seafood,280.0,170.8
V000804,2026-04-05,W03,夏多內白酒(杯),酒水,Seafood,260.0,161.2
V000804,2026-04-05,W07,Old Fashioned,酒水,Red_Meat,380.0,285.0
V000804,2026-04-05,W03,夏多內白酒(杯),酒水,Seafood,260.0,161.2
V000805,2026-04-05,M05,白酒蛤蜊義大利麵,主食,Seafood,380.0,167.2
V000805,2026-04-05,M04,松露野菌燉飯,主食,Cheese,420.0,189.0
V000805,2026-04-05,S07,炙燒櫛瓜佐油醋,副食,Universal,160.0,108.8
V000805,2026-04-05,S03,伊比利火腿盤,副食,Cheese,380.0,247.0
V000805,2026-04-05,W13,無酒精莫吉托,酒水,Universal,180.0,144.0
V000805,2026-04-05,W06,Negroni,酒水,Cheese,350.0,266.0
V000806,2026-04-05,M01,舒肥紅酒燉牛肉,主食,Red_Meat,480.0,192.0
V000806,2026-04-05,S07,炙燒櫛瓜佐油醋,副食,Universal,160.0,108.8
V000806,2026-04-05,S06,酥炸花枝圈,副食,Fried,220.0,154.0
V000806,2026-04-05,S07,炙燒櫛瓜佐油醋,副食,Universal,160.0,108.8
V000806,2026-04-05,S07,炙燒櫛瓜佐油醋,副食,Universal,160.0,108.8
V000806,2026-04-05,W08,Gin & Tonic,酒水,Universal,300.0,234.0
V000806,2026-04-05,W13,無酒精莫吉托,酒水,Universal,180.0,144.0
V000807,2026-04-05,S05,松露薯條,副食,Fried,180.0,129.6
V000807,2026-04-05,W13,無酒精莫吉托,酒水,Universal,180.0,144.0
V000808,2026-04-05,M05,白酒蛤蜊義大利麵,主食,Seafood,380.0,167.2
V000808,2026-04-05,W03,夏多內白酒(杯),酒水,Seafood,260.0,161.2
V000808,2026-04-05,W10,小麥白啤酒,酒水,Fried,240.0,136.8
V000809,2026-04-07,M01,舒肥紅酒燉牛肉,主食,Red_Meat,480.0,192.0
V000809,2026-04-07,S06,酥炸花枝圈,副食,Fried,220.0,154.0
V000809,2026-04-07,S07,炙燒櫛瓜佐油醋,副食,Universal,160.0,108.8
V000809,2026-04-07,S05,松露薯條,副食,Fried,180.0,129.6
V000809,2026-04-07,D01,提拉米蘇,甜點,Dessert,180.0,117.0
V000809,2026-04-07,W08,Gin & Tonic,酒水,Universal,300.0,234.0
V000809,2026-04-07,W04,白蘇維翁(杯),酒水,Seafood,280.0,170.8
V000809,2026-04-07,W13,無酒精莫吉托,酒水,Universal,180.0,144.0
V000810,2026-04-07,M01,舒肥紅酒燉牛肉,主食,Red_Meat,480.0,192.0
V000810,2026-04-07,D02,焦糖烤布蕾,甜點,Dessert,160.0,107.2
V000810,2026-04-07,W07,Old Fashioned,酒水,Red_Meat,380.0,285.0
V000810,2026-04-07,W02,卡本內蘇維翁(杯),酒水,Red_Meat,320.0,192.0
V000810,2026-04-07,W12,季節水果特調,酒水,Universal,340.0,261.8
V000811,2026-04-07,W06,Negroni,酒水,Cheese,350.0,266.0
V000812,2026-04-07,M06,香煎鮭魚佐檸檬,主食,Seafood,460.0,193.2
V000812,2026-04-07,M03,炭烤戰斧牛排,主食,Red_Meat,880.0,308.0
V000812,2026-04-07,S01,紹興油泡蝦,副食,Seafood,280.0,196.0
V000812,2026-04-07,S07,炙燒櫛瓜佐油醋,副食,Universal,160.0,108.8
V000812,2026-04-07,D01,提拉米蘇,甜點,Dessert,180.0,117.0
V000812,2026-04-07,W04,白蘇維翁(杯),酒水,Seafood,280.0,170.8
V000813,2026-04-07,M06,香煎鮭魚佐檸檬,主食,Seafood,460.0,193.2
V000813,2026-04-07,M01,舒肥紅酒燉牛肉,主食,Red_Meat,480.0,192.0
V000813,2026-04-07,M05,白酒蛤蜊義大利麵,主食,Seafood,380.0,167.2
V000813,2026-04-07,S07,炙燒櫛瓜佐油醋,副食,Universal,160.0,108.8
V000813,2026-04-07,S01,紹興油泡蝦,副食,Seafood,280.0,196.0
V000813,2026-04-07,S03,伊比利火腿盤,副食,Cheese,380.0,247.0
V000813,2026-04-07,S04,三種起司拼盤,副食,Cheese,340.0,224.4
V000813,2026-04-07,S06,酥炸花枝圈,副食,Fried,220.0,154.0
V000813,2026-04-07,D02,焦糖烤布蕾,甜點,Dessert,160.0,107.2
V000813,2026-04-07,W05,氣泡酒(杯),酒水,Fried,300.0,189.0
V000813,2026-04-07,W02,卡本內蘇維翁(杯),酒水,Red_Meat,320.0,192.0
V000813,2026-04-07,W02,卡本內蘇維翁(杯),酒水,Red_Meat,320.0,192.0
V000813,2026-04-07,W01,馬爾貝克紅酒(杯),酒水,Red_Meat,280.0,173.6
V000814,2026-04-07,M05,白酒蛤蜊義大利麵,主食,Seafood,380.0,167.2
V000814,2026-04-07,S02,西班牙蒜辣蝦,副食,Seafood,260.0,176.8
V000814,2026-04-07,D02,焦糖烤布蕾,甜點,Dessert,160.0,107.2
V000814,2026-04-07,W03,夏多內白酒(杯),酒水,Seafood,260.0,161.2
V000814,2026-04-07,W06,Negroni,酒水,Cheese,350.0,266.0
V000814,2026-04-07,W08,Gin & Tonic,酒水,Universal,300.0,234.0
V000814,2026-04-07,W07,Old Fashioned,酒水,Red_Meat,380.0,285.0
V000815,2026-04-07,M02,爐烤伊比利豬肩,主食,Red_Meat,520.0,197.6
V000815,2026-04-07,M03,炭烤戰斧牛排,主食,Red_Meat,880.0,308.0
V000815,2026-04-07,S06,酥炸花枝圈,副食,Fried,220.0,154.0
V000815,2026-04-07,S06,酥炸花枝圈,副食,Fried,220.0,154.0
V000815,2026-04-07,S04,三種起司拼盤,副食,Cheese,340.0,224.4
V000816,2026-04-07,M03,炭烤戰斧牛排,主食,Red_Meat,880.0,308.0
V000816,2026-04-07,M04,松露野菌燉飯,主食,Cheese,420.0,189.0
V000816,2026-04-07,M01,舒肥紅酒燉牛肉,主食,Red_Meat,480.0,192.0
V000816,2026-04-07,S02,西班牙蒜辣蝦,副食,Seafood,260.0,176.8
V000816,2026-04-07,S01,紹興油泡蝦,副食,Seafood,280.0,196.0
V000816,2026-04-07,S03,伊比利火腿盤,副食,Cheese,380.0,247.0
V000816,2026-04-07,D02,焦糖烤布蕾,甜點,Dessert,160.0,107.2
V000816,2026-04-07,W04,白蘇維翁(杯),酒水,Seafood,280.0,170.8
V000817,2026-04-07,M02,爐烤伊比利豬肩,主食,Red_Meat,520.0,197.6
V000817,2026-04-07,S07,炙燒櫛瓜佐油醋,副食,Universal,160.0,108.8
V000817,2026-04-07,S01,紹興油泡蝦,副食,Seafood,280.0,196.0
V000817,2026-04-07,D01,提拉米蘇,甜點,Dessert,180.0,117.0
V000817,2026-04-07,W07,Old Fashioned,酒水,Red_Meat,380.0,285.0
V000817,2026-04-07,W12,季節水果特調,酒水,Universal,340.0,261.8
V000818,2026-04-07,M06,香煎鮭魚佐檸檬,主食,Seafood,460.0,193.2
V000818,2026-04-07,M01,舒肥紅酒燉牛肉,主食,Red_Meat,480.0,192.0
V000818,2026-04-07,M04,松露野菌燉飯,主食,Cheese,420.0,189.0
V000818,2026-04-07,M03,炭烤戰斧牛排,主食,Red_Meat,880.0,308.0
V000818,2026-04-07,S07,炙燒櫛瓜佐油醋,副食,Universal,160.0,108.8
V000818,2026-04-07,S03,伊比利火腿盤,副食,Cheese,380.0,247.0
V000818,2026-04-07,S06,酥炸花枝圈,副食,Fried,220.0,154.0
V000818,2026-04-07,W07,Old Fashioned,酒水,Red_Meat,380.0,285.0
V000818,2026-04-07,W04,白蘇維翁(杯),酒水,Seafood,280.0,170.8
V000818,2026-04-07,W10,小麥白啤酒,酒水,Fried,240.0,136.8
V000819,2026-04-07,M04,松露野菌燉飯,主食,Cheese,420.0,189.0
V000819,2026-04-07,S01,紹興油泡蝦,副食,Seafood,280.0,196.0
V000819,2026-04-07,W06,Negroni,酒水,Cheese,350.0,266.0
V000819,2026-04-07,W02,卡本內蘇維翁(杯),酒水,Red_Meat,320.0,192.0
V000819,2026-04-07,W06,Negroni,酒水,Cheese,350.0,266.0
V000819,2026-04-07,W12,季節水果特調,酒水,Universal,340.0,261.8
V000819,2026-04-07,W07,Old Fashioned,酒水,Red_Meat,380.0,285.0
V000819,2026-04-07,W06,Negroni,酒水,Cheese,350.0,266.0
V000820,2026-04-07,M06,香煎鮭魚佐檸檬,主食,Seafood,460.0,193.2
V000820,2026-04-07,S07,炙燒櫛瓜佐油醋,副食,Universal,160.0,108.8
V000820,2026-04-07,S01,紹興油泡蝦,副食,Seafood,280.0,196.0
V000820,2026-04-07,S04,三種起司拼盤,副食,Cheese,340.0,224.4
V000820,2026-04-07,S06,酥炸花枝圈,副食,Fried,220.0,154.0
V000820,2026-04-07,D01,提拉米蘇,甜點,Dessert,180.0,117.0
V000820,2026-04-07,W08,Gin & Tonic,酒水,Universal,300.0,234.0
V000820,2026-04-07,W10,小麥白啤酒,酒水,Fried,240.0,136.8
V000820,2026-04-07,W13,無酒精莫吉托,酒水,Universal,180.0,144.0
V000821,2026-04-07,M05,白酒蛤蜊義大利麵,主食,Seafood,380.0,167.2
V000821,2026-04-07,M01,舒肥紅酒燉牛肉,主食,Red_Meat,480.0,192.0
V000821,2026-04-07,M05,白酒蛤蜊義大利麵,主食,Seafood,380.0,167.2
V000821,2026-04-07,S03,伊比利火腿盤,副食,Cheese,380.0,247.0
V000821,2026-04-07,S05,松露薯條,副食,Fried,180.0,129.6
V000821,2026-04-07,S01,紹興油泡蝦,副食,Seafood,280.0,196.0
V000821,2026-04-07,S05,松露薯條,副食,Fried,180.0,129.6
V000821,2026-04-07,D02,焦糖烤布蕾,甜點,Dessert,160.0,107.2
V000821,2026-04-07,W13,無酒精莫吉托,酒水,Universal,180.0,144.0
V000821,2026-04-07,W07,Old Fashioned,酒水,Red_Meat,380.0,285.0
V000821,2026-04-07,W01,馬爾貝克紅酒(杯),酒水,Red_Meat,280.0,173.6
V000822,2026-04-08,M02,爐烤伊比利豬肩,主食,Red_Meat,520.0,197.6
V000822,2026-04-08,M06,香煎鮭魚佐檸檬,主食,Seafood,460.0,193.2
V000822,2026-04-08,M05,白酒蛤蜊義大利麵,主食,Seafood,380.0,167.2
V000822,2026-04-08,S07,炙燒櫛瓜佐油醋,副食,Universal,160.0,108.8
V000822,2026-04-08,S06,酥炸花枝圈,副食,Fried,220.0,154.0
V000822,2026-04-08,W11,威士忌 Highball,酒水,Cheese,300.0,222.0
V000823,2026-04-08,M03,炭烤戰斧牛排,主食,Red_Meat,880.0,308.0
V000823,2026-04-08,M06,香煎鮭魚佐檸檬,主食,Seafood,460.0,193.2
V000823,2026-04-08,S01,紹興油泡蝦,副食,Seafood,280.0,196.0
V000823,2026-04-08,S07,炙燒櫛瓜佐油醋,副食,Universal,160.0,108.8
V000823,2026-04-08,D01,提拉米蘇,甜點,Dessert,180.0,117.0
V000824,2026-04-08,M03,炭烤戰斧牛排,主食,Red_Meat,880.0,308.0
V000824,2026-04-08,S04,三種起司拼盤,副食,Cheese,340.0,224.4
V000824,2026-04-08,W02,卡本內蘇維翁(杯),酒水,Red_Meat,320.0,192.0
V000824,2026-04-08,W12,季節水果特調,酒水,Universal,340.0,261.8
V000824,2026-04-08,W12,季節水果特調,酒水,Universal,340.0,261.8
V000825,2026-04-08,M05,白酒蛤蜊義大利麵,主食,Seafood,380.0,167.2
V000825,2026-04-08,W05,氣泡酒(杯),酒水,Fried,300.0,189.0
V000825,2026-04-08,W04,白蘇維翁(杯),酒水,Seafood,280.0,170.8
V000825,2026-04-08,W04,白蘇維翁(杯),酒水,Seafood,280.0,170.8
V000826,2026-04-08,M01,舒肥紅酒燉牛肉,主食,Red_Meat,480.0,192.0
V000826,2026-04-08,S05,松露薯條,副食,Fried,180.0,129.6
V000826,2026-04-08,S05,松露薯條,副食,Fried,180.0,129.6
V000826,2026-04-08,S06,酥炸花枝圈,副食,Fried,220.0,154.0
V000826,2026-04-08,W02,卡本內蘇維翁(杯),酒水,Red_Meat,320.0,192.0
V000826,2026-04-08,W01,馬爾貝克紅酒(杯),酒水,Red_Meat,280.0,173.6
V000826,2026-04-08,W04,白蘇維翁(杯),酒水,Seafood,280.0,170.8
V000826,2026-04-08,W01,馬爾貝克紅酒(杯),酒水,Red_Meat,280.0,173.6
V000826,2026-04-08,W11,威士忌 Highball,酒水,Cheese,300.0,222.0
V000827,2026-04-08,M05,白酒蛤蜊義大利麵,主食,Seafood,380.0,167.2
V000827,2026-04-08,S06,酥炸花枝圈,副食,Fried,220.0,154.0
V000827,2026-04-08,S04,三種起司拼盤,副食,Cheese,340.0,224.4
V000827,2026-04-08,S05,松露薯條,副食,Fried,180.0,129.6
V000827,2026-04-08,S07,炙燒櫛瓜佐油醋,副食,Universal,160.0,108.8
V000827,2026-04-08,D01,提拉米蘇,甜點,Dessert,180.0,117.0
V000827,2026-04-08,W06,Negroni,酒水,Cheese,350.0,266.0
V000827,2026-04-08,W09,精釀 IPA,酒水,Fried,260.0,150.8
V000827,2026-04-08,W09,精釀 IPA,酒水,Fried,260.0,150.8
V000827,2026-04-08,W13,無酒精莫吉托,酒水,Universal,180.0,144.0
V000827,2026-04-08,W08,Gin & Tonic,酒水,Universal,300.0,234.0
V000827,2026-04-08,W03,夏多內白酒(杯),酒水,Seafood,260.0,161.2
V000828,2026-04-08,M01,舒肥紅酒燉牛肉,主食,Red_Meat,480.0,192.0
V000828,2026-04-08,S06,酥炸花枝圈,副食,Fried,220.0,154.0
V000828,2026-04-08,S02,西班牙蒜辣蝦,副食,Seafood,260.0,176.8
V000828,2026-04-08,S02,西班牙蒜辣蝦,副食,Seafood,260.0,176.8
V000828,2026-04-08,S04,三種起司拼盤,副食,Cheese,340.0,224.4
V000828,2026-04-08,W05,氣泡酒(杯),酒水,Fried,300.0,189.0
V000828,2026-04-08,W04,白蘇維翁(杯),酒水,Seafood,280.0,170.8
V000828,2026-04-08,W07,Old Fashioned,酒水,Red_Meat,380.0,285.0
V000829,2026-04-09,M05,白酒蛤蜊義大利麵,主食,Seafood,380.0,167.2
V000829,2026-04-09,M06,香煎鮭魚佐檸檬,主食,Seafood,460.0,193.2
V000829,2026-04-09,S03,伊比利火腿盤,副食,Cheese,380.0,247.0
V000829,2026-04-09,D02,焦糖烤布蕾,甜點,Dessert,160.0,107.2
V000829,2026-04-09,W02,卡本內蘇維翁(杯),酒水,Red_Meat,320.0,192.0
V000830,2026-04-09,S06,酥炸花枝圈,副食,Fried,220.0,154.0
V000830,2026-04-09,S01,紹興油泡蝦,副食,Seafood,280.0,196.0
V000831,2026-04-09,M02,爐烤伊比利豬肩,主食,Red_Meat,520.0,197.6
V000831,2026-04-09,S03,伊比利火腿盤,副食,Cheese,380.0,247.0
V000831,2026-04-09,S01,紹興油泡蝦,副食,Seafood,280.0,196.0
V000831,2026-04-09,S02,西班牙蒜辣蝦,副食,Seafood,260.0,176.8
V000831,2026-04-09,W04,白蘇維翁(杯),酒水,Seafood,280.0,170.8
V000831,2026-04-09,W07,Old Fashioned,酒水,Red_Meat,380.0,285.0
V000831,2026-04-09,W05,氣泡酒(杯),酒水,Fried,300.0,189.0
V000832,2026-04-09,M01,舒肥紅酒燉牛肉,主食,Red_Meat,480.0,192.0
V000832,2026-04-09,S01,紹興油泡蝦,副食,Seafood,280.0,196.0
V000832,2026-04-09,W01,馬爾貝克紅酒(杯),酒水,Red_Meat,280.0,173.6
V000832,2026-04-09,W01,馬爾貝克紅酒(杯),酒水,Red_Meat,280.0,173.6
V000833,2026-04-09,M03,炭烤戰斧牛排,主食,Red_Meat,880.0,308.0
V000833,2026-04-09,M01,舒肥紅酒燉牛肉,主食,Red_Meat,480.0,192.0
V000833,2026-04-09,S07,炙燒櫛瓜佐油醋,副食,Universal,160.0,108.8
V000833,2026-04-09,S04,三種起司拼盤,副食,Cheese,340.0,224.4
V000833,2026-04-09,S02,西班牙蒜辣蝦,副食,Seafood,260.0,176.8
V000833,2026-04-09,W02,卡本內蘇維翁(杯),酒水,Red_Meat,320.0,192.0
V000833,2026-04-09,W10,小麥白啤酒,酒水,Fried,240.0,136.8
V000834,2026-04-09,M06,香煎鮭魚佐檸檬,主食,Seafood,460.0,193.2
V000834,2026-04-09,S02,西班牙蒜辣蝦,副食,Seafood,260.0,176.8
V000834,2026-04-09,S07,炙燒櫛瓜佐油醋,副食,Universal,160.0,108.8
V000834,2026-04-09,W11,威士忌 Highball,酒水,Cheese,300.0,222.0
V000834,2026-04-09,W03,夏多內白酒(杯),酒水,Seafood,260.0,161.2
V000834,2026-04-09,W10,小麥白啤酒,酒水,Fried,240.0,136.8
V000834,2026-04-09,W03,夏多內白酒(杯),酒水,Seafood,260.0,161.2
V000834,2026-04-09,W08,Gin & Tonic,酒水,Universal,300.0,234.0
V000834,2026-04-09,W08,Gin & Tonic,酒水,Universal,300.0,234.0
V000834,2026-04-09,W03,夏多內白酒(杯),酒水,Seafood,260.0,161.2
V000835,2026-04-09,M04,松露野菌燉飯,主食,Cheese,420.0,189.0
V000835,2026-04-09,M01,舒肥紅酒燉牛肉,主食,Red_Meat,480.0,192.0
V000835,2026-04-09,M05,白酒蛤蜊義大利麵,主食,Seafood,380.0,167.2
V000835,2026-04-09,S06,酥炸花枝圈,副食,Fried,220.0,154.0
V000835,2026-04-09,D01,提拉米蘇,甜點,Dessert,180.0,117.0
V000835,2026-04-09,W06,Negroni,酒水,Cheese,350.0,266.0
V000835,2026-04-09,W11,威士忌 Highball,酒水,Cheese,300.0,222.0
V000835,2026-04-09,W11,威士忌 Highball,酒水,Cheese,300.0,222.0
V000835,2026-04-09,W03,夏多內白酒(杯),酒水,Seafood,260.0,161.2
V000835,2026-04-09,W09,精釀 IPA,酒水,Fried,260.0,150.8
V000835,2026-04-09,W08,Gin & Tonic,酒水,Universal,300.0,234.0
V000836,2026-04-09,M05,白酒蛤蜊義大利麵,主食,Seafood,380.0,167.2
V000836,2026-04-09,S02,西班牙蒜辣蝦,副食,Seafood,260.0,176.8
V000837,2026-04-09,M06,香煎鮭魚佐檸檬,主食,Seafood,460.0,193.2
V000837,2026-04-09,M06,香煎鮭魚佐檸檬,主食,Seafood,460.0,193.2
V000837,2026-04-09,M03,炭烤戰斧牛排,主食,Red_Meat,880.0,308.0
V000837,2026-04-09,M04,松露野菌燉飯,主食,Cheese,420.0,189.0
V000837,2026-04-09,S04,三種起司拼盤,副食,Cheese,340.0,224.4
V000837,2026-04-09,S01,紹興油泡蝦,副食,Seafood,280.0,196.0
V000837,2026-04-09,S02,西班牙蒜辣蝦,副食,Seafood,260.0,176.8
V000837,2026-04-09,S03,伊比利火腿盤,副食,Cheese,380.0,247.0
V000837,2026-04-09,S06,酥炸花枝圈,副食,Fried,220.0,154.0
V000837,2026-04-09,S04,三種起司拼盤,副食,Cheese,340.0,224.4
V000837,2026-04-09,W11,威士忌 Highball,酒水,Cheese,300.0,222.0
V000837,2026-04-09,W05,氣泡酒(杯),酒水,Fried,300.0,189.0
V000837,2026-04-09,W06,Negroni,酒水,Cheese,350.0,266.0
V000837,2026-04-09,W03,夏多內白酒(杯),酒水,Seafood,260.0,161.2
V000837,2026-04-09,W07,Old Fashioned,酒水,Red_Meat,380.0,285.0
V000837,2026-04-09,W12,季節水果特調,酒水,Universal,340.0,261.8
V000837,2026-04-09,W03,夏多內白酒(杯),酒水,Seafood,260.0,161.2
V000837,2026-04-09,W02,卡本內蘇維翁(杯),酒水,Red_Meat,320.0,192.0
V000837,2026-04-09,W01,馬爾貝克紅酒(杯),酒水,Red_Meat,280.0,173.6
V000837,2026-04-09,W01,馬爾貝克紅酒(杯),酒水,Red_Meat,280.0,173.6
V000837,2026-04-09,W06,Negroni,酒水,Cheese,350.0,266.0
V000838,2026-04-09,M01,舒肥紅酒燉牛肉,主食,Red_Meat,480.0,192.0
V000838,2026-04-09,M06,香煎鮭魚佐檸檬,主食,Seafood,460.0,193.2
V000838,2026-04-09,M03,炭烤戰斧牛排,主食,Red_Meat,880.0,308.0
V000838,2026-04-09,S04,三種起司拼盤,副食,Cheese,340.0,224.4
V000838,2026-04-09,S07,炙燒櫛瓜佐油醋,副食,Universal,160.0,108.8
V000838,2026-04-09,S02,西班牙蒜辣蝦,副食,Seafood,260.0,176.8
V000838,2026-04-09,S02,西班牙蒜辣蝦,副食,Seafood,260.0,176.8
V000838,2026-04-09,S04,三種起司拼盤,副食,Cheese,340.0,224.4
V000838,2026-04-09,W02,卡本內蘇維翁(杯),酒水,Red_Meat,320.0,192.0
V000838,2026-04-09,W05,氣泡酒(杯),酒水,Fried,300.0,189.0
V000838,2026-04-09,W04,白蘇維翁(杯),酒水,Seafood,280.0,170.8
V000839,2026-04-10,M02,爐烤伊比利豬肩,主食,Red_Meat,520.0,197.6
V000839,2026-04-10,M01,舒肥紅酒燉牛肉,主食,Red_Meat,480.0,192.0
V000839,2026-04-10,S02,西班牙蒜辣蝦,副食,Seafood,260.0,176.8
V000839,2026-04-10,S02,西班牙蒜辣蝦,副食,Seafood,260.0,176.8
V000839,2026-04-10,S05,松露薯條,副食,Fried,180.0,129.6
V000839,2026-04-10,W11,威士忌 Highball,酒水,Cheese,300.0,222.0
V000840,2026-04-10,M02,爐烤伊比利豬肩,主食,Red_Meat,520.0,197.6
V000840,2026-04-10,S01,紹興油泡蝦,副食,Seafood,280.0,196.0
V000840,2026-04-10,W02,卡本內蘇維翁(杯),酒水,Red_Meat,320.0,192.0
V000841,2026-04-10,M03,炭烤戰斧牛排,主食,Red_Meat,880.0,308.0
V000841,2026-04-10,S07,炙燒櫛瓜佐油醋,副食,Universal,160.0,108.8
V000841,2026-04-10,S01,紹興油泡蝦,副食,Seafood,280.0,196.0
V000841,2026-04-10,S02,西班牙蒜辣蝦,副食,Seafood,260.0,176.8
V000841,2026-04-10,S07,炙燒櫛瓜佐油醋,副食,Universal,160.0,108.8
V000841,2026-04-10,D02,焦糖烤布蕾,甜點,Dessert,160.0,107.2
V000841,2026-04-10,W12,季節水果特調,酒水,Universal,340.0,261.8
V000841,2026-04-10,W10,小麥白啤酒,酒水,Fried,240.0,136.8
V000841,2026-04-10,W05,氣泡酒(杯),酒水,Fried,300.0,189.0
V000841,2026-04-10,W08,Gin & Tonic,酒水,Universal,300.0,234.0
V000842,2026-04-10,M06,香煎鮭魚佐檸檬,主食,Seafood,460.0,193.2
V000842,2026-04-10,M04,松露野菌燉飯,主食,Cheese,420.0,189.0
V000842,2026-04-10,S05,松露薯條,副食,Fried,180.0,129.6
V000842,2026-04-10,S01,紹興油泡蝦,副食,Seafood,280.0,196.0
V000842,2026-04-10,S02,西班牙蒜辣蝦,副食,Seafood,260.0,176.8
V000842,2026-04-10,W09,精釀 IPA,酒水,Fried,260.0,150.8
V000842,2026-04-10,W12,季節水果特調,酒水,Universal,340.0,261.8
V000842,2026-04-10,W03,夏多內白酒(杯),酒水,Seafood,260.0,161.2
V000842,2026-04-10,W06,Negroni,酒水,Cheese,350.0,266.0
V000843,2026-04-10,M01,舒肥紅酒燉牛肉,主食,Red_Meat,480.0,192.0
V000843,2026-04-10,S05,松露薯條,副食,Fried,180.0,129.6
V000843,2026-04-10,S06,酥炸花枝圈,副食,Fried,220.0,154.0
V000843,2026-04-10,S01,紹興油泡蝦,副食,Seafood,280.0,196.0
V000843,2026-04-10,D01,提拉米蘇,甜點,Dessert,180.0,117.0
V000843,2026-04-10,W10,小麥白啤酒,酒水,Fried,240.0,136.8
V000843,2026-04-10,W10,小麥白啤酒,酒水,Fried,240.0,136.8
V000843,2026-04-10,W06,Negroni,酒水,Cheese,350.0,266.0
V000843,2026-04-10,W05,氣泡酒(杯),酒水,Fried,300.0,189.0
V000843,2026-04-10,W05,氣泡酒(杯),酒水,Fried,300.0,189.0
V000843,2026-04-10,W04,白蘇維翁(杯),酒水,Seafood,280.0,170.8
V000844,2026-04-10,M01,舒肥紅酒燉牛肉,主食,Red_Meat,480.0,192.0
V000844,2026-04-10,M04,松露野菌燉飯,主食,Cheese,420.0,189.0
V000844,2026-04-10,M02,爐烤伊比利豬肩,主食,Red_Meat,520.0,197.6
V000844,2026-04-10,S07,炙燒櫛瓜佐油醋,副食,Universal,160.0,108.8
V000845,2026-04-10,M05,白酒蛤蜊義大利麵,主食,Seafood,380.0,167.2
V000845,2026-04-10,M06,香煎鮭魚佐檸檬,主食,Seafood,460.0,193.2
V000845,2026-04-10,S01,紹興油泡蝦,副食,Seafood,280.0,196.0
V000846,2026-04-10,M06,香煎鮭魚佐檸檬,主食,Seafood,460.0,193.2
V000846,2026-04-10,M01,舒肥紅酒燉牛肉,主食,Red_Meat,480.0,192.0
V000846,2026-04-10,S01,紹興油泡蝦,副食,Seafood,280.0,196.0
V000846,2026-04-10,S05,松露薯條,副食,Fried,180.0,129.6
V000846,2026-04-10,S06,酥炸花枝圈,副食,Fried,220.0,154.0
V000846,2026-04-10,W04,白蘇維翁(杯),酒水,Seafood,280.0,170.8
V000846,2026-04-10,W07,Old Fashioned,酒水,Red_Meat,380.0,285.0
V000846,2026-04-10,W10,小麥白啤酒,酒水,Fried,240.0,136.8
V000846,2026-04-10,W07,Old Fashioned,酒水,Red_Meat,380.0,285.0
V000846,2026-04-10,W09,精釀 IPA,酒水,Fried,260.0,150.8
V000846,2026-04-10,W01,馬爾貝克紅酒(杯),酒水,Red_Meat,280.0,173.6
V000846,2026-04-10,W11,威士忌 Highball,酒水,Cheese,300.0,222.0
V000846,2026-04-10,W09,精釀 IPA,酒水,Fried,260.0,150.8
V000846,2026-04-10,W03,夏多內白酒(杯),酒水,Seafood,260.0,161.2
V000846,2026-04-10,W02,卡本內蘇維翁(杯),酒水,Red_Meat,320.0,192.0
V000846,2026-04-10,W05,氣泡酒(杯),酒水,Fried,300.0,189.0
V000847,2026-04-10,M04,松露野菌燉飯,主食,Cheese,420.0,189.0
V000847,2026-04-10,M02,爐烤伊比利豬肩,主食,Red_Meat,520.0,197.6
V000847,2026-04-10,D02,焦糖烤布蕾,甜點,Dessert,160.0,107.2
V000847,2026-04-10,W09,精釀 IPA,酒水,Fried,260.0,150.8
V000847,2026-04-10,W13,無酒精莫吉托,酒水,Universal,180.0,144.0
V000847,2026-04-10,W01,馬爾貝克紅酒(杯),酒水,Red_Meat,280.0,173.6
V000848,2026-04-10,M06,香煎鮭魚佐檸檬,主食,Seafood,460.0,193.2
V000848,2026-04-10,S04,三種起司拼盤,副食,Cheese,340.0,224.4
V000848,2026-04-10,S07,炙燒櫛瓜佐油醋,副食,Universal,160.0,108.8
V000848,2026-04-10,S06,酥炸花枝圈,副食,Fried,220.0,154.0
V000848,2026-04-10,W06,Negroni,酒水,Cheese,350.0,266.0
V000848,2026-04-10,W09,精釀 IPA,酒水,Fried,260.0,150.8
V000848,2026-04-10,W07,Old Fashioned,酒水,Red_Meat,380.0,285.0
V000849,2026-04-10,M06,香煎鮭魚佐檸檬,主食,Seafood,460.0,193.2
V000849,2026-04-10,S02,西班牙蒜辣蝦,副食,Seafood,260.0,176.8
V000849,2026-04-10,S05,松露薯條,副食,Fried,180.0,129.6
V000849,2026-04-10,S05,松露薯條,副食,Fried,180.0,129.6
V000849,2026-04-10,S05,松露薯條,副食,Fried,180.0,129.6
V000849,2026-04-10,S07,炙燒櫛瓜佐油醋,副食,Universal,160.0,108.8
V000849,2026-04-10,D02,焦糖烤布蕾,甜點,Dessert,160.0,107.2
V000849,2026-04-10,W03,夏多內白酒(杯),酒水,Seafood,260.0,161.2
V000849,2026-04-10,W13,無酒精莫吉托,酒水,Universal,180.0,144.0
V000849,2026-04-10,W11,威士忌 Highball,酒水,Cheese,300.0,222.0
V000850,2026-04-10,M03,炭烤戰斧牛排,主食,Red_Meat,880.0,308.0
V000850,2026-04-10,M02,爐烤伊比利豬肩,主食,Red_Meat,520.0,197.6
V000850,2026-04-10,S06,酥炸花枝圈,副食,Fried,220.0,154.0
V000850,2026-04-10,S02,西班牙蒜辣蝦,副食,Seafood,260.0,176.8
V000850,2026-04-10,S07,炙燒櫛瓜佐油醋,副食,Universal,160.0,108.8
V000850,2026-04-10,D01,提拉米蘇,甜點,Dessert,180.0,117.0
V000851,2026-04-10,M02,爐烤伊比利豬肩,主食,Red_Meat,520.0,197.6
V000851,2026-04-10,M06,香煎鮭魚佐檸檬,主食,Seafood,460.0,193.2
V000851,2026-04-10,S01,紹興油泡蝦,副食,Seafood,280.0,196.0
V000851,2026-04-10,S07,炙燒櫛瓜佐油醋,副食,Universal,160.0,108.8
V000851,2026-04-10,S05,松露薯條,副食,Fried,180.0,129.6
V000851,2026-04-10,W09,精釀 IPA,酒水,Fried,260.0,150.8
V000852,2026-04-10,M03,炭烤戰斧牛排,主食,Red_Meat,880.0,308.0
V000852,2026-04-10,M04,松露野菌燉飯,主食,Cheese,420.0,189.0
V000852,2026-04-10,M04,松露野菌燉飯,主食,Cheese,420.0,189.0
V000852,2026-04-10,S03,伊比利火腿盤,副食,Cheese,380.0,247.0
V000852,2026-04-10,S02,西班牙蒜辣蝦,副食,Seafood,260.0,176.8
V000852,2026-04-10,S04,三種起司拼盤,副食,Cheese,340.0,224.4
V000852,2026-04-10,S07,炙燒櫛瓜佐油醋,副食,Universal,160.0,108.8
V000852,2026-04-10,W06,Negroni,酒水,Cheese,350.0,266.0
V000852,2026-04-10,W11,威士忌 Highball,酒水,Cheese,300.0,222.0
V000852,2026-04-10,W04,白蘇維翁(杯),酒水,Seafood,280.0,170.8
V000852,2026-04-10,W03,夏多內白酒(杯),酒水,Seafood,260.0,161.2
V000852,2026-04-10,W02,卡本內蘇維翁(杯),酒水,Red_Meat,320.0,192.0
V000852,2026-04-10,W01,馬爾貝克紅酒(杯),酒水,Red_Meat,280.0,173.6
V000853,2026-04-10,M05,白酒蛤蜊義大利麵,主食,Seafood,380.0,167.2
V000853,2026-04-10,S06,酥炸花枝圈,副食,Fried,220.0,154.0
V000853,2026-04-10,S07,炙燒櫛瓜佐油醋,副食,Universal,160.0,108.8
V000853,2026-04-10,S04,三種起司拼盤,副食,Cheese,340.0,224.4
V000853,2026-04-10,S02,西班牙蒜辣蝦,副食,Seafood,260.0,176.8
V000853,2026-04-10,W05,氣泡酒(杯),酒水,Fried,300.0,189.0
V000853,2026-04-10,W10,小麥白啤酒,酒水,Fried,240.0,136.8
V000853,2026-04-10,W10,小麥白啤酒,酒水,Fried,240.0,136.8
V000854,2026-04-10,M03,炭烤戰斧牛排,主食,Red_Meat,880.0,308.0
V000854,2026-04-10,S03,伊比利火腿盤,副食,Cheese,380.0,247.0
V000854,2026-04-10,S06,酥炸花枝圈,副食,Fried,220.0,154.0
V000854,2026-04-10,W12,季節水果特調,酒水,Universal,340.0,261.8
V000854,2026-04-10,W05,氣泡酒(杯),酒水,Fried,300.0,189.0
V000854,2026-04-10,W06,Negroni,酒水,Cheese,350.0,266.0
V000854,2026-04-10,W12,季節水果特調,酒水,Universal,340.0,261.8
V000854,2026-04-10,W06,Negroni,酒水,Cheese,350.0,266.0
V000854,2026-04-10,W07,Old Fashioned,酒水,Red_Meat,380.0,285.0
V000855,2026-04-10,M04,松露野菌燉飯,主食,Cheese,420.0,189.0
V000855,2026-04-10,M02,爐烤伊比利豬肩,主食,Red_Meat,520.0,197.6
V000855,2026-04-10,S01,紹興油泡蝦,副食,Seafood,280.0,196.0
V000855,2026-04-10,S01,紹興油泡蝦,副食,Seafood,280.0,196.0
V000855,2026-04-10,S02,西班牙蒜辣蝦,副食,Seafood,260.0,176.8
V000855,2026-04-10,D01,提拉米蘇,甜點,Dessert,180.0,117.0
V000855,2026-04-10,W07,Old Fashioned,酒水,Red_Meat,380.0,285.0
V000855,2026-04-10,W12,季節水果特調,酒水,Universal,340.0,261.8
V000855,2026-04-10,W06,Negroni,酒水,Cheese,350.0,266.0
V000856,2026-04-10,M02,爐烤伊比利豬肩,主食,Red_Meat,520.0,197.6
V000856,2026-04-10,S07,炙燒櫛瓜佐油醋,副食,Universal,160.0,108.8
V000856,2026-04-10,S05,松露薯條,副食,Fried,180.0,129.6
V000856,2026-04-10,W09,精釀 IPA,酒水,Fried,260.0,150.8
V000856,2026-04-10,W01,馬爾貝克紅酒(杯),酒水,Red_Meat,280.0,173.6
V000856,2026-04-10,W10,小麥白啤酒,酒水,Fried,240.0,136.8
V000856,2026-04-10,W05,氣泡酒(杯),酒水,Fried,300.0,189.0
V000857,2026-04-10,M01,舒肥紅酒燉牛肉,主食,Red_Meat,480.0,192.0
V000857,2026-04-10,S06,酥炸花枝圈,副食,Fried,220.0,154.0
V000857,2026-04-10,S04,三種起司拼盤,副食,Cheese,340.0,224.4
V000857,2026-04-10,S07,炙燒櫛瓜佐油醋,副食,Universal,160.0,108.8
V000857,2026-04-10,S05,松露薯條,副食,Fried,180.0,129.6
V000857,2026-04-10,W04,白蘇維翁(杯),酒水,Seafood,280.0,170.8
V000858,2026-04-10,M05,白酒蛤蜊義大利麵,主食,Seafood,380.0,167.2
V000858,2026-04-10,M05,白酒蛤蜊義大利麵,主食,Seafood,380.0,167.2
V000858,2026-04-10,S04,三種起司拼盤,副食,Cheese,340.0,224.4
V000858,2026-04-10,S06,酥炸花枝圈,副食,Fried,220.0,154.0
V000858,2026-04-10,D02,焦糖烤布蕾,甜點,Dessert,160.0,107.2
V000858,2026-04-10,W05,氣泡酒(杯),酒水,Fried,300.0,189.0
V000858,2026-04-10,W12,季節水果特調,酒水,Universal,340.0,261.8
V000858,2026-04-10,W11,威士忌 Highball,酒水,Cheese,300.0,222.0
V000858,2026-04-10,W04,白蘇維翁(杯),酒水,Seafood,280.0,170.8
V000858,2026-04-10,W03,夏多內白酒(杯),酒水,Seafood,260.0,161.2
V000858,2026-04-10,W09,精釀 IPA,酒水,Fried,260.0,150.8
V000859,2026-04-10,M01,舒肥紅酒燉牛肉,主食,Red_Meat,480.0,192.0
V000859,2026-04-10,S05,松露薯條,副食,Fried,180.0,129.6
V000859,2026-04-10,D01,提拉米蘇,甜點,Dessert,180.0,117.0
V000860,2026-04-11,S06,酥炸花枝圈,副食,Fried,220.0,154.0
V000860,2026-04-11,W09,精釀 IPA,酒水,Fried,260.0,150.8
V000861,2026-04-11,M06,香煎鮭魚佐檸檬,主食,Seafood,460.0,193.2
V000861,2026-04-11,M01,舒肥紅酒燉牛肉,主食,Red_Meat,480.0,192.0
V000861,2026-04-11,S02,西班牙蒜辣蝦,副食,Seafood,260.0,176.8
V000861,2026-04-11,W10,小麥白啤酒,酒水,Fried,240.0,136.8
V000861,2026-04-11,W03,夏多內白酒(杯),酒水,Seafood,260.0,161.2
V000861,2026-04-11,W09,精釀 IPA,酒水,Fried,260.0,150.8
V000861,2026-04-11,W04,白蘇維翁(杯),酒水,Seafood,280.0,170.8
V000861,2026-04-11,W11,威士忌 Highball,酒水,Cheese,300.0,222.0
V000861,2026-04-11,W13,無酒精莫吉托,酒水,Universal,180.0,144.0
V000861,2026-04-11,W04,白蘇維翁(杯),酒水,Seafood,280.0,170.8
V000861,2026-04-11,W04,白蘇維翁(杯),酒水,Seafood,280.0,170.8
V000861,2026-04-11,W05,氣泡酒(杯),酒水,Fried,300.0,189.0
V000862,2026-04-11,M04,松露野菌燉飯,主食,Cheese,420.0,189.0
V000862,2026-04-11,M05,白酒蛤蜊義大利麵,主食,Seafood,380.0,167.2
V000862,2026-04-11,M03,炭烤戰斧牛排,主食,Red_Meat,880.0,308.0
V000862,2026-04-11,S06,酥炸花枝圈,副食,Fried,220.0,154.0
V000862,2026-04-11,S04,三種起司拼盤,副食,Cheese,340.0,224.4
V000862,2026-04-11,S03,伊比利火腿盤,副食,Cheese,380.0,247.0
V000862,2026-04-11,S02,西班牙蒜辣蝦,副食,Seafood,260.0,176.8
V000862,2026-04-11,S02,西班牙蒜辣蝦,副食,Seafood,260.0,176.8
V000862,2026-04-11,W11,威士忌 Highball,酒水,Cheese,300.0,222.0
V000862,2026-04-11,W02,卡本內蘇維翁(杯),酒水,Red_Meat,320.0,192.0
V000863,2026-04-11,M03,炭烤戰斧牛排,主食,Red_Meat,880.0,308.0
V000863,2026-04-11,M05,白酒蛤蜊義大利麵,主食,Seafood,380.0,167.2
V000863,2026-04-11,S07,炙燒櫛瓜佐油醋,副食,Universal,160.0,108.8
V000863,2026-04-11,S01,紹興油泡蝦,副食,Seafood,280.0,196.0
V000863,2026-04-11,S06,酥炸花枝圈,副食,Fried,220.0,154.0
V000863,2026-04-11,S07,炙燒櫛瓜佐油醋,副食,Universal,160.0,108.8
V000863,2026-04-11,W04,白蘇維翁(杯),酒水,Seafood,280.0,170.8
V000863,2026-04-11,W06,Negroni,酒水,Cheese,350.0,266.0
V000863,2026-04-11,W09,精釀 IPA,酒水,Fried,260.0,150.8
V000863,2026-04-11,W04,白蘇維翁(杯),酒水,Seafood,280.0,170.8
V000863,2026-04-11,W05,氣泡酒(杯),酒水,Fried,300.0,189.0
V000863,2026-04-11,W08,Gin & Tonic,酒水,Universal,300.0,234.0
V000863,2026-04-11,W11,威士忌 Highball,酒水,Cheese,300.0,222.0
V000863,2026-04-11,W08,Gin & Tonic,酒水,Universal,300.0,234.0
V000863,2026-04-11,W05,氣泡酒(杯),酒水,Fried,300.0,189.0
V000864,2026-04-11,M05,白酒蛤蜊義大利麵,主食,Seafood,380.0,167.2
V000864,2026-04-11,M04,松露野菌燉飯,主食,Cheese,420.0,189.0
V000864,2026-04-11,W12,季節水果特調,酒水,Universal,340.0,261.8
V000864,2026-04-11,W05,氣泡酒(杯),酒水,Fried,300.0,189.0
V000864,2026-04-11,W04,白蘇維翁(杯),酒水,Seafood,280.0,170.8
V000864,2026-04-11,W10,小麥白啤酒,酒水,Fried,240.0,136.8
V000865,2026-04-11,M05,白酒蛤蜊義大利麵,主食,Seafood,380.0,167.2
V000865,2026-04-11,S05,松露薯條,副食,Fried,180.0,129.6
V000865,2026-04-11,S05,松露薯條,副食,Fried,180.0,129.6
V000865,2026-04-11,D01,提拉米蘇,甜點,Dessert,180.0,117.0
V000865,2026-04-11,W10,小麥白啤酒,酒水,Fried,240.0,136.8
V000865,2026-04-11,W09,精釀 IPA,酒水,Fried,260.0,150.8
V000865,2026-04-11,W13,無酒精莫吉托,酒水,Universal,180.0,144.0
V000866,2026-04-11,M02,爐烤伊比利豬肩,主食,Red_Meat,520.0,197.6
V000866,2026-04-11,W11,威士忌 Highball,酒水,Cheese,300.0,222.0
V000867,2026-04-11,M03,炭烤戰斧牛排,主食,Red_Meat,880.0,308.0
V000867,2026-04-11,M05,白酒蛤蜊義大利麵,主食,Seafood,380.0,167.2
V000867,2026-04-11,M05,白酒蛤蜊義大利麵,主食,Seafood,380.0,167.2
V000867,2026-04-11,M03,炭烤戰斧牛排,主食,Red_Meat,880.0,308.0
V000867,2026-04-11,S07,炙燒櫛瓜佐油醋,副食,Universal,160.0,108.8
V000867,2026-04-11,S07,炙燒櫛瓜佐油醋,副食,Universal,160.0,108.8
V000867,2026-04-11,S04,三種起司拼盤,副食,Cheese,340.0,224.4
V000867,2026-04-11,S07,炙燒櫛瓜佐油醋,副食,Universal,160.0,108.8
V000867,2026-04-11,W03,夏多內白酒(杯),酒水,Seafood,260.0,161.2
V000867,2026-04-11,W01,馬爾貝克紅酒(杯),酒水,Red_Meat,280.0,173.6
V000867,2026-04-11,W01,馬爾貝克紅酒(杯),酒水,Red_Meat,280.0,173.6
V000867,2026-04-11,W11,威士忌 Highball,酒水,Cheese,300.0,222.0
V000867,2026-04-11,W03,夏多內白酒(杯),酒水,Seafood,260.0,161.2
V000867,2026-04-11,W12,季節水果特調,酒水,Universal,340.0,261.8
V000867,2026-04-11,W04,白蘇維翁(杯),酒水,Seafood,280.0,170.8
V000867,2026-04-11,W09,精釀 IPA,酒水,Fried,260.0,150.8
V000868,2026-04-11,M05,白酒蛤蜊義大利麵,主食,Seafood,380.0,167.2
V000868,2026-04-11,S05,松露薯條,副食,Fried,180.0,129.6
V000868,2026-04-11,W04,白蘇維翁(杯),酒水,Seafood,280.0,170.8
V000868,2026-04-11,W05,氣泡酒(杯),酒水,Fried,300.0,189.0
V000869,2026-04-11,M04,松露野菌燉飯,主食,Cheese,420.0,189.0
V000869,2026-04-11,S07,炙燒櫛瓜佐油醋,副食,Universal,160.0,108.8
V000869,2026-04-11,S03,伊比利火腿盤,副食,Cheese,380.0,247.0
V000869,2026-04-11,S04,三種起司拼盤,副食,Cheese,340.0,224.4
V000869,2026-04-11,W01,馬爾貝克紅酒(杯),酒水,Red_Meat,280.0,173.6
V000869,2026-04-11,W07,Old Fashioned,酒水,Red_Meat,380.0,285.0
V000869,2026-04-11,W07,Old Fashioned,酒水,Red_Meat,380.0,285.0
V000869,2026-04-11,W09,精釀 IPA,酒水,Fried,260.0,150.8
V000869,2026-04-11,W01,馬爾貝克紅酒(杯),酒水,Red_Meat,280.0,173.6
V000869,2026-04-11,W02,卡本內蘇維翁(杯),酒水,Red_Meat,320.0,192.0
V000869,2026-04-11,W06,Negroni,酒水,Cheese,350.0,266.0
V000869,2026-04-11,W02,卡本內蘇維翁(杯),酒水,Red_Meat,320.0,192.0
V000869,2026-04-11,W03,夏多內白酒(杯),酒水,Seafood,260.0,161.2
V000870,2026-04-11,M01,舒肥紅酒燉牛肉,主食,Red_Meat,480.0,192.0
V000870,2026-04-11,S04,三種起司拼盤,副食,Cheese,340.0,224.4
V000870,2026-04-11,S04,三種起司拼盤,副食,Cheese,340.0,224.4
V000870,2026-04-11,S06,酥炸花枝圈,副食,Fried,220.0,154.0
V000870,2026-04-11,D01,提拉米蘇,甜點,Dessert,180.0,117.0
V000870,2026-04-11,W03,夏多內白酒(杯),酒水,Seafood,260.0,161.2
V000870,2026-04-11,W13,無酒精莫吉托,酒水,Universal,180.0,144.0
V000870,2026-04-11,W07,Old Fashioned,酒水,Red_Meat,380.0,285.0
V000870,2026-04-11,W08,Gin & Tonic,酒水,Universal,300.0,234.0
V000870,2026-04-11,W06,Negroni,酒水,Cheese,350.0,266.0
V000870,2026-04-11,W13,無酒精莫吉托,酒水,Universal,180.0,144.0
V000870,2026-04-11,W11,威士忌 Highball,酒水,Cheese,300.0,222.0
V000870,2026-04-11,W09,精釀 IPA,酒水,Fried,260.0,150.8
V000870,2026-04-11,W08,Gin & Tonic,酒水,Universal,300.0,234.0
V000871,2026-04-11,M06,香煎鮭魚佐檸檬,主食,Seafood,460.0,193.2
V000871,2026-04-11,S04,三種起司拼盤,副食,Cheese,340.0,224.4
V000871,2026-04-11,W04,白蘇維翁(杯),酒水,Seafood,280.0,170.8
V000871,2026-04-11,W06,Negroni,酒水,Cheese,350.0,266.0
V000871,2026-04-11,W11,威士忌 Highball,酒水,Cheese,300.0,222.0
V000872,2026-04-11,M04,松露野菌燉飯,主食,Cheese,420.0,189.0
V000872,2026-04-11,M03,炭烤戰斧牛排,主食,Red_Meat,880.0,308.0
V000872,2026-04-11,S05,松露薯條,副食,Fried,180.0,129.6
V000872,2026-04-11,W01,馬爾貝克紅酒(杯),酒水,Red_Meat,280.0,173.6
V000872,2026-04-11,W07,Old Fashioned,酒水,Red_Meat,380.0,285.0
V000872,2026-04-11,W08,Gin & Tonic,酒水,Universal,300.0,234.0
V000873,2026-04-11,M01,舒肥紅酒燉牛肉,主食,Red_Meat,480.0,192.0
V000873,2026-04-11,M02,爐烤伊比利豬肩,主食,Red_Meat,520.0,197.6
V000873,2026-04-11,S06,酥炸花枝圈,副食,Fried,220.0,154.0
V000873,2026-04-11,W05,氣泡酒(杯),酒水,Fried,300.0,189.0
V000873,2026-04-11,W10,小麥白啤酒,酒水,Fried,240.0,136.8
V000873,2026-04-11,W13,無酒精莫吉托,酒水,Universal,180.0,144.0
V000874,2026-04-11,M02,爐烤伊比利豬肩,主食,Red_Meat,520.0,197.6
V000874,2026-04-11,S01,紹興油泡蝦,副食,Seafood,280.0,196.0
V000874,2026-04-11,S06,酥炸花枝圈,副食,Fried,220.0,154.0
V000874,2026-04-11,W04,白蘇維翁(杯),酒水,Seafood,280.0,170.8
V000874,2026-04-11,W09,精釀 IPA,酒水,Fried,260.0,150.8
V000874,2026-04-11,W06,Negroni,酒水,Cheese,350.0,266.0
V000875,2026-04-11,M04,松露野菌燉飯,主食,Cheese,420.0,189.0
V000875,2026-04-11,S04,三種起司拼盤,副食,Cheese,340.0,224.4
V000875,2026-04-11,S03,伊比利火腿盤,副食,Cheese,380.0,247.0
V000875,2026-04-11,S05,松露薯條,副食,Fried,180.0,129.6
V000875,2026-04-11,S07,炙燒櫛瓜佐油醋,副食,Universal,160.0,108.8
V000875,2026-04-11,W01,馬爾貝克紅酒(杯),酒水,Red_Meat,280.0,173.6
V000875,2026-04-11,W02,卡本內蘇維翁(杯),酒水,Red_Meat,320.0,192.0
V000875,2026-04-11,W01,馬爾貝克紅酒(杯),酒水,Red_Meat,280.0,173.6
V000875,2026-04-11,W06,Negroni,酒水,Cheese,350.0,266.0
V000875,2026-04-11,W06,Negroni,酒水,Cheese,350.0,266.0
V000875,2026-04-11,W02,卡本內蘇維翁(杯),酒水,Red_Meat,320.0,192.0
V000875,2026-04-11,W01,馬爾貝克紅酒(杯),酒水,Red_Meat,280.0,173.6
V000876,2026-04-11,M06,香煎鮭魚佐檸檬,主食,Seafood,460.0,193.2
V000876,2026-04-11,S04,三種起司拼盤,副食,Cheese,340.0,224.4
V000876,2026-04-11,W01,馬爾貝克紅酒(杯),酒水,Red_Meat,280.0,173.6
V000876,2026-04-11,W13,無酒精莫吉托,酒水,Universal,180.0,144.0
V000876,2026-04-11,W03,夏多內白酒(杯),酒水,Seafood,260.0,161.2
V000876,2026-04-11,W13,無酒精莫吉托,酒水,Universal,180.0,144.0
V000876,2026-04-11,W02,卡本內蘇維翁(杯),酒水,Red_Meat,320.0,192.0
V000876,2026-04-11,W04,白蘇維翁(杯),酒水,Seafood,280.0,170.8
V000877,2026-04-11,M06,香煎鮭魚佐檸檬,主食,Seafood,460.0,193.2
V000877,2026-04-11,M02,爐烤伊比利豬肩,主食,Red_Meat,520.0,197.6
V000877,2026-04-11,S04,三種起司拼盤,副食,Cheese,340.0,224.4
V000877,2026-04-11,W07,Old Fashioned,酒水,Red_Meat,380.0,285.0
V000878,2026-04-11,M06,香煎鮭魚佐檸檬,主食,Seafood,460.0,193.2
V000878,2026-04-11,W03,夏多內白酒(杯),酒水,Seafood,260.0,161.2
V000878,2026-04-11,W13,無酒精莫吉托,酒水,Universal,180.0,144.0
V000878,2026-04-11,W08,Gin & Tonic,酒水,Universal,300.0,234.0
V000878,2026-04-11,W06,Negroni,酒水,Cheese,350.0,266.0
V000878,2026-04-11,W10,小麥白啤酒,酒水,Fried,240.0,136.8
V000879,2026-04-12,M02,爐烤伊比利豬肩,主食,Red_Meat,520.0,197.6
V000879,2026-04-12,M04,松露野菌燉飯,主食,Cheese,420.0,189.0
V000879,2026-04-12,S01,紹興油泡蝦,副食,Seafood,280.0,196.0
V000879,2026-04-12,S04,三種起司拼盤,副食,Cheese,340.0,224.4
V000879,2026-04-12,S07,炙燒櫛瓜佐油醋,副食,Universal,160.0,108.8
V000879,2026-04-12,W13,無酒精莫吉托,酒水,Universal,180.0,144.0
V000879,2026-04-12,W02,卡本內蘇維翁(杯),酒水,Red_Meat,320.0,192.0
V000879,2026-04-12,W13,無酒精莫吉托,酒水,Universal,180.0,144.0
V000879,2026-04-12,W04,白蘇維翁(杯),酒水,Seafood,280.0,170.8
V000880,2026-04-12,M04,松露野菌燉飯,主食,Cheese,420.0,189.0
V000880,2026-04-12,S03,伊比利火腿盤,副食,Cheese,380.0,247.0
V000880,2026-04-12,S02,西班牙蒜辣蝦,副食,Seafood,260.0,176.8
V000880,2026-04-12,W10,小麥白啤酒,酒水,Fried,240.0,136.8
V000880,2026-04-12,W11,威士忌 Highball,酒水,Cheese,300.0,222.0
V000880,2026-04-12,W12,季節水果特調,酒水,Universal,340.0,261.8
V000881,2026-04-12,M03,炭烤戰斧牛排,主食,Red_Meat,880.0,308.0
V000881,2026-04-12,M04,松露野菌燉飯,主食,Cheese,420.0,189.0
V000881,2026-04-12,S05,松露薯條,副食,Fried,180.0,129.6
V000881,2026-04-12,S03,伊比利火腿盤,副食,Cheese,380.0,247.0
V000881,2026-04-12,S07,炙燒櫛瓜佐油醋,副食,Universal,160.0,108.8
V000881,2026-04-12,S04,三種起司拼盤,副食,Cheese,340.0,224.4
V000881,2026-04-12,S04,三種起司拼盤,副食,Cheese,340.0,224.4
V000881,2026-04-12,W01,馬爾貝克紅酒(杯),酒水,Red_Meat,280.0,173.6
V000881,2026-04-12,W10,小麥白啤酒,酒水,Fried,240.0,136.8
V000881,2026-04-12,W10,小麥白啤酒,酒水,Fried,240.0,136.8
V000881,2026-04-12,W07,Old Fashioned,酒水,Red_Meat,380.0,285.0
V000881,2026-04-12,W12,季節水果特調,酒水,Universal,340.0,261.8
V000881,2026-04-12,W07,Old Fashioned,酒水,Red_Meat,380.0,285.0
V000881,2026-04-12,W06,Negroni,酒水,Cheese,350.0,266.0
V000882,2026-04-12,M02,爐烤伊比利豬肩,主食,Red_Meat,520.0,197.6
V000882,2026-04-12,W13,無酒精莫吉托,酒水,Universal,180.0,144.0
V000883,2026-04-12,M06,香煎鮭魚佐檸檬,主食,Seafood,460.0,193.2
V000883,2026-04-12,S06,酥炸花枝圈,副食,Fried,220.0,154.0
V000883,2026-04-12,W03,夏多內白酒(杯),酒水,Seafood,260.0,161.2
V000883,2026-04-12,W05,氣泡酒(杯),酒水,Fried,300.0,189.0
V000884,2026-04-12,M03,炭烤戰斧牛排,主食,Red_Meat,880.0,308.0
V000884,2026-04-12,S02,西班牙蒜辣蝦,副食,Seafood,260.0,176.8
V000884,2026-04-12,S01,紹興油泡蝦,副食,Seafood,280.0,196.0
V000884,2026-04-12,W13,無酒精莫吉托,酒水,Universal,180.0,144.0
V000884,2026-04-12,W11,威士忌 Highball,酒水,Cheese,300.0,222.0
V000885,2026-04-12,M06,香煎鮭魚佐檸檬,主食,Seafood,460.0,193.2
V000885,2026-04-12,S03,伊比利火腿盤,副食,Cheese,380.0,247.0
V000885,2026-04-12,S06,酥炸花枝圈,副食,Fried,220.0,154.0
V000885,2026-04-12,S02,西班牙蒜辣蝦,副食,Seafood,260.0,176.8
V000885,2026-04-12,D01,提拉米蘇,甜點,Dessert,180.0,117.0
V000886,2026-04-12,M02,爐烤伊比利豬肩,主食,Red_Meat,520.0,197.6
V000886,2026-04-12,S07,炙燒櫛瓜佐油醋,副食,Universal,160.0,108.8
V000886,2026-04-12,S07,炙燒櫛瓜佐油醋,副食,Universal,160.0,108.8
V000886,2026-04-12,S03,伊比利火腿盤,副食,Cheese,380.0,247.0
V000886,2026-04-12,W06,Negroni,酒水,Cheese,350.0,266.0
V000886,2026-04-12,W12,季節水果特調,酒水,Universal,340.0,261.8
V000887,2026-04-12,S06,酥炸花枝圈,副食,Fried,220.0,154.0
V000887,2026-04-12,W13,無酒精莫吉托,酒水,Universal,180.0,144.0
V000887,2026-04-12,W10,小麥白啤酒,酒水,Fried,240.0,136.8
V000888,2026-04-12,M04,松露野菌燉飯,主食,Cheese,420.0,189.0
V000888,2026-04-12,M04,松露野菌燉飯,主食,Cheese,420.0,189.0
V000888,2026-04-12,S06,酥炸花枝圈,副食,Fried,220.0,154.0
V000888,2026-04-12,S01,紹興油泡蝦,副食,Seafood,280.0,196.0
V000888,2026-04-12,S01,紹興油泡蝦,副食,Seafood,280.0,196.0
V000888,2026-04-12,S01,紹興油泡蝦,副食,Seafood,280.0,196.0
V000888,2026-04-12,S04,三種起司拼盤,副食,Cheese,340.0,224.4
V000888,2026-04-12,S03,伊比利火腿盤,副食,Cheese,380.0,247.0
V000888,2026-04-12,D01,提拉米蘇,甜點,Dessert,180.0,117.0
V000888,2026-04-12,W11,威士忌 Highball,酒水,Cheese,300.0,222.0
V000888,2026-04-12,W09,精釀 IPA,酒水,Fried,260.0,150.8
V000888,2026-04-12,W10,小麥白啤酒,酒水,Fried,240.0,136.8
V000888,2026-04-12,W13,無酒精莫吉托,酒水,Universal,180.0,144.0
V000888,2026-04-12,W13,無酒精莫吉托,酒水,Universal,180.0,144.0
V000888,2026-04-12,W11,威士忌 Highball,酒水,Cheese,300.0,222.0
V000888,2026-04-12,W03,夏多內白酒(杯),酒水,Seafood,260.0,161.2
V000888,2026-04-12,W07,Old Fashioned,酒水,Red_Meat,380.0,285.0
V000888,2026-04-12,W04,白蘇維翁(杯),酒水,Seafood,280.0,170.8
V000888,2026-04-12,W04,白蘇維翁(杯),酒水,Seafood,280.0,170.8
V000889,2026-04-12,M01,舒肥紅酒燉牛肉,主食,Red_Meat,480.0,192.0
V000889,2026-04-12,W01,馬爾貝克紅酒(杯),酒水,Red_Meat,280.0,173.6
V000890,2026-04-12,M03,炭烤戰斧牛排,主食,Red_Meat,880.0,308.0
V000890,2026-04-12,M05,白酒蛤蜊義大利麵,主食,Seafood,380.0,167.2
V000890,2026-04-12,S04,三種起司拼盤,副食,Cheese,340.0,224.4
V000890,2026-04-12,S01,紹興油泡蝦,副食,Seafood,280.0,196.0
V000890,2026-04-12,S05,松露薯條,副食,Fried,180.0,129.6
V000890,2026-04-12,W04,白蘇維翁(杯),酒水,Seafood,280.0,170.8
V000890,2026-04-12,W04,白蘇維翁(杯),酒水,Seafood,280.0,170.8
V000890,2026-04-12,W10,小麥白啤酒,酒水,Fried,240.0,136.8
V000891,2026-04-12,M03,炭烤戰斧牛排,主食,Red_Meat,880.0,308.0
V000891,2026-04-12,D01,提拉米蘇,甜點,Dessert,180.0,117.0
V000891,2026-04-12,W01,馬爾貝克紅酒(杯),酒水,Red_Meat,280.0,173.6
V000892,2026-04-12,M03,炭烤戰斧牛排,主食,Red_Meat,880.0,308.0
V000892,2026-04-12,W07,Old Fashioned,酒水,Red_Meat,380.0,285.0
V000892,2026-04-12,W11,威士忌 Highball,酒水,Cheese,300.0,222.0
V000892,2026-04-12,W08,Gin & Tonic,酒水,Universal,300.0,234.0
V000892,2026-04-12,W09,精釀 IPA,酒水,Fried,260.0,150.8
V000893,2026-04-12,M05,白酒蛤蜊義大利麵,主食,Seafood,380.0,167.2
V000893,2026-04-12,S03,伊比利火腿盤,副食,Cheese,380.0,247.0
V000893,2026-04-12,S05,松露薯條,副食,Fried,180.0,129.6
V000893,2026-04-12,S02,西班牙蒜辣蝦,副食,Seafood,260.0,176.8
V000893,2026-04-12,S03,伊比利火腿盤,副食,Cheese,380.0,247.0
V000893,2026-04-12,W06,Negroni,酒水,Cheese,350.0,266.0
V000893,2026-04-12,W10,小麥白啤酒,酒水,Fried,240.0,136.8
V000893,2026-04-12,W04,白蘇維翁(杯),酒水,Seafood,280.0,170.8
V000893,2026-04-12,W10,小麥白啤酒,酒水,Fried,240.0,136.8
V000893,2026-04-12,W03,夏多內白酒(杯),酒水,Seafood,260.0,161.2
V000893,2026-04-12,W06,Negroni,酒水,Cheese,350.0,266.0
V000893,2026-04-12,W04,白蘇維翁(杯),酒水,Seafood,280.0,170.8
V000893,2026-04-12,W02,卡本內蘇維翁(杯),酒水,Red_Meat,320.0,192.0
V000894,2026-04-12,M03,炭烤戰斧牛排,主食,Red_Meat,880.0,308.0
V000894,2026-04-12,D01,提拉米蘇,甜點,Dessert,180.0,117.0
V000894,2026-04-12,W02,卡本內蘇維翁(杯),酒水,Red_Meat,320.0,192.0
V000894,2026-04-12,W12,季節水果特調,酒水,Universal,340.0,261.8
V000895,2026-04-12,M06,香煎鮭魚佐檸檬,主食,Seafood,460.0,193.2
V000896,2026-04-12,M04,松露野菌燉飯,主食,Cheese,420.0,189.0
V000896,2026-04-12,S07,炙燒櫛瓜佐油醋,副食,Universal,160.0,108.8
V000896,2026-04-12,S05,松露薯條,副食,Fried,180.0,129.6
V000896,2026-04-12,S07,炙燒櫛瓜佐油醋,副食,Universal,160.0,108.8
V000896,2026-04-12,S06,酥炸花枝圈,副食,Fried,220.0,154.0
V000896,2026-04-12,D01,提拉米蘇,甜點,Dessert,180.0,117.0
V000896,2026-04-12,W10,小麥白啤酒,酒水,Fried,240.0,136.8
V000896,2026-04-12,W05,氣泡酒(杯),酒水,Fried,300.0,189.0
V000896,2026-04-12,W12,季節水果特調,酒水,Universal,340.0,261.8
V000896,2026-04-12,W02,卡本內蘇維翁(杯),酒水,Red_Meat,320.0,192.0
V000897,2026-04-14,M06,香煎鮭魚佐檸檬,主食,Seafood,460.0,193.2
V000897,2026-04-14,S03,伊比利火腿盤,副食,Cheese,380.0,247.0
V000897,2026-04-14,S01,紹興油泡蝦,副食,Seafood,280.0,196.0
V000897,2026-04-14,S04,三種起司拼盤,副食,Cheese,340.0,224.4
V000897,2026-04-14,S06,酥炸花枝圈,副食,Fried,220.0,154.0
V000897,2026-04-14,D01,提拉米蘇,甜點,Dessert,180.0,117.0
V000897,2026-04-14,W12,季節水果特調,酒水,Universal,340.0,261.8
V000897,2026-04-14,W11,威士忌 Highball,酒水,Cheese,300.0,222.0
V000897,2026-04-14,W09,精釀 IPA,酒水,Fried,260.0,150.8
V000897,2026-04-14,W06,Negroni,酒水,Cheese,350.0,266.0
V000897,2026-04-14,W09,精釀 IPA,酒水,Fried,260.0,150.8
V000897,2026-04-14,W02,卡本內蘇維翁(杯),酒水,Red_Meat,320.0,192.0
V000898,2026-04-14,M04,松露野菌燉飯,主食,Cheese,420.0,189.0
V000898,2026-04-14,S05,松露薯條,副食,Fried,180.0,129.6
V000898,2026-04-14,S01,紹興油泡蝦,副食,Seafood,280.0,196.0
V000899,2026-04-14,M06,香煎鮭魚佐檸檬,主食,Seafood,460.0,193.2
V000899,2026-04-14,M04,松露野菌燉飯,主食,Cheese,420.0,189.0
V000899,2026-04-14,S07,炙燒櫛瓜佐油醋,副食,Universal,160.0,108.8
V000899,2026-04-14,S04,三種起司拼盤,副食,Cheese,340.0,224.4
V000899,2026-04-14,S05,松露薯條,副食,Fried,180.0,129.6
V000899,2026-04-14,W04,白蘇維翁(杯),酒水,Seafood,280.0,170.8
V000899,2026-04-14,W12,季節水果特調,酒水,Universal,340.0,261.8
V000900,2026-04-14,M03,炭烤戰斧牛排,主食,Red_Meat,880.0,308.0
V000900,2026-04-14,M04,松露野菌燉飯,主食,Cheese,420.0,189.0
V000900,2026-04-14,S02,西班牙蒜辣蝦,副食,Seafood,260.0,176.8
V000900,2026-04-14,S03,伊比利火腿盤,副食,Cheese,380.0,247.0
V000900,2026-04-14,W05,氣泡酒(杯),酒水,Fried,300.0,189.0
V000900,2026-04-14,W06,Negroni,酒水,Cheese,350.0,266.0
V000900,2026-04-14,W06,Negroni,酒水,Cheese,350.0,266.0
V000901,2026-04-14,M03,炭烤戰斧牛排,主食,Red_Meat,880.0,308.0
V000901,2026-04-14,M04,松露野菌燉飯,主食,Cheese,420.0,189.0
V000901,2026-04-14,S07,炙燒櫛瓜佐油醋,副食,Universal,160.0,108.8
V000901,2026-04-14,D02,焦糖烤布蕾,甜點,Dessert,160.0,107.2
V000901,2026-04-14,W01,馬爾貝克紅酒(杯),酒水,Red_Meat,280.0,173.6
V000902,2026-04-15,M02,爐烤伊比利豬肩,主食,Red_Meat,520.0,197.6
V000902,2026-04-15,S07,炙燒櫛瓜佐油醋,副食,Universal,160.0,108.8
V000902,2026-04-15,S03,伊比利火腿盤,副食,Cheese,380.0,247.0
V000902,2026-04-15,D01,提拉米蘇,甜點,Dessert,180.0,117.0
V000903,2026-04-15,M05,白酒蛤蜊義大利麵,主食,Seafood,380.0,167.2
V000903,2026-04-15,S04,三種起司拼盤,副食,Cheese,340.0,224.4
V000903,2026-04-15,S07,炙燒櫛瓜佐油醋,副食,Universal,160.0,108.8
V000903,2026-04-15,S03,伊比利火腿盤,副食,Cheese,380.0,247.0
V000903,2026-04-15,W07,Old Fashioned,酒水,Red_Meat,380.0,285.0
V000903,2026-04-15,W05,氣泡酒(杯),酒水,Fried,300.0,189.0
V000904,2026-04-15,M05,白酒蛤蜊義大利麵,主食,Seafood,380.0,167.2
V000904,2026-04-15,M04,松露野菌燉飯,主食,Cheese,420.0,189.0
V000904,2026-04-15,S07,炙燒櫛瓜佐油醋,副食,Universal,160.0,108.8
V000904,2026-04-15,S07,炙燒櫛瓜佐油醋,副食,Universal,160.0,108.8
V000904,2026-04-15,D02,焦糖烤布蕾,甜點,Dessert,160.0,107.2
V000904,2026-04-15,W11,威士忌 Highball,酒水,Cheese,300.0,222.0
V000904,2026-04-15,W08,Gin & Tonic,酒水,Universal,300.0,234.0
V000904,2026-04-15,W13,無酒精莫吉托,酒水,Universal,180.0,144.0
V000904,2026-04-15,W02,卡本內蘇維翁(杯),酒水,Red_Meat,320.0,192.0
V000904,2026-04-15,W02,卡本內蘇維翁(杯),酒水,Red_Meat,320.0,192.0
V000904,2026-04-15,W11,威士忌 Highball,酒水,Cheese,300.0,222.0
V000904,2026-04-15,W05,氣泡酒(杯),酒水,Fried,300.0,189.0
V000905,2026-04-15,M05,白酒蛤蜊義大利麵,主食,Seafood,380.0,167.2
V000905,2026-04-15,S03,伊比利火腿盤,副食,Cheese,380.0,247.0
V000905,2026-04-15,S07,炙燒櫛瓜佐油醋,副食,Universal,160.0,108.8
V000905,2026-04-15,W04,白蘇維翁(杯),酒水,Seafood,280.0,170.8
V000905,2026-04-15,W11,威士忌 Highball,酒水,Cheese,300.0,222.0
V000905,2026-04-15,W09,精釀 IPA,酒水,Fried,260.0,150.8
V000905,2026-04-15,W13,無酒精莫吉托,酒水,Universal,180.0,144.0
V000905,2026-04-15,W05,氣泡酒(杯),酒水,Fried,300.0,189.0
V000905,2026-04-15,W09,精釀 IPA,酒水,Fried,260.0,150.8
V000905,2026-04-15,W01,馬爾貝克紅酒(杯),酒水,Red_Meat,280.0,173.6
V000905,2026-04-15,W01,馬爾貝克紅酒(杯),酒水,Red_Meat,280.0,173.6
V000905,2026-04-15,W09,精釀 IPA,酒水,Fried,260.0,150.8
V000905,2026-04-15,W11,威士忌 Highball,酒水,Cheese,300.0,222.0
V000906,2026-04-15,M06,香煎鮭魚佐檸檬,主食,Seafood,460.0,193.2
V000906,2026-04-15,M01,舒肥紅酒燉牛肉,主食,Red_Meat,480.0,192.0
V000906,2026-04-15,M04,松露野菌燉飯,主食,Cheese,420.0,189.0
V000906,2026-04-15,M02,爐烤伊比利豬肩,主食,Red_Meat,520.0,197.6
V000906,2026-04-15,M02,爐烤伊比利豬肩,主食,Red_Meat,520.0,197.6
V000906,2026-04-15,S04,三種起司拼盤,副食,Cheese,340.0,224.4
V000906,2026-04-15,S05,松露薯條,副食,Fried,180.0,129.6
V000906,2026-04-15,S01,紹興油泡蝦,副食,Seafood,280.0,196.0
V000906,2026-04-15,D01,提拉米蘇,甜點,Dessert,180.0,117.0
V000906,2026-04-15,W11,威士忌 Highball,酒水,Cheese,300.0,222.0
V000906,2026-04-15,W08,Gin & Tonic,酒水,Universal,300.0,234.0
V000906,2026-04-15,W11,威士忌 Highball,酒水,Cheese,300.0,222.0
V000906,2026-04-15,W07,Old Fashioned,酒水,Red_Meat,380.0,285.0
V000906,2026-04-15,W02,卡本內蘇維翁(杯),酒水,Red_Meat,320.0,192.0
V000906,2026-04-15,W11,威士忌 Highball,酒水,Cheese,300.0,222.0
V000906,2026-04-15,W04,白蘇維翁(杯),酒水,Seafood,280.0,170.8
V000906,2026-04-15,W06,Negroni,酒水,Cheese,350.0,266.0
V000907,2026-04-15,D02,焦糖烤布蕾,甜點,Dessert,160.0,107.2
V000907,2026-04-15,W04,白蘇維翁(杯),酒水,Seafood,280.0,170.8
V000908,2026-04-15,M04,松露野菌燉飯,主食,Cheese,420.0,189.0
V000908,2026-04-15,M01,舒肥紅酒燉牛肉,主食,Red_Meat,480.0,192.0
V000908,2026-04-15,S03,伊比利火腿盤,副食,Cheese,380.0,247.0
V000908,2026-04-15,S06,酥炸花枝圈,副食,Fried,220.0,154.0
V000908,2026-04-15,S06,酥炸花枝圈,副食,Fried,220.0,154.0
V000908,2026-04-15,S02,西班牙蒜辣蝦,副食,Seafood,260.0,176.8
V000908,2026-04-15,D02,焦糖烤布蕾,甜點,Dessert,160.0,107.2
V000909,2026-04-15,M05,白酒蛤蜊義大利麵,主食,Seafood,380.0,167.2
V000909,2026-04-15,S06,酥炸花枝圈,副食,Fried,220.0,154.0
V000909,2026-04-15,S04,三種起司拼盤,副食,Cheese,340.0,224.4
V000909,2026-04-15,D02,焦糖烤布蕾,甜點,Dessert,160.0,107.2
V000909,2026-04-15,W03,夏多內白酒(杯),酒水,Seafood,260.0,161.2
V000910,2026-04-15,M04,松露野菌燉飯,主食,Cheese,420.0,189.0
V000910,2026-04-15,S06,酥炸花枝圈,副食,Fried,220.0,154.0
V000910,2026-04-15,S05,松露薯條,副食,Fried,180.0,129.6
V000910,2026-04-15,W10,小麥白啤酒,酒水,Fried,240.0,136.8
V000910,2026-04-15,W10,小麥白啤酒,酒水,Fried,240.0,136.8
V000910,2026-04-15,W05,氣泡酒(杯),酒水,Fried,300.0,189.0
V000910,2026-04-15,W09,精釀 IPA,酒水,Fried,260.0,150.8
V000910,2026-04-15,W12,季節水果特調,酒水,Universal,340.0,261.8
V000911,2026-04-15,M02,爐烤伊比利豬肩,主食,Red_Meat,520.0,197.6
V000911,2026-04-15,S03,伊比利火腿盤,副食,Cheese,380.0,247.0
V000911,2026-04-15,S01,紹興油泡蝦,副食,Seafood,280.0,196.0
V000911,2026-04-15,W01,馬爾貝克紅酒(杯),酒水,Red_Meat,280.0,173.6
V000912,2026-04-16,M02,爐烤伊比利豬肩,主食,Red_Meat,520.0,197.6
V000912,2026-04-16,S04,三種起司拼盤,副食,Cheese,340.0,224.4
V000912,2026-04-16,S04,三種起司拼盤,副食,Cheese,340.0,224.4
V000912,2026-04-16,S06,酥炸花枝圈,副食,Fried,220.0,154.0
V000912,2026-04-16,S02,西班牙蒜辣蝦,副食,Seafood,260.0,176.8
V000912,2026-04-16,S01,紹興油泡蝦,副食,Seafood,280.0,196.0
V000912,2026-04-16,S04,三種起司拼盤,副食,Cheese,340.0,224.4
V000912,2026-04-16,S06,酥炸花枝圈,副食,Fried,220.0,154.0
V000912,2026-04-16,W03,夏多內白酒(杯),酒水,Seafood,260.0,161.2
V000912,2026-04-16,W01,馬爾貝克紅酒(杯),酒水,Red_Meat,280.0,173.6
V000912,2026-04-16,W07,Old Fashioned,酒水,Red_Meat,380.0,285.0
V000912,2026-04-16,W10,小麥白啤酒,酒水,Fried,240.0,136.8
V000913,2026-04-16,M01,舒肥紅酒燉牛肉,主食,Red_Meat,480.0,192.0
V000913,2026-04-16,M03,炭烤戰斧牛排,主食,Red_Meat,880.0,308.0
V000913,2026-04-16,S04,三種起司拼盤,副食,Cheese,340.0,224.4
V000913,2026-04-16,S06,酥炸花枝圈,副食,Fried,220.0,154.0
V000913,2026-04-16,S04,三種起司拼盤,副食,Cheese,340.0,224.4
V000913,2026-04-16,S01,紹興油泡蝦,副食,Seafood,280.0,196.0
V000913,2026-04-16,S03,伊比利火腿盤,副食,Cheese,380.0,247.0
V000913,2026-04-16,S07,炙燒櫛瓜佐油醋,副食,Universal,160.0,108.8
V000913,2026-04-16,W07,Old Fashioned,酒水,Red_Meat,380.0,285.0
V000913,2026-04-16,W01,馬爾貝克紅酒(杯),酒水,Red_Meat,280.0,173.6
V000913,2026-04-16,W01,馬爾貝克紅酒(杯),酒水,Red_Meat,280.0,173.6
V000913,2026-04-16,W06,Negroni,酒水,Cheese,350.0,266.0
V000913,2026-04-16,W06,Negroni,酒水,Cheese,350.0,266.0
V000913,2026-04-16,W09,精釀 IPA,酒水,Fried,260.0,150.8
V000913,2026-04-16,W02,卡本內蘇維翁(杯),酒水,Red_Meat,320.0,192.0
V000913,2026-04-16,W03,夏多內白酒(杯),酒水,Seafood,260.0,161.2
V000913,2026-04-16,W12,季節水果特調,酒水,Universal,340.0,261.8
V000914,2026-04-16,M06,香煎鮭魚佐檸檬,主食,Seafood,460.0,193.2
V000914,2026-04-16,S01,紹興油泡蝦,副食,Seafood,280.0,196.0
V000914,2026-04-16,S04,三種起司拼盤,副食,Cheese,340.0,224.4
V000914,2026-04-16,S01,紹興油泡蝦,副食,Seafood,280.0,196.0
V000914,2026-04-16,D02,焦糖烤布蕾,甜點,Dessert,160.0,107.2
V000914,2026-04-16,W11,威士忌 Highball,酒水,Cheese,300.0,222.0
V000914,2026-04-16,W07,Old Fashioned,酒水,Red_Meat,380.0,285.0
V000914,2026-04-16,W09,精釀 IPA,酒水,Fried,260.0,150.8
V000914,2026-04-16,W06,Negroni,酒水,Cheese,350.0,266.0
V000914,2026-04-16,W12,季節水果特調,酒水,Universal,340.0,261.8
V000914,2026-04-16,W02,卡本內蘇維翁(杯),酒水,Red_Meat,320.0,192.0
V000915,2026-04-16,M06,香煎鮭魚佐檸檬,主食,Seafood,460.0,193.2
V000915,2026-04-16,M06,香煎鮭魚佐檸檬,主食,Seafood,460.0,193.2
V000915,2026-04-16,M01,舒肥紅酒燉牛肉,主食,Red_Meat,480.0,192.0
V000915,2026-04-16,M06,香煎鮭魚佐檸檬,主食,Seafood,460.0,193.2
V000915,2026-04-16,S03,伊比利火腿盤,副食,Cheese,380.0,247.0
V000915,2026-04-16,S07,炙燒櫛瓜佐油醋,副食,Universal,160.0,108.8
V000915,2026-04-16,S04,三種起司拼盤,副食,Cheese,340.0,224.4
V000915,2026-04-16,D01,提拉米蘇,甜點,Dessert,180.0,117.0
V000915,2026-04-16,W08,Gin & Tonic,酒水,Universal,300.0,234.0
V000915,2026-04-16,W02,卡本內蘇維翁(杯),酒水,Red_Meat,320.0,192.0
V000915,2026-04-16,W02,卡本內蘇維翁(杯),酒水,Red_Meat,320.0,192.0
V000915,2026-04-16,W06,Negroni,酒水,Cheese,350.0,266.0
V000915,2026-04-16,W03,夏多內白酒(杯),酒水,Seafood,260.0,161.2
V000915,2026-04-16,W01,馬爾貝克紅酒(杯),酒水,Red_Meat,280.0,173.6
V000915,2026-04-16,W03,夏多內白酒(杯),酒水,Seafood,260.0,161.2
V000915,2026-04-16,W04,白蘇維翁(杯),酒水,Seafood,280.0,170.8
V000916,2026-04-16,M04,松露野菌燉飯,主食,Cheese,420.0,189.0
V000916,2026-04-16,M05,白酒蛤蜊義大利麵,主食,Seafood,380.0,167.2
V000916,2026-04-16,M02,爐烤伊比利豬肩,主食,Red_Meat,520.0,197.6
V000916,2026-04-16,M04,松露野菌燉飯,主食,Cheese,420.0,189.0
V000916,2026-04-16,S01,紹興油泡蝦,副食,Seafood,280.0,196.0
V000916,2026-04-16,S02,西班牙蒜辣蝦,副食,Seafood,260.0,176.8
V000916,2026-04-16,S06,酥炸花枝圈,副食,Fried,220.0,154.0
V000916,2026-04-16,W03,夏多內白酒(杯),酒水,Seafood,260.0,161.2
V000916,2026-04-16,W08,Gin & Tonic,酒水,Universal,300.0,234.0
V000916,2026-04-16,W11,威士忌 Highball,酒水,Cheese,300.0,222.0
V000916,2026-04-16,W11,威士忌 Highball,酒水,Cheese,300.0,222.0
V000916,2026-04-16,W13,無酒精莫吉托,酒水,Universal,180.0,144.0
V000916,2026-04-16,W01,馬爾貝克紅酒(杯),酒水,Red_Meat,280.0,173.6
V000916,2026-04-16,W11,威士忌 Highball,酒水,Cheese,300.0,222.0
V000916,2026-04-16,W04,白蘇維翁(杯),酒水,Seafood,280.0,170.8
V000917,2026-04-16,M01,舒肥紅酒燉牛肉,主食,Red_Meat,480.0,192.0
V000917,2026-04-16,M02,爐烤伊比利豬肩,主食,Red_Meat,520.0,197.6
V000917,2026-04-16,S07,炙燒櫛瓜佐油醋,副食,Universal,160.0,108.8
V000917,2026-04-16,S03,伊比利火腿盤,副食,Cheese,380.0,247.0
V000917,2026-04-16,W07,Old Fashioned,酒水,Red_Meat,380.0,285.0
V000917,2026-04-16,W11,威士忌 Highball,酒水,Cheese,300.0,222.0
V000917,2026-04-16,W02,卡本內蘇維翁(杯),酒水,Red_Meat,320.0,192.0
V000917,2026-04-16,W07,Old Fashioned,酒水,Red_Meat,380.0,285.0
V000918,2026-04-16,M05,白酒蛤蜊義大利麵,主食,Seafood,380.0,167.2
V000918,2026-04-16,M01,舒肥紅酒燉牛肉,主食,Red_Meat,480.0,192.0
V000918,2026-04-16,M02,爐烤伊比利豬肩,主食,Red_Meat,520.0,197.6
V000918,2026-04-16,S01,紹興油泡蝦,副食,Seafood,280.0,196.0
V000918,2026-04-16,S01,紹興油泡蝦,副食,Seafood,280.0,196.0
V000918,2026-04-16,S03,伊比利火腿盤,副食,Cheese,380.0,247.0
V000918,2026-04-16,S05,松露薯條,副食,Fried,180.0,129.6
V000918,2026-04-16,S07,炙燒櫛瓜佐油醋,副食,Universal,160.0,108.8
V000918,2026-04-16,S01,紹興油泡蝦,副食,Seafood,280.0,196.0
V000918,2026-04-16,W04,白蘇維翁(杯),酒水,Seafood,280.0,170.8
V000918,2026-04-16,W04,白蘇維翁(杯),酒水,Seafood,280.0,170.8
V000918,2026-04-16,W12,季節水果特調,酒水,Universal,340.0,261.8
V000918,2026-04-16,W03,夏多內白酒(杯),酒水,Seafood,260.0,161.2
V000918,2026-04-16,W03,夏多內白酒(杯),酒水,Seafood,260.0,161.2
V000918,2026-04-16,W01,馬爾貝克紅酒(杯),酒水,Red_Meat,280.0,173.6
V000918,2026-04-16,W02,卡本內蘇維翁(杯),酒水,Red_Meat,320.0,192.0
V000919,2026-04-16,M06,香煎鮭魚佐檸檬,主食,Seafood,460.0,193.2
V000919,2026-04-16,M06,香煎鮭魚佐檸檬,主食,Seafood,460.0,193.2
V000919,2026-04-16,S01,紹興油泡蝦,副食,Seafood,280.0,196.0
V000919,2026-04-16,S01,紹興油泡蝦,副食,Seafood,280.0,196.0
V000919,2026-04-16,S02,西班牙蒜辣蝦,副食,Seafood,260.0,176.8
V000919,2026-04-16,S06,酥炸花枝圈,副食,Fried,220.0,154.0
V000919,2026-04-16,S03,伊比利火腿盤,副食,Cheese,380.0,247.0
V000919,2026-04-16,S05,松露薯條,副食,Fried,180.0,129.6
V000919,2026-04-16,S01,紹興油泡蝦,副食,Seafood,280.0,196.0
V000919,2026-04-16,W03,夏多內白酒(杯),酒水,Seafood,260.0,161.2
V000919,2026-04-16,W03,夏多內白酒(杯),酒水,Seafood,260.0,161.2
V000919,2026-04-16,W04,白蘇維翁(杯),酒水,Seafood,280.0,170.8
V000920,2026-04-16,M06,香煎鮭魚佐檸檬,主食,Seafood,460.0,193.2
V000920,2026-04-16,S06,酥炸花枝圈,副食,Fried,220.0,154.0
V000920,2026-04-16,S04,三種起司拼盤,副食,Cheese,340.0,224.4
V000920,2026-04-16,S02,西班牙蒜辣蝦,副食,Seafood,260.0,176.8
V000920,2026-04-16,D01,提拉米蘇,甜點,Dessert,180.0,117.0
V000920,2026-04-16,W12,季節水果特調,酒水,Universal,340.0,261.8
V000920,2026-04-16,W07,Old Fashioned,酒水,Red_Meat,380.0,285.0
V000920,2026-04-16,W04,白蘇維翁(杯),酒水,Seafood,280.0,170.8
V000920,2026-04-16,W03,夏多內白酒(杯),酒水,Seafood,260.0,161.2
V000921,2026-04-16,M02,爐烤伊比利豬肩,主食,Red_Meat,520.0,197.6
V000921,2026-04-16,S07,炙燒櫛瓜佐油醋,副食,Universal,160.0,108.8
V000921,2026-04-16,W02,卡本內蘇維翁(杯),酒水,Red_Meat,320.0,192.0
V000921,2026-04-16,W12,季節水果特調,酒水,Universal,340.0,261.8
V000921,2026-04-16,W07,Old Fashioned,酒水,Red_Meat,380.0,285.0
V000922,2026-04-16,M01,舒肥紅酒燉牛肉,主食,Red_Meat,480.0,192.0
V000922,2026-04-16,S01,紹興油泡蝦,副食,Seafood,280.0,196.0
V000922,2026-04-16,S02,西班牙蒜辣蝦,副食,Seafood,260.0,176.8
V000922,2026-04-16,S02,西班牙蒜辣蝦,副食,Seafood,260.0,176.8
V000922,2026-04-16,S02,西班牙蒜辣蝦,副食,Seafood,260.0,176.8
V000922,2026-04-16,S03,伊比利火腿盤,副食,Cheese,380.0,247.0
V000922,2026-04-16,W08,Gin & Tonic,酒水,Universal,300.0,234.0
V000922,2026-04-16,W11,威士忌 Highball,酒水,Cheese,300.0,222.0
V000922,2026-04-16,W04,白蘇維翁(杯),酒水,Seafood,280.0,170.8
V000922,2026-04-16,W09,精釀 IPA,酒水,Fried,260.0,150.8
V000923,2026-04-16,M03,炭烤戰斧牛排,主食,Red_Meat,880.0,308.0
V000923,2026-04-16,S07,炙燒櫛瓜佐油醋,副食,Universal,160.0,108.8
V000923,2026-04-16,S04,三種起司拼盤,副食,Cheese,340.0,224.4
V000923,2026-04-16,S03,伊比利火腿盤,副食,Cheese,380.0,247.0
V000923,2026-04-16,W02,卡本內蘇維翁(杯),酒水,Red_Meat,320.0,192.0
V000923,2026-04-16,W07,Old Fashioned,酒水,Red_Meat,380.0,285.0
V000924,2026-04-16,M04,松露野菌燉飯,主食,Cheese,420.0,189.0
V000924,2026-04-16,S07,炙燒櫛瓜佐油醋,副食,Universal,160.0,108.8
V000924,2026-04-16,S03,伊比利火腿盤,副食,Cheese,380.0,247.0
V000924,2026-04-16,D02,焦糖烤布蕾,甜點,Dessert,160.0,107.2
V000924,2026-04-16,W06,Negroni,酒水,Cheese,350.0,266.0
V000924,2026-04-16,W13,無酒精莫吉托,酒水,Universal,180.0,144.0
V000925,2026-04-16,M04,松露野菌燉飯,主食,Cheese,420.0,189.0
V000925,2026-04-16,D02,焦糖烤布蕾,甜點,Dessert,160.0,107.2
V000925,2026-04-16,W06,Negroni,酒水,Cheese,350.0,266.0
V000925,2026-04-16,W12,季節水果特調,酒水,Universal,340.0,261.8
V000925,2026-04-16,W13,無酒精莫吉托,酒水,Universal,180.0,144.0
V000926,2026-04-16,M04,松露野菌燉飯,主食,Cheese,420.0,189.0
V000926,2026-04-16,D02,焦糖烤布蕾,甜點,Dessert,160.0,107.2
V000926,2026-04-16,W06,Negroni,酒水,Cheese,350.0,266.0
V000926,2026-04-16,W08,Gin & Tonic,酒水,Universal,300.0,234.0
V000926,2026-04-16,W12,季節水果特調,酒水,Universal,340.0,261.8
V000926,2026-04-16,W01,馬爾貝克紅酒(杯),酒水,Red_Meat,280.0,173.6
V000926,2026-04-16,W12,季節水果特調,酒水,Universal,340.0,261.8
V000927,2026-04-16,M05,白酒蛤蜊義大利麵,主食,Seafood,380.0,167.2
V000927,2026-04-16,M05,白酒蛤蜊義大利麵,主食,Seafood,380.0,167.2
V000927,2026-04-16,S05,松露薯條,副食,Fried,180.0,129.6
V000927,2026-04-16,S01,紹興油泡蝦,副食,Seafood,280.0,196.0
V000927,2026-04-16,S05,松露薯條,副食,Fried,180.0,129.6
V000927,2026-04-16,W05,氣泡酒(杯),酒水,Fried,300.0,189.0
V000928,2026-04-17,M02,爐烤伊比利豬肩,主食,Red_Meat,520.0,197.6
V000928,2026-04-17,M01,舒肥紅酒燉牛肉,主食,Red_Meat,480.0,192.0
V000928,2026-04-17,M05,白酒蛤蜊義大利麵,主食,Seafood,380.0,167.2
V000928,2026-04-17,M03,炭烤戰斧牛排,主食,Red_Meat,880.0,308.0
V000928,2026-04-17,S04,三種起司拼盤,副食,Cheese,340.0,224.4
V000928,2026-04-17,S04,三種起司拼盤,副食,Cheese,340.0,224.4
V000928,2026-04-17,D02,焦糖烤布蕾,甜點,Dessert,160.0,107.2
V000928,2026-04-17,W05,氣泡酒(杯),酒水,Fried,300.0,189.0
V000928,2026-04-17,W01,馬爾貝克紅酒(杯),酒水,Red_Meat,280.0,173.6
V000928,2026-04-17,W02,卡本內蘇維翁(杯),酒水,Red_Meat,320.0,192.0
V000928,2026-04-17,W12,季節水果特調,酒水,Universal,340.0,261.8
V000928,2026-04-17,W02,卡本內蘇維翁(杯),酒水,Red_Meat,320.0,192.0
V000928,2026-04-17,W01,馬爾貝克紅酒(杯),酒水,Red_Meat,280.0,173.6
V000929,2026-04-17,M05,白酒蛤蜊義大利麵,主食,Seafood,380.0,167.2
V000929,2026-04-17,S07,炙燒櫛瓜佐油醋,副食,Universal,160.0,108.8
V000929,2026-04-17,W12,季節水果特調,酒水,Universal,340.0,261.8
V000929,2026-04-17,W07,Old Fashioned,酒水,Red_Meat,380.0,285.0
V000929,2026-04-17,W06,Negroni,酒水,Cheese,350.0,266.0
V000930,2026-04-17,M02,爐烤伊比利豬肩,主食,Red_Meat,520.0,197.6
V000930,2026-04-17,M04,松露野菌燉飯,主食,Cheese,420.0,189.0
V000930,2026-04-17,M01,舒肥紅酒燉牛肉,主食,Red_Meat,480.0,192.0
V000930,2026-04-17,S04,三種起司拼盤,副食,Cheese,340.0,224.4
V000930,2026-04-17,S05,松露薯條,副食,Fried,180.0,129.6
V000930,2026-04-17,S05,松露薯條,副食,Fried,180.0,129.6
V000930,2026-04-17,W05,氣泡酒(杯),酒水,Fried,300.0,189.0
V000930,2026-04-17,W02,卡本內蘇維翁(杯),酒水,Red_Meat,320.0,192.0
V000930,2026-04-17,W06,Negroni,酒水,Cheese,350.0,266.0
V000930,2026-04-17,W10,小麥白啤酒,酒水,Fried,240.0,136.8
V000931,2026-04-17,M05,白酒蛤蜊義大利麵,主食,Seafood,380.0,167.2
V000931,2026-04-17,S07,炙燒櫛瓜佐油醋,副食,Universal,160.0,108.8
V000931,2026-04-17,S06,酥炸花枝圈,副食,Fried,220.0,154.0
V000931,2026-04-17,W09,精釀 IPA,酒水,Fried,260.0,150.8
V000931,2026-04-17,W04,白蘇維翁(杯),酒水,Seafood,280.0,170.8
V000931,2026-04-17,W07,Old Fashioned,酒水,Red_Meat,380.0,285.0
V000931,2026-04-17,W05,氣泡酒(杯),酒水,Fried,300.0,189.0
V000931,2026-04-17,W10,小麥白啤酒,酒水,Fried,240.0,136.8
V000931,2026-04-17,W06,Negroni,酒水,Cheese,350.0,266.0
V000931,2026-04-17,W12,季節水果特調,酒水,Universal,340.0,261.8
V000932,2026-04-17,M06,香煎鮭魚佐檸檬,主食,Seafood,460.0,193.2
V000932,2026-04-17,S07,炙燒櫛瓜佐油醋,副食,Universal,160.0,108.8
V000932,2026-04-17,S02,西班牙蒜辣蝦,副食,Seafood,260.0,176.8
V000932,2026-04-17,W06,Negroni,酒水,Cheese,350.0,266.0
V000932,2026-04-17,W01,馬爾貝克紅酒(杯),酒水,Red_Meat,280.0,173.6
V000932,2026-04-17,W05,氣泡酒(杯),酒水,Fried,300.0,189.0
V000932,2026-04-17,W09,精釀 IPA,酒水,Fried,260.0,150.8
V000932,2026-04-17,W12,季節水果特調,酒水,Universal,340.0,261.8
V000933,2026-04-17,M02,爐烤伊比利豬肩,主食,Red_Meat,520.0,197.6
V000933,2026-04-17,M03,炭烤戰斧牛排,主食,Red_Meat,880.0,308.0
V000933,2026-04-17,S02,西班牙蒜辣蝦,副食,Seafood,260.0,176.8
V000933,2026-04-17,S03,伊比利火腿盤,副食,Cheese,380.0,247.0
V000933,2026-04-17,D02,焦糖烤布蕾,甜點,Dessert,160.0,107.2
V000933,2026-04-17,W08,Gin & Tonic,酒水,Universal,300.0,234.0
V000933,2026-04-17,W10,小麥白啤酒,酒水,Fried,240.0,136.8
V000933,2026-04-17,W11,威士忌 Highball,酒水,Cheese,300.0,222.0
V000934,2026-04-17,M01,舒肥紅酒燉牛肉,主食,Red_Meat,480.0,192.0
V000934,2026-04-17,S04,三種起司拼盤,副食,Cheese,340.0,224.4
V000934,2026-04-17,S07,炙燒櫛瓜佐油醋,副食,Universal,160.0,108.8
V000934,2026-04-17,S04,三種起司拼盤,副食,Cheese,340.0,224.4
V000934,2026-04-17,W11,威士忌 Highball,酒水,Cheese,300.0,222.0
V000934,2026-04-17,W01,馬爾貝克紅酒(杯),酒水,Red_Meat,280.0,173.6
V000934,2026-04-17,W07,Old Fashioned,酒水,Red_Meat,380.0,285.0
V000935,2026-04-17,S07,炙燒櫛瓜佐油醋,副食,Universal,160.0,108.8
V000935,2026-04-17,S03,伊比利火腿盤,副食,Cheese,380.0,247.0
V000935,2026-04-17,S05,松露薯條,副食,Fried,180.0,129.6
V000935,2026-04-17,W08,Gin & Tonic,酒水,Universal,300.0,234.0
V000935,2026-04-17,W05,氣泡酒(杯),酒水,Fried,300.0,189.0
V000935,2026-04-17,W06,Negroni,酒水,Cheese,350.0,266.0
V000935,2026-04-17,W12,季節水果特調,酒水,Universal,340.0,261.8
V000936,2026-04-17,M01,舒肥紅酒燉牛肉,主食,Red_Meat,480.0,192.0
V000936,2026-04-17,W02,卡本內蘇維翁(杯),酒水,Red_Meat,320.0,192.0
V000937,2026-04-17,M01,舒肥紅酒燉牛肉,主食,Red_Meat,480.0,192.0
V000937,2026-04-17,S01,紹興油泡蝦,副食,Seafood,280.0,196.0
V000937,2026-04-17,D02,焦糖烤布蕾,甜點,Dessert,160.0,107.2
V000937,2026-04-17,W10,小麥白啤酒,酒水,Fried,240.0,136.8
V000937,2026-04-17,W09,精釀 IPA,酒水,Fried,260.0,150.8
V000937,2026-04-17,W05,氣泡酒(杯),酒水,Fried,300.0,189.0
V000937,2026-04-17,W01,馬爾貝克紅酒(杯),酒水,Red_Meat,280.0,173.6
V000938,2026-04-17,M06,香煎鮭魚佐檸檬,主食,Seafood,460.0,193.2
V000938,2026-04-17,M04,松露野菌燉飯,主食,Cheese,420.0,189.0
V000938,2026-04-17,S05,松露薯條,副食,Fried,180.0,129.6
V000938,2026-04-17,S05,松露薯條,副食,Fried,180.0,129.6
V000938,2026-04-17,S04,三種起司拼盤,副食,Cheese,340.0,224.4
V000938,2026-04-17,D02,焦糖烤布蕾,甜點,Dessert,160.0,107.2
V000938,2026-04-17,W02,卡本內蘇維翁(杯),酒水,Red_Meat,320.0,192.0
V000938,2026-04-17,W13,無酒精莫吉托,酒水,Universal,180.0,144.0
V000938,2026-04-17,W01,馬爾貝克紅酒(杯),酒水,Red_Meat,280.0,173.6
V000938,2026-04-17,W04,白蘇維翁(杯),酒水,Seafood,280.0,170.8
V000938,2026-04-17,W06,Negroni,酒水,Cheese,350.0,266.0
V000938,2026-04-17,W04,白蘇維翁(杯),酒水,Seafood,280.0,170.8
V000938,2026-04-17,W10,小麥白啤酒,酒水,Fried,240.0,136.8
V000938,2026-04-17,W12,季節水果特調,酒水,Universal,340.0,261.8
V000938,2026-04-17,W06,Negroni,酒水,Cheese,350.0,266.0
V000939,2026-04-17,S06,酥炸花枝圈,副食,Fried,220.0,154.0
V000939,2026-04-17,W12,季節水果特調,酒水,Universal,340.0,261.8
V000940,2026-04-17,M06,香煎鮭魚佐檸檬,主食,Seafood,460.0,193.2
V000940,2026-04-17,S05,松露薯條,副食,Fried,180.0,129.6
V000940,2026-04-17,W03,夏多內白酒(杯),酒水,Seafood,260.0,161.2
V000940,2026-04-17,W03,夏多內白酒(杯),酒水,Seafood,260.0,161.2
V000940,2026-04-17,W04,白蘇維翁(杯),酒水,Seafood,280.0,170.8
V000940,2026-04-17,W07,Old Fashioned,酒水,Red_Meat,380.0,285.0
V000940,2026-04-17,W05,氣泡酒(杯),酒水,Fried,300.0,189.0
V000940,2026-04-17,W10,小麥白啤酒,酒水,Fried,240.0,136.8
V000940,2026-04-17,W04,白蘇維翁(杯),酒水,Seafood,280.0,170.8
V000941,2026-04-17,M05,白酒蛤蜊義大利麵,主食,Seafood,380.0,167.2
V000941,2026-04-17,M04,松露野菌燉飯,主食,Cheese,420.0,189.0
V000941,2026-04-17,S07,炙燒櫛瓜佐油醋,副食,Universal,160.0,108.8
V000941,2026-04-17,W04,白蘇維翁(杯),酒水,Seafood,280.0,170.8
V000941,2026-04-17,W08,Gin & Tonic,酒水,Universal,300.0,234.0
V000941,2026-04-17,W12,季節水果特調,酒水,Universal,340.0,261.8
V000942,2026-04-17,M06,香煎鮭魚佐檸檬,主食,Seafood,460.0,193.2
V000942,2026-04-17,S07,炙燒櫛瓜佐油醋,副食,Universal,160.0,108.8
V000942,2026-04-17,D01,提拉米蘇,甜點,Dessert,180.0,117.0
V000942,2026-04-17,W06,Negroni,酒水,Cheese,350.0,266.0
V000942,2026-04-17,W08,Gin & Tonic,酒水,Universal,300.0,234.0
V000943,2026-04-17,M03,炭烤戰斧牛排,主食,Red_Meat,880.0,308.0
V000943,2026-04-17,M01,舒肥紅酒燉牛肉,主食,Red_Meat,480.0,192.0
V000943,2026-04-17,M01,舒肥紅酒燉牛肉,主食,Red_Meat,480.0,192.0
V000943,2026-04-17,M06,香煎鮭魚佐檸檬,主食,Seafood,460.0,193.2
V000943,2026-04-17,S06,酥炸花枝圈,副食,Fried,220.0,154.0
V000943,2026-04-17,S03,伊比利火腿盤,副食,Cheese,380.0,247.0
V000943,2026-04-17,S07,炙燒櫛瓜佐油醋,副食,Universal,160.0,108.8
V000943,2026-04-17,S01,紹興油泡蝦,副食,Seafood,280.0,196.0
V000943,2026-04-17,S01,紹興油泡蝦,副食,Seafood,280.0,196.0
V000943,2026-04-17,D01,提拉米蘇,甜點,Dessert,180.0,117.0
V000943,2026-04-17,W04,白蘇維翁(杯),酒水,Seafood,280.0,170.8
V000943,2026-04-17,W06,Negroni,酒水,Cheese,350.0,266.0
V000943,2026-04-17,W06,Negroni,酒水,Cheese,350.0,266.0
V000943,2026-04-17,W11,威士忌 Highball,酒水,Cheese,300.0,222.0
V000943,2026-04-17,W06,Negroni,酒水,Cheese,350.0,266.0
V000943,2026-04-17,W08,Gin & Tonic,酒水,Universal,300.0,234.0
V000943,2026-04-17,W07,Old Fashioned,酒水,Red_Meat,380.0,285.0
V000943,2026-04-17,W11,威士忌 Highball,酒水,Cheese,300.0,222.0
V000943,2026-04-17,W03,夏多內白酒(杯),酒水,Seafood,260.0,161.2
V000944,2026-04-17,M04,松露野菌燉飯,主食,Cheese,420.0,189.0
V000944,2026-04-17,S06,酥炸花枝圈,副食,Fried,220.0,154.0
V000944,2026-04-17,W07,Old Fashioned,酒水,Red_Meat,380.0,285.0
V000944,2026-04-17,W12,季節水果特調,酒水,Universal,340.0,261.8
V000944,2026-04-17,W11,威士忌 Highball,酒水,Cheese,300.0,222.0
V000945,2026-04-17,M02,爐烤伊比利豬肩,主食,Red_Meat,520.0,197.6
V000945,2026-04-17,M03,炭烤戰斧牛排,主食,Red_Meat,880.0,308.0
V000945,2026-04-17,S02,西班牙蒜辣蝦,副食,Seafood,260.0,176.8
V000945,2026-04-17,W06,Negroni,酒水,Cheese,350.0,266.0
V000945,2026-04-17,W03,夏多內白酒(杯),酒水,Seafood,260.0,161.2
V000945,2026-04-17,W04,白蘇維翁(杯),酒水,Seafood,280.0,170.8
V000945,2026-04-17,W02,卡本內蘇維翁(杯),酒水,Red_Meat,320.0,192.0
V000945,2026-04-17,W08,Gin & Tonic,酒水,Universal,300.0,234.0
V000945,2026-04-17,W11,威士忌 Highball,酒水,Cheese,300.0,222.0
V000945,2026-04-17,W04,白蘇維翁(杯),酒水,Seafood,280.0,170.8
V000945,2026-04-17,W05,氣泡酒(杯),酒水,Fried,300.0,189.0
V000945,2026-04-17,W12,季節水果特調,酒水,Universal,340.0,261.8
V000946,2026-04-17,M05,白酒蛤蜊義大利麵,主食,Seafood,380.0,167.2
V000946,2026-04-17,S07,炙燒櫛瓜佐油醋,副食,Universal,160.0,108.8
V000946,2026-04-17,S01,紹興油泡蝦,副食,Seafood,280.0,196.0
V000946,2026-04-17,S06,酥炸花枝圈,副食,Fried,220.0,154.0
V000946,2026-04-17,W09,精釀 IPA,酒水,Fried,260.0,150.8
V000946,2026-04-17,W05,氣泡酒(杯),酒水,Fried,300.0,189.0
V000946,2026-04-17,W10,小麥白啤酒,酒水,Fried,240.0,136.8
V000946,2026-04-17,W03,夏多內白酒(杯),酒水,Seafood,260.0,161.2
V000947,2026-04-17,M06,香煎鮭魚佐檸檬,主食,Seafood,460.0,193.2
V000947,2026-04-17,S07,炙燒櫛瓜佐油醋,副食,Universal,160.0,108.8
V000947,2026-04-17,S03,伊比利火腿盤,副食,Cheese,380.0,247.0
V000947,2026-04-17,S05,松露薯條,副食,Fried,180.0,129.6
V000947,2026-04-17,S06,酥炸花枝圈,副食,Fried,220.0,154.0
V000947,2026-04-17,W06,Negroni,酒水,Cheese,350.0,266.0
V000947,2026-04-17,W05,氣泡酒(杯),酒水,Fried,300.0,189.0
V000947,2026-04-17,W07,Old Fashioned,酒水,Red_Meat,380.0,285.0
V000947,2026-04-17,W06,Negroni,酒水,Cheese,350.0,266.0
V000947,2026-04-17,W11,威士忌 Highball,酒水,Cheese,300.0,222.0
V000947,2026-04-17,W05,氣泡酒(杯),酒水,Fried,300.0,189.0
V000947,2026-04-17,W03,夏多內白酒(杯),酒水,Seafood,260.0,161.2
V000948,2026-04-17,M04,松露野菌燉飯,主食,Cheese,420.0,189.0
V000948,2026-04-17,S06,酥炸花枝圈,副食,Fried,220.0,154.0
V000948,2026-04-17,S05,松露薯條,副食,Fried,180.0,129.6
V000948,2026-04-17,S02,西班牙蒜辣蝦,副食,Seafood,260.0,176.8
V000948,2026-04-17,S06,酥炸花枝圈,副食,Fried,220.0,154.0
V000948,2026-04-17,D02,焦糖烤布蕾,甜點,Dessert,160.0,107.2
V000948,2026-04-17,W08,Gin & Tonic,酒水,Universal,300.0,234.0
V000948,2026-04-17,W13,無酒精莫吉托,酒水,Universal,180.0,144.0
V000949,2026-04-17,M01,舒肥紅酒燉牛肉,主食,Red_Meat,480.0,192.0
V000949,2026-04-17,M05,白酒蛤蜊義大利麵,主食,Seafood,380.0,167.2
V000949,2026-04-17,S02,西班牙蒜辣蝦,副食,Seafood,260.0,176.8
V000949,2026-04-17,W03,夏多內白酒(杯),酒水,Seafood,260.0,161.2
V000949,2026-04-17,W02,卡本內蘇維翁(杯),酒水,Red_Meat,320.0,192.0
V000949,2026-04-17,W03,夏多內白酒(杯),酒水,Seafood,260.0,161.2
V000949,2026-04-17,W03,夏多內白酒(杯),酒水,Seafood,260.0,161.2
V000950,2026-04-17,M05,白酒蛤蜊義大利麵,主食,Seafood,380.0,167.2
V000950,2026-04-17,M05,白酒蛤蜊義大利麵,主食,Seafood,380.0,167.2
V000950,2026-04-17,S05,松露薯條,副食,Fried,180.0,129.6
V000950,2026-04-17,S01,紹興油泡蝦,副食,Seafood,280.0,196.0
V000950,2026-04-17,W04,白蘇維翁(杯),酒水,Seafood,280.0,170.8
V000950,2026-04-17,W03,夏多內白酒(杯),酒水,Seafood,260.0,161.2
V000950,2026-04-17,W04,白蘇維翁(杯),酒水,Seafood,280.0,170.8
V000950,2026-04-17,W07,Old Fashioned,酒水,Red_Meat,380.0,285.0
V000950,2026-04-17,W03,夏多內白酒(杯),酒水,Seafood,260.0,161.2
V000950,2026-04-17,W10,小麥白啤酒,酒水,Fried,240.0,136.8
V000950,2026-04-17,W10,小麥白啤酒,酒水,Fried,240.0,136.8
V000950,2026-04-17,W13,無酒精莫吉托,酒水,Universal,180.0,144.0
V000951,2026-04-18,M01,舒肥紅酒燉牛肉,主食,Red_Meat,480.0,192.0
V000951,2026-04-18,S05,松露薯條,副食,Fried,180.0,129.6
V000951,2026-04-18,S05,松露薯條,副食,Fried,180.0,129.6
V000951,2026-04-18,S01,紹興油泡蝦,副食,Seafood,280.0,196.0
V000951,2026-04-18,W04,白蘇維翁(杯),酒水,Seafood,280.0,170.8
V000952,2026-04-18,M01,舒肥紅酒燉牛肉,主食,Red_Meat,480.0,192.0
V000952,2026-04-18,S05,松露薯條,副食,Fried,180.0,129.6
V000952,2026-04-18,S03,伊比利火腿盤,副食,Cheese,380.0,247.0
V000952,2026-04-18,D01,提拉米蘇,甜點,Dessert,180.0,117.0
V000952,2026-04-18,W01,馬爾貝克紅酒(杯),酒水,Red_Meat,280.0,173.6
V000952,2026-04-18,W13,無酒精莫吉托,酒水,Universal,180.0,144.0
V000953,2026-04-18,M06,香煎鮭魚佐檸檬,主食,Seafood,460.0,193.2
V000953,2026-04-18,M03,炭烤戰斧牛排,主食,Red_Meat,880.0,308.0
V000953,2026-04-18,M02,爐烤伊比利豬肩,主食,Red_Meat,520.0,197.6
V000953,2026-04-18,M03,炭烤戰斧牛排,主食,Red_Meat,880.0,308.0
V000953,2026-04-18,S07,炙燒櫛瓜佐油醋,副食,Universal,160.0,108.8
V000953,2026-04-18,S01,紹興油泡蝦,副食,Seafood,280.0,196.0
V000953,2026-04-18,S01,紹興油泡蝦,副食,Seafood,280.0,196.0
V000953,2026-04-18,S01,紹興油泡蝦,副食,Seafood,280.0,196.0
V000953,2026-04-18,W07,Old Fashioned,酒水,Red_Meat,380.0,285.0
V000953,2026-04-18,W03,夏多內白酒(杯),酒水,Seafood,260.0,161.2
V000953,2026-04-18,W07,Old Fashioned,酒水,Red_Meat,380.0,285.0
V000954,2026-04-18,M01,舒肥紅酒燉牛肉,主食,Red_Meat,480.0,192.0
V000954,2026-04-18,M03,炭烤戰斧牛排,主食,Red_Meat,880.0,308.0
V000954,2026-04-18,M04,松露野菌燉飯,主食,Cheese,420.0,189.0
V000954,2026-04-18,M05,白酒蛤蜊義大利麵,主食,Seafood,380.0,167.2
V000954,2026-04-18,S07,炙燒櫛瓜佐油醋,副食,Universal,160.0,108.8
V000954,2026-04-18,S03,伊比利火腿盤,副食,Cheese,380.0,247.0
V000954,2026-04-18,D02,焦糖烤布蕾,甜點,Dessert,160.0,107.2
V000954,2026-04-18,W04,白蘇維翁(杯),酒水,Seafood,280.0,170.8
V000954,2026-04-18,W11,威士忌 Highball,酒水,Cheese,300.0,222.0
V000954,2026-04-18,W04,白蘇維翁(杯),酒水,Seafood,280.0,170.8
V000954,2026-04-18,W07,Old Fashioned,酒水,Red_Meat,380.0,285.0
V000954,2026-04-18,W12,季節水果特調,酒水,Universal,340.0,261.8
V000955,2026-04-18,M06,香煎鮭魚佐檸檬,主食,Seafood,460.0,193.2
V000955,2026-04-18,M04,松露野菌燉飯,主食,Cheese,420.0,189.0
V000955,2026-04-18,W03,夏多內白酒(杯),酒水,Seafood,260.0,161.2
V000955,2026-04-18,W07,Old Fashioned,酒水,Red_Meat,380.0,285.0
V000955,2026-04-18,W11,威士忌 Highball,酒水,Cheese,300.0,222.0
V000955,2026-04-18,W06,Negroni,酒水,Cheese,350.0,266.0
V000956,2026-04-18,M02,爐烤伊比利豬肩,主食,Red_Meat,520.0,197.6
V000956,2026-04-18,S06,酥炸花枝圈,副食,Fried,220.0,154.0
V000956,2026-04-18,S04,三種起司拼盤,副食,Cheese,340.0,224.4
V000956,2026-04-18,S02,西班牙蒜辣蝦,副食,Seafood,260.0,176.8
V000956,2026-04-18,S06,酥炸花枝圈,副食,Fried,220.0,154.0
V000956,2026-04-18,S06,酥炸花枝圈,副食,Fried,220.0,154.0
V000956,2026-04-18,W07,Old Fashioned,酒水,Red_Meat,380.0,285.0
V000956,2026-04-18,W03,夏多內白酒(杯),酒水,Seafood,260.0,161.2
V000956,2026-04-18,W05,氣泡酒(杯),酒水,Fried,300.0,189.0
V000957,2026-04-18,M04,松露野菌燉飯,主食,Cheese,420.0,189.0
V000958,2026-04-18,M05,白酒蛤蜊義大利麵,主食,Seafood,380.0,167.2
V000958,2026-04-18,S03,伊比利火腿盤,副食,Cheese,380.0,247.0
V000958,2026-04-18,S03,伊比利火腿盤,副食,Cheese,380.0,247.0
V000958,2026-04-18,S02,西班牙蒜辣蝦,副食,Seafood,260.0,176.8
V000958,2026-04-18,D01,提拉米蘇,甜點,Dessert,180.0,117.0
V000958,2026-04-18,W11,威士忌 Highball,酒水,Cheese,300.0,222.0
V000958,2026-04-18,W06,Negroni,酒水,Cheese,350.0,266.0
V000958,2026-04-18,W01,馬爾貝克紅酒(杯),酒水,Red_Meat,280.0,173.6
V000958,2026-04-18,W04,白蘇維翁(杯),酒水,Seafood,280.0,170.8
V000958,2026-04-18,W07,Old Fashioned,酒水,Red_Meat,380.0,285.0
V000958,2026-04-18,W09,精釀 IPA,酒水,Fried,260.0,150.8
V000958,2026-04-18,W07,Old Fashioned,酒水,Red_Meat,380.0,285.0
V000958,2026-04-18,W11,威士忌 Highball,酒水,Cheese,300.0,222.0
V000959,2026-04-18,M04,松露野菌燉飯,主食,Cheese,420.0,189.0
V000959,2026-04-18,W11,威士忌 Highball,酒水,Cheese,300.0,222.0
V000959,2026-04-18,W01,馬爾貝克紅酒(杯),酒水,Red_Meat,280.0,173.6
V000959,2026-04-18,W07,Old Fashioned,酒水,Red_Meat,380.0,285.0
V000959,2026-04-18,W10,小麥白啤酒,酒水,Fried,240.0,136.8
V000959,2026-04-18,W13,無酒精莫吉托,酒水,Universal,180.0,144.0
V000960,2026-04-18,M01,舒肥紅酒燉牛肉,主食,Red_Meat,480.0,192.0
V000960,2026-04-18,M03,炭烤戰斧牛排,主食,Red_Meat,880.0,308.0
V000960,2026-04-18,S06,酥炸花枝圈,副食,Fried,220.0,154.0
V000960,2026-04-18,S03,伊比利火腿盤,副食,Cheese,380.0,247.0
V000961,2026-04-18,M06,香煎鮭魚佐檸檬,主食,Seafood,460.0,193.2
V000961,2026-04-18,M02,爐烤伊比利豬肩,主食,Red_Meat,520.0,197.6
V000961,2026-04-18,S06,酥炸花枝圈,副食,Fried,220.0,154.0
V000961,2026-04-18,S04,三種起司拼盤,副食,Cheese,340.0,224.4
V000961,2026-04-18,S07,炙燒櫛瓜佐油醋,副食,Universal,160.0,108.8
V000961,2026-04-18,S06,酥炸花枝圈,副食,Fried,220.0,154.0
V000961,2026-04-18,S03,伊比利火腿盤,副食,Cheese,380.0,247.0
V000962,2026-04-18,M02,爐烤伊比利豬肩,主食,Red_Meat,520.0,197.6
V000962,2026-04-18,M01,舒肥紅酒燉牛肉,主食,Red_Meat,480.0,192.0
V000962,2026-04-18,M03,炭烤戰斧牛排,主食,Red_Meat,880.0,308.0
V000962,2026-04-18,M01,舒肥紅酒燉牛肉,主食,Red_Meat,480.0,192.0
V000962,2026-04-18,S01,紹興油泡蝦,副食,Seafood,280.0,196.0
V000962,2026-04-18,S03,伊比利火腿盤,副食,Cheese,380.0,247.0
V000962,2026-04-18,S03,伊比利火腿盤,副食,Cheese,380.0,247.0
V000962,2026-04-18,S07,炙燒櫛瓜佐油醋,副食,Universal,160.0,108.8
V000962,2026-04-18,W11,威士忌 Highball,酒水,Cheese,300.0,222.0
V000962,2026-04-18,W11,威士忌 Highball,酒水,Cheese,300.0,222.0
V000962,2026-04-18,W02,卡本內蘇維翁(杯),酒水,Red_Meat,320.0,192.0
V000962,2026-04-18,W02,卡本內蘇維翁(杯),酒水,Red_Meat,320.0,192.0
V000962,2026-04-18,W09,精釀 IPA,酒水,Fried,260.0,150.8
V000962,2026-04-18,W02,卡本內蘇維翁(杯),酒水,Red_Meat,320.0,192.0
V000962,2026-04-18,W03,夏多內白酒(杯),酒水,Seafood,260.0,161.2
V000963,2026-04-18,M05,白酒蛤蜊義大利麵,主食,Seafood,380.0,167.2
V000963,2026-04-18,M05,白酒蛤蜊義大利麵,主食,Seafood,380.0,167.2
V000963,2026-04-18,M05,白酒蛤蜊義大利麵,主食,Seafood,380.0,167.2
V000963,2026-04-18,S03,伊比利火腿盤,副食,Cheese,380.0,247.0
V000963,2026-04-18,S04,三種起司拼盤,副食,Cheese,340.0,224.4
V000963,2026-04-18,S01,紹興油泡蝦,副食,Seafood,280.0,196.0
V000963,2026-04-18,S06,酥炸花枝圈,副食,Fried,220.0,154.0
V000963,2026-04-18,W05,氣泡酒(杯),酒水,Fried,300.0,189.0
V000963,2026-04-18,W04,白蘇維翁(杯),酒水,Seafood,280.0,170.8
V000963,2026-04-18,W03,夏多內白酒(杯),酒水,Seafood,260.0,161.2
V000963,2026-04-18,W04,白蘇維翁(杯),酒水,Seafood,280.0,170.8
V000963,2026-04-18,W04,白蘇維翁(杯),酒水,Seafood,280.0,170.8
V000963,2026-04-18,W04,白蘇維翁(杯),酒水,Seafood,280.0,170.8
V000963,2026-04-18,W04,白蘇維翁(杯),酒水,Seafood,280.0,170.8
V000963,2026-04-18,W03,夏多內白酒(杯),酒水,Seafood,260.0,161.2
V000963,2026-04-18,W03,夏多內白酒(杯),酒水,Seafood,260.0,161.2
V000963,2026-04-18,W09,精釀 IPA,酒水,Fried,260.0,150.8
V000963,2026-04-18,W10,小麥白啤酒,酒水,Fried,240.0,136.8
V000963,2026-04-18,W12,季節水果特調,酒水,Universal,340.0,261.8
V000963,2026-04-18,W10,小麥白啤酒,酒水,Fried,240.0,136.8
V000964,2026-04-18,M01,舒肥紅酒燉牛肉,主食,Red_Meat,480.0,192.0
V000964,2026-04-18,S06,酥炸花枝圈,副食,Fried,220.0,154.0
V000964,2026-04-18,S07,炙燒櫛瓜佐油醋,副食,Universal,160.0,108.8
V000964,2026-04-18,S05,松露薯條,副食,Fried,180.0,129.6
V000964,2026-04-18,D02,焦糖烤布蕾,甜點,Dessert,160.0,107.2
V000964,2026-04-18,W02,卡本內蘇維翁(杯),酒水,Red_Meat,320.0,192.0
V000964,2026-04-18,W03,夏多內白酒(杯),酒水,Seafood,260.0,161.2
V000964,2026-04-18,W03,夏多內白酒(杯),酒水,Seafood,260.0,161.2
V000965,2026-04-18,M06,香煎鮭魚佐檸檬,主食,Seafood,460.0,193.2
V000965,2026-04-18,M06,香煎鮭魚佐檸檬,主食,Seafood,460.0,193.2
V000965,2026-04-18,D02,焦糖烤布蕾,甜點,Dessert,160.0,107.2
V000965,2026-04-18,W04,白蘇維翁(杯),酒水,Seafood,280.0,170.8
V000965,2026-04-18,W02,卡本內蘇維翁(杯),酒水,Red_Meat,320.0,192.0
V000966,2026-04-18,M04,松露野菌燉飯,主食,Cheese,420.0,189.0
V000966,2026-04-18,S06,酥炸花枝圈,副食,Fried,220.0,154.0
V000966,2026-04-18,S04,三種起司拼盤,副食,Cheese,340.0,224.4
V000966,2026-04-18,S04,三種起司拼盤,副食,Cheese,340.0,224.4
V000966,2026-04-18,S01,紹興油泡蝦,副食,Seafood,280.0,196.0
V000966,2026-04-18,W08,Gin & Tonic,酒水,Universal,300.0,234.0
V000966,2026-04-18,W13,無酒精莫吉托,酒水,Universal,180.0,144.0
V000966,2026-04-18,W11,威士忌 Highball,酒水,Cheese,300.0,222.0
V000967,2026-04-18,M03,炭烤戰斧牛排,主食,Red_Meat,880.0,308.0
V000967,2026-04-18,M04,松露野菌燉飯,主食,Cheese,420.0,189.0
V000967,2026-04-18,S07,炙燒櫛瓜佐油醋,副食,Universal,160.0,108.8
V000967,2026-04-18,S07,炙燒櫛瓜佐油醋,副食,Universal,160.0,108.8
V000967,2026-04-18,S01,紹興油泡蝦,副食,Seafood,280.0,196.0
V000967,2026-04-18,S05,松露薯條,副食,Fried,180.0,129.6
V000967,2026-04-18,S04,三種起司拼盤,副食,Cheese,340.0,224.4
V000967,2026-04-18,S03,伊比利火腿盤,副食,Cheese,380.0,247.0
V000967,2026-04-18,D02,焦糖烤布蕾,甜點,Dessert,160.0,107.2
V000967,2026-04-18,W08,Gin & Tonic,酒水,Universal,300.0,234.0
V000967,2026-04-18,W13,無酒精莫吉托,酒水,Universal,180.0,144.0
V000967,2026-04-18,W10,小麥白啤酒,酒水,Fried,240.0,136.8
V000968,2026-04-18,M01,舒肥紅酒燉牛肉,主食,Red_Meat,480.0,192.0
V000968,2026-04-18,M03,炭烤戰斧牛排,主食,Red_Meat,880.0,308.0
V000968,2026-04-18,M05,白酒蛤蜊義大利麵,主食,Seafood,380.0,167.2
V000968,2026-04-18,M06,香煎鮭魚佐檸檬,主食,Seafood,460.0,193.2
V000968,2026-04-18,M04,松露野菌燉飯,主食,Cheese,420.0,189.0
V000968,2026-04-18,S05,松露薯條,副食,Fried,180.0,129.6
V000968,2026-04-18,S03,伊比利火腿盤,副食,Cheese,380.0,247.0
V000968,2026-04-18,S07,炙燒櫛瓜佐油醋,副食,Universal,160.0,108.8
V000968,2026-04-18,S07,炙燒櫛瓜佐油醋,副食,Universal,160.0,108.8
V000968,2026-04-18,S07,炙燒櫛瓜佐油醋,副食,Universal,160.0,108.8
V000968,2026-04-18,D02,焦糖烤布蕾,甜點,Dessert,160.0,107.2
V000968,2026-04-18,W11,威士忌 Highball,酒水,Cheese,300.0,222.0
V000968,2026-04-18,W10,小麥白啤酒,酒水,Fried,240.0,136.8
V000968,2026-04-18,W07,Old Fashioned,酒水,Red_Meat,380.0,285.0
V000968,2026-04-18,W07,Old Fashioned,酒水,Red_Meat,380.0,285.0
V000968,2026-04-18,W02,卡本內蘇維翁(杯),酒水,Red_Meat,320.0,192.0
V000968,2026-04-18,W01,馬爾貝克紅酒(杯),酒水,Red_Meat,280.0,173.6
V000968,2026-04-18,W09,精釀 IPA,酒水,Fried,260.0,150.8
V000968,2026-04-18,W13,無酒精莫吉托,酒水,Universal,180.0,144.0
V000968,2026-04-18,W03,夏多內白酒(杯),酒水,Seafood,260.0,161.2
V000968,2026-04-18,W12,季節水果特調,酒水,Universal,340.0,261.8
V000968,2026-04-18,W11,威士忌 Highball,酒水,Cheese,300.0,222.0
V000968,2026-04-18,W04,白蘇維翁(杯),酒水,Seafood,280.0,170.8
V000969,2026-04-18,M06,香煎鮭魚佐檸檬,主食,Seafood,460.0,193.2
V000969,2026-04-18,M01,舒肥紅酒燉牛肉,主食,Red_Meat,480.0,192.0
V000969,2026-04-18,M03,炭烤戰斧牛排,主食,Red_Meat,880.0,308.0
V000969,2026-04-18,S07,炙燒櫛瓜佐油醋,副食,Universal,160.0,108.8
V000969,2026-04-18,S02,西班牙蒜辣蝦,副食,Seafood,260.0,176.8
V000969,2026-04-18,S02,西班牙蒜辣蝦,副食,Seafood,260.0,176.8
V000969,2026-04-18,D02,焦糖烤布蕾,甜點,Dessert,160.0,107.2
V000969,2026-04-18,W08,Gin & Tonic,酒水,Universal,300.0,234.0
V000969,2026-04-18,W12,季節水果特調,酒水,Universal,340.0,261.8
V000969,2026-04-18,W01,馬爾貝克紅酒(杯),酒水,Red_Meat,280.0,173.6
V000969,2026-04-18,W12,季節水果特調,酒水,Universal,340.0,261.8
V000970,2026-04-18,M04,松露野菌燉飯,主食,Cheese,420.0,189.0
V000970,2026-04-18,M06,香煎鮭魚佐檸檬,主食,Seafood,460.0,193.2
V000971,2026-04-18,M05,白酒蛤蜊義大利麵,主食,Seafood,380.0,167.2
V000971,2026-04-18,M01,舒肥紅酒燉牛肉,主食,Red_Meat,480.0,192.0
V000971,2026-04-18,M06,香煎鮭魚佐檸檬,主食,Seafood,460.0,193.2
V000971,2026-04-18,M05,白酒蛤蜊義大利麵,主食,Seafood,380.0,167.2
V000971,2026-04-18,S04,三種起司拼盤,副食,Cheese,340.0,224.4
V000971,2026-04-18,S04,三種起司拼盤,副食,Cheese,340.0,224.4
V000971,2026-04-18,S05,松露薯條,副食,Fried,180.0,129.6
V000971,2026-04-18,S01,紹興油泡蝦,副食,Seafood,280.0,196.0
V000971,2026-04-18,S04,三種起司拼盤,副食,Cheese,340.0,224.4
V000971,2026-04-18,S06,酥炸花枝圈,副食,Fried,220.0,154.0
V000971,2026-04-18,W05,氣泡酒(杯),酒水,Fried,300.0,189.0
V000971,2026-04-18,W06,Negroni,酒水,Cheese,350.0,266.0
V000971,2026-04-18,W08,Gin & Tonic,酒水,Universal,300.0,234.0
V000971,2026-04-18,W05,氣泡酒(杯),酒水,Fried,300.0,189.0
V000971,2026-04-18,W01,馬爾貝克紅酒(杯),酒水,Red_Meat,280.0,173.6
V000971,2026-04-18,W02,卡本內蘇維翁(杯),酒水,Red_Meat,320.0,192.0
V000971,2026-04-18,W04,白蘇維翁(杯),酒水,Seafood,280.0,170.8
V000972,2026-04-18,M02,爐烤伊比利豬肩,主食,Red_Meat,520.0,197.6
V000972,2026-04-18,S05,松露薯條,副食,Fried,180.0,129.6
V000972,2026-04-18,S07,炙燒櫛瓜佐油醋,副食,Universal,160.0,108.8
V000972,2026-04-18,W05,氣泡酒(杯),酒水,Fried,300.0,189.0
V000972,2026-04-18,W12,季節水果特調,酒水,Universal,340.0,261.8
V000972,2026-04-18,W07,Old Fashioned,酒水,Red_Meat,380.0,285.0
V000972,2026-04-18,W10,小麥白啤酒,酒水,Fried,240.0,136.8
V000972,2026-04-18,W11,威士忌 Highball,酒水,Cheese,300.0,222.0
V000973,2026-04-18,M04,松露野菌燉飯,主食,Cheese,420.0,189.0
V000973,2026-04-18,S02,西班牙蒜辣蝦,副食,Seafood,260.0,176.8
V000973,2026-04-18,S01,紹興油泡蝦,副食,Seafood,280.0,196.0
V000973,2026-04-18,S05,松露薯條,副食,Fried,180.0,129.6
V000973,2026-04-18,S03,伊比利火腿盤,副食,Cheese,380.0,247.0
V000973,2026-04-18,S03,伊比利火腿盤,副食,Cheese,380.0,247.0
V000973,2026-04-18,D01,提拉米蘇,甜點,Dessert,180.0,117.0
V000973,2026-04-18,W11,威士忌 Highball,酒水,Cheese,300.0,222.0
V000973,2026-04-18,W11,威士忌 Highball,酒水,Cheese,300.0,222.0
V000974,2026-04-19,M03,炭烤戰斧牛排,主食,Red_Meat,880.0,308.0
V000974,2026-04-19,S06,酥炸花枝圈,副食,Fried,220.0,154.0
V000974,2026-04-19,W07,Old Fashioned,酒水,Red_Meat,380.0,285.0
V000974,2026-04-19,W01,馬爾貝克紅酒(杯),酒水,Red_Meat,280.0,173.6
V000975,2026-04-19,M03,炭烤戰斧牛排,主食,Red_Meat,880.0,308.0
V000975,2026-04-19,M06,香煎鮭魚佐檸檬,主食,Seafood,460.0,193.2
V000975,2026-04-19,M05,白酒蛤蜊義大利麵,主食,Seafood,380.0,167.2
V000975,2026-04-19,M05,白酒蛤蜊義大利麵,主食,Seafood,380.0,167.2
V000975,2026-04-19,S01,紹興油泡蝦,副食,Seafood,280.0,196.0
V000975,2026-04-19,S01,紹興油泡蝦,副食,Seafood,280.0,196.0
V000975,2026-04-19,S05,松露薯條,副食,Fried,180.0,129.6
V000975,2026-04-19,S04,三種起司拼盤,副食,Cheese,340.0,224.4
V000975,2026-04-19,S03,伊比利火腿盤,副食,Cheese,380.0,247.0
V000975,2026-04-19,S06,酥炸花枝圈,副食,Fried,220.0,154.0
V000975,2026-04-19,D01,提拉米蘇,甜點,Dessert,180.0,117.0
V000975,2026-04-19,W03,夏多內白酒(杯),酒水,Seafood,260.0,161.2
V000975,2026-04-19,W09,精釀 IPA,酒水,Fried,260.0,150.8
V000975,2026-04-19,W10,小麥白啤酒,酒水,Fried,240.0,136.8
V000975,2026-04-19,W09,精釀 IPA,酒水,Fried,260.0,150.8
V000975,2026-04-19,W01,馬爾貝克紅酒(杯),酒水,Red_Meat,280.0,173.6
V000976,2026-04-19,M05,白酒蛤蜊義大利麵,主食,Seafood,380.0,167.2
V000976,2026-04-19,S06,酥炸花枝圈,副食,Fried,220.0,154.0
V000976,2026-04-19,S01,紹興油泡蝦,副食,Seafood,280.0,196.0
V000976,2026-04-19,S04,三種起司拼盤,副食,Cheese,340.0,224.4
V000976,2026-04-19,D02,焦糖烤布蕾,甜點,Dessert,160.0,107.2
V000976,2026-04-19,W07,Old Fashioned,酒水,Red_Meat,380.0,285.0
V000977,2026-04-19,M01,舒肥紅酒燉牛肉,主食,Red_Meat,480.0,192.0
V000977,2026-04-19,M06,香煎鮭魚佐檸檬,主食,Seafood,460.0,193.2
V000977,2026-04-19,S04,三種起司拼盤,副食,Cheese,340.0,224.4
V000977,2026-04-19,S05,松露薯條,副食,Fried,180.0,129.6
V000977,2026-04-19,S01,紹興油泡蝦,副食,Seafood,280.0,196.0
V000977,2026-04-19,W10,小麥白啤酒,酒水,Fried,240.0,136.8
V000977,2026-04-19,W03,夏多內白酒(杯),酒水,Seafood,260.0,161.2
V000977,2026-04-19,W10,小麥白啤酒,酒水,Fried,240.0,136.8
V000977,2026-04-19,W03,夏多內白酒(杯),酒水,Seafood,260.0,161.2
V000978,2026-04-19,M04,松露野菌燉飯,主食,Cheese,420.0,189.0
V000978,2026-04-19,M02,爐烤伊比利豬肩,主食,Red_Meat,520.0,197.6
V000978,2026-04-19,S07,炙燒櫛瓜佐油醋,副食,Universal,160.0,108.8
V000978,2026-04-19,S05,松露薯條,副食,Fried,180.0,129.6
V000978,2026-04-19,W07,Old Fashioned,酒水,Red_Meat,380.0,285.0
V000978,2026-04-19,W12,季節水果特調,酒水,Universal,340.0,261.8
V000978,2026-04-19,W05,氣泡酒(杯),酒水,Fried,300.0,189.0
V000978,2026-04-19,W08,Gin & Tonic,酒水,Universal,300.0,234.0
V000978,2026-04-19,W11,威士忌 Highball,酒水,Cheese,300.0,222.0
V000978,2026-04-19,W01,馬爾貝克紅酒(杯),酒水,Red_Meat,280.0,173.6
V000978,2026-04-19,W03,夏多內白酒(杯),酒水,Seafood,260.0,161.2
V000979,2026-04-19,M05,白酒蛤蜊義大利麵,主食,Seafood,380.0,167.2
V000979,2026-04-19,S02,西班牙蒜辣蝦,副食,Seafood,260.0,176.8
V000979,2026-04-19,S05,松露薯條,副食,Fried,180.0,129.6
V000979,2026-04-19,S01,紹興油泡蝦,副食,Seafood,280.0,196.0
V000979,2026-04-19,S06,酥炸花枝圈,副食,Fried,220.0,154.0
V000979,2026-04-19,S06,酥炸花枝圈,副食,Fried,220.0,154.0
V000979,2026-04-19,S02,西班牙蒜辣蝦,副食,Seafood,260.0,176.8
V000979,2026-04-19,W04,白蘇維翁(杯),酒水,Seafood,280.0,170.8
V000980,2026-04-19,M03,炭烤戰斧牛排,主食,Red_Meat,880.0,308.0
V000980,2026-04-19,M05,白酒蛤蜊義大利麵,主食,Seafood,380.0,167.2
V000980,2026-04-19,M04,松露野菌燉飯,主食,Cheese,420.0,189.0
V000980,2026-04-19,M05,白酒蛤蜊義大利麵,主食,Seafood,380.0,167.2
V000980,2026-04-19,S03,伊比利火腿盤,副食,Cheese,380.0,247.0
V000980,2026-04-19,S02,西班牙蒜辣蝦,副食,Seafood,260.0,176.8
V000980,2026-04-19,S02,西班牙蒜辣蝦,副食,Seafood,260.0,176.8
V000980,2026-04-19,S03,伊比利火腿盤,副食,Cheese,380.0,247.0
V000980,2026-04-19,W04,白蘇維翁(杯),酒水,Seafood,280.0,170.8
V000980,2026-04-19,W03,夏多內白酒(杯),酒水,Seafood,260.0,161.2
V000980,2026-04-19,W06,Negroni,酒水,Cheese,350.0,266.0
V000980,2026-04-19,W03,夏多內白酒(杯),酒水,Seafood,260.0,161.2
V000981,2026-04-19,M01,舒肥紅酒燉牛肉,主食,Red_Meat,480.0,192.0
V000981,2026-04-19,M05,白酒蛤蜊義大利麵,主食,Seafood,380.0,167.2
V000981,2026-04-19,S06,酥炸花枝圈,副食,Fried,220.0,154.0
V000981,2026-04-19,S05,松露薯條,副食,Fried,180.0,129.6
V000981,2026-04-19,S07,炙燒櫛瓜佐油醋,副食,Universal,160.0,108.8
V000981,2026-04-19,W04,白蘇維翁(杯),酒水,Seafood,280.0,170.8
V000982,2026-04-19,M02,爐烤伊比利豬肩,主食,Red_Meat,520.0,197.6
V000982,2026-04-19,M05,白酒蛤蜊義大利麵,主食,Seafood,380.0,167.2
V000982,2026-04-19,S05,松露薯條,副食,Fried,180.0,129.6
V000982,2026-04-19,S04,三種起司拼盤,副食,Cheese,340.0,224.4
V000982,2026-04-19,S01,紹興油泡蝦,副食,Seafood,280.0,196.0
V000982,2026-04-19,W09,精釀 IPA,酒水,Fried,260.0,150.8
V000983,2026-04-19,M03,炭烤戰斧牛排,主食,Red_Meat,880.0,308.0
V000983,2026-04-19,M06,香煎鮭魚佐檸檬,主食,Seafood,460.0,193.2
V000983,2026-04-19,M03,炭烤戰斧牛排,主食,Red_Meat,880.0,308.0
V000983,2026-04-19,M05,白酒蛤蜊義大利麵,主食,Seafood,380.0,167.2
V000983,2026-04-19,S04,三種起司拼盤,副食,Cheese,340.0,224.4
V000983,2026-04-19,S07,炙燒櫛瓜佐油醋,副食,Universal,160.0,108.8
V000983,2026-04-19,W02,卡本內蘇維翁(杯),酒水,Red_Meat,320.0,192.0
V000983,2026-04-19,W07,Old Fashioned,酒水,Red_Meat,380.0,285.0
V000985,2026-04-19,M02,爐烤伊比利豬肩,主食,Red_Meat,520.0,197.6
V000985,2026-04-19,S06,酥炸花枝圈,副食,Fried,220.0,154.0
V000985,2026-04-19,S07,炙燒櫛瓜佐油醋,副食,Universal,160.0,108.8
V000985,2026-04-19,D02,焦糖烤布蕾,甜點,Dessert,160.0,107.2
V000985,2026-04-19,W03,夏多內白酒(杯),酒水,Seafood,260.0,161.2
V000985,2026-04-19,W08,Gin & Tonic,酒水,Universal,300.0,234.0
V000985,2026-04-19,W13,無酒精莫吉托,酒水,Universal,180.0,144.0
V000985,2026-04-19,W07,Old Fashioned,酒水,Red_Meat,380.0,285.0
V000985,2026-04-19,W02,卡本內蘇維翁(杯),酒水,Red_Meat,320.0,192.0
V000986,2026-04-19,M03,炭烤戰斧牛排,主食,Red_Meat,880.0,308.0
V000986,2026-04-19,M02,爐烤伊比利豬肩,主食,Red_Meat,520.0,197.6
V000986,2026-04-19,M03,炭烤戰斧牛排,主食,Red_Meat,880.0,308.0
V000986,2026-04-19,S02,西班牙蒜辣蝦,副食,Seafood,260.0,176.8
V000986,2026-04-19,W02,卡本內蘇維翁(杯),酒水,Red_Meat,320.0,192.0
V000986,2026-04-19,W05,氣泡酒(杯),酒水,Fried,300.0,189.0
V000986,2026-04-19,W01,馬爾貝克紅酒(杯),酒水,Red_Meat,280.0,173.6
V000987,2026-04-19,M05,白酒蛤蜊義大利麵,主食,Seafood,380.0,167.2
V000987,2026-04-19,S03,伊比利火腿盤,副食,Cheese,380.0,247.0
V000987,2026-04-19,W02,卡本內蘇維翁(杯),酒水,Red_Meat,320.0,192.0
V000987,2026-04-19,W03,夏多內白酒(杯),酒水,Seafood,260.0,161.2
V000987,2026-04-19,W10,小麥白啤酒,酒水,Fried,240.0,136.8
V000987,2026-04-19,W02,卡本內蘇維翁(杯),酒水,Red_Meat,320.0,192.0
V000988,2026-04-19,M01,舒肥紅酒燉牛肉,主食,Red_Meat,480.0,192.0
V000988,2026-04-19,M06,香煎鮭魚佐檸檬,主食,Seafood,460.0,193.2
V000988,2026-04-19,M02,爐烤伊比利豬肩,主食,Red_Meat,520.0,197.6
V000988,2026-04-19,S07,炙燒櫛瓜佐油醋,副食,Universal,160.0,108.8
V000988,2026-04-19,W03,夏多內白酒(杯),酒水,Seafood,260.0,161.2
V000988,2026-04-19,W07,Old Fashioned,酒水,Red_Meat,380.0,285.0
V000988,2026-04-19,W01,馬爾貝克紅酒(杯),酒水,Red_Meat,280.0,173.6
V000989,2026-04-21,M04,松露野菌燉飯,主食,Cheese,420.0,189.0
V000989,2026-04-21,M01,舒肥紅酒燉牛肉,主食,Red_Meat,480.0,192.0
V000989,2026-04-21,S05,松露薯條,副食,Fried,180.0,129.6
V000989,2026-04-21,S07,炙燒櫛瓜佐油醋,副食,Universal,160.0,108.8
V000989,2026-04-21,S02,西班牙蒜辣蝦,副食,Seafood,260.0,176.8
V000989,2026-04-21,S01,紹興油泡蝦,副食,Seafood,280.0,196.0
V000989,2026-04-21,W03,夏多內白酒(杯),酒水,Seafood,260.0,161.2
V000990,2026-04-21,M01,舒肥紅酒燉牛肉,主食,Red_Meat,480.0,192.0
V000990,2026-04-21,M02,爐烤伊比利豬肩,主食,Red_Meat,520.0,197.6
V000990,2026-04-21,M06,香煎鮭魚佐檸檬,主食,Seafood,460.0,193.2
V000990,2026-04-21,S04,三種起司拼盤,副食,Cheese,340.0,224.4
V000990,2026-04-21,S07,炙燒櫛瓜佐油醋,副食,Universal,160.0,108.8
V000990,2026-04-21,S02,西班牙蒜辣蝦,副食,Seafood,260.0,176.8
V000990,2026-04-21,S07,炙燒櫛瓜佐油醋,副食,Universal,160.0,108.8
V000990,2026-04-21,S06,酥炸花枝圈,副食,Fried,220.0,154.0
V000990,2026-04-21,S03,伊比利火腿盤,副食,Cheese,380.0,247.0
V000990,2026-04-21,W04,白蘇維翁(杯),酒水,Seafood,280.0,170.8
V000990,2026-04-21,W12,季節水果特調,酒水,Universal,340.0,261.8
V000991,2026-04-21,M02,爐烤伊比利豬肩,主食,Red_Meat,520.0,197.6
V000991,2026-04-21,S05,松露薯條,副食,Fried,180.0,129.6
V000991,2026-04-21,S04,三種起司拼盤,副食,Cheese,340.0,224.4
V000991,2026-04-21,D02,焦糖烤布蕾,甜點,Dessert,160.0,107.2
V000991,2026-04-21,W01,馬爾貝克紅酒(杯),酒水,Red_Meat,280.0,173.6
V000991,2026-04-21,W01,馬爾貝克紅酒(杯),酒水,Red_Meat,280.0,173.6
V000991,2026-04-21,W03,夏多內白酒(杯),酒水,Seafood,260.0,161.2
V000992,2026-04-21,M05,白酒蛤蜊義大利麵,主食,Seafood,380.0,167.2
V000992,2026-04-21,D01,提拉米蘇,甜點,Dessert,180.0,117.0
V000992,2026-04-21,W05,氣泡酒(杯),酒水,Fried,300.0,189.0
V000992,2026-04-21,W09,精釀 IPA,酒水,Fried,260.0,150.8
V000993,2026-04-21,S03,伊比利火腿盤,副食,Cheese,380.0,247.0
V000993,2026-04-21,S06,酥炸花枝圈,副食,Fried,220.0,154.0
V000993,2026-04-21,S02,西班牙蒜辣蝦,副食,Seafood,260.0,176.8
V000993,2026-04-21,W05,氣泡酒(杯),酒水,Fried,300.0,189.0
V000993,2026-04-21,W01,馬爾貝克紅酒(杯),酒水,Red_Meat,280.0,173.6
V000994,2026-04-21,M03,炭烤戰斧牛排,主食,Red_Meat,880.0,308.0
V000994,2026-04-21,S07,炙燒櫛瓜佐油醋,副食,Universal,160.0,108.8
V000994,2026-04-21,W04,白蘇維翁(杯),酒水,Seafood,280.0,170.8
V000994,2026-04-21,W09,精釀 IPA,酒水,Fried,260.0,150.8
V000994,2026-04-21,W06,Negroni,酒水,Cheese,350.0,266.0
V000995,2026-04-21,S06,酥炸花枝圈,副食,Fried,220.0,154.0
V000995,2026-04-21,S04,三種起司拼盤,副食,Cheese,340.0,224.4
V000995,2026-04-21,W03,夏多內白酒(杯),酒水,Seafood,260.0,161.2
V000995,2026-04-21,W06,Negroni,酒水,Cheese,350.0,266.0
V000996,2026-04-21,M05,白酒蛤蜊義大利麵,主食,Seafood,380.0,167.2
V000996,2026-04-21,S01,紹興油泡蝦,副食,Seafood,280.0,196.0
V000997,2026-04-21,M05,白酒蛤蜊義大利麵,主食,Seafood,380.0,167.2
V000997,2026-04-21,M03,炭烤戰斧牛排,主食,Red_Meat,880.0,308.0
V000997,2026-04-21,S06,酥炸花枝圈,副食,Fried,220.0,154.0
V000997,2026-04-21,S02,西班牙蒜辣蝦,副食,Seafood,260.0,176.8
V000997,2026-04-21,S03,伊比利火腿盤,副食,Cheese,380.0,247.0
V000997,2026-04-21,S07,炙燒櫛瓜佐油醋,副食,Universal,160.0,108.8
V000997,2026-04-21,S04,三種起司拼盤,副食,Cheese,340.0,224.4
V000997,2026-04-21,W06,Negroni,酒水,Cheese,350.0,266.0
V000997,2026-04-21,W05,氣泡酒(杯),酒水,Fried,300.0,189.0
V000997,2026-04-21,W07,Old Fashioned,酒水,Red_Meat,380.0,285.0
V000997,2026-04-21,W02,卡本內蘇維翁(杯),酒水,Red_Meat,320.0,192.0
V000997,2026-04-21,W08,Gin & Tonic,酒水,Universal,300.0,234.0
V000997,2026-04-21,W06,Negroni,酒水,Cheese,350.0,266.0
V000997,2026-04-21,W04,白蘇維翁(杯),酒水,Seafood,280.0,170.8
V000997,2026-04-21,W07,Old Fashioned,酒水,Red_Meat,380.0,285.0
V000997,2026-04-21,W01,馬爾貝克紅酒(杯),酒水,Red_Meat,280.0,173.6
V000997,2026-04-21,W13,無酒精莫吉托,酒水,Universal,180.0,144.0
V000997,2026-04-21,W12,季節水果特調,酒水,Universal,340.0,261.8
V000997,2026-04-21,W10,小麥白啤酒,酒水,Fried,240.0,136.8
V000997,2026-04-21,W02,卡本內蘇維翁(杯),酒水,Red_Meat,320.0,192.0
V000997,2026-04-21,W01,馬爾貝克紅酒(杯),酒水,Red_Meat,280.0,173.6
V000998,2026-04-21,M06,香煎鮭魚佐檸檬,主食,Seafood,460.0,193.2
V000998,2026-04-21,M06,香煎鮭魚佐檸檬,主食,Seafood,460.0,193.2
V000998,2026-04-21,S05,松露薯條,副食,Fried,180.0,129.6
V000998,2026-04-21,W03,夏多內白酒(杯),酒水,Seafood,260.0,161.2
V000998,2026-04-21,W03,夏多內白酒(杯),酒水,Seafood,260.0,161.2
V000998,2026-04-21,W12,季節水果特調,酒水,Universal,340.0,261.8
V000998,2026-04-21,W10,小麥白啤酒,酒水,Fried,240.0,136.8
V000999,2026-04-21,M03,炭烤戰斧牛排,主食,Red_Meat,880.0,308.0
V000999,2026-04-21,M03,炭烤戰斧牛排,主食,Red_Meat,880.0,308.0
V000999,2026-04-21,S05,松露薯條,副食,Fried,180.0,129.6
V000999,2026-04-21,S02,西班牙蒜辣蝦,副食,Seafood,260.0,176.8
V000999,2026-04-21,S07,炙燒櫛瓜佐油醋,副食,Universal,160.0,108.8
V000999,2026-04-21,W02,卡本內蘇維翁(杯),酒水,Red_Meat,320.0,192.0
V000999,2026-04-21,W02,卡本內蘇維翁(杯),酒水,Red_Meat,320.0,192.0
V000999,2026-04-21,W03,夏多內白酒(杯),酒水,Seafood,260.0,161.2
V000999,2026-04-21,W04,白蘇維翁(杯),酒水,Seafood,280.0,170.8
V000999,2026-04-21,W07,Old Fashioned,酒水,Red_Meat,380.0,285.0
V001000,2026-04-21,M03,炭烤戰斧牛排,主食,Red_Meat,880.0,308.0
V001000,2026-04-21,W11,威士忌 Highball,酒水,Cheese,300.0,222.0
V001001,2026-04-22,M06,香煎鮭魚佐檸檬,主食,Seafood,460.0,193.2
V001001,2026-04-22,S07,炙燒櫛瓜佐油醋,副食,Universal,160.0,108.8
V001001,2026-04-22,S05,松露薯條,副食,Fried,180.0,129.6
V001001,2026-04-22,S01,紹興油泡蝦,副食,Seafood,280.0,196.0
V001001,2026-04-22,S05,松露薯條,副食,Fried,180.0,129.6
V001001,2026-04-22,W01,馬爾貝克紅酒(杯),酒水,Red_Meat,280.0,173.6
V001002,2026-04-22,M03,炭烤戰斧牛排,主食,Red_Meat,880.0,308.0
V001002,2026-04-22,W07,Old Fashioned,酒水,Red_Meat,380.0,285.0
V001002,2026-04-22,W01,馬爾貝克紅酒(杯),酒水,Red_Meat,280.0,173.6
V001002,2026-04-22,W07,Old Fashioned,酒水,Red_Meat,380.0,285.0
V001003,2026-04-22,M04,松露野菌燉飯,主食,Cheese,420.0,189.0
V001003,2026-04-22,S06,酥炸花枝圈,副食,Fried,220.0,154.0
V001003,2026-04-22,S06,酥炸花枝圈,副食,Fried,220.0,154.0
V001003,2026-04-22,S05,松露薯條,副食,Fried,180.0,129.6
V001004,2026-04-22,M04,松露野菌燉飯,主食,Cheese,420.0,189.0
V001004,2026-04-22,M05,白酒蛤蜊義大利麵,主食,Seafood,380.0,167.2
V001004,2026-04-22,M01,舒肥紅酒燉牛肉,主食,Red_Meat,480.0,192.0
V001004,2026-04-22,S03,伊比利火腿盤,副食,Cheese,380.0,247.0
V001004,2026-04-22,S04,三種起司拼盤,副食,Cheese,340.0,224.4
V001004,2026-04-22,S07,炙燒櫛瓜佐油醋,副食,Universal,160.0,108.8
V001004,2026-04-22,D01,提拉米蘇,甜點,Dessert,180.0,117.0
V001005,2026-04-22,M04,松露野菌燉飯,主食,Cheese,420.0,189.0
V001005,2026-04-22,S06,酥炸花枝圈,副食,Fried,220.0,154.0
V001005,2026-04-22,S06,酥炸花枝圈,副食,Fried,220.0,154.0
V001005,2026-04-22,S01,紹興油泡蝦,副食,Seafood,280.0,196.0
V001005,2026-04-22,D01,提拉米蘇,甜點,Dessert,180.0,117.0
V001005,2026-04-22,W10,小麥白啤酒,酒水,Fried,240.0,136.8
V001005,2026-04-22,W09,精釀 IPA,酒水,Fried,260.0,150.8
V001005,2026-04-22,W10,小麥白啤酒,酒水,Fried,240.0,136.8
V001005,2026-04-22,W06,Negroni,酒水,Cheese,350.0,266.0
V001006,2026-04-22,M05,白酒蛤蜊義大利麵,主食,Seafood,380.0,167.2
V001006,2026-04-22,M04,松露野菌燉飯,主食,Cheese,420.0,189.0
V001006,2026-04-22,S01,紹興油泡蝦,副食,Seafood,280.0,196.0
V001006,2026-04-22,S02,西班牙蒜辣蝦,副食,Seafood,260.0,176.8
V001006,2026-04-22,W04,白蘇維翁(杯),酒水,Seafood,280.0,170.8
V001006,2026-04-22,W12,季節水果特調,酒水,Universal,340.0,261.8
V001006,2026-04-22,W11,威士忌 Highball,酒水,Cheese,300.0,222.0
V001007,2026-04-22,M01,舒肥紅酒燉牛肉,主食,Red_Meat,480.0,192.0
V001007,2026-04-22,S07,炙燒櫛瓜佐油醋,副食,Universal,160.0,108.8
V001007,2026-04-22,S06,酥炸花枝圈,副食,Fried,220.0,154.0
V001007,2026-04-22,S07,炙燒櫛瓜佐油醋,副食,Universal,160.0,108.8
V001007,2026-04-22,W10,小麥白啤酒,酒水,Fried,240.0,136.8
V001007,2026-04-22,W08,Gin & Tonic,酒水,Universal,300.0,234.0
V001007,2026-04-22,W06,Negroni,酒水,Cheese,350.0,266.0
V001007,2026-04-22,W12,季節水果特調,酒水,Universal,340.0,261.8
V001007,2026-04-22,W02,卡本內蘇維翁(杯),酒水,Red_Meat,320.0,192.0
V001007,2026-04-22,W05,氣泡酒(杯),酒水,Fried,300.0,189.0
V001007,2026-04-22,W11,威士忌 Highball,酒水,Cheese,300.0,222.0
V001007,2026-04-22,W01,馬爾貝克紅酒(杯),酒水,Red_Meat,280.0,173.6
V001007,2026-04-22,W07,Old Fashioned,酒水,Red_Meat,380.0,285.0
V001008,2026-04-22,M01,舒肥紅酒燉牛肉,主食,Red_Meat,480.0,192.0
V001008,2026-04-22,S05,松露薯條,副食,Fried,180.0,129.6
V001008,2026-04-22,S02,西班牙蒜辣蝦,副食,Seafood,260.0,176.8
V001008,2026-04-22,D01,提拉米蘇,甜點,Dessert,180.0,117.0
V001008,2026-04-22,W07,Old Fashioned,酒水,Red_Meat,380.0,285.0
V001008,2026-04-22,W07,Old Fashioned,酒水,Red_Meat,380.0,285.0
V001009,2026-04-22,M05,白酒蛤蜊義大利麵,主食,Seafood,380.0,167.2
V001009,2026-04-22,M06,香煎鮭魚佐檸檬,主食,Seafood,460.0,193.2
V001009,2026-04-22,M02,爐烤伊比利豬肩,主食,Red_Meat,520.0,197.6
V001009,2026-04-22,S02,西班牙蒜辣蝦,副食,Seafood,260.0,176.8
V001009,2026-04-22,S04,三種起司拼盤,副食,Cheese,340.0,224.4
V001009,2026-04-22,S02,西班牙蒜辣蝦,副食,Seafood,260.0,176.8
V001009,2026-04-22,S06,酥炸花枝圈,副食,Fried,220.0,154.0
V001009,2026-04-22,W06,Negroni,酒水,Cheese,350.0,266.0
V001009,2026-04-22,W10,小麥白啤酒,酒水,Fried,240.0,136.8
V001010,2026-04-23,M04,松露野菌燉飯,主食,Cheese,420.0,189.0
V001010,2026-04-23,S04,三種起司拼盤,副食,Cheese,340.0,224.4
V001011,2026-04-23,M02,爐烤伊比利豬肩,主食,Red_Meat,520.0,197.6
V001011,2026-04-23,S06,酥炸花枝圈,副食,Fried,220.0,154.0
V001011,2026-04-23,S03,伊比利火腿盤,副食,Cheese,380.0,247.0
V001011,2026-04-23,W02,卡本內蘇維翁(杯),酒水,Red_Meat,320.0,192.0
V001011,2026-04-23,W12,季節水果特調,酒水,Universal,340.0,261.8
V001011,2026-04-23,W06,Negroni,酒水,Cheese,350.0,266.0
V001012,2026-04-23,M03,炭烤戰斧牛排,主食,Red_Meat,880.0,308.0
V001012,2026-04-23,D02,焦糖烤布蕾,甜點,Dessert,160.0,107.2
V001012,2026-04-23,W11,威士忌 Highball,酒水,Cheese,300.0,222.0
V001013,2026-04-23,M01,舒肥紅酒燉牛肉,主食,Red_Meat,480.0,192.0
V001013,2026-04-23,S07,炙燒櫛瓜佐油醋,副食,Universal,160.0,108.8
V001013,2026-04-23,S06,酥炸花枝圈,副食,Fried,220.0,154.0
V001013,2026-04-23,D01,提拉米蘇,甜點,Dessert,180.0,117.0
V001013,2026-04-23,W07,Old Fashioned,酒水,Red_Meat,380.0,285.0
V001013,2026-04-23,W12,季節水果特調,酒水,Universal,340.0,261.8
V001013,2026-04-23,W07,Old Fashioned,酒水,Red_Meat,380.0,285.0
V001013,2026-04-23,W12,季節水果特調,酒水,Universal,340.0,261.8
V001014,2026-04-23,M03,炭烤戰斧牛排,主食,Red_Meat,880.0,308.0
V001014,2026-04-23,S05,松露薯條,副食,Fried,180.0,129.6
V001014,2026-04-23,W07,Old Fashioned,酒水,Red_Meat,380.0,285.0
V001014,2026-04-23,W09,精釀 IPA,酒水,Fried,260.0,150.8
V001014,2026-04-23,W02,卡本內蘇維翁(杯),酒水,Red_Meat,320.0,192.0
V001014,2026-04-23,W06,Negroni,酒水,Cheese,350.0,266.0
V001014,2026-04-23,W08,Gin & Tonic,酒水,Universal,300.0,234.0
V001015,2026-04-23,M05,白酒蛤蜊義大利麵,主食,Seafood,380.0,167.2
V001015,2026-04-23,W01,馬爾貝克紅酒(杯),酒水,Red_Meat,280.0,173.6
V001015,2026-04-23,W08,Gin & Tonic,酒水,Universal,300.0,234.0
V001015,2026-04-23,W11,威士忌 Highball,酒水,Cheese,300.0,222.0
V001016,2026-04-23,M06,香煎鮭魚佐檸檬,主食,Seafood,460.0,193.2
V001016,2026-04-23,S07,炙燒櫛瓜佐油醋,副食,Universal,160.0,108.8
V001016,2026-04-23,S03,伊比利火腿盤,副食,Cheese,380.0,247.0
V001017,2026-04-23,M02,爐烤伊比利豬肩,主食,Red_Meat,520.0,197.6
V001017,2026-04-23,S07,炙燒櫛瓜佐油醋,副食,Universal,160.0,108.8
V001017,2026-04-23,S06,酥炸花枝圈,副食,Fried,220.0,154.0
V001017,2026-04-23,W08,Gin & Tonic,酒水,Universal,300.0,234.0
V001017,2026-04-23,W12,季節水果特調,酒水,Universal,340.0,261.8
V001017,2026-04-23,W03,夏多內白酒(杯),酒水,Seafood,260.0,161.2
V001017,2026-04-23,W02,卡本內蘇維翁(杯),酒水,Red_Meat,320.0,192.0
V001018,2026-04-23,M06,香煎鮭魚佐檸檬,主食,Seafood,460.0,193.2
V001018,2026-04-23,S06,酥炸花枝圈,副食,Fried,220.0,154.0
V001018,2026-04-23,S05,松露薯條,副食,Fried,180.0,129.6
V001018,2026-04-23,S06,酥炸花枝圈,副食,Fried,220.0,154.0
V001018,2026-04-23,S01,紹興油泡蝦,副食,Seafood,280.0,196.0
V001018,2026-04-23,W01,馬爾貝克紅酒(杯),酒水,Red_Meat,280.0,173.6
V001019,2026-04-23,M06,香煎鮭魚佐檸檬,主食,Seafood,460.0,193.2
V001019,2026-04-23,S04,三種起司拼盤,副食,Cheese,340.0,224.4
V001019,2026-04-23,S07,炙燒櫛瓜佐油醋,副食,Universal,160.0,108.8
V001019,2026-04-23,S07,炙燒櫛瓜佐油醋,副食,Universal,160.0,108.8
V001020,2026-04-23,M03,炭烤戰斧牛排,主食,Red_Meat,880.0,308.0
V001020,2026-04-23,M02,爐烤伊比利豬肩,主食,Red_Meat,520.0,197.6
V001020,2026-04-23,S03,伊比利火腿盤,副食,Cheese,380.0,247.0
V001020,2026-04-23,S05,松露薯條,副食,Fried,180.0,129.6
V001020,2026-04-23,S03,伊比利火腿盤,副食,Cheese,380.0,247.0
V001020,2026-04-23,W02,卡本內蘇維翁(杯),酒水,Red_Meat,320.0,192.0
V001020,2026-04-23,W09,精釀 IPA,酒水,Fried,260.0,150.8
V001020,2026-04-23,W11,威士忌 Highball,酒水,Cheese,300.0,222.0
V001020,2026-04-23,W11,威士忌 Highball,酒水,Cheese,300.0,222.0
V001020,2026-04-23,W11,威士忌 Highball,酒水,Cheese,300.0,222.0
V001020,2026-04-23,W10,小麥白啤酒,酒水,Fried,240.0,136.8
V001020,2026-04-23,W10,小麥白啤酒,酒水,Fried,240.0,136.8
V001020,2026-04-23,W06,Negroni,酒水,Cheese,350.0,266.0
V001021,2026-04-23,M05,白酒蛤蜊義大利麵,主食,Seafood,380.0,167.2
V001021,2026-04-23,M03,炭烤戰斧牛排,主食,Red_Meat,880.0,308.0
V001021,2026-04-23,S03,伊比利火腿盤,副食,Cheese,380.0,247.0
V001021,2026-04-23,S01,紹興油泡蝦,副食,Seafood,280.0,196.0
V001021,2026-04-23,S04,三種起司拼盤,副食,Cheese,340.0,224.4
V001021,2026-04-23,D02,焦糖烤布蕾,甜點,Dessert,160.0,107.2
V001021,2026-04-23,W11,威士忌 Highball,酒水,Cheese,300.0,222.0
V001021,2026-04-23,W05,氣泡酒(杯),酒水,Fried,300.0,189.0
V001021,2026-04-23,W04,白蘇維翁(杯),酒水,Seafood,280.0,170.8
V001021,2026-04-23,W01,馬爾貝克紅酒(杯),酒水,Red_Meat,280.0,173.6
V001021,2026-04-23,W12,季節水果特調,酒水,Universal,340.0,261.8
V001022,2026-04-23,M06,香煎鮭魚佐檸檬,主食,Seafood,460.0,193.2
V001022,2026-04-23,S07,炙燒櫛瓜佐油醋,副食,Universal,160.0,108.8
V001022,2026-04-23,W03,夏多內白酒(杯),酒水,Seafood,260.0,161.2
V001023,2026-04-23,M04,松露野菌燉飯,主食,Cheese,420.0,189.0
V001023,2026-04-23,S02,西班牙蒜辣蝦,副食,Seafood,260.0,176.8
V001023,2026-04-23,S05,松露薯條,副食,Fried,180.0,129.6
V001023,2026-04-23,W02,卡本內蘇維翁(杯),酒水,Red_Meat,320.0,192.0
V001023,2026-04-23,W06,Negroni,酒水,Cheese,350.0,266.0
V001023,2026-04-23,W04,白蘇維翁(杯),酒水,Seafood,280.0,170.8
V001023,2026-04-23,W07,Old Fashioned,酒水,Red_Meat,380.0,285.0
V001023,2026-04-23,W08,Gin & Tonic,酒水,Universal,300.0,234.0
V001023,2026-04-23,W03,夏多內白酒(杯),酒水,Seafood,260.0,161.2
V001023,2026-04-23,W04,白蘇維翁(杯),酒水,Seafood,280.0,170.8
V001024,2026-04-23,M03,炭烤戰斧牛排,主食,Red_Meat,880.0,308.0
V001024,2026-04-23,M05,白酒蛤蜊義大利麵,主食,Seafood,380.0,167.2
V001024,2026-04-23,M05,白酒蛤蜊義大利麵,主食,Seafood,380.0,167.2
V001024,2026-04-23,M02,爐烤伊比利豬肩,主食,Red_Meat,520.0,197.6
V001024,2026-04-23,S03,伊比利火腿盤,副食,Cheese,380.0,247.0
V001024,2026-04-23,S04,三種起司拼盤,副食,Cheese,340.0,224.4
V001024,2026-04-23,W04,白蘇維翁(杯),酒水,Seafood,280.0,170.8
V001024,2026-04-23,W02,卡本內蘇維翁(杯),酒水,Red_Meat,320.0,192.0
V001024,2026-04-23,W04,白蘇維翁(杯),酒水,Seafood,280.0,170.8
V001024,2026-04-23,W11,威士忌 Highball,酒水,Cheese,300.0,222.0
V001024,2026-04-23,W03,夏多內白酒(杯),酒水,Seafood,260.0,161.2
V001024,2026-04-23,W03,夏多內白酒(杯),酒水,Seafood,260.0,161.2
V001024,2026-04-23,W11,威士忌 Highball,酒水,Cheese,300.0,222.0
V001024,2026-04-23,W03,夏多內白酒(杯),酒水,Seafood,260.0,161.2
V001024,2026-04-23,W03,夏多內白酒(杯),酒水,Seafood,260.0,161.2
V001024,2026-04-23,W03,夏多內白酒(杯),酒水,Seafood,260.0,161.2
V001024,2026-04-23,W04,白蘇維翁(杯),酒水,Seafood,280.0,170.8
V001024,2026-04-23,W07,Old Fashioned,酒水,Red_Meat,380.0,285.0
V001025,2026-04-23,M03,炭烤戰斧牛排,主食,Red_Meat,880.0,308.0
V001025,2026-04-23,M01,舒肥紅酒燉牛肉,主食,Red_Meat,480.0,192.0
V001025,2026-04-23,S05,松露薯條,副食,Fried,180.0,129.6
V001025,2026-04-23,S04,三種起司拼盤,副食,Cheese,340.0,224.4
V001025,2026-04-23,W06,Negroni,酒水,Cheese,350.0,266.0
V001025,2026-04-23,W06,Negroni,酒水,Cheese,350.0,266.0
V001026,2026-04-23,M02,爐烤伊比利豬肩,主食,Red_Meat,520.0,197.6
V001026,2026-04-23,S02,西班牙蒜辣蝦,副食,Seafood,260.0,176.8
V001026,2026-04-23,W01,馬爾貝克紅酒(杯),酒水,Red_Meat,280.0,173.6
V001026,2026-04-23,W07,Old Fashioned,酒水,Red_Meat,380.0,285.0
V001026,2026-04-23,W02,卡本內蘇維翁(杯),酒水,Red_Meat,320.0,192.0
V001026,2026-04-23,W05,氣泡酒(杯),酒水,Fried,300.0,189.0
V001026,2026-04-23,W09,精釀 IPA,酒水,Fried,260.0,150.8
V001027,2026-04-24,M05,白酒蛤蜊義大利麵,主食,Seafood,380.0,167.2
V001027,2026-04-24,M06,香煎鮭魚佐檸檬,主食,Seafood,460.0,193.2
V001027,2026-04-24,S06,酥炸花枝圈,副食,Fried,220.0,154.0
V001027,2026-04-24,S02,西班牙蒜辣蝦,副食,Seafood,260.0,176.8
V001028,2026-04-24,M05,白酒蛤蜊義大利麵,主食,Seafood,380.0,167.2
V001028,2026-04-24,S01,紹興油泡蝦,副食,Seafood,280.0,196.0
V001028,2026-04-24,S02,西班牙蒜辣蝦,副食,Seafood,260.0,176.8
V001028,2026-04-24,W03,夏多內白酒(杯),酒水,Seafood,260.0,161.2
V001028,2026-04-24,W03,夏多內白酒(杯),酒水,Seafood,260.0,161.2
V001028,2026-04-24,W04,白蘇維翁(杯),酒水,Seafood,280.0,170.8
V001029,2026-04-24,M06,香煎鮭魚佐檸檬,主食,Seafood,460.0,193.2
V001029,2026-04-24,S01,紹興油泡蝦,副食,Seafood,280.0,196.0
V001029,2026-04-24,S06,酥炸花枝圈,副食,Fried,220.0,154.0
V001029,2026-04-24,S01,紹興油泡蝦,副食,Seafood,280.0,196.0
V001029,2026-04-24,S02,西班牙蒜辣蝦,副食,Seafood,260.0,176.8
V001029,2026-04-24,D02,焦糖烤布蕾,甜點,Dessert,160.0,107.2
V001029,2026-04-24,W03,夏多內白酒(杯),酒水,Seafood,260.0,161.2
V001030,2026-04-24,M02,爐烤伊比利豬肩,主食,Red_Meat,520.0,197.6
V001030,2026-04-24,M05,白酒蛤蜊義大利麵,主食,Seafood,380.0,167.2
V001030,2026-04-24,M06,香煎鮭魚佐檸檬,主食,Seafood,460.0,193.2
V001030,2026-04-24,M04,松露野菌燉飯,主食,Cheese,420.0,189.0
V001030,2026-04-24,S05,松露薯條,副食,Fried,180.0,129.6
V001030,2026-04-24,S05,松露薯條,副食,Fried,180.0,129.6
V001030,2026-04-24,S07,炙燒櫛瓜佐油醋,副食,Universal,160.0,108.8
V001030,2026-04-24,S07,炙燒櫛瓜佐油醋,副食,Universal,160.0,108.8
V001030,2026-04-24,D01,提拉米蘇,甜點,Dessert,180.0,117.0
V001030,2026-04-24,W06,Negroni,酒水,Cheese,350.0,266.0
V001030,2026-04-24,W03,夏多內白酒(杯),酒水,Seafood,260.0,161.2
V001030,2026-04-24,W02,卡本內蘇維翁(杯),酒水,Red_Meat,320.0,192.0
V001030,2026-04-24,W01,馬爾貝克紅酒(杯),酒水,Red_Meat,280.0,173.6
V001030,2026-04-24,W04,白蘇維翁(杯),酒水,Seafood,280.0,170.8
V001030,2026-04-24,W10,小麥白啤酒,酒水,Fried,240.0,136.8
V001030,2026-04-24,W08,Gin & Tonic,酒水,Universal,300.0,234.0
V001031,2026-04-24,M03,炭烤戰斧牛排,主食,Red_Meat,880.0,308.0
V001031,2026-04-24,M03,炭烤戰斧牛排,主食,Red_Meat,880.0,308.0
V001031,2026-04-24,M03,炭烤戰斧牛排,主食,Red_Meat,880.0,308.0
V001031,2026-04-24,M04,松露野菌燉飯,主食,Cheese,420.0,189.0
V001031,2026-04-24,S07,炙燒櫛瓜佐油醋,副食,Universal,160.0,108.8
V001031,2026-04-24,S07,炙燒櫛瓜佐油醋,副食,Universal,160.0,108.8
V001031,2026-04-24,S03,伊比利火腿盤,副食,Cheese,380.0,247.0
V001031,2026-04-24,W09,精釀 IPA,酒水,Fried,260.0,150.8
V001031,2026-04-24,W01,馬爾貝克紅酒(杯),酒水,Red_Meat,280.0,173.6
V001032,2026-04-24,M02,爐烤伊比利豬肩,主食,Red_Meat,520.0,197.6
V001032,2026-04-24,M06,香煎鮭魚佐檸檬,主食,Seafood,460.0,193.2
V001032,2026-04-24,M05,白酒蛤蜊義大利麵,主食,Seafood,380.0,167.2
V001032,2026-04-24,S07,炙燒櫛瓜佐油醋,副食,Universal,160.0,108.8
V001032,2026-04-24,S05,松露薯條,副食,Fried,180.0,129.6
V001032,2026-04-24,W03,夏多內白酒(杯),酒水,Seafood,260.0,161.2
V001032,2026-04-24,W03,夏多內白酒(杯),酒水,Seafood,260.0,161.2
V001032,2026-04-24,W03,夏多內白酒(杯),酒水,Seafood,260.0,161.2
V001032,2026-04-24,W06,Negroni,酒水,Cheese,350.0,266.0
V001033,2026-04-24,M05,白酒蛤蜊義大利麵,主食,Seafood,380.0,167.2
V001033,2026-04-24,S06,酥炸花枝圈,副食,Fried,220.0,154.0
V001033,2026-04-24,S03,伊比利火腿盤,副食,Cheese,380.0,247.0
V001033,2026-04-24,S02,西班牙蒜辣蝦,副食,Seafood,260.0,176.8
V001033,2026-04-24,S03,伊比利火腿盤,副食,Cheese,380.0,247.0
V001033,2026-04-24,S03,伊比利火腿盤,副食,Cheese,380.0,247.0
V001033,2026-04-24,W03,夏多內白酒(杯),酒水,Seafood,260.0,161.2
V001034,2026-04-24,M03,炭烤戰斧牛排,主食,Red_Meat,880.0,308.0
V001034,2026-04-24,S05,松露薯條,副食,Fried,180.0,129.6
V001034,2026-04-24,S01,紹興油泡蝦,副食,Seafood,280.0,196.0
V001034,2026-04-24,S02,西班牙蒜辣蝦,副食,Seafood,260.0,176.8
V001034,2026-04-24,S07,炙燒櫛瓜佐油醋,副食,Universal,160.0,108.8
V001034,2026-04-24,W07,Old Fashioned,酒水,Red_Meat,380.0,285.0
V001034,2026-04-24,W04,白蘇維翁(杯),酒水,Seafood,280.0,170.8
V001034,2026-04-24,W09,精釀 IPA,酒水,Fried,260.0,150.8
V001035,2026-04-24,M03,炭烤戰斧牛排,主食,Red_Meat,880.0,308.0
V001035,2026-04-24,S02,西班牙蒜辣蝦,副食,Seafood,260.0,176.8
V001035,2026-04-24,S01,紹興油泡蝦,副食,Seafood,280.0,196.0
V001035,2026-04-24,S01,紹興油泡蝦,副食,Seafood,280.0,196.0
V001035,2026-04-24,S02,西班牙蒜辣蝦,副食,Seafood,260.0,176.8
V001035,2026-04-24,S03,伊比利火腿盤,副食,Cheese,380.0,247.0
V001035,2026-04-24,S04,三種起司拼盤,副食,Cheese,340.0,224.4
V001035,2026-04-24,W02,卡本內蘇維翁(杯),酒水,Red_Meat,320.0,192.0
V001035,2026-04-24,W02,卡本內蘇維翁(杯),酒水,Red_Meat,320.0,192.0
V001035,2026-04-24,W03,夏多內白酒(杯),酒水,Seafood,260.0,161.2
V001036,2026-04-24,M06,香煎鮭魚佐檸檬,主食,Seafood,460.0,193.2
V001036,2026-04-24,M03,炭烤戰斧牛排,主食,Red_Meat,880.0,308.0
V001036,2026-04-24,M04,松露野菌燉飯,主食,Cheese,420.0,189.0
V001036,2026-04-24,M02,爐烤伊比利豬肩,主食,Red_Meat,520.0,197.6
V001036,2026-04-24,S06,酥炸花枝圈,副食,Fried,220.0,154.0
V001036,2026-04-24,S06,酥炸花枝圈,副食,Fried,220.0,154.0
V001036,2026-04-24,S06,酥炸花枝圈,副食,Fried,220.0,154.0
V001036,2026-04-24,D02,焦糖烤布蕾,甜點,Dessert,160.0,107.2
V001036,2026-04-24,W04,白蘇維翁(杯),酒水,Seafood,280.0,170.8
V001036,2026-04-24,W10,小麥白啤酒,酒水,Fried,240.0,136.8
V001036,2026-04-24,W06,Negroni,酒水,Cheese,350.0,266.0
V001037,2026-04-24,M02,爐烤伊比利豬肩,主食,Red_Meat,520.0,197.6
V001037,2026-04-24,M03,炭烤戰斧牛排,主食,Red_Meat,880.0,308.0
V001037,2026-04-24,S01,紹興油泡蝦,副食,Seafood,280.0,196.0
V001037,2026-04-24,S04,三種起司拼盤,副食,Cheese,340.0,224.4
V001037,2026-04-24,S06,酥炸花枝圈,副食,Fried,220.0,154.0
V001037,2026-04-24,S01,紹興油泡蝦,副食,Seafood,280.0,196.0
V001037,2026-04-24,S01,紹興油泡蝦,副食,Seafood,280.0,196.0
V001037,2026-04-24,S07,炙燒櫛瓜佐油醋,副食,Universal,160.0,108.8
V001037,2026-04-24,S02,西班牙蒜辣蝦,副食,Seafood,260.0,176.8
V001037,2026-04-24,D01,提拉米蘇,甜點,Dessert,180.0,117.0
V001037,2026-04-24,W04,白蘇維翁(杯),酒水,Seafood,280.0,170.8
V001037,2026-04-24,W02,卡本內蘇維翁(杯),酒水,Red_Meat,320.0,192.0
V001037,2026-04-24,W08,Gin & Tonic,酒水,Universal,300.0,234.0
V001038,2026-04-24,M01,舒肥紅酒燉牛肉,主食,Red_Meat,480.0,192.0
V001038,2026-04-24,M01,舒肥紅酒燉牛肉,主食,Red_Meat,480.0,192.0
V001038,2026-04-24,W12,季節水果特調,酒水,Universal,340.0,261.8
V001039,2026-04-24,M01,舒肥紅酒燉牛肉,主食,Red_Meat,480.0,192.0
V001039,2026-04-24,M06,香煎鮭魚佐檸檬,主食,Seafood,460.0,193.2
V001039,2026-04-24,S02,西班牙蒜辣蝦,副食,Seafood,260.0,176.8
V001039,2026-04-24,S05,松露薯條,副食,Fried,180.0,129.6
V001039,2026-04-24,W13,無酒精莫吉托,酒水,Universal,180.0,144.0
V001039,2026-04-24,W12,季節水果特調,酒水,Universal,340.0,261.8
V001039,2026-04-24,W02,卡本內蘇維翁(杯),酒水,Red_Meat,320.0,192.0
V001039,2026-04-24,W01,馬爾貝克紅酒(杯),酒水,Red_Meat,280.0,173.6
V001039,2026-04-24,W08,Gin & Tonic,酒水,Universal,300.0,234.0
V001039,2026-04-24,W07,Old Fashioned,酒水,Red_Meat,380.0,285.0
V001040,2026-04-24,M04,松露野菌燉飯,主食,Cheese,420.0,189.0
V001040,2026-04-24,M01,舒肥紅酒燉牛肉,主食,Red_Meat,480.0,192.0
V001040,2026-04-24,M04,松露野菌燉飯,主食,Cheese,420.0,189.0
V001040,2026-04-24,M03,炭烤戰斧牛排,主食,Red_Meat,880.0,308.0
V001040,2026-04-24,S01,紹興油泡蝦,副食,Seafood,280.0,196.0
V001040,2026-04-24,S05,松露薯條,副食,Fried,180.0,129.6
V001040,2026-04-24,S05,松露薯條,副食,Fried,180.0,129.6
V001040,2026-04-24,S02,西班牙蒜辣蝦,副食,Seafood,260.0,176.8
V001040,2026-04-24,W11,威士忌 Highball,酒水,Cheese,300.0,222.0
V001040,2026-04-24,W10,小麥白啤酒,酒水,Fried,240.0,136.8
V001040,2026-04-24,W05,氣泡酒(杯),酒水,Fried,300.0,189.0
V001041,2026-04-24,M02,爐烤伊比利豬肩,主食,Red_Meat,520.0,197.6
V001041,2026-04-24,M04,松露野菌燉飯,主食,Cheese,420.0,189.0
V001041,2026-04-24,S07,炙燒櫛瓜佐油醋,副食,Universal,160.0,108.8
V001041,2026-04-24,D02,焦糖烤布蕾,甜點,Dessert,160.0,107.2
V001041,2026-04-24,W01,馬爾貝克紅酒(杯),酒水,Red_Meat,280.0,173.6
V001041,2026-04-24,W01,馬爾貝克紅酒(杯),酒水,Red_Meat,280.0,173.6
V001041,2026-04-24,W04,白蘇維翁(杯),酒水,Seafood,280.0,170.8
V001041,2026-04-24,W09,精釀 IPA,酒水,Fried,260.0,150.8
V001041,2026-04-24,W01,馬爾貝克紅酒(杯),酒水,Red_Meat,280.0,173.6
V001041,2026-04-24,W13,無酒精莫吉托,酒水,Universal,180.0,144.0
V001041,2026-04-24,W04,白蘇維翁(杯),酒水,Seafood,280.0,170.8
V001041,2026-04-24,W12,季節水果特調,酒水,Universal,340.0,261.8
V001041,2026-04-24,W11,威士忌 Highball,酒水,Cheese,300.0,222.0
V001042,2026-04-24,S02,西班牙蒜辣蝦,副食,Seafood,260.0,176.8
V001042,2026-04-24,W03,夏多內白酒(杯),酒水,Seafood,260.0,161.2
V001042,2026-04-24,W13,無酒精莫吉托,酒水,Universal,180.0,144.0
V001042,2026-04-24,W03,夏多內白酒(杯),酒水,Seafood,260.0,161.2
V001043,2026-04-24,M06,香煎鮭魚佐檸檬,主食,Seafood,460.0,193.2
V001043,2026-04-24,M01,舒肥紅酒燉牛肉,主食,Red_Meat,480.0,192.0
V001043,2026-04-24,M05,白酒蛤蜊義大利麵,主食,Seafood,380.0,167.2
V001043,2026-04-24,M06,香煎鮭魚佐檸檬,主食,Seafood,460.0,193.2
V001043,2026-04-24,S03,伊比利火腿盤,副食,Cheese,380.0,247.0
V001043,2026-04-24,S05,松露薯條,副食,Fried,180.0,129.6
V001043,2026-04-24,S05,松露薯條,副食,Fried,180.0,129.6
V001043,2026-04-24,S01,紹興油泡蝦,副食,Seafood,280.0,196.0
V001043,2026-04-24,S06,酥炸花枝圈,副食,Fried,220.0,154.0
V001043,2026-04-24,S06,酥炸花枝圈,副食,Fried,220.0,154.0
V001043,2026-04-24,W08,Gin & Tonic,酒水,Universal,300.0,234.0
V001043,2026-04-24,W09,精釀 IPA,酒水,Fried,260.0,150.8
V001043,2026-04-24,W09,精釀 IPA,酒水,Fried,260.0,150.8
V001043,2026-04-24,W09,精釀 IPA,酒水,Fried,260.0,150.8
V001043,2026-04-24,W09,精釀 IPA,酒水,Fried,260.0,150.8
V001043,2026-04-24,W10,小麥白啤酒,酒水,Fried,240.0,136.8
V001043,2026-04-24,W05,氣泡酒(杯),酒水,Fried,300.0,189.0
V001044,2026-04-24,M02,爐烤伊比利豬肩,主食,Red_Meat,520.0,197.6
V001044,2026-04-24,M05,白酒蛤蜊義大利麵,主食,Seafood,380.0,167.2
V001044,2026-04-24,M06,香煎鮭魚佐檸檬,主食,Seafood,460.0,193.2
V001044,2026-04-24,M04,松露野菌燉飯,主食,Cheese,420.0,189.0
V001044,2026-04-24,S07,炙燒櫛瓜佐油醋,副食,Universal,160.0,108.8
V001044,2026-04-24,S06,酥炸花枝圈,副食,Fried,220.0,154.0
V001044,2026-04-24,S03,伊比利火腿盤,副食,Cheese,380.0,247.0
V001044,2026-04-24,S06,酥炸花枝圈,副食,Fried,220.0,154.0
V001044,2026-04-24,S05,松露薯條,副食,Fried,180.0,129.6
V001044,2026-04-24,D02,焦糖烤布蕾,甜點,Dessert,160.0,107.2
V001044,2026-04-24,W12,季節水果特調,酒水,Universal,340.0,261.8
V001044,2026-04-24,W07,Old Fashioned,酒水,Red_Meat,380.0,285.0
V001044,2026-04-24,W04,白蘇維翁(杯),酒水,Seafood,280.0,170.8
V001044,2026-04-24,W07,Old Fashioned,酒水,Red_Meat,380.0,285.0
V001044,2026-04-24,W08,Gin & Tonic,酒水,Universal,300.0,234.0
V001044,2026-04-24,W11,威士忌 Highball,酒水,Cheese,300.0,222.0
V001044,2026-04-24,W05,氣泡酒(杯),酒水,Fried,300.0,189.0
V001045,2026-04-24,M03,炭烤戰斧牛排,主食,Red_Meat,880.0,308.0
V001045,2026-04-24,M05,白酒蛤蜊義大利麵,主食,Seafood,380.0,167.2
V001045,2026-04-24,M04,松露野菌燉飯,主食,Cheese,420.0,189.0
V001045,2026-04-24,S07,炙燒櫛瓜佐油醋,副食,Universal,160.0,108.8
V001045,2026-04-24,S01,紹興油泡蝦,副食,Seafood,280.0,196.0
V001045,2026-04-24,S04,三種起司拼盤,副食,Cheese,340.0,224.4
V001045,2026-04-24,W10,小麥白啤酒,酒水,Fried,240.0,136.8
V001045,2026-04-24,W03,夏多內白酒(杯),酒水,Seafood,260.0,161.2
V001045,2026-04-24,W02,卡本內蘇維翁(杯),酒水,Red_Meat,320.0,192.0
V001045,2026-04-24,W13,無酒精莫吉托,酒水,Universal,180.0,144.0
V001045,2026-04-24,W09,精釀 IPA,酒水,Fried,260.0,150.8
V001046,2026-04-24,M05,白酒蛤蜊義大利麵,主食,Seafood,380.0,167.2
V001046,2026-04-24,S05,松露薯條,副食,Fried,180.0,129.6
V001046,2026-04-24,S02,西班牙蒜辣蝦,副食,Seafood,260.0,176.8
V001046,2026-04-24,S06,酥炸花枝圈,副食,Fried,220.0,154.0
V001046,2026-04-24,W04,白蘇維翁(杯),酒水,Seafood,280.0,170.8
V001046,2026-04-24,W05,氣泡酒(杯),酒水,Fried,300.0,189.0
V001047,2026-04-24,M04,松露野菌燉飯,主食,Cheese,420.0,189.0
V001047,2026-04-24,M02,爐烤伊比利豬肩,主食,Red_Meat,520.0,197.6
V001047,2026-04-24,M06,香煎鮭魚佐檸檬,主食,Seafood,460.0,193.2
V001047,2026-04-24,S01,紹興油泡蝦,副食,Seafood,280.0,196.0
V001047,2026-04-24,S02,西班牙蒜辣蝦,副食,Seafood,260.0,176.8
V001047,2026-04-24,S01,紹興油泡蝦,副食,Seafood,280.0,196.0
V001047,2026-04-24,S07,炙燒櫛瓜佐油醋,副食,Universal,160.0,108.8
V001047,2026-04-24,S03,伊比利火腿盤,副食,Cheese,380.0,247.0
V001047,2026-04-24,S01,紹興油泡蝦,副食,Seafood,280.0,196.0
V001047,2026-04-24,S01,紹興油泡蝦,副食,Seafood,280.0,196.0
V001047,2026-04-24,D02,焦糖烤布蕾,甜點,Dessert,160.0,107.2
V001047,2026-04-24,W11,威士忌 Highball,酒水,Cheese,300.0,222.0
V001047,2026-04-24,W04,白蘇維翁(杯),酒水,Seafood,280.0,170.8
V001047,2026-04-24,W03,夏多內白酒(杯),酒水,Seafood,260.0,161.2
V001048,2026-04-25,M06,香煎鮭魚佐檸檬,主食,Seafood,460.0,193.2
V001048,2026-04-25,S07,炙燒櫛瓜佐油醋,副食,Universal,160.0,108.8
V001048,2026-04-25,W11,威士忌 Highball,酒水,Cheese,300.0,222.0
V001048,2026-04-25,W11,威士忌 Highball,酒水,Cheese,300.0,222.0
V001048,2026-04-25,W03,夏多內白酒(杯),酒水,Seafood,260.0,161.2
V001049,2026-04-25,M01,舒肥紅酒燉牛肉,主食,Red_Meat,480.0,192.0
V001049,2026-04-25,S07,炙燒櫛瓜佐油醋,副食,Universal,160.0,108.8
V001049,2026-04-25,S07,炙燒櫛瓜佐油醋,副食,Universal,160.0,108.8
V001049,2026-04-25,S04,三種起司拼盤,副食,Cheese,340.0,224.4
V001049,2026-04-25,W12,季節水果特調,酒水,Universal,340.0,261.8
V001049,2026-04-25,W05,氣泡酒(杯),酒水,Fried,300.0,189.0
V001049,2026-04-25,W13,無酒精莫吉托,酒水,Universal,180.0,144.0
V001049,2026-04-25,W07,Old Fashioned,酒水,Red_Meat,380.0,285.0
V001050,2026-04-25,M02,爐烤伊比利豬肩,主食,Red_Meat,520.0,197.6
V001050,2026-04-25,M03,炭烤戰斧牛排,主食,Red_Meat,880.0,308.0
V001050,2026-04-25,M04,松露野菌燉飯,主食,Cheese,420.0,189.0
V001050,2026-04-25,S06,酥炸花枝圈,副食,Fried,220.0,154.0
V001050,2026-04-25,S03,伊比利火腿盤,副食,Cheese,380.0,247.0
V001050,2026-04-25,S04,三種起司拼盤,副食,Cheese,340.0,224.4
V001050,2026-04-25,S02,西班牙蒜辣蝦,副食,Seafood,260.0,176.8
V001050,2026-04-25,W11,威士忌 Highball,酒水,Cheese,300.0,222.0
V001050,2026-04-25,W01,馬爾貝克紅酒(杯),酒水,Red_Meat,280.0,173.6
V001050,2026-04-25,W11,威士忌 Highball,酒水,Cheese,300.0,222.0
V001050,2026-04-25,W07,Old Fashioned,酒水,Red_Meat,380.0,285.0
V001050,2026-04-25,W02,卡本內蘇維翁(杯),酒水,Red_Meat,320.0,192.0
V001050,2026-04-25,W03,夏多內白酒(杯),酒水,Seafood,260.0,161.2
V001050,2026-04-25,W02,卡本內蘇維翁(杯),酒水,Red_Meat,320.0,192.0
V001050,2026-04-25,W10,小麥白啤酒,酒水,Fried,240.0,136.8
V001050,2026-04-25,W09,精釀 IPA,酒水,Fried,260.0,150.8
V001050,2026-04-25,W13,無酒精莫吉托,酒水,Universal,180.0,144.0
V001050,2026-04-25,W01,馬爾貝克紅酒(杯),酒水,Red_Meat,280.0,173.6
V001051,2026-04-25,M05,白酒蛤蜊義大利麵,主食,Seafood,380.0,167.2
V001051,2026-04-25,S04,三種起司拼盤,副食,Cheese,340.0,224.4
V001051,2026-04-25,S05,松露薯條,副食,Fried,180.0,129.6
V001051,2026-04-25,S03,伊比利火腿盤,副食,Cheese,380.0,247.0
V001051,2026-04-25,S02,西班牙蒜辣蝦,副食,Seafood,260.0,176.8
V001051,2026-04-25,W07,Old Fashioned,酒水,Red_Meat,380.0,285.0
V001051,2026-04-25,W11,威士忌 Highball,酒水,Cheese,300.0,222.0
V001051,2026-04-25,W08,Gin & Tonic,酒水,Universal,300.0,234.0
V001052,2026-04-25,M04,松露野菌燉飯,主食,Cheese,420.0,189.0
V001052,2026-04-25,S01,紹興油泡蝦,副食,Seafood,280.0,196.0
V001052,2026-04-25,S05,松露薯條,副食,Fried,180.0,129.6
V001052,2026-04-25,S05,松露薯條,副食,Fried,180.0,129.6
V001053,2026-04-25,M03,炭烤戰斧牛排,主食,Red_Meat,880.0,308.0
V001053,2026-04-25,S02,西班牙蒜辣蝦,副食,Seafood,260.0,176.8
V001053,2026-04-25,W04,白蘇維翁(杯),酒水,Seafood,280.0,170.8
V001053,2026-04-25,W02,卡本內蘇維翁(杯),酒水,Red_Meat,320.0,192.0
V001054,2026-04-25,M01,舒肥紅酒燉牛肉,主食,Red_Meat,480.0,192.0
V001054,2026-04-25,S01,紹興油泡蝦,副食,Seafood,280.0,196.0
V001054,2026-04-25,S02,西班牙蒜辣蝦,副食,Seafood,260.0,176.8
V001054,2026-04-25,S05,松露薯條,副食,Fried,180.0,129.6
V001054,2026-04-25,W03,夏多內白酒(杯),酒水,Seafood,260.0,161.2
V001054,2026-04-25,W09,精釀 IPA,酒水,Fried,260.0,150.8
V001055,2026-04-25,M02,爐烤伊比利豬肩,主食,Red_Meat,520.0,197.6
V001055,2026-04-25,S01,紹興油泡蝦,副食,Seafood,280.0,196.0
V001055,2026-04-25,S05,松露薯條,副食,Fried,180.0,129.6
V001055,2026-04-25,D01,提拉米蘇,甜點,Dessert,180.0,117.0
V001055,2026-04-25,W01,馬爾貝克紅酒(杯),酒水,Red_Meat,280.0,173.6
V001055,2026-04-25,W09,精釀 IPA,酒水,Fried,260.0,150.8
V001055,2026-04-25,W02,卡本內蘇維翁(杯),酒水,Red_Meat,320.0,192.0
V001055,2026-04-25,W07,Old Fashioned,酒水,Red_Meat,380.0,285.0
V001055,2026-04-25,W06,Negroni,酒水,Cheese,350.0,266.0
V001056,2026-04-25,M02,爐烤伊比利豬肩,主食,Red_Meat,520.0,197.6
V001056,2026-04-25,M06,香煎鮭魚佐檸檬,主食,Seafood,460.0,193.2
V001056,2026-04-25,S02,西班牙蒜辣蝦,副食,Seafood,260.0,176.8
V001056,2026-04-25,S05,松露薯條,副食,Fried,180.0,129.6
V001056,2026-04-25,W09,精釀 IPA,酒水,Fried,260.0,150.8
V001056,2026-04-25,W04,白蘇維翁(杯),酒水,Seafood,280.0,170.8
V001056,2026-04-25,W04,白蘇維翁(杯),酒水,Seafood,280.0,170.8
V001056,2026-04-25,W03,夏多內白酒(杯),酒水,Seafood,260.0,161.2
V001057,2026-04-25,M03,炭烤戰斧牛排,主食,Red_Meat,880.0,308.0
V001057,2026-04-25,M04,松露野菌燉飯,主食,Cheese,420.0,189.0
V001057,2026-04-25,S07,炙燒櫛瓜佐油醋,副食,Universal,160.0,108.8
V001057,2026-04-25,S06,酥炸花枝圈,副食,Fried,220.0,154.0
V001057,2026-04-25,S05,松露薯條,副食,Fried,180.0,129.6
V001057,2026-04-25,W10,小麥白啤酒,酒水,Fried,240.0,136.8
V001057,2026-04-25,W08,Gin & Tonic,酒水,Universal,300.0,234.0
V001057,2026-04-25,W11,威士忌 Highball,酒水,Cheese,300.0,222.0
V001058,2026-04-25,M05,白酒蛤蜊義大利麵,主食,Seafood,380.0,167.2
V001058,2026-04-25,S02,西班牙蒜辣蝦,副食,Seafood,260.0,176.8
V001058,2026-04-25,W04,白蘇維翁(杯),酒水,Seafood,280.0,170.8
V001058,2026-04-25,W12,季節水果特調,酒水,Universal,340.0,261.8
V001058,2026-04-25,W06,Negroni,酒水,Cheese,350.0,266.0
V001058,2026-04-25,W03,夏多內白酒(杯),酒水,Seafood,260.0,161.2
V001059,2026-04-25,M03,炭烤戰斧牛排,主食,Red_Meat,880.0,308.0
V001059,2026-04-25,S07,炙燒櫛瓜佐油醋,副食,Universal,160.0,108.8
V001059,2026-04-25,S03,伊比利火腿盤,副食,Cheese,380.0,247.0
V001059,2026-04-25,D01,提拉米蘇,甜點,Dessert,180.0,117.0
V001059,2026-04-25,W04,白蘇維翁(杯),酒水,Seafood,280.0,170.8
V001059,2026-04-25,W02,卡本內蘇維翁(杯),酒水,Red_Meat,320.0,192.0
V001059,2026-04-25,W02,卡本內蘇維翁(杯),酒水,Red_Meat,320.0,192.0
V001060,2026-04-25,M04,松露野菌燉飯,主食,Cheese,420.0,189.0
V001060,2026-04-25,M05,白酒蛤蜊義大利麵,主食,Seafood,380.0,167.2
V001060,2026-04-25,M02,爐烤伊比利豬肩,主食,Red_Meat,520.0,197.6
V001060,2026-04-25,S02,西班牙蒜辣蝦,副食,Seafood,260.0,176.8
V001060,2026-04-25,S01,紹興油泡蝦,副食,Seafood,280.0,196.0
V001060,2026-04-25,S04,三種起司拼盤,副食,Cheese,340.0,224.4
V001060,2026-04-25,S07,炙燒櫛瓜佐油醋,副食,Universal,160.0,108.8
V001060,2026-04-25,D02,焦糖烤布蕾,甜點,Dessert,160.0,107.2
V001060,2026-04-25,W04,白蘇維翁(杯),酒水,Seafood,280.0,170.8
V001060,2026-04-25,W03,夏多內白酒(杯),酒水,Seafood,260.0,161.2
V001060,2026-04-25,W02,卡本內蘇維翁(杯),酒水,Red_Meat,320.0,192.0
V001060,2026-04-25,W07,Old Fashioned,酒水,Red_Meat,380.0,285.0
V001060,2026-04-25,W06,Negroni,酒水,Cheese,350.0,266.0
V001060,2026-04-25,W13,無酒精莫吉托,酒水,Universal,180.0,144.0
V001060,2026-04-25,W06,Negroni,酒水,Cheese,350.0,266.0
V001060,2026-04-25,W01,馬爾貝克紅酒(杯),酒水,Red_Meat,280.0,173.6
V001060,2026-04-25,W11,威士忌 Highball,酒水,Cheese,300.0,222.0
V001060,2026-04-25,W12,季節水果特調,酒水,Universal,340.0,261.8
V001060,2026-04-25,W03,夏多內白酒(杯),酒水,Seafood,260.0,161.2
V001060,2026-04-25,W04,白蘇維翁(杯),酒水,Seafood,280.0,170.8
V001060,2026-04-25,W12,季節水果特調,酒水,Universal,340.0,261.8
V001060,2026-04-25,W12,季節水果特調,酒水,Universal,340.0,261.8
V001061,2026-04-25,M02,爐烤伊比利豬肩,主食,Red_Meat,520.0,197.6
V001061,2026-04-25,S05,松露薯條,副食,Fried,180.0,129.6
V001061,2026-04-25,W10,小麥白啤酒,酒水,Fried,240.0,136.8
V001062,2026-04-25,M04,松露野菌燉飯,主食,Cheese,420.0,189.0
V001062,2026-04-25,S04,三種起司拼盤,副食,Cheese,340.0,224.4
V001062,2026-04-25,S01,紹興油泡蝦,副食,Seafood,280.0,196.0
V001062,2026-04-25,S07,炙燒櫛瓜佐油醋,副食,Universal,160.0,108.8
V001062,2026-04-25,S04,三種起司拼盤,副食,Cheese,340.0,224.4
V001062,2026-04-25,D02,焦糖烤布蕾,甜點,Dessert,160.0,107.2
V001062,2026-04-25,W02,卡本內蘇維翁(杯),酒水,Red_Meat,320.0,192.0
V001062,2026-04-25,W04,白蘇維翁(杯),酒水,Seafood,280.0,170.8
V001062,2026-04-25,W06,Negroni,酒水,Cheese,350.0,266.0
V001062,2026-04-25,W12,季節水果特調,酒水,Universal,340.0,261.8
V001063,2026-04-25,M01,舒肥紅酒燉牛肉,主食,Red_Meat,480.0,192.0
V001063,2026-04-25,M01,舒肥紅酒燉牛肉,主食,Red_Meat,480.0,192.0
V001063,2026-04-25,M04,松露野菌燉飯,主食,Cheese,420.0,189.0
V001063,2026-04-25,M06,香煎鮭魚佐檸檬,主食,Seafood,460.0,193.2
V001063,2026-04-25,S04,三種起司拼盤,副食,Cheese,340.0,224.4
V001063,2026-04-25,D02,焦糖烤布蕾,甜點,Dessert,160.0,107.2
V001063,2026-04-25,W13,無酒精莫吉托,酒水,Universal,180.0,144.0
V001063,2026-04-25,W03,夏多內白酒(杯),酒水,Seafood,260.0,161.2
V001064,2026-04-25,M02,爐烤伊比利豬肩,主食,Red_Meat,520.0,197.6
V001064,2026-04-25,S07,炙燒櫛瓜佐油醋,副食,Universal,160.0,108.8
V001064,2026-04-25,S04,三種起司拼盤,副食,Cheese,340.0,224.4
V001064,2026-04-25,S05,松露薯條,副食,Fried,180.0,129.6
V001064,2026-04-25,S06,酥炸花枝圈,副食,Fried,220.0,154.0
V001064,2026-04-25,S01,紹興油泡蝦,副食,Seafood,280.0,196.0
V001064,2026-04-25,D01,提拉米蘇,甜點,Dessert,180.0,117.0
V001065,2026-04-25,M05,白酒蛤蜊義大利麵,主食,Seafood,380.0,167.2
V001066,2026-04-25,M02,爐烤伊比利豬肩,主食,Red_Meat,520.0,197.6
V001066,2026-04-25,M03,炭烤戰斧牛排,主食,Red_Meat,880.0,308.0
V001066,2026-04-25,S02,西班牙蒜辣蝦,副食,Seafood,260.0,176.8
V001066,2026-04-25,W11,威士忌 Highball,酒水,Cheese,300.0,222.0
V001066,2026-04-25,W06,Negroni,酒水,Cheese,350.0,266.0
V001066,2026-04-25,W11,威士忌 Highball,酒水,Cheese,300.0,222.0
V001066,2026-04-25,W03,夏多內白酒(杯),酒水,Seafood,260.0,161.2
V001066,2026-04-25,W04,白蘇維翁(杯),酒水,Seafood,280.0,170.8
V001066,2026-04-25,W03,夏多內白酒(杯),酒水,Seafood,260.0,161.2
V001066,2026-04-25,W04,白蘇維翁(杯),酒水,Seafood,280.0,170.8
V001066,2026-04-25,W07,Old Fashioned,酒水,Red_Meat,380.0,285.0
V001066,2026-04-25,W02,卡本內蘇維翁(杯),酒水,Red_Meat,320.0,192.0
V001066,2026-04-25,W09,精釀 IPA,酒水,Fried,260.0,150.8
V001067,2026-04-25,M04,松露野菌燉飯,主食,Cheese,420.0,189.0
V001067,2026-04-25,M03,炭烤戰斧牛排,主食,Red_Meat,880.0,308.0
V001067,2026-04-25,S07,炙燒櫛瓜佐油醋,副食,Universal,160.0,108.8
V001067,2026-04-25,S04,三種起司拼盤,副食,Cheese,340.0,224.4
V001067,2026-04-25,S04,三種起司拼盤,副食,Cheese,340.0,224.4
V001067,2026-04-25,D01,提拉米蘇,甜點,Dessert,180.0,117.0
V001067,2026-04-25,W06,Negroni,酒水,Cheese,350.0,266.0
V001067,2026-04-25,W07,Old Fashioned,酒水,Red_Meat,380.0,285.0
V001067,2026-04-25,W05,氣泡酒(杯),酒水,Fried,300.0,189.0
V001068,2026-04-25,M04,松露野菌燉飯,主食,Cheese,420.0,189.0
V001068,2026-04-25,M03,炭烤戰斧牛排,主食,Red_Meat,880.0,308.0
V001068,2026-04-25,S04,三種起司拼盤,副食,Cheese,340.0,224.4
V001068,2026-04-25,S02,西班牙蒜辣蝦,副食,Seafood,260.0,176.8
V001068,2026-04-25,D01,提拉米蘇,甜點,Dessert,180.0,117.0
V001068,2026-04-25,W05,氣泡酒(杯),酒水,Fried,300.0,189.0
V001069,2026-04-25,M02,爐烤伊比利豬肩,主食,Red_Meat,520.0,197.6
V001069,2026-04-25,S06,酥炸花枝圈,副食,Fried,220.0,154.0
V001069,2026-04-25,S03,伊比利火腿盤,副食,Cheese,380.0,247.0
V001069,2026-04-25,W03,夏多內白酒(杯),酒水,Seafood,260.0,161.2
V001069,2026-04-25,W01,馬爾貝克紅酒(杯),酒水,Red_Meat,280.0,173.6
V001069,2026-04-25,W13,無酒精莫吉托,酒水,Universal,180.0,144.0
V001070,2026-04-25,M03,炭烤戰斧牛排,主食,Red_Meat,880.0,308.0
V001070,2026-04-25,M05,白酒蛤蜊義大利麵,主食,Seafood,380.0,167.2
V001070,2026-04-25,W11,威士忌 Highball,酒水,Cheese,300.0,222.0
V001071,2026-04-25,M01,舒肥紅酒燉牛肉,主食,Red_Meat,480.0,192.0
V001071,2026-04-25,S04,三種起司拼盤,副食,Cheese,340.0,224.4
V001071,2026-04-25,W09,精釀 IPA,酒水,Fried,260.0,150.8
V001071,2026-04-25,W05,氣泡酒(杯),酒水,Fried,300.0,189.0
V001071,2026-04-25,W11,威士忌 Highball,酒水,Cheese,300.0,222.0
V001071,2026-04-25,W08,Gin & Tonic,酒水,Universal,300.0,234.0
V001071,2026-04-25,W01,馬爾貝克紅酒(杯),酒水,Red_Meat,280.0,173.6
V001072,2026-04-25,M01,舒肥紅酒燉牛肉,主食,Red_Meat,480.0,192.0
V001072,2026-04-25,S06,酥炸花枝圈,副食,Fried,220.0,154.0
V001072,2026-04-25,S04,三種起司拼盤,副食,Cheese,340.0,224.4
V001072,2026-04-25,D01,提拉米蘇,甜點,Dessert,180.0,117.0
V001072,2026-04-25,W03,夏多內白酒(杯),酒水,Seafood,260.0,161.2
V001072,2026-04-25,W12,季節水果特調,酒水,Universal,340.0,261.8
V001073,2026-04-25,M05,白酒蛤蜊義大利麵,主食,Seafood,380.0,167.2
V001073,2026-04-25,M03,炭烤戰斧牛排,主食,Red_Meat,880.0,308.0
V001073,2026-04-25,S01,紹興油泡蝦,副食,Seafood,280.0,196.0
V001073,2026-04-25,S03,伊比利火腿盤,副食,Cheese,380.0,247.0
V001073,2026-04-25,S07,炙燒櫛瓜佐油醋,副食,Universal,160.0,108.8
V001073,2026-04-25,S04,三種起司拼盤,副食,Cheese,340.0,224.4
V001073,2026-04-25,D02,焦糖烤布蕾,甜點,Dessert,160.0,107.2
V001073,2026-04-25,W01,馬爾貝克紅酒(杯),酒水,Red_Meat,280.0,173.6
V001074,2026-04-25,M05,白酒蛤蜊義大利麵,主食,Seafood,380.0,167.2
V001075,2026-04-25,M05,白酒蛤蜊義大利麵,主食,Seafood,380.0,167.2
V001075,2026-04-25,M03,炭烤戰斧牛排,主食,Red_Meat,880.0,308.0
V001075,2026-04-25,M05,白酒蛤蜊義大利麵,主食,Seafood,380.0,167.2
V001075,2026-04-25,M06,香煎鮭魚佐檸檬,主食,Seafood,460.0,193.2
V001075,2026-04-25,M01,舒肥紅酒燉牛肉,主食,Red_Meat,480.0,192.0
V001075,2026-04-25,S07,炙燒櫛瓜佐油醋,副食,Universal,160.0,108.8
V001075,2026-04-25,W03,夏多內白酒(杯),酒水,Seafood,260.0,161.2
V001075,2026-04-25,W04,白蘇維翁(杯),酒水,Seafood,280.0,170.8
V001075,2026-04-25,W13,無酒精莫吉托,酒水,Universal,180.0,144.0
V001075,2026-04-25,W03,夏多內白酒(杯),酒水,Seafood,260.0,161.2
V001075,2026-04-25,W07,Old Fashioned,酒水,Red_Meat,380.0,285.0
V001075,2026-04-25,W04,白蘇維翁(杯),酒水,Seafood,280.0,170.8
V001075,2026-04-25,W08,Gin & Tonic,酒水,Universal,300.0,234.0
V001075,2026-04-25,W04,白蘇維翁(杯),酒水,Seafood,280.0,170.8
V001076,2026-04-26,M03,炭烤戰斧牛排,主食,Red_Meat,880.0,308.0
V001076,2026-04-26,S06,酥炸花枝圈,副食,Fried,220.0,154.0
V001076,2026-04-26,S04,三種起司拼盤,副食,Cheese,340.0,224.4
V001076,2026-04-26,S03,伊比利火腿盤,副食,Cheese,380.0,247.0
V001076,2026-04-26,W12,季節水果特調,酒水,Universal,340.0,261.8
V001076,2026-04-26,W06,Negroni,酒水,Cheese,350.0,266.0
V001076,2026-04-26,W02,卡本內蘇維翁(杯),酒水,Red_Meat,320.0,192.0
V001076,2026-04-26,W11,威士忌 Highball,酒水,Cheese,300.0,222.0
V001077,2026-04-26,M04,松露野菌燉飯,主食,Cheese,420.0,189.0
V001077,2026-04-26,M06,香煎鮭魚佐檸檬,主食,Seafood,460.0,193.2
V001077,2026-04-26,S06,酥炸花枝圈,副食,Fried,220.0,154.0
V001077,2026-04-26,W08,Gin & Tonic,酒水,Universal,300.0,234.0
V001077,2026-04-26,W01,馬爾貝克紅酒(杯),酒水,Red_Meat,280.0,173.6
V001077,2026-04-26,W08,Gin & Tonic,酒水,Universal,300.0,234.0
V001077,2026-04-26,W10,小麥白啤酒,酒水,Fried,240.0,136.8
V001077,2026-04-26,W03,夏多內白酒(杯),酒水,Seafood,260.0,161.2
V001077,2026-04-26,W03,夏多內白酒(杯),酒水,Seafood,260.0,161.2
V001077,2026-04-26,W13,無酒精莫吉托,酒水,Universal,180.0,144.0
V001077,2026-04-26,W08,Gin & Tonic,酒水,Universal,300.0,234.0
V001077,2026-04-26,W07,Old Fashioned,酒水,Red_Meat,380.0,285.0
V001077,2026-04-26,W04,白蘇維翁(杯),酒水,Seafood,280.0,170.8
V001078,2026-04-26,M04,松露野菌燉飯,主食,Cheese,420.0,189.0
V001078,2026-04-26,M03,炭烤戰斧牛排,主食,Red_Meat,880.0,308.0
V001078,2026-04-26,M01,舒肥紅酒燉牛肉,主食,Red_Meat,480.0,192.0
V001078,2026-04-26,S06,酥炸花枝圈,副食,Fried,220.0,154.0
V001078,2026-04-26,S01,紹興油泡蝦,副食,Seafood,280.0,196.0
V001078,2026-04-26,D02,焦糖烤布蕾,甜點,Dessert,160.0,107.2
V001078,2026-04-26,W01,馬爾貝克紅酒(杯),酒水,Red_Meat,280.0,173.6
V001078,2026-04-26,W04,白蘇維翁(杯),酒水,Seafood,280.0,170.8
V001078,2026-04-26,W07,Old Fashioned,酒水,Red_Meat,380.0,285.0
V001079,2026-04-26,M01,舒肥紅酒燉牛肉,主食,Red_Meat,480.0,192.0
V001079,2026-04-26,M05,白酒蛤蜊義大利麵,主食,Seafood,380.0,167.2
V001079,2026-04-26,S02,西班牙蒜辣蝦,副食,Seafood,260.0,176.8
V001079,2026-04-26,S06,酥炸花枝圈,副食,Fried,220.0,154.0
V001079,2026-04-26,W03,夏多內白酒(杯),酒水,Seafood,260.0,161.2
V001079,2026-04-26,W01,馬爾貝克紅酒(杯),酒水,Red_Meat,280.0,173.6
V001079,2026-04-26,W01,馬爾貝克紅酒(杯),酒水,Red_Meat,280.0,173.6
V001079,2026-04-26,W04,白蘇維翁(杯),酒水,Seafood,280.0,170.8
V001079,2026-04-26,W09,精釀 IPA,酒水,Fried,260.0,150.8
V001080,2026-04-26,M05,白酒蛤蜊義大利麵,主食,Seafood,380.0,167.2
V001080,2026-04-26,M04,松露野菌燉飯,主食,Cheese,420.0,189.0
V001080,2026-04-26,M05,白酒蛤蜊義大利麵,主食,Seafood,380.0,167.2
V001080,2026-04-26,S03,伊比利火腿盤,副食,Cheese,380.0,247.0
V001080,2026-04-26,S07,炙燒櫛瓜佐油醋,副食,Universal,160.0,108.8
V001080,2026-04-26,S06,酥炸花枝圈,副食,Fried,220.0,154.0
V001080,2026-04-26,W03,夏多內白酒(杯),酒水,Seafood,260.0,161.2
V001081,2026-04-26,M02,爐烤伊比利豬肩,主食,Red_Meat,520.0,197.6
V001081,2026-04-26,S02,西班牙蒜辣蝦,副食,Seafood,260.0,176.8
V001081,2026-04-26,S03,伊比利火腿盤,副食,Cheese,380.0,247.0
V001081,2026-04-26,W03,夏多內白酒(杯),酒水,Seafood,260.0,161.2
V001081,2026-04-26,W06,Negroni,酒水,Cheese,350.0,266.0
V001081,2026-04-26,W03,夏多內白酒(杯),酒水,Seafood,260.0,161.2
V001082,2026-04-26,M04,松露野菌燉飯,主食,Cheese,420.0,189.0
V001082,2026-04-26,S05,松露薯條,副食,Fried,180.0,129.6
V001082,2026-04-26,W06,Negroni,酒水,Cheese,350.0,266.0
V001082,2026-04-26,W06,Negroni,酒水,Cheese,350.0,266.0
V001082,2026-04-26,W02,卡本內蘇維翁(杯),酒水,Red_Meat,320.0,192.0
V001082,2026-04-26,W11,威士忌 Highball,酒水,Cheese,300.0,222.0
V001083,2026-04-26,M06,香煎鮭魚佐檸檬,主食,Seafood,460.0,193.2
V001083,2026-04-26,M01,舒肥紅酒燉牛肉,主食,Red_Meat,480.0,192.0
V001083,2026-04-26,S03,伊比利火腿盤,副食,Cheese,380.0,247.0
V001083,2026-04-26,S02,西班牙蒜辣蝦,副食,Seafood,260.0,176.8
V001083,2026-04-26,S04,三種起司拼盤,副食,Cheese,340.0,224.4
V001083,2026-04-26,S03,伊比利火腿盤,副食,Cheese,380.0,247.0
V001083,2026-04-26,S06,酥炸花枝圈,副食,Fried,220.0,154.0
V001083,2026-04-26,W04,白蘇維翁(杯),酒水,Seafood,280.0,170.8
V001083,2026-04-26,W04,白蘇維翁(杯),酒水,Seafood,280.0,170.8
V001083,2026-04-26,W02,卡本內蘇維翁(杯),酒水,Red_Meat,320.0,192.0
V001084,2026-04-26,M02,爐烤伊比利豬肩,主食,Red_Meat,520.0,197.6
V001084,2026-04-26,S03,伊比利火腿盤,副食,Cheese,380.0,247.0
V001084,2026-04-26,W09,精釀 IPA,酒水,Fried,260.0,150.8
V001085,2026-04-26,M05,白酒蛤蜊義大利麵,主食,Seafood,380.0,167.2
V001085,2026-04-26,S06,酥炸花枝圈,副食,Fried,220.0,154.0
V001085,2026-04-26,S03,伊比利火腿盤,副食,Cheese,380.0,247.0
V001085,2026-04-26,S03,伊比利火腿盤,副食,Cheese,380.0,247.0
V001085,2026-04-26,S07,炙燒櫛瓜佐油醋,副食,Universal,160.0,108.8
V001086,2026-04-26,M06,香煎鮭魚佐檸檬,主食,Seafood,460.0,193.2
V001086,2026-04-26,S02,西班牙蒜辣蝦,副食,Seafood,260.0,176.8
V001086,2026-04-26,S06,酥炸花枝圈,副食,Fried,220.0,154.0
V001086,2026-04-26,S01,紹興油泡蝦,副食,Seafood,280.0,196.0
V001086,2026-04-26,S03,伊比利火腿盤,副食,Cheese,380.0,247.0
V001086,2026-04-26,W11,威士忌 Highball,酒水,Cheese,300.0,222.0
V001086,2026-04-26,W06,Negroni,酒水,Cheese,350.0,266.0
V001086,2026-04-26,W10,小麥白啤酒,酒水,Fried,240.0,136.8
V001087,2026-04-26,M02,爐烤伊比利豬肩,主食,Red_Meat,520.0,197.6
V001087,2026-04-26,M01,舒肥紅酒燉牛肉,主食,Red_Meat,480.0,192.0
V001087,2026-04-26,M01,舒肥紅酒燉牛肉,主食,Red_Meat,480.0,192.0
V001087,2026-04-26,S01,紹興油泡蝦,副食,Seafood,280.0,196.0
V001087,2026-04-26,S02,西班牙蒜辣蝦,副食,Seafood,260.0,176.8
V001087,2026-04-26,S05,松露薯條,副食,Fried,180.0,129.6
V001087,2026-04-26,D01,提拉米蘇,甜點,Dessert,180.0,117.0
V001087,2026-04-26,W02,卡本內蘇維翁(杯),酒水,Red_Meat,320.0,192.0
V001087,2026-04-26,W11,威士忌 Highball,酒水,Cheese,300.0,222.0
V001087,2026-04-26,W01,馬爾貝克紅酒(杯),酒水,Red_Meat,280.0,173.6
V001087,2026-04-26,W03,夏多內白酒(杯),酒水,Seafood,260.0,161.2
V001088,2026-04-26,M01,舒肥紅酒燉牛肉,主食,Red_Meat,480.0,192.0
V001088,2026-04-26,M01,舒肥紅酒燉牛肉,主食,Red_Meat,480.0,192.0
V001088,2026-04-26,M02,爐烤伊比利豬肩,主食,Red_Meat,520.0,197.6
V001088,2026-04-26,M06,香煎鮭魚佐檸檬,主食,Seafood,460.0,193.2
V001088,2026-04-26,M04,松露野菌燉飯,主食,Cheese,420.0,189.0
V001088,2026-04-26,S01,紹興油泡蝦,副食,Seafood,280.0,196.0
V001088,2026-04-26,S06,酥炸花枝圈,副食,Fried,220.0,154.0
V001088,2026-04-26,S04,三種起司拼盤,副食,Cheese,340.0,224.4
V001088,2026-04-26,S04,三種起司拼盤,副食,Cheese,340.0,224.4
V001088,2026-04-26,W12,季節水果特調,酒水,Universal,340.0,261.8
V001088,2026-04-26,W06,Negroni,酒水,Cheese,350.0,266.0
V001088,2026-04-26,W03,夏多內白酒(杯),酒水,Seafood,260.0,161.2
V001088,2026-04-26,W01,馬爾貝克紅酒(杯),酒水,Red_Meat,280.0,173.6
V001088,2026-04-26,W04,白蘇維翁(杯),酒水,Seafood,280.0,170.8
V001088,2026-04-26,W03,夏多內白酒(杯),酒水,Seafood,260.0,161.2
V001089,2026-04-28,M01,舒肥紅酒燉牛肉,主食,Red_Meat,480.0,192.0
V001089,2026-04-28,M02,爐烤伊比利豬肩,主食,Red_Meat,520.0,197.6
V001089,2026-04-28,S06,酥炸花枝圈,副食,Fried,220.0,154.0
V001089,2026-04-28,S03,伊比利火腿盤,副食,Cheese,380.0,247.0
V001089,2026-04-28,W03,夏多內白酒(杯),酒水,Seafood,260.0,161.2
V001090,2026-04-28,M02,爐烤伊比利豬肩,主食,Red_Meat,520.0,197.6
V001090,2026-04-28,S07,炙燒櫛瓜佐油醋,副食,Universal,160.0,108.8
V001090,2026-04-28,W02,卡本內蘇維翁(杯),酒水,Red_Meat,320.0,192.0
V001091,2026-04-28,M05,白酒蛤蜊義大利麵,主食,Seafood,380.0,167.2
V001091,2026-04-28,M02,爐烤伊比利豬肩,主食,Red_Meat,520.0,197.6
V001091,2026-04-28,S04,三種起司拼盤,副食,Cheese,340.0,224.4
V001091,2026-04-28,S02,西班牙蒜辣蝦,副食,Seafood,260.0,176.8
V001091,2026-04-28,D01,提拉米蘇,甜點,Dessert,180.0,117.0
V001091,2026-04-28,W02,卡本內蘇維翁(杯),酒水,Red_Meat,320.0,192.0
V001091,2026-04-28,W03,夏多內白酒(杯),酒水,Seafood,260.0,161.2
V001091,2026-04-28,W07,Old Fashioned,酒水,Red_Meat,380.0,285.0
V001091,2026-04-28,W06,Negroni,酒水,Cheese,350.0,266.0
V001091,2026-04-28,W10,小麥白啤酒,酒水,Fried,240.0,136.8
V001091,2026-04-28,W02,卡本內蘇維翁(杯),酒水,Red_Meat,320.0,192.0
V001091,2026-04-28,W13,無酒精莫吉托,酒水,Universal,180.0,144.0
V001092,2026-04-28,S06,酥炸花枝圈,副食,Fried,220.0,154.0
V001092,2026-04-28,S07,炙燒櫛瓜佐油醋,副食,Universal,160.0,108.8
V001093,2026-04-28,M03,炭烤戰斧牛排,主食,Red_Meat,880.0,308.0
V001093,2026-04-28,S02,西班牙蒜辣蝦,副食,Seafood,260.0,176.8
V001093,2026-04-28,S02,西班牙蒜辣蝦,副食,Seafood,260.0,176.8
V001093,2026-04-28,S07,炙燒櫛瓜佐油醋,副食,Universal,160.0,108.8
V001093,2026-04-28,S01,紹興油泡蝦,副食,Seafood,280.0,196.0
V001093,2026-04-28,W07,Old Fashioned,酒水,Red_Meat,380.0,285.0
V001093,2026-04-28,W10,小麥白啤酒,酒水,Fried,240.0,136.8
V001093,2026-04-28,W03,夏多內白酒(杯),酒水,Seafood,260.0,161.2
V001094,2026-04-28,M02,爐烤伊比利豬肩,主食,Red_Meat,520.0,197.6
V001094,2026-04-28,W02,卡本內蘇維翁(杯),酒水,Red_Meat,320.0,192.0
V001095,2026-04-28,M02,爐烤伊比利豬肩,主食,Red_Meat,520.0,197.6
V001095,2026-04-28,M03,炭烤戰斧牛排,主食,Red_Meat,880.0,308.0
V001095,2026-04-28,M02,爐烤伊比利豬肩,主食,Red_Meat,520.0,197.6
V001095,2026-04-28,S07,炙燒櫛瓜佐油醋,副食,Universal,160.0,108.8
V001095,2026-04-28,W02,卡本內蘇維翁(杯),酒水,Red_Meat,320.0,192.0
V001095,2026-04-28,W09,精釀 IPA,酒水,Fried,260.0,150.8
V001095,2026-04-28,W01,馬爾貝克紅酒(杯),酒水,Red_Meat,280.0,173.6
V001096,2026-04-29,M06,香煎鮭魚佐檸檬,主食,Seafood,460.0,193.2
V001096,2026-04-29,S03,伊比利火腿盤,副食,Cheese,380.0,247.0
V001096,2026-04-29,S06,酥炸花枝圈,副食,Fried,220.0,154.0
V001096,2026-04-29,S04,三種起司拼盤,副食,Cheese,340.0,224.4
V001096,2026-04-29,W04,白蘇維翁(杯),酒水,Seafood,280.0,170.8
V001096,2026-04-29,W03,夏多內白酒(杯),酒水,Seafood,260.0,161.2
V001096,2026-04-29,W05,氣泡酒(杯),酒水,Fried,300.0,189.0
V001096,2026-04-29,W01,馬爾貝克紅酒(杯),酒水,Red_Meat,280.0,173.6
V001097,2026-04-29,M04,松露野菌燉飯,主食,Cheese,420.0,189.0
V001097,2026-04-29,M02,爐烤伊比利豬肩,主食,Red_Meat,520.0,197.6
V001097,2026-04-29,S05,松露薯條,副食,Fried,180.0,129.6
V001097,2026-04-29,S02,西班牙蒜辣蝦,副食,Seafood,260.0,176.8
V001097,2026-04-29,S04,三種起司拼盤,副食,Cheese,340.0,224.4
V001097,2026-04-29,W11,威士忌 Highball,酒水,Cheese,300.0,222.0
V001097,2026-04-29,W10,小麥白啤酒,酒水,Fried,240.0,136.8
V001097,2026-04-29,W12,季節水果特調,酒水,Universal,340.0,261.8
V001098,2026-04-29,M05,白酒蛤蜊義大利麵,主食,Seafood,380.0,167.2
V001098,2026-04-29,S07,炙燒櫛瓜佐油醋,副食,Universal,160.0,108.8
V001098,2026-04-29,S01,紹興油泡蝦,副食,Seafood,280.0,196.0
V001098,2026-04-29,S05,松露薯條,副食,Fried,180.0,129.6
V001098,2026-04-29,S01,紹興油泡蝦,副食,Seafood,280.0,196.0
V001098,2026-04-29,D02,焦糖烤布蕾,甜點,Dessert,160.0,107.2
V001099,2026-04-29,M05,白酒蛤蜊義大利麵,主食,Seafood,380.0,167.2
V001099,2026-04-29,M03,炭烤戰斧牛排,主食,Red_Meat,880.0,308.0
V001099,2026-04-29,S02,西班牙蒜辣蝦,副食,Seafood,260.0,176.8
V001099,2026-04-29,S05,松露薯條,副食,Fried,180.0,129.6
V001099,2026-04-29,S02,西班牙蒜辣蝦,副食,Seafood,260.0,176.8
V001099,2026-04-29,S07,炙燒櫛瓜佐油醋,副食,Universal,160.0,108.8
V001099,2026-04-29,W04,白蘇維翁(杯),酒水,Seafood,280.0,170.8
V001099,2026-04-29,W13,無酒精莫吉托,酒水,Universal,180.0,144.0
V001099,2026-04-29,W01,馬爾貝克紅酒(杯),酒水,Red_Meat,280.0,173.6
V001099,2026-04-29,W06,Negroni,酒水,Cheese,350.0,266.0
V001100,2026-04-29,M05,白酒蛤蜊義大利麵,主食,Seafood,380.0,167.2
V001100,2026-04-29,S05,松露薯條,副食,Fried,180.0,129.6
V001100,2026-04-29,W03,夏多內白酒(杯),酒水,Seafood,260.0,161.2
V001100,2026-04-29,W13,無酒精莫吉托,酒水,Universal,180.0,144.0
V001100,2026-04-29,W03,夏多內白酒(杯),酒水,Seafood,260.0,161.2
V001100,2026-04-29,W06,Negroni,酒水,Cheese,350.0,266.0
V001100,2026-04-29,W03,夏多內白酒(杯),酒水,Seafood,260.0,161.2
V001100,2026-04-29,W10,小麥白啤酒,酒水,Fried,240.0,136.8
V001101,2026-04-29,M01,舒肥紅酒燉牛肉,主食,Red_Meat,480.0,192.0
V001101,2026-04-29,M02,爐烤伊比利豬肩,主食,Red_Meat,520.0,197.6
V001101,2026-04-29,M01,舒肥紅酒燉牛肉,主食,Red_Meat,480.0,192.0
V001101,2026-04-29,M04,松露野菌燉飯,主食,Cheese,420.0,189.0
V001101,2026-04-29,M01,舒肥紅酒燉牛肉,主食,Red_Meat,480.0,192.0
V001101,2026-04-29,S01,紹興油泡蝦,副食,Seafood,280.0,196.0
V001101,2026-04-29,S05,松露薯條,副食,Fried,180.0,129.6
V001101,2026-04-29,D01,提拉米蘇,甜點,Dessert,180.0,117.0
V001101,2026-04-29,W13,無酒精莫吉托,酒水,Universal,180.0,144.0
V001101,2026-04-29,W08,Gin & Tonic,酒水,Universal,300.0,234.0
V001102,2026-04-30,M04,松露野菌燉飯,主食,Cheese,420.0,189.0
V001102,2026-04-30,M02,爐烤伊比利豬肩,主食,Red_Meat,520.0,197.6
V001102,2026-04-30,M03,炭烤戰斧牛排,主食,Red_Meat,880.0,308.0
V001102,2026-04-30,S01,紹興油泡蝦,副食,Seafood,280.0,196.0
V001102,2026-04-30,S07,炙燒櫛瓜佐油醋,副食,Universal,160.0,108.8
V001102,2026-04-30,W06,Negroni,酒水,Cheese,350.0,266.0
V001102,2026-04-30,W05,氣泡酒(杯),酒水,Fried,300.0,189.0
V001102,2026-04-30,W09,精釀 IPA,酒水,Fried,260.0,150.8
V001102,2026-04-30,W07,Old Fashioned,酒水,Red_Meat,380.0,285.0
V001103,2026-04-30,M02,爐烤伊比利豬肩,主食,Red_Meat,520.0,197.6
V001103,2026-04-30,S03,伊比利火腿盤,副食,Cheese,380.0,247.0
V001103,2026-04-30,S04,三種起司拼盤,副食,Cheese,340.0,224.4
V001103,2026-04-30,S04,三種起司拼盤,副食,Cheese,340.0,224.4
V001103,2026-04-30,D01,提拉米蘇,甜點,Dessert,180.0,117.0
V001103,2026-04-30,W07,Old Fashioned,酒水,Red_Meat,380.0,285.0
V001103,2026-04-30,W06,Negroni,酒水,Cheese,350.0,266.0
V001104,2026-04-30,M05,白酒蛤蜊義大利麵,主食,Seafood,380.0,167.2
V001104,2026-04-30,S07,炙燒櫛瓜佐油醋,副食,Universal,160.0,108.8
V001104,2026-04-30,S07,炙燒櫛瓜佐油醋,副食,Universal,160.0,108.8
V001104,2026-04-30,S07,炙燒櫛瓜佐油醋,副食,Universal,160.0,108.8
V001104,2026-04-30,W08,Gin & Tonic,酒水,Universal,300.0,234.0
V001104,2026-04-30,W02,卡本內蘇維翁(杯),酒水,Red_Meat,320.0,192.0
V001104,2026-04-30,W12,季節水果特調,酒水,Universal,340.0,261.8
V001104,2026-04-30,W03,夏多內白酒(杯),酒水,Seafood,260.0,161.2
V001104,2026-04-30,W10,小麥白啤酒,酒水,Fried,240.0,136.8
V001104,2026-04-30,W08,Gin & Tonic,酒水,Universal,300.0,234.0
V001105,2026-04-30,M05,白酒蛤蜊義大利麵,主食,Seafood,380.0,167.2
V001105,2026-04-30,S01,紹興油泡蝦,副食,Seafood,280.0,196.0
V001105,2026-04-30,S01,紹興油泡蝦,副食,Seafood,280.0,196.0
V001105,2026-04-30,S05,松露薯條,副食,Fried,180.0,129.6
V001105,2026-04-30,S01,紹興油泡蝦,副食,Seafood,280.0,196.0
V001105,2026-04-30,D02,焦糖烤布蕾,甜點,Dessert,160.0,107.2
V001105,2026-04-30,W02,卡本內蘇維翁(杯),酒水,Red_Meat,320.0,192.0
V001105,2026-04-30,W05,氣泡酒(杯),酒水,Fried,300.0,189.0
V001105,2026-04-30,W03,夏多內白酒(杯),酒水,Seafood,260.0,161.2
V001105,2026-04-30,W04,白蘇維翁(杯),酒水,Seafood,280.0,170.8
V001105,2026-04-30,W01,馬爾貝克紅酒(杯),酒水,Red_Meat,280.0,173.6
V001106,2026-04-30,M04,松露野菌燉飯,主食,Cheese,420.0,189.0
V001106,2026-04-30,S04,三種起司拼盤,副食,Cheese,340.0,224.4
V001106,2026-04-30,W11,威士忌 Highball,酒水,Cheese,300.0,222.0
V001106,2026-04-30,W01,馬爾貝克紅酒(杯),酒水,Red_Meat,280.0,173.6
V001106,2026-04-30,W13,無酒精莫吉托,酒水,Universal,180.0,144.0
V001106,2026-04-30,W01,馬爾貝克紅酒(杯),酒水,Red_Meat,280.0,173.6
V001107,2026-04-30,M04,松露野菌燉飯,主食,Cheese,420.0,189.0
V001107,2026-04-30,M06,香煎鮭魚佐檸檬,主食,Seafood,460.0,193.2
V001107,2026-04-30,S07,炙燒櫛瓜佐油醋,副食,Universal,160.0,108.8
V001107,2026-04-30,D02,焦糖烤布蕾,甜點,Dessert,160.0,107.2
V001107,2026-04-30,W01,馬爾貝克紅酒(杯),酒水,Red_Meat,280.0,173.6
V001107,2026-04-30,W11,威士忌 Highball,酒水,Cheese,300.0,222.0
V001107,2026-04-30,W06,Negroni,酒水,Cheese,350.0,266.0
V001107,2026-04-30,W01,馬爾貝克紅酒(杯),酒水,Red_Meat,280.0,173.6
V001107,2026-04-30,W13,無酒精莫吉托,酒水,Universal,180.0,144.0
V001107,2026-04-30,W13,無酒精莫吉托,酒水,Universal,180.0,144.0
V001107,2026-04-30,W04,白蘇維翁(杯),酒水,Seafood,280.0,170.8
V001108,2026-04-30,M06,香煎鮭魚佐檸檬,主食,Seafood,460.0,193.2
V001108,2026-04-30,S05,松露薯條,副食,Fried,180.0,129.6
V001109,2026-04-30,M01,舒肥紅酒燉牛肉,主食,Red_Meat,480.0,192.0
V001109,2026-04-30,M05,白酒蛤蜊義大利麵,主食,Seafood,380.0,167.2
V001109,2026-04-30,M03,炭烤戰斧牛排,主食,Red_Meat,880.0,308.0
V001109,2026-04-30,S04,三種起司拼盤,副食,Cheese,340.0,224.4
V001109,2026-04-30,S06,酥炸花枝圈,副食,Fried,220.0,154.0
V001109,2026-04-30,S03,伊比利火腿盤,副食,Cheese,380.0,247.0
V001109,2026-04-30,S06,酥炸花枝圈,副食,Fried,220.0,154.0
V001109,2026-04-30,D02,焦糖烤布蕾,甜點,Dessert,160.0,107.2
V001109,2026-04-30,W11,威士忌 Highball,酒水,Cheese,300.0,222.0
V001109,2026-04-30,W06,Negroni,酒水,Cheese,350.0,266.0
V001110,2026-05-01,M01,舒肥紅酒燉牛肉,主食,Red_Meat,480.0,192.0
V001110,2026-05-01,S02,西班牙蒜辣蝦,副食,Seafood,260.0,176.8
V001110,2026-05-01,D01,提拉米蘇,甜點,Dessert,180.0,117.0
V001110,2026-05-01,W02,卡本內蘇維翁(杯),酒水,Red_Meat,320.0,192.0
V001111,2026-05-01,M01,舒肥紅酒燉牛肉,主食,Red_Meat,480.0,192.0
V001111,2026-05-01,W01,馬爾貝克紅酒(杯),酒水,Red_Meat,280.0,173.6
V001112,2026-05-01,M02,爐烤伊比利豬肩,主食,Red_Meat,520.0,197.6
V001112,2026-05-01,W03,夏多內白酒(杯),酒水,Seafood,260.0,161.2
V001112,2026-05-01,W08,Gin & Tonic,酒水,Universal,300.0,234.0
V001112,2026-05-01,W02,卡本內蘇維翁(杯),酒水,Red_Meat,320.0,192.0
V001112,2026-05-01,W02,卡本內蘇維翁(杯),酒水,Red_Meat,320.0,192.0
V001112,2026-05-01,W01,馬爾貝克紅酒(杯),酒水,Red_Meat,280.0,173.6
V001113,2026-05-01,M02,爐烤伊比利豬肩,主食,Red_Meat,520.0,197.6
V001113,2026-05-01,M04,松露野菌燉飯,主食,Cheese,420.0,189.0
V001113,2026-05-01,S02,西班牙蒜辣蝦,副食,Seafood,260.0,176.8
V001113,2026-05-01,W02,卡本內蘇維翁(杯),酒水,Red_Meat,320.0,192.0
V001113,2026-05-01,W11,威士忌 Highball,酒水,Cheese,300.0,222.0
V001114,2026-05-01,M02,爐烤伊比利豬肩,主食,Red_Meat,520.0,197.6
V001114,2026-05-01,M03,炭烤戰斧牛排,主食,Red_Meat,880.0,308.0
V001114,2026-05-01,M05,白酒蛤蜊義大利麵,主食,Seafood,380.0,167.2
V001114,2026-05-01,S04,三種起司拼盤,副食,Cheese,340.0,224.4
V001114,2026-05-01,W13,無酒精莫吉托,酒水,Universal,180.0,144.0
V001115,2026-05-01,M03,炭烤戰斧牛排,主食,Red_Meat,880.0,308.0
V001115,2026-05-01,S03,伊比利火腿盤,副食,Cheese,380.0,247.0
V001115,2026-05-01,D02,焦糖烤布蕾,甜點,Dessert,160.0,107.2
V001115,2026-05-01,W06,Negroni,酒水,Cheese,350.0,266.0
V001115,2026-05-01,W09,精釀 IPA,酒水,Fried,260.0,150.8
V001115,2026-05-01,W04,白蘇維翁(杯),酒水,Seafood,280.0,170.8
V001116,2026-05-01,M04,松露野菌燉飯,主食,Cheese,420.0,189.0
V001116,2026-05-01,S02,西班牙蒜辣蝦,副食,Seafood,260.0,176.8
V001116,2026-05-01,S06,酥炸花枝圈,副食,Fried,220.0,154.0
V001116,2026-05-01,S05,松露薯條,副食,Fried,180.0,129.6
V001116,2026-05-01,W13,無酒精莫吉托,酒水,Universal,180.0,144.0
V001116,2026-05-01,W04,白蘇維翁(杯),酒水,Seafood,280.0,170.8
V001116,2026-05-01,W09,精釀 IPA,酒水,Fried,260.0,150.8
V001116,2026-05-01,W08,Gin & Tonic,酒水,Universal,300.0,234.0
V001117,2026-05-01,M04,松露野菌燉飯,主食,Cheese,420.0,189.0
V001117,2026-05-01,M01,舒肥紅酒燉牛肉,主食,Red_Meat,480.0,192.0
V001117,2026-05-01,S05,松露薯條,副食,Fried,180.0,129.6
V001117,2026-05-01,S02,西班牙蒜辣蝦,副食,Seafood,260.0,176.8
V001117,2026-05-01,S01,紹興油泡蝦,副食,Seafood,280.0,196.0
V001117,2026-05-01,S02,西班牙蒜辣蝦,副食,Seafood,260.0,176.8
V001117,2026-05-01,D01,提拉米蘇,甜點,Dessert,180.0,117.0
V001117,2026-05-01,W11,威士忌 Highball,酒水,Cheese,300.0,222.0
V001117,2026-05-01,W04,白蘇維翁(杯),酒水,Seafood,280.0,170.8
V001117,2026-05-01,W08,Gin & Tonic,酒水,Universal,300.0,234.0
V001117,2026-05-01,W11,威士忌 Highball,酒水,Cheese,300.0,222.0
V001117,2026-05-01,W02,卡本內蘇維翁(杯),酒水,Red_Meat,320.0,192.0
V001117,2026-05-01,W03,夏多內白酒(杯),酒水,Seafood,260.0,161.2
V001117,2026-05-01,W12,季節水果特調,酒水,Universal,340.0,261.8
V001117,2026-05-01,W08,Gin & Tonic,酒水,Universal,300.0,234.0
V001117,2026-05-01,W04,白蘇維翁(杯),酒水,Seafood,280.0,170.8
V001118,2026-05-01,M04,松露野菌燉飯,主食,Cheese,420.0,189.0
V001118,2026-05-01,S05,松露薯條,副食,Fried,180.0,129.6
V001118,2026-05-01,S03,伊比利火腿盤,副食,Cheese,380.0,247.0
V001118,2026-05-01,S02,西班牙蒜辣蝦,副食,Seafood,260.0,176.8
V001118,2026-05-01,S05,松露薯條,副食,Fried,180.0,129.6
V001118,2026-05-01,W09,精釀 IPA,酒水,Fried,260.0,150.8
V001118,2026-05-01,W06,Negroni,酒水,Cheese,350.0,266.0
V001119,2026-05-01,S01,紹興油泡蝦,副食,Seafood,280.0,196.0
V001119,2026-05-01,S03,伊比利火腿盤,副食,Cheese,380.0,247.0
V001119,2026-05-01,W12,季節水果特調,酒水,Universal,340.0,261.8
V001119,2026-05-01,W06,Negroni,酒水,Cheese,350.0,266.0
V001120,2026-05-01,M01,舒肥紅酒燉牛肉,主食,Red_Meat,480.0,192.0
V001120,2026-05-01,S04,三種起司拼盤,副食,Cheese,340.0,224.4
V001120,2026-05-01,S01,紹興油泡蝦,副食,Seafood,280.0,196.0
V001120,2026-05-01,W07,Old Fashioned,酒水,Red_Meat,380.0,285.0
V001120,2026-05-01,W04,白蘇維翁(杯),酒水,Seafood,280.0,170.8
V001121,2026-05-01,M03,炭烤戰斧牛排,主食,Red_Meat,880.0,308.0
V001121,2026-05-01,S05,松露薯條,副食,Fried,180.0,129.6
V001121,2026-05-01,S01,紹興油泡蝦,副食,Seafood,280.0,196.0
V001121,2026-05-01,W12,季節水果特調,酒水,Universal,340.0,261.8
V001121,2026-05-01,W04,白蘇維翁(杯),酒水,Seafood,280.0,170.8
V001121,2026-05-01,W08,Gin & Tonic,酒水,Universal,300.0,234.0
V001122,2026-05-01,M02,爐烤伊比利豬肩,主食,Red_Meat,520.0,197.6
V001122,2026-05-01,S07,炙燒櫛瓜佐油醋,副食,Universal,160.0,108.8
V001122,2026-05-01,W04,白蘇維翁(杯),酒水,Seafood,280.0,170.8
V001122,2026-05-01,W10,小麥白啤酒,酒水,Fried,240.0,136.8
V001122,2026-05-01,W01,馬爾貝克紅酒(杯),酒水,Red_Meat,280.0,173.6
V001122,2026-05-01,W07,Old Fashioned,酒水,Red_Meat,380.0,285.0
V001123,2026-05-01,M01,舒肥紅酒燉牛肉,主食,Red_Meat,480.0,192.0
V001123,2026-05-01,S04,三種起司拼盤,副食,Cheese,340.0,224.4
V001123,2026-05-01,S04,三種起司拼盤,副食,Cheese,340.0,224.4
V001123,2026-05-01,W06,Negroni,酒水,Cheese,350.0,266.0
V001124,2026-05-01,M02,爐烤伊比利豬肩,主食,Red_Meat,520.0,197.6
V001124,2026-05-01,S07,炙燒櫛瓜佐油醋,副食,Universal,160.0,108.8
V001124,2026-05-01,S01,紹興油泡蝦,副食,Seafood,280.0,196.0
V001124,2026-05-01,W11,威士忌 Highball,酒水,Cheese,300.0,222.0
V001125,2026-05-01,M04,松露野菌燉飯,主食,Cheese,420.0,189.0
V001125,2026-05-01,M03,炭烤戰斧牛排,主食,Red_Meat,880.0,308.0
V001125,2026-05-01,M02,爐烤伊比利豬肩,主食,Red_Meat,520.0,197.6
V001125,2026-05-01,M06,香煎鮭魚佐檸檬,主食,Seafood,460.0,193.2
V001125,2026-05-01,M02,爐烤伊比利豬肩,主食,Red_Meat,520.0,197.6
V001125,2026-05-01,M01,舒肥紅酒燉牛肉,主食,Red_Meat,480.0,192.0
V001125,2026-05-01,S01,紹興油泡蝦,副食,Seafood,280.0,196.0
V001125,2026-05-01,D02,焦糖烤布蕾,甜點,Dessert,160.0,107.2
V001125,2026-05-01,W09,精釀 IPA,酒水,Fried,260.0,150.8
V001125,2026-05-01,W11,威士忌 Highball,酒水,Cheese,300.0,222.0
V001125,2026-05-01,W07,Old Fashioned,酒水,Red_Meat,380.0,285.0
V001125,2026-05-01,W07,Old Fashioned,酒水,Red_Meat,380.0,285.0
V001125,2026-05-01,W12,季節水果特調,酒水,Universal,340.0,261.8
V001125,2026-05-01,W07,Old Fashioned,酒水,Red_Meat,380.0,285.0
V001126,2026-05-01,M04,松露野菌燉飯,主食,Cheese,420.0,189.0
V001126,2026-05-01,M04,松露野菌燉飯,主食,Cheese,420.0,189.0
V001126,2026-05-01,S02,西班牙蒜辣蝦,副食,Seafood,260.0,176.8
V001126,2026-05-01,S05,松露薯條,副食,Fried,180.0,129.6
V001127,2026-05-01,M02,爐烤伊比利豬肩,主食,Red_Meat,520.0,197.6
V001127,2026-05-01,S04,三種起司拼盤,副食,Cheese,340.0,224.4
V001127,2026-05-01,S07,炙燒櫛瓜佐油醋,副食,Universal,160.0,108.8
V001127,2026-05-01,S03,伊比利火腿盤,副食,Cheese,380.0,247.0
V001127,2026-05-01,S02,西班牙蒜辣蝦,副食,Seafood,260.0,176.8
V001127,2026-05-01,W10,小麥白啤酒,酒水,Fried,240.0,136.8
V001127,2026-05-01,W01,馬爾貝克紅酒(杯),酒水,Red_Meat,280.0,173.6
V001128,2026-05-01,M01,舒肥紅酒燉牛肉,主食,Red_Meat,480.0,192.0
V001128,2026-05-01,M02,爐烤伊比利豬肩,主食,Red_Meat,520.0,197.6
V001128,2026-05-01,M01,舒肥紅酒燉牛肉,主食,Red_Meat,480.0,192.0
V001128,2026-05-01,S01,紹興油泡蝦,副食,Seafood,280.0,196.0
V001128,2026-05-01,S04,三種起司拼盤,副食,Cheese,340.0,224.4
V001128,2026-05-01,W03,夏多內白酒(杯),酒水,Seafood,260.0,161.2
V001128,2026-05-01,W01,馬爾貝克紅酒(杯),酒水,Red_Meat,280.0,173.6
V001128,2026-05-01,W07,Old Fashioned,酒水,Red_Meat,380.0,285.0
V001128,2026-05-01,W04,白蘇維翁(杯),酒水,Seafood,280.0,170.8
V001128,2026-05-01,W02,卡本內蘇維翁(杯),酒水,Red_Meat,320.0,192.0
V001128,2026-05-01,W10,小麥白啤酒,酒水,Fried,240.0,136.8
V001129,2026-05-01,M02,爐烤伊比利豬肩,主食,Red_Meat,520.0,197.6
V001129,2026-05-01,S05,松露薯條,副食,Fried,180.0,129.6
V001129,2026-05-01,S03,伊比利火腿盤,副食,Cheese,380.0,247.0
V001129,2026-05-01,S03,伊比利火腿盤,副食,Cheese,380.0,247.0
V001129,2026-05-01,D01,提拉米蘇,甜點,Dessert,180.0,117.0
V001129,2026-05-01,W01,馬爾貝克紅酒(杯),酒水,Red_Meat,280.0,173.6
V001129,2026-05-01,W01,馬爾貝克紅酒(杯),酒水,Red_Meat,280.0,173.6
V001129,2026-05-01,W08,Gin & Tonic,酒水,Universal,300.0,234.0
V001129,2026-05-01,W07,Old Fashioned,酒水,Red_Meat,380.0,285.0
V001129,2026-05-01,W13,無酒精莫吉托,酒水,Universal,180.0,144.0
V001129,2026-05-01,W07,Old Fashioned,酒水,Red_Meat,380.0,285.0
V001129,2026-05-01,W11,威士忌 Highball,酒水,Cheese,300.0,222.0
V001129,2026-05-01,W11,威士忌 Highball,酒水,Cheese,300.0,222.0
V001130,2026-05-01,M03,炭烤戰斧牛排,主食,Red_Meat,880.0,308.0
V001130,2026-05-01,M01,舒肥紅酒燉牛肉,主食,Red_Meat,480.0,192.0
V001130,2026-05-01,S05,松露薯條,副食,Fried,180.0,129.6
V001130,2026-05-01,S01,紹興油泡蝦,副食,Seafood,280.0,196.0
V001130,2026-05-01,S01,紹興油泡蝦,副食,Seafood,280.0,196.0
V001130,2026-05-01,S07,炙燒櫛瓜佐油醋,副食,Universal,160.0,108.8
V001130,2026-05-01,W03,夏多內白酒(杯),酒水,Seafood,260.0,161.2
V001130,2026-05-01,W06,Negroni,酒水,Cheese,350.0,266.0
V001131,2026-05-02,M01,舒肥紅酒燉牛肉,主食,Red_Meat,480.0,192.0
V001131,2026-05-02,M01,舒肥紅酒燉牛肉,主食,Red_Meat,480.0,192.0
V001131,2026-05-02,S07,炙燒櫛瓜佐油醋,副食,Universal,160.0,108.8
V001131,2026-05-02,S04,三種起司拼盤,副食,Cheese,340.0,224.4
V001131,2026-05-02,S04,三種起司拼盤,副食,Cheese,340.0,224.4
V001131,2026-05-02,D01,提拉米蘇,甜點,Dessert,180.0,117.0
V001131,2026-05-02,W11,威士忌 Highball,酒水,Cheese,300.0,222.0
V001132,2026-05-02,M01,舒肥紅酒燉牛肉,主食,Red_Meat,480.0,192.0
V001132,2026-05-02,S04,三種起司拼盤,副食,Cheese,340.0,224.4
V001132,2026-05-02,W01,馬爾貝克紅酒(杯),酒水,Red_Meat,280.0,173.6
V001132,2026-05-02,W07,Old Fashioned,酒水,Red_Meat,380.0,285.0
V001132,2026-05-02,W07,Old Fashioned,酒水,Red_Meat,380.0,285.0
V001132,2026-05-02,W02,卡本內蘇維翁(杯),酒水,Red_Meat,320.0,192.0
V001132,2026-05-02,W11,威士忌 Highball,酒水,Cheese,300.0,222.0
V001133,2026-05-02,M05,白酒蛤蜊義大利麵,主食,Seafood,380.0,167.2
V001133,2026-05-02,S03,伊比利火腿盤,副食,Cheese,380.0,247.0
V001134,2026-05-02,M04,松露野菌燉飯,主食,Cheese,420.0,189.0
V001134,2026-05-02,S03,伊比利火腿盤,副食,Cheese,380.0,247.0
V001134,2026-05-02,S02,西班牙蒜辣蝦,副食,Seafood,260.0,176.8
V001134,2026-05-02,S06,酥炸花枝圈,副食,Fried,220.0,154.0
V001134,2026-05-02,S03,伊比利火腿盤,副食,Cheese,380.0,247.0
V001134,2026-05-02,W06,Negroni,酒水,Cheese,350.0,266.0
V001134,2026-05-02,W12,季節水果特調,酒水,Universal,340.0,261.8
V001134,2026-05-02,W12,季節水果特調,酒水,Universal,340.0,261.8
V001134,2026-05-02,W03,夏多內白酒(杯),酒水,Seafood,260.0,161.2
V001134,2026-05-02,W01,馬爾貝克紅酒(杯),酒水,Red_Meat,280.0,173.6
V001134,2026-05-02,W06,Negroni,酒水,Cheese,350.0,266.0
V001135,2026-05-02,M01,舒肥紅酒燉牛肉,主食,Red_Meat,480.0,192.0
V001135,2026-05-02,S02,西班牙蒜辣蝦,副食,Seafood,260.0,176.8
V001135,2026-05-02,S04,三種起司拼盤,副食,Cheese,340.0,224.4
V001135,2026-05-02,D01,提拉米蘇,甜點,Dessert,180.0,117.0
V001135,2026-05-02,W07,Old Fashioned,酒水,Red_Meat,380.0,285.0
V001135,2026-05-02,W08,Gin & Tonic,酒水,Universal,300.0,234.0
V001135,2026-05-02,W08,Gin & Tonic,酒水,Universal,300.0,234.0
V001135,2026-05-02,W04,白蘇維翁(杯),酒水,Seafood,280.0,170.8
V001135,2026-05-02,W01,馬爾貝克紅酒(杯),酒水,Red_Meat,280.0,173.6
V001136,2026-05-02,M01,舒肥紅酒燉牛肉,主食,Red_Meat,480.0,192.0
V001136,2026-05-02,S07,炙燒櫛瓜佐油醋,副食,Universal,160.0,108.8
V001136,2026-05-02,W08,Gin & Tonic,酒水,Universal,300.0,234.0
V001136,2026-05-02,W01,馬爾貝克紅酒(杯),酒水,Red_Meat,280.0,173.6
V001136,2026-05-02,W08,Gin & Tonic,酒水,Universal,300.0,234.0
V001136,2026-05-02,W07,Old Fashioned,酒水,Red_Meat,380.0,285.0
V001136,2026-05-02,W01,馬爾貝克紅酒(杯),酒水,Red_Meat,280.0,173.6
V001136,2026-05-02,W07,Old Fashioned,酒水,Red_Meat,380.0,285.0
V001136,2026-05-02,W09,精釀 IPA,酒水,Fried,260.0,150.8
V001136,2026-05-02,W12,季節水果特調,酒水,Universal,340.0,261.8
V001137,2026-05-02,M04,松露野菌燉飯,主食,Cheese,420.0,189.0
V001137,2026-05-02,M01,舒肥紅酒燉牛肉,主食,Red_Meat,480.0,192.0
V001137,2026-05-02,M06,香煎鮭魚佐檸檬,主食,Seafood,460.0,193.2
V001137,2026-05-02,M05,白酒蛤蜊義大利麵,主食,Seafood,380.0,167.2
V001137,2026-05-02,M01,舒肥紅酒燉牛肉,主食,Red_Meat,480.0,192.0
V001137,2026-05-02,S05,松露薯條,副食,Fried,180.0,129.6
V001137,2026-05-02,S04,三種起司拼盤,副食,Cheese,340.0,224.4
V001137,2026-05-02,S03,伊比利火腿盤,副食,Cheese,380.0,247.0
V001137,2026-05-02,S05,松露薯條,副食,Fried,180.0,129.6
V001137,2026-05-02,S06,酥炸花枝圈,副食,Fried,220.0,154.0
V001137,2026-05-02,W10,小麥白啤酒,酒水,Fried,240.0,136.8
V001137,2026-05-02,W03,夏多內白酒(杯),酒水,Seafood,260.0,161.2
V001137,2026-05-02,W07,Old Fashioned,酒水,Red_Meat,380.0,285.0
V001137,2026-05-02,W13,無酒精莫吉托,酒水,Universal,180.0,144.0
V001137,2026-05-02,W01,馬爾貝克紅酒(杯),酒水,Red_Meat,280.0,173.6
V001137,2026-05-02,W09,精釀 IPA,酒水,Fried,260.0,150.8
V001137,2026-05-02,W10,小麥白啤酒,酒水,Fried,240.0,136.8
V001137,2026-05-02,W02,卡本內蘇維翁(杯),酒水,Red_Meat,320.0,192.0
V001137,2026-05-02,W06,Negroni,酒水,Cheese,350.0,266.0
V001137,2026-05-02,W07,Old Fashioned,酒水,Red_Meat,380.0,285.0
V001137,2026-05-02,W07,Old Fashioned,酒水,Red_Meat,380.0,285.0
V001138,2026-05-02,M04,松露野菌燉飯,主食,Cheese,420.0,189.0
V001138,2026-05-02,M06,香煎鮭魚佐檸檬,主食,Seafood,460.0,193.2
V001138,2026-05-02,S05,松露薯條,副食,Fried,180.0,129.6
V001138,2026-05-02,S03,伊比利火腿盤,副食,Cheese,380.0,247.0
V001138,2026-05-02,S01,紹興油泡蝦,副食,Seafood,280.0,196.0
V001138,2026-05-02,D01,提拉米蘇,甜點,Dessert,180.0,117.0
V001138,2026-05-02,W03,夏多內白酒(杯),酒水,Seafood,260.0,161.2
V001138,2026-05-02,W08,Gin & Tonic,酒水,Universal,300.0,234.0
V001139,2026-05-02,M04,松露野菌燉飯,主食,Cheese,420.0,189.0
V001139,2026-05-02,D02,焦糖烤布蕾,甜點,Dessert,160.0,107.2
V001140,2026-05-02,M06,香煎鮭魚佐檸檬,主食,Seafood,460.0,193.2
V001140,2026-05-02,M04,松露野菌燉飯,主食,Cheese,420.0,189.0
V001140,2026-05-02,S03,伊比利火腿盤,副食,Cheese,380.0,247.0
V001140,2026-05-02,S01,紹興油泡蝦,副食,Seafood,280.0,196.0
V001140,2026-05-02,S05,松露薯條,副食,Fried,180.0,129.6
V001140,2026-05-02,S06,酥炸花枝圈,副食,Fried,220.0,154.0
V001140,2026-05-02,W13,無酒精莫吉托,酒水,Universal,180.0,144.0
V001140,2026-05-02,W04,白蘇維翁(杯),酒水,Seafood,280.0,170.8
V001140,2026-05-02,W02,卡本內蘇維翁(杯),酒水,Red_Meat,320.0,192.0
V001140,2026-05-02,W11,威士忌 Highball,酒水,Cheese,300.0,222.0
V001141,2026-05-02,M02,爐烤伊比利豬肩,主食,Red_Meat,520.0,197.6
V001141,2026-05-02,M01,舒肥紅酒燉牛肉,主食,Red_Meat,480.0,192.0
V001141,2026-05-02,S04,三種起司拼盤,副食,Cheese,340.0,224.4
V001141,2026-05-02,W06,Negroni,酒水,Cheese,350.0,266.0
V001142,2026-05-02,M05,白酒蛤蜊義大利麵,主食,Seafood,380.0,167.2
V001142,2026-05-02,S01,紹興油泡蝦,副食,Seafood,280.0,196.0
V001142,2026-05-02,S06,酥炸花枝圈,副食,Fried,220.0,154.0
V001142,2026-05-02,S01,紹興油泡蝦,副食,Seafood,280.0,196.0
V001142,2026-05-02,W04,白蘇維翁(杯),酒水,Seafood,280.0,170.8
V001142,2026-05-02,W03,夏多內白酒(杯),酒水,Seafood,260.0,161.2
V001142,2026-05-02,W05,氣泡酒(杯),酒水,Fried,300.0,189.0
V001142,2026-05-02,W04,白蘇維翁(杯),酒水,Seafood,280.0,170.8
V001143,2026-05-02,M04,松露野菌燉飯,主食,Cheese,420.0,189.0
V001143,2026-05-02,M02,爐烤伊比利豬肩,主食,Red_Meat,520.0,197.6
V001143,2026-05-02,S04,三種起司拼盤,副食,Cheese,340.0,224.4
V001143,2026-05-02,S07,炙燒櫛瓜佐油醋,副食,Universal,160.0,108.8
V001143,2026-05-02,S07,炙燒櫛瓜佐油醋,副食,Universal,160.0,108.8
V001143,2026-05-02,S03,伊比利火腿盤,副食,Cheese,380.0,247.0
V001143,2026-05-02,W07,Old Fashioned,酒水,Red_Meat,380.0,285.0
V001143,2026-05-02,W11,威士忌 Highball,酒水,Cheese,300.0,222.0
V001144,2026-05-02,S04,三種起司拼盤,副食,Cheese,340.0,224.4
V001144,2026-05-02,S01,紹興油泡蝦,副食,Seafood,280.0,196.0
V001144,2026-05-02,D01,提拉米蘇,甜點,Dessert,180.0,117.0
V001144,2026-05-02,W12,季節水果特調,酒水,Universal,340.0,261.8
V001145,2026-05-02,M03,炭烤戰斧牛排,主食,Red_Meat,880.0,308.0
V001145,2026-05-02,S03,伊比利火腿盤,副食,Cheese,380.0,247.0
V001145,2026-05-02,S04,三種起司拼盤,副食,Cheese,340.0,224.4
V001145,2026-05-02,S07,炙燒櫛瓜佐油醋,副食,Universal,160.0,108.8
V001145,2026-05-02,S02,西班牙蒜辣蝦,副食,Seafood,260.0,176.8
V001145,2026-05-02,S05,松露薯條,副食,Fried,180.0,129.6
V001145,2026-05-02,W03,夏多內白酒(杯),酒水,Seafood,260.0,161.2
V001145,2026-05-02,W10,小麥白啤酒,酒水,Fried,240.0,136.8
V001145,2026-05-02,W12,季節水果特調,酒水,Universal,340.0,261.8
V001146,2026-05-02,M01,舒肥紅酒燉牛肉,主食,Red_Meat,480.0,192.0
V001146,2026-05-02,S04,三種起司拼盤,副食,Cheese,340.0,224.4
V001146,2026-05-02,S01,紹興油泡蝦,副食,Seafood,280.0,196.0
V001146,2026-05-02,S03,伊比利火腿盤,副食,Cheese,380.0,247.0
V001146,2026-05-02,W06,Negroni,酒水,Cheese,350.0,266.0
V001147,2026-05-02,M03,炭烤戰斧牛排,主食,Red_Meat,880.0,308.0
V001147,2026-05-02,M06,香煎鮭魚佐檸檬,主食,Seafood,460.0,193.2
V001147,2026-05-02,S07,炙燒櫛瓜佐油醋,副食,Universal,160.0,108.8
V001147,2026-05-02,S02,西班牙蒜辣蝦,副食,Seafood,260.0,176.8
V001147,2026-05-02,D02,焦糖烤布蕾,甜點,Dessert,160.0,107.2
V001147,2026-05-02,W04,白蘇維翁(杯),酒水,Seafood,280.0,170.8
V001147,2026-05-02,W11,威士忌 Highball,酒水,Cheese,300.0,222.0
V001148,2026-05-02,M04,松露野菌燉飯,主食,Cheese,420.0,189.0
V001148,2026-05-02,M04,松露野菌燉飯,主食,Cheese,420.0,189.0
V001148,2026-05-02,S01,紹興油泡蝦,副食,Seafood,280.0,196.0
V001148,2026-05-02,S01,紹興油泡蝦,副食,Seafood,280.0,196.0
V001148,2026-05-02,W01,馬爾貝克紅酒(杯),酒水,Red_Meat,280.0,173.6
V001148,2026-05-02,W06,Negroni,酒水,Cheese,350.0,266.0
V001149,2026-05-02,M05,白酒蛤蜊義大利麵,主食,Seafood,380.0,167.2
V001149,2026-05-02,M04,松露野菌燉飯,主食,Cheese,420.0,189.0
V001149,2026-05-02,M02,爐烤伊比利豬肩,主食,Red_Meat,520.0,197.6
V001149,2026-05-02,S02,西班牙蒜辣蝦,副食,Seafood,260.0,176.8
V001149,2026-05-02,S04,三種起司拼盤,副食,Cheese,340.0,224.4
V001149,2026-05-02,S03,伊比利火腿盤,副食,Cheese,380.0,247.0
V001149,2026-05-02,D01,提拉米蘇,甜點,Dessert,180.0,117.0
V001149,2026-05-02,W04,白蘇維翁(杯),酒水,Seafood,280.0,170.8
V001149,2026-05-02,W12,季節水果特調,酒水,Universal,340.0,261.8
V001149,2026-05-02,W04,白蘇維翁(杯),酒水,Seafood,280.0,170.8
V001149,2026-05-02,W01,馬爾貝克紅酒(杯),酒水,Red_Meat,280.0,173.6
V001149,2026-05-02,W09,精釀 IPA,酒水,Fried,260.0,150.8
V001149,2026-05-02,W03,夏多內白酒(杯),酒水,Seafood,260.0,161.2
V001149,2026-05-02,W03,夏多內白酒(杯),酒水,Seafood,260.0,161.2
V001149,2026-05-02,W04,白蘇維翁(杯),酒水,Seafood,280.0,170.8
V001150,2026-05-02,M04,松露野菌燉飯,主食,Cheese,420.0,189.0
V001150,2026-05-02,M05,白酒蛤蜊義大利麵,主食,Seafood,380.0,167.2
V001150,2026-05-02,M01,舒肥紅酒燉牛肉,主食,Red_Meat,480.0,192.0
V001150,2026-05-02,M01,舒肥紅酒燉牛肉,主食,Red_Meat,480.0,192.0
V001150,2026-05-02,S01,紹興油泡蝦,副食,Seafood,280.0,196.0
V001150,2026-05-02,S04,三種起司拼盤,副食,Cheese,340.0,224.4
V001150,2026-05-02,S05,松露薯條,副食,Fried,180.0,129.6
V001150,2026-05-02,W11,威士忌 Highball,酒水,Cheese,300.0,222.0
V001150,2026-05-02,W03,夏多內白酒(杯),酒水,Seafood,260.0,161.2
V001150,2026-05-02,W11,威士忌 Highball,酒水,Cheese,300.0,222.0
V001150,2026-05-02,W03,夏多內白酒(杯),酒水,Seafood,260.0,161.2
V001150,2026-05-02,W07,Old Fashioned,酒水,Red_Meat,380.0,285.0
V001150,2026-05-02,W11,威士忌 Highball,酒水,Cheese,300.0,222.0
V001150,2026-05-02,W03,夏多內白酒(杯),酒水,Seafood,260.0,161.2
V001150,2026-05-02,W05,氣泡酒(杯),酒水,Fried,300.0,189.0
V001151,2026-05-02,M01,舒肥紅酒燉牛肉,主食,Red_Meat,480.0,192.0
V001151,2026-05-02,M05,白酒蛤蜊義大利麵,主食,Seafood,380.0,167.2
V001151,2026-05-02,S04,三種起司拼盤,副食,Cheese,340.0,224.4
V001151,2026-05-02,S05,松露薯條,副食,Fried,180.0,129.6
V001151,2026-05-02,S01,紹興油泡蝦,副食,Seafood,280.0,196.0
V001151,2026-05-02,S02,西班牙蒜辣蝦,副食,Seafood,260.0,176.8
V001151,2026-05-02,S06,酥炸花枝圈,副食,Fried,220.0,154.0
V001151,2026-05-02,S05,松露薯條,副食,Fried,180.0,129.6
V001151,2026-05-02,W05,氣泡酒(杯),酒水,Fried,300.0,189.0
V001151,2026-05-02,W07,Old Fashioned,酒水,Red_Meat,380.0,285.0
V001151,2026-05-02,W04,白蘇維翁(杯),酒水,Seafood,280.0,170.8
V001151,2026-05-02,W10,小麥白啤酒,酒水,Fried,240.0,136.8
V001151,2026-05-02,W11,威士忌 Highball,酒水,Cheese,300.0,222.0
V001151,2026-05-02,W02,卡本內蘇維翁(杯),酒水,Red_Meat,320.0,192.0
V001151,2026-05-02,W03,夏多內白酒(杯),酒水,Seafood,260.0,161.2
V001151,2026-05-02,W07,Old Fashioned,酒水,Red_Meat,380.0,285.0
V001151,2026-05-02,W10,小麥白啤酒,酒水,Fried,240.0,136.8
V001151,2026-05-02,W04,白蘇維翁(杯),酒水,Seafood,280.0,170.8
V001151,2026-05-02,W03,夏多內白酒(杯),酒水,Seafood,260.0,161.2
V001151,2026-05-02,W13,無酒精莫吉托,酒水,Universal,180.0,144.0
V001152,2026-05-03,M06,香煎鮭魚佐檸檬,主食,Seafood,460.0,193.2
V001152,2026-05-03,M01,舒肥紅酒燉牛肉,主食,Red_Meat,480.0,192.0
V001152,2026-05-03,M06,香煎鮭魚佐檸檬,主食,Seafood,460.0,193.2
V001152,2026-05-03,S07,炙燒櫛瓜佐油醋,副食,Universal,160.0,108.8
V001152,2026-05-03,W06,Negroni,酒水,Cheese,350.0,266.0
V001153,2026-05-03,M02,爐烤伊比利豬肩,主食,Red_Meat,520.0,197.6
V001153,2026-05-03,S01,紹興油泡蝦,副食,Seafood,280.0,196.0
V001153,2026-05-03,W03,夏多內白酒(杯),酒水,Seafood,260.0,161.2
V001153,2026-05-03,W09,精釀 IPA,酒水,Fried,260.0,150.8
V001153,2026-05-03,W07,Old Fashioned,酒水,Red_Meat,380.0,285.0
V001153,2026-05-03,W07,Old Fashioned,酒水,Red_Meat,380.0,285.0
V001153,2026-05-03,W01,馬爾貝克紅酒(杯),酒水,Red_Meat,280.0,173.6
V001154,2026-05-03,M04,松露野菌燉飯,主食,Cheese,420.0,189.0
V001154,2026-05-03,M02,爐烤伊比利豬肩,主食,Red_Meat,520.0,197.6
V001154,2026-05-03,S03,伊比利火腿盤,副食,Cheese,380.0,247.0
V001154,2026-05-03,S04,三種起司拼盤,副食,Cheese,340.0,224.4
V001154,2026-05-03,S02,西班牙蒜辣蝦,副食,Seafood,260.0,176.8
V001155,2026-05-03,M06,香煎鮭魚佐檸檬,主食,Seafood,460.0,193.2
V001155,2026-05-03,M01,舒肥紅酒燉牛肉,主食,Red_Meat,480.0,192.0
V001155,2026-05-03,S05,松露薯條,副食,Fried,180.0,129.6
V001155,2026-05-03,W04,白蘇維翁(杯),酒水,Seafood,280.0,170.8
V001156,2026-05-03,M01,舒肥紅酒燉牛肉,主食,Red_Meat,480.0,192.0
V001156,2026-05-03,M06,香煎鮭魚佐檸檬,主食,Seafood,460.0,193.2
V001156,2026-05-03,M06,香煎鮭魚佐檸檬,主食,Seafood,460.0,193.2
V001156,2026-05-03,M06,香煎鮭魚佐檸檬,主食,Seafood,460.0,193.2
V001156,2026-05-03,S01,紹興油泡蝦,副食,Seafood,280.0,196.0
V001156,2026-05-03,S04,三種起司拼盤,副食,Cheese,340.0,224.4
V001156,2026-05-03,D02,焦糖烤布蕾,甜點,Dessert,160.0,107.2
V001156,2026-05-03,W03,夏多內白酒(杯),酒水,Seafood,260.0,161.2
V001156,2026-05-03,W02,卡本內蘇維翁(杯),酒水,Red_Meat,320.0,192.0
V001157,2026-05-03,M05,白酒蛤蜊義大利麵,主食,Seafood,380.0,167.2
V001157,2026-05-03,S03,伊比利火腿盤,副食,Cheese,380.0,247.0
V001157,2026-05-03,S05,松露薯條,副食,Fried,180.0,129.6
V001157,2026-05-03,W06,Negroni,酒水,Cheese,350.0,266.0
V001157,2026-05-03,W03,夏多內白酒(杯),酒水,Seafood,260.0,161.2
V001157,2026-05-03,W05,氣泡酒(杯),酒水,Fried,300.0,189.0
V001158,2026-05-03,M05,白酒蛤蜊義大利麵,主食,Seafood,380.0,167.2
V001158,2026-05-03,M02,爐烤伊比利豬肩,主食,Red_Meat,520.0,197.6
V001158,2026-05-03,S03,伊比利火腿盤,副食,Cheese,380.0,247.0
V001158,2026-05-03,S03,伊比利火腿盤,副食,Cheese,380.0,247.0
V001158,2026-05-03,S03,伊比利火腿盤,副食,Cheese,380.0,247.0
V001158,2026-05-03,D02,焦糖烤布蕾,甜點,Dessert,160.0,107.2
V001158,2026-05-03,W01,馬爾貝克紅酒(杯),酒水,Red_Meat,280.0,173.6
V001159,2026-05-03,M03,炭烤戰斧牛排,主食,Red_Meat,880.0,308.0
V001159,2026-05-03,S03,伊比利火腿盤,副食,Cheese,380.0,247.0
V001159,2026-05-03,S03,伊比利火腿盤,副食,Cheese,380.0,247.0
V001159,2026-05-03,S03,伊比利火腿盤,副食,Cheese,380.0,247.0
V001159,2026-05-03,W12,季節水果特調,酒水,Universal,340.0,261.8
V001159,2026-05-03,W03,夏多內白酒(杯),酒水,Seafood,260.0,161.2
V001160,2026-05-03,M06,香煎鮭魚佐檸檬,主食,Seafood,460.0,193.2
V001160,2026-05-03,S03,伊比利火腿盤,副食,Cheese,380.0,247.0
V001160,2026-05-03,D01,提拉米蘇,甜點,Dessert,180.0,117.0
V001160,2026-05-03,W07,Old Fashioned,酒水,Red_Meat,380.0,285.0
V001161,2026-05-03,M03,炭烤戰斧牛排,主食,Red_Meat,880.0,308.0
V001161,2026-05-03,M02,爐烤伊比利豬肩,主食,Red_Meat,520.0,197.6
V001161,2026-05-03,S02,西班牙蒜辣蝦,副食,Seafood,260.0,176.8
V001161,2026-05-03,S06,酥炸花枝圈,副食,Fried,220.0,154.0
V001161,2026-05-03,S05,松露薯條,副食,Fried,180.0,129.6
V001162,2026-05-03,M04,松露野菌燉飯,主食,Cheese,420.0,189.0
V001162,2026-05-03,M05,白酒蛤蜊義大利麵,主食,Seafood,380.0,167.2
V001162,2026-05-03,M04,松露野菌燉飯,主食,Cheese,420.0,189.0
V001162,2026-05-03,M03,炭烤戰斧牛排,主食,Red_Meat,880.0,308.0
V001162,2026-05-03,S02,西班牙蒜辣蝦,副食,Seafood,260.0,176.8
V001162,2026-05-03,S05,松露薯條,副食,Fried,180.0,129.6
V001162,2026-05-03,S06,酥炸花枝圈,副食,Fried,220.0,154.0
V001162,2026-05-03,W08,Gin & Tonic,酒水,Universal,300.0,234.0
V001162,2026-05-03,W04,白蘇維翁(杯),酒水,Seafood,280.0,170.8
V001162,2026-05-03,W07,Old Fashioned,酒水,Red_Meat,380.0,285.0
V001162,2026-05-03,W08,Gin & Tonic,酒水,Universal,300.0,234.0
V001162,2026-05-03,W07,Old Fashioned,酒水,Red_Meat,380.0,285.0
V001163,2026-05-03,M06,香煎鮭魚佐檸檬,主食,Seafood,460.0,193.2
V001163,2026-05-03,M01,舒肥紅酒燉牛肉,主食,Red_Meat,480.0,192.0
V001163,2026-05-03,M05,白酒蛤蜊義大利麵,主食,Seafood,380.0,167.2
V001163,2026-05-03,S02,西班牙蒜辣蝦,副食,Seafood,260.0,176.8
V001163,2026-05-03,S05,松露薯條,副食,Fried,180.0,129.6
V001163,2026-05-03,S01,紹興油泡蝦,副食,Seafood,280.0,196.0
V001163,2026-05-03,D02,焦糖烤布蕾,甜點,Dessert,160.0,107.2
V001163,2026-05-03,W02,卡本內蘇維翁(杯),酒水,Red_Meat,320.0,192.0
V001163,2026-05-03,W11,威士忌 Highball,酒水,Cheese,300.0,222.0
V001164,2026-05-03,M01,舒肥紅酒燉牛肉,主食,Red_Meat,480.0,192.0
V001164,2026-05-03,M06,香煎鮭魚佐檸檬,主食,Seafood,460.0,193.2
V001164,2026-05-03,S04,三種起司拼盤,副食,Cheese,340.0,224.4
V001164,2026-05-03,S03,伊比利火腿盤,副食,Cheese,380.0,247.0
V001164,2026-05-03,D01,提拉米蘇,甜點,Dessert,180.0,117.0
V001164,2026-05-03,W13,無酒精莫吉托,酒水,Universal,180.0,144.0
V001164,2026-05-03,W02,卡本內蘇維翁(杯),酒水,Red_Meat,320.0,192.0
V001165,2026-05-03,M04,松露野菌燉飯,主食,Cheese,420.0,189.0
V001165,2026-05-03,S01,紹興油泡蝦,副食,Seafood,280.0,196.0
V001165,2026-05-03,S01,紹興油泡蝦,副食,Seafood,280.0,196.0
V001166,2026-05-05,M04,松露野菌燉飯,主食,Cheese,420.0,189.0
V001166,2026-05-05,S02,西班牙蒜辣蝦,副食,Seafood,260.0,176.8
V001166,2026-05-05,S01,紹興油泡蝦,副食,Seafood,280.0,196.0
V001166,2026-05-05,S03,伊比利火腿盤,副食,Cheese,380.0,247.0
V001166,2026-05-05,S03,伊比利火腿盤,副食,Cheese,380.0,247.0
V001167,2026-05-05,M02,爐烤伊比利豬肩,主食,Red_Meat,520.0,197.6
V001167,2026-05-05,M02,爐烤伊比利豬肩,主食,Red_Meat,520.0,197.6
V001167,2026-05-05,S03,伊比利火腿盤,副食,Cheese,380.0,247.0
V001167,2026-05-05,S07,炙燒櫛瓜佐油醋,副食,Universal,160.0,108.8
V001167,2026-05-05,S05,松露薯條,副食,Fried,180.0,129.6
V001167,2026-05-05,D02,焦糖烤布蕾,甜點,Dessert,160.0,107.2
V001168,2026-05-05,M02,爐烤伊比利豬肩,主食,Red_Meat,520.0,197.6
V001168,2026-05-05,M05,白酒蛤蜊義大利麵,主食,Seafood,380.0,167.2
V001168,2026-05-05,M04,松露野菌燉飯,主食,Cheese,420.0,189.0
V001168,2026-05-05,W06,Negroni,酒水,Cheese,350.0,266.0
V001168,2026-05-05,W03,夏多內白酒(杯),酒水,Seafood,260.0,161.2
V001168,2026-05-05,W02,卡本內蘇維翁(杯),酒水,Red_Meat,320.0,192.0
V001169,2026-05-06,M04,松露野菌燉飯,主食,Cheese,420.0,189.0
V001169,2026-05-06,S05,松露薯條,副食,Fried,180.0,129.6
V001169,2026-05-06,S07,炙燒櫛瓜佐油醋,副食,Universal,160.0,108.8
V001169,2026-05-06,S03,伊比利火腿盤,副食,Cheese,380.0,247.0
V001169,2026-05-06,D02,焦糖烤布蕾,甜點,Dessert,160.0,107.2
V001169,2026-05-06,W07,Old Fashioned,酒水,Red_Meat,380.0,285.0
V001170,2026-05-06,M01,舒肥紅酒燉牛肉,主食,Red_Meat,480.0,192.0
V001170,2026-05-06,M05,白酒蛤蜊義大利麵,主食,Seafood,380.0,167.2
V001170,2026-05-06,M03,炭烤戰斧牛排,主食,Red_Meat,880.0,308.0
V001170,2026-05-06,S05,松露薯條,副食,Fried,180.0,129.6
V001170,2026-05-06,S03,伊比利火腿盤,副食,Cheese,380.0,247.0
V001170,2026-05-06,S02,西班牙蒜辣蝦,副食,Seafood,260.0,176.8
V001170,2026-05-06,S03,伊比利火腿盤,副食,Cheese,380.0,247.0
V001170,2026-05-06,S02,西班牙蒜辣蝦,副食,Seafood,260.0,176.8
V001170,2026-05-06,W05,氣泡酒(杯),酒水,Fried,300.0,189.0
V001170,2026-05-06,W07,Old Fashioned,酒水,Red_Meat,380.0,285.0
V001171,2026-05-06,M05,白酒蛤蜊義大利麵,主食,Seafood,380.0,167.2
V001171,2026-05-06,M06,香煎鮭魚佐檸檬,主食,Seafood,460.0,193.2
V001171,2026-05-06,M01,舒肥紅酒燉牛肉,主食,Red_Meat,480.0,192.0
V001171,2026-05-06,S01,紹興油泡蝦,副食,Seafood,280.0,196.0
V001171,2026-05-06,S05,松露薯條,副食,Fried,180.0,129.6
V001171,2026-05-06,S02,西班牙蒜辣蝦,副食,Seafood,260.0,176.8
V001171,2026-05-06,S04,三種起司拼盤,副食,Cheese,340.0,224.4
V001171,2026-05-06,S01,紹興油泡蝦,副食,Seafood,280.0,196.0
V001171,2026-05-06,W03,夏多內白酒(杯),酒水,Seafood,260.0,161.2
V001171,2026-05-06,W03,夏多內白酒(杯),酒水,Seafood,260.0,161.2
V001171,2026-05-06,W04,白蘇維翁(杯),酒水,Seafood,280.0,170.8
V001171,2026-05-06,W04,白蘇維翁(杯),酒水,Seafood,280.0,170.8
V001172,2026-05-06,M05,白酒蛤蜊義大利麵,主食,Seafood,380.0,167.2
V001172,2026-05-06,S07,炙燒櫛瓜佐油醋,副食,Universal,160.0,108.8
V001172,2026-05-06,S02,西班牙蒜辣蝦,副食,Seafood,260.0,176.8
V001172,2026-05-06,D01,提拉米蘇,甜點,Dessert,180.0,117.0
V001172,2026-05-06,W04,白蘇維翁(杯),酒水,Seafood,280.0,170.8
V001173,2026-05-06,S07,炙燒櫛瓜佐油醋,副食,Universal,160.0,108.8
V001173,2026-05-06,W08,Gin & Tonic,酒水,Universal,300.0,234.0
V001174,2026-05-06,M01,舒肥紅酒燉牛肉,主食,Red_Meat,480.0,192.0
V001174,2026-05-06,S02,西班牙蒜辣蝦,副食,Seafood,260.0,176.8
V001174,2026-05-06,S06,酥炸花枝圈,副食,Fried,220.0,154.0
V001174,2026-05-06,W04,白蘇維翁(杯),酒水,Seafood,280.0,170.8
V001174,2026-05-06,W06,Negroni,酒水,Cheese,350.0,266.0
V001175,2026-05-06,M05,白酒蛤蜊義大利麵,主食,Seafood,380.0,167.2
V001175,2026-05-06,S04,三種起司拼盤,副食,Cheese,340.0,224.4
V001175,2026-05-06,S04,三種起司拼盤,副食,Cheese,340.0,224.4
V001175,2026-05-06,W03,夏多內白酒(杯),酒水,Seafood,260.0,161.2
V001176,2026-05-06,M06,香煎鮭魚佐檸檬,主食,Seafood,460.0,193.2
V001176,2026-05-06,M03,炭烤戰斧牛排,主食,Red_Meat,880.0,308.0
V001176,2026-05-06,S06,酥炸花枝圈,副食,Fried,220.0,154.0
V001176,2026-05-06,S05,松露薯條,副食,Fried,180.0,129.6
V001176,2026-05-06,S01,紹興油泡蝦,副食,Seafood,280.0,196.0
V001176,2026-05-06,S02,西班牙蒜辣蝦,副食,Seafood,260.0,176.8
V001176,2026-05-06,D02,焦糖烤布蕾,甜點,Dessert,160.0,107.2
V001176,2026-05-06,W05,氣泡酒(杯),酒水,Fried,300.0,189.0
V001176,2026-05-06,W13,無酒精莫吉托,酒水,Universal,180.0,144.0
V001176,2026-05-06,W01,馬爾貝克紅酒(杯),酒水,Red_Meat,280.0,173.6
V001176,2026-05-06,W04,白蘇維翁(杯),酒水,Seafood,280.0,170.8
V001176,2026-05-06,W02,卡本內蘇維翁(杯),酒水,Red_Meat,320.0,192.0
V001176,2026-05-06,W05,氣泡酒(杯),酒水,Fried,300.0,189.0
V001176,2026-05-06,W11,威士忌 Highball,酒水,Cheese,300.0,222.0
V001177,2026-05-06,M05,白酒蛤蜊義大利麵,主食,Seafood,380.0,167.2
V001177,2026-05-06,S02,西班牙蒜辣蝦,副食,Seafood,260.0,176.8
V001177,2026-05-06,S07,炙燒櫛瓜佐油醋,副食,Universal,160.0,108.8
V001177,2026-05-06,W04,白蘇維翁(杯),酒水,Seafood,280.0,170.8
V001177,2026-05-06,W04,白蘇維翁(杯),酒水,Seafood,280.0,170.8
V001177,2026-05-06,W04,白蘇維翁(杯),酒水,Seafood,280.0,170.8
V001178,2026-05-06,M01,舒肥紅酒燉牛肉,主食,Red_Meat,480.0,192.0
V001178,2026-05-06,M04,松露野菌燉飯,主食,Cheese,420.0,189.0
V001178,2026-05-06,M06,香煎鮭魚佐檸檬,主食,Seafood,460.0,193.2
V001178,2026-05-06,M03,炭烤戰斧牛排,主食,Red_Meat,880.0,308.0
V001178,2026-05-06,S04,三種起司拼盤,副食,Cheese,340.0,224.4
V001178,2026-05-06,S02,西班牙蒜辣蝦,副食,Seafood,260.0,176.8
V001178,2026-05-06,W13,無酒精莫吉托,酒水,Universal,180.0,144.0
V001178,2026-05-06,W02,卡本內蘇維翁(杯),酒水,Red_Meat,320.0,192.0
V001178,2026-05-06,W06,Negroni,酒水,Cheese,350.0,266.0
V001178,2026-05-06,W06,Negroni,酒水,Cheese,350.0,266.0
V001179,2026-05-07,M02,爐烤伊比利豬肩,主食,Red_Meat,520.0,197.6
V001179,2026-05-07,M02,爐烤伊比利豬肩,主食,Red_Meat,520.0,197.6
V001179,2026-05-07,S02,西班牙蒜辣蝦,副食,Seafood,260.0,176.8
V001179,2026-05-07,S02,西班牙蒜辣蝦,副食,Seafood,260.0,176.8
V001179,2026-05-07,D02,焦糖烤布蕾,甜點,Dessert,160.0,107.2
V001179,2026-05-07,W04,白蘇維翁(杯),酒水,Seafood,280.0,170.8
V001179,2026-05-07,W01,馬爾貝克紅酒(杯),酒水,Red_Meat,280.0,173.6
V001180,2026-05-07,M05,白酒蛤蜊義大利麵,主食,Seafood,380.0,167.2
V001180,2026-05-07,M02,爐烤伊比利豬肩,主食,Red_Meat,520.0,197.6
V001180,2026-05-07,S03,伊比利火腿盤,副食,Cheese,380.0,247.0
V001180,2026-05-07,S06,酥炸花枝圈,副食,Fried,220.0,154.0
V001180,2026-05-07,S03,伊比利火腿盤,副食,Cheese,380.0,247.0
V001180,2026-05-07,S06,酥炸花枝圈,副食,Fried,220.0,154.0
V001181,2026-05-07,M02,爐烤伊比利豬肩,主食,Red_Meat,520.0,197.6
V001181,2026-05-07,S07,炙燒櫛瓜佐油醋,副食,Universal,160.0,108.8
V001181,2026-05-07,S05,松露薯條,副食,Fried,180.0,129.6
V001181,2026-05-07,W12,季節水果特調,酒水,Universal,340.0,261.8
V001181,2026-05-07,W08,Gin & Tonic,酒水,Universal,300.0,234.0
V001181,2026-05-07,W05,氣泡酒(杯),酒水,Fried,300.0,189.0
V001181,2026-05-07,W05,氣泡酒(杯),酒水,Fried,300.0,189.0
V001182,2026-05-07,M04,松露野菌燉飯,主食,Cheese,420.0,189.0
V001182,2026-05-07,M06,香煎鮭魚佐檸檬,主食,Seafood,460.0,193.2
V001182,2026-05-07,S03,伊比利火腿盤,副食,Cheese,380.0,247.0
V001182,2026-05-07,S05,松露薯條,副食,Fried,180.0,129.6
V001182,2026-05-07,S04,三種起司拼盤,副食,Cheese,340.0,224.4
V001182,2026-05-07,S07,炙燒櫛瓜佐油醋,副食,Universal,160.0,108.8
V001182,2026-05-07,S05,松露薯條,副食,Fried,180.0,129.6
V001182,2026-05-07,W02,卡本內蘇維翁(杯),酒水,Red_Meat,320.0,192.0
V001182,2026-05-07,W01,馬爾貝克紅酒(杯),酒水,Red_Meat,280.0,173.6
V001182,2026-05-07,W11,威士忌 Highball,酒水,Cheese,300.0,222.0
V001182,2026-05-07,W01,馬爾貝克紅酒(杯),酒水,Red_Meat,280.0,173.6
V001182,2026-05-07,W05,氣泡酒(杯),酒水,Fried,300.0,189.0
V001182,2026-05-07,W03,夏多內白酒(杯),酒水,Seafood,260.0,161.2
V001182,2026-05-07,W09,精釀 IPA,酒水,Fried,260.0,150.8
V001182,2026-05-07,W04,白蘇維翁(杯),酒水,Seafood,280.0,170.8
V001182,2026-05-07,W10,小麥白啤酒,酒水,Fried,240.0,136.8
V001182,2026-05-07,W09,精釀 IPA,酒水,Fried,260.0,150.8
V001182,2026-05-07,W11,威士忌 Highball,酒水,Cheese,300.0,222.0
V001183,2026-05-07,M05,白酒蛤蜊義大利麵,主食,Seafood,380.0,167.2
V001183,2026-05-07,S01,紹興油泡蝦,副食,Seafood,280.0,196.0
V001183,2026-05-07,S04,三種起司拼盤,副食,Cheese,340.0,224.4
V001183,2026-05-07,S05,松露薯條,副食,Fried,180.0,129.6
V001183,2026-05-07,S05,松露薯條,副食,Fried,180.0,129.6
V001183,2026-05-07,D01,提拉米蘇,甜點,Dessert,180.0,117.0
V001183,2026-05-07,W11,威士忌 Highball,酒水,Cheese,300.0,222.0
V001184,2026-05-07,M05,白酒蛤蜊義大利麵,主食,Seafood,380.0,167.2
V001184,2026-05-07,M05,白酒蛤蜊義大利麵,主食,Seafood,380.0,167.2
V001184,2026-05-07,S04,三種起司拼盤,副食,Cheese,340.0,224.4
V001184,2026-05-07,D01,提拉米蘇,甜點,Dessert,180.0,117.0
V001184,2026-05-07,W04,白蘇維翁(杯),酒水,Seafood,280.0,170.8
V001184,2026-05-07,W04,白蘇維翁(杯),酒水,Seafood,280.0,170.8
V001184,2026-05-07,W11,威士忌 Highball,酒水,Cheese,300.0,222.0
V001184,2026-05-07,W06,Negroni,酒水,Cheese,350.0,266.0
V001184,2026-05-07,W07,Old Fashioned,酒水,Red_Meat,380.0,285.0
V001184,2026-05-07,W02,卡本內蘇維翁(杯),酒水,Red_Meat,320.0,192.0
V001184,2026-05-07,W04,白蘇維翁(杯),酒水,Seafood,280.0,170.8
V001184,2026-05-07,W03,夏多內白酒(杯),酒水,Seafood,260.0,161.2
V001184,2026-05-07,W09,精釀 IPA,酒水,Fried,260.0,150.8
V001184,2026-05-07,W04,白蘇維翁(杯),酒水,Seafood,280.0,170.8
V001184,2026-05-07,W01,馬爾貝克紅酒(杯),酒水,Red_Meat,280.0,173.6
V001184,2026-05-07,W04,白蘇維翁(杯),酒水,Seafood,280.0,170.8
V001184,2026-05-07,W07,Old Fashioned,酒水,Red_Meat,380.0,285.0
V001185,2026-05-07,M02,爐烤伊比利豬肩,主食,Red_Meat,520.0,197.6
V001185,2026-05-07,S04,三種起司拼盤,副食,Cheese,340.0,224.4
V001185,2026-05-07,W12,季節水果特調,酒水,Universal,340.0,261.8
V001185,2026-05-07,W07,Old Fashioned,酒水,Red_Meat,380.0,285.0
V001185,2026-05-07,W01,馬爾貝克紅酒(杯),酒水,Red_Meat,280.0,173.6
V001185,2026-05-07,W06,Negroni,酒水,Cheese,350.0,266.0
V001185,2026-05-07,W01,馬爾貝克紅酒(杯),酒水,Red_Meat,280.0,173.6
V001185,2026-05-07,W04,白蘇維翁(杯),酒水,Seafood,280.0,170.8
V001185,2026-05-07,W09,精釀 IPA,酒水,Fried,260.0,150.8
V001186,2026-05-08,M06,香煎鮭魚佐檸檬,主食,Seafood,460.0,193.2
V001186,2026-05-08,M05,白酒蛤蜊義大利麵,主食,Seafood,380.0,167.2
V001186,2026-05-08,M03,炭烤戰斧牛排,主食,Red_Meat,880.0,308.0
V001186,2026-05-08,S03,伊比利火腿盤,副食,Cheese,380.0,247.0
V001186,2026-05-08,S02,西班牙蒜辣蝦,副食,Seafood,260.0,176.8
V001186,2026-05-08,W03,夏多內白酒(杯),酒水,Seafood,260.0,161.2
V001186,2026-05-08,W03,夏多內白酒(杯),酒水,Seafood,260.0,161.2
V001186,2026-05-08,W09,精釀 IPA,酒水,Fried,260.0,150.8
V001186,2026-05-08,W02,卡本內蘇維翁(杯),酒水,Red_Meat,320.0,192.0
V001186,2026-05-08,W05,氣泡酒(杯),酒水,Fried,300.0,189.0
V001186,2026-05-08,W01,馬爾貝克紅酒(杯),酒水,Red_Meat,280.0,173.6
V001186,2026-05-08,W09,精釀 IPA,酒水,Fried,260.0,150.8
V001186,2026-05-08,W03,夏多內白酒(杯),酒水,Seafood,260.0,161.2
V001187,2026-05-08,M05,白酒蛤蜊義大利麵,主食,Seafood,380.0,167.2
V001187,2026-05-08,S01,紹興油泡蝦,副食,Seafood,280.0,196.0
V001187,2026-05-08,S04,三種起司拼盤,副食,Cheese,340.0,224.4
V001187,2026-05-08,W13,無酒精莫吉托,酒水,Universal,180.0,144.0
V001187,2026-05-08,W02,卡本內蘇維翁(杯),酒水,Red_Meat,320.0,192.0
V001187,2026-05-08,W03,夏多內白酒(杯),酒水,Seafood,260.0,161.2
V001188,2026-05-08,M01,舒肥紅酒燉牛肉,主食,Red_Meat,480.0,192.0
V001188,2026-05-08,S03,伊比利火腿盤,副食,Cheese,380.0,247.0
V001188,2026-05-08,S01,紹興油泡蝦,副食,Seafood,280.0,196.0
V001188,2026-05-08,S05,松露薯條,副食,Fried,180.0,129.6
V001188,2026-05-08,S02,西班牙蒜辣蝦,副食,Seafood,260.0,176.8
V001188,2026-05-08,S03,伊比利火腿盤,副食,Cheese,380.0,247.0
V001188,2026-05-08,S07,炙燒櫛瓜佐油醋,副食,Universal,160.0,108.8
V001188,2026-05-08,S06,酥炸花枝圈,副食,Fried,220.0,154.0
V001188,2026-05-08,W11,威士忌 Highball,酒水,Cheese,300.0,222.0
V001188,2026-05-08,W12,季節水果特調,酒水,Universal,340.0,261.8
V001189,2026-05-08,M02,爐烤伊比利豬肩,主食,Red_Meat,520.0,197.6
V001189,2026-05-08,M03,炭烤戰斧牛排,主食,Red_Meat,880.0,308.0
V001189,2026-05-08,S01,紹興油泡蝦,副食,Seafood,280.0,196.0
V001189,2026-05-08,S05,松露薯條,副食,Fried,180.0,129.6
V001190,2026-05-08,M06,香煎鮭魚佐檸檬,主食,Seafood,460.0,193.2
V001190,2026-05-08,M01,舒肥紅酒燉牛肉,主食,Red_Meat,480.0,192.0
V001190,2026-05-08,S03,伊比利火腿盤,副食,Cheese,380.0,247.0
V001190,2026-05-08,S04,三種起司拼盤,副食,Cheese,340.0,224.4
V001190,2026-05-08,S03,伊比利火腿盤,副食,Cheese,380.0,247.0
V001190,2026-05-08,D01,提拉米蘇,甜點,Dessert,180.0,117.0
V001191,2026-05-08,M06,香煎鮭魚佐檸檬,主食,Seafood,460.0,193.2
V001191,2026-05-08,S03,伊比利火腿盤,副食,Cheese,380.0,247.0
V001191,2026-05-08,S07,炙燒櫛瓜佐油醋,副食,Universal,160.0,108.8
V001191,2026-05-08,S07,炙燒櫛瓜佐油醋,副食,Universal,160.0,108.8
V001191,2026-05-08,D02,焦糖烤布蕾,甜點,Dessert,160.0,107.2
V001191,2026-05-08,W10,小麥白啤酒,酒水,Fried,240.0,136.8
V001191,2026-05-08,W03,夏多內白酒(杯),酒水,Seafood,260.0,161.2
V001191,2026-05-08,W08,Gin & Tonic,酒水,Universal,300.0,234.0
V001191,2026-05-08,W03,夏多內白酒(杯),酒水,Seafood,260.0,161.2
V001191,2026-05-08,W04,白蘇維翁(杯),酒水,Seafood,280.0,170.8
V001191,2026-05-08,W03,夏多內白酒(杯),酒水,Seafood,260.0,161.2
V001191,2026-05-08,W03,夏多內白酒(杯),酒水,Seafood,260.0,161.2
V001192,2026-05-08,M01,舒肥紅酒燉牛肉,主食,Red_Meat,480.0,192.0
V001192,2026-05-08,M01,舒肥紅酒燉牛肉,主食,Red_Meat,480.0,192.0
V001192,2026-05-08,S03,伊比利火腿盤,副食,Cheese,380.0,247.0
V001192,2026-05-08,S07,炙燒櫛瓜佐油醋,副食,Universal,160.0,108.8
V001192,2026-05-08,D01,提拉米蘇,甜點,Dessert,180.0,117.0
V001192,2026-05-08,W02,卡本內蘇維翁(杯),酒水,Red_Meat,320.0,192.0
V001192,2026-05-08,W06,Negroni,酒水,Cheese,350.0,266.0
V001192,2026-05-08,W13,無酒精莫吉托,酒水,Universal,180.0,144.0
V001192,2026-05-08,W11,威士忌 Highball,酒水,Cheese,300.0,222.0
V001192,2026-05-08,W11,威士忌 Highball,酒水,Cheese,300.0,222.0
V001193,2026-05-08,M06,香煎鮭魚佐檸檬,主食,Seafood,460.0,193.2
V001193,2026-05-08,S01,紹興油泡蝦,副食,Seafood,280.0,196.0
V001193,2026-05-08,D02,焦糖烤布蕾,甜點,Dessert,160.0,107.2
V001193,2026-05-08,W04,白蘇維翁(杯),酒水,Seafood,280.0,170.8
V001193,2026-05-08,W13,無酒精莫吉托,酒水,Universal,180.0,144.0
V001194,2026-05-08,M01,舒肥紅酒燉牛肉,主食,Red_Meat,480.0,192.0
V001194,2026-05-08,M02,爐烤伊比利豬肩,主食,Red_Meat,520.0,197.6
V001194,2026-05-08,S03,伊比利火腿盤,副食,Cheese,380.0,247.0
V001194,2026-05-08,W13,無酒精莫吉托,酒水,Universal,180.0,144.0
V001194,2026-05-08,W01,馬爾貝克紅酒(杯),酒水,Red_Meat,280.0,173.6
V001195,2026-05-08,M01,舒肥紅酒燉牛肉,主食,Red_Meat,480.0,192.0
V001195,2026-05-08,M06,香煎鮭魚佐檸檬,主食,Seafood,460.0,193.2
V001195,2026-05-08,D02,焦糖烤布蕾,甜點,Dessert,160.0,107.2
V001196,2026-05-08,M01,舒肥紅酒燉牛肉,主食,Red_Meat,480.0,192.0
V001196,2026-05-08,M01,舒肥紅酒燉牛肉,主食,Red_Meat,480.0,192.0
V001196,2026-05-08,S03,伊比利火腿盤,副食,Cheese,380.0,247.0
V001196,2026-05-08,S01,紹興油泡蝦,副食,Seafood,280.0,196.0
V001197,2026-05-08,M02,爐烤伊比利豬肩,主食,Red_Meat,520.0,197.6
V001197,2026-05-08,S02,西班牙蒜辣蝦,副食,Seafood,260.0,176.8
V001197,2026-05-08,W12,季節水果特調,酒水,Universal,340.0,261.8
V001197,2026-05-08,W05,氣泡酒(杯),酒水,Fried,300.0,189.0
V001197,2026-05-08,W04,白蘇維翁(杯),酒水,Seafood,280.0,170.8
V001197,2026-05-08,W03,夏多內白酒(杯),酒水,Seafood,260.0,161.2
V001197,2026-05-08,W12,季節水果特調,酒水,Universal,340.0,261.8
V001198,2026-05-08,M04,松露野菌燉飯,主食,Cheese,420.0,189.0
V001198,2026-05-08,W13,無酒精莫吉托,酒水,Universal,180.0,144.0
V001198,2026-05-08,W12,季節水果特調,酒水,Universal,340.0,261.8
V001198,2026-05-08,W06,Negroni,酒水,Cheese,350.0,266.0
V001199,2026-05-08,M05,白酒蛤蜊義大利麵,主食,Seafood,380.0,167.2
V001199,2026-05-08,M03,炭烤戰斧牛排,主食,Red_Meat,880.0,308.0
V001199,2026-05-08,S05,松露薯條,副食,Fried,180.0,129.6
V001199,2026-05-08,S03,伊比利火腿盤,副食,Cheese,380.0,247.0
V001199,2026-05-08,S02,西班牙蒜辣蝦,副食,Seafood,260.0,176.8
V001199,2026-05-08,S03,伊比利火腿盤,副食,Cheese,380.0,247.0
V001199,2026-05-08,S02,西班牙蒜辣蝦,副食,Seafood,260.0,176.8
V001199,2026-05-08,S04,三種起司拼盤,副食,Cheese,340.0,224.4
V001199,2026-05-08,S04,三種起司拼盤,副食,Cheese,340.0,224.4
V001199,2026-05-08,D01,提拉米蘇,甜點,Dessert,180.0,117.0
V001199,2026-05-08,W01,馬爾貝克紅酒(杯),酒水,Red_Meat,280.0,173.6
V001199,2026-05-08,W06,Negroni,酒水,Cheese,350.0,266.0
V001199,2026-05-08,W13,無酒精莫吉托,酒水,Universal,180.0,144.0
V001199,2026-05-08,W12,季節水果特調,酒水,Universal,340.0,261.8
V001199,2026-05-08,W08,Gin & Tonic,酒水,Universal,300.0,234.0
V001199,2026-05-08,W12,季節水果特調,酒水,Universal,340.0,261.8
V001200,2026-05-08,M04,松露野菌燉飯,主食,Cheese,420.0,189.0
V001200,2026-05-08,M05,白酒蛤蜊義大利麵,主食,Seafood,380.0,167.2
V001200,2026-05-08,S02,西班牙蒜辣蝦,副食,Seafood,260.0,176.8
V001200,2026-05-08,S03,伊比利火腿盤,副食,Cheese,380.0,247.0
V001201,2026-05-09,S06,酥炸花枝圈,副食,Fried,220.0,154.0
V001201,2026-05-09,S01,紹興油泡蝦,副食,Seafood,280.0,196.0
V001201,2026-05-09,S05,松露薯條,副食,Fried,180.0,129.6
V001201,2026-05-09,S01,紹興油泡蝦,副食,Seafood,280.0,196.0
V001201,2026-05-09,W11,威士忌 Highball,酒水,Cheese,300.0,222.0
V001202,2026-05-09,M06,香煎鮭魚佐檸檬,主食,Seafood,460.0,193.2
V001202,2026-05-09,M04,松露野菌燉飯,主食,Cheese,420.0,189.0
V001202,2026-05-09,M03,炭烤戰斧牛排,主食,Red_Meat,880.0,308.0
V001202,2026-05-09,M03,炭烤戰斧牛排,主食,Red_Meat,880.0,308.0
V001202,2026-05-09,M02,爐烤伊比利豬肩,主食,Red_Meat,520.0,197.6
V001202,2026-05-09,S07,炙燒櫛瓜佐油醋,副食,Universal,160.0,108.8
V001202,2026-05-09,S03,伊比利火腿盤,副食,Cheese,380.0,247.0
V001202,2026-05-09,S03,伊比利火腿盤,副食,Cheese,380.0,247.0
V001202,2026-05-09,W07,Old Fashioned,酒水,Red_Meat,380.0,285.0
V001202,2026-05-09,W07,Old Fashioned,酒水,Red_Meat,380.0,285.0
V001202,2026-05-09,W04,白蘇維翁(杯),酒水,Seafood,280.0,170.8
V001202,2026-05-09,W02,卡本內蘇維翁(杯),酒水,Red_Meat,320.0,192.0
V001202,2026-05-09,W03,夏多內白酒(杯),酒水,Seafood,260.0,161.2
V001202,2026-05-09,W02,卡本內蘇維翁(杯),酒水,Red_Meat,320.0,192.0
V001202,2026-05-09,W03,夏多內白酒(杯),酒水,Seafood,260.0,161.2
V001202,2026-05-09,W13,無酒精莫吉托,酒水,Universal,180.0,144.0
V001202,2026-05-09,W07,Old Fashioned,酒水,Red_Meat,380.0,285.0
V001202,2026-05-09,W04,白蘇維翁(杯),酒水,Seafood,280.0,170.8
V001203,2026-05-09,M03,炭烤戰斧牛排,主食,Red_Meat,880.0,308.0
V001203,2026-05-09,W01,馬爾貝克紅酒(杯),酒水,Red_Meat,280.0,173.6
V001203,2026-05-09,W07,Old Fashioned,酒水,Red_Meat,380.0,285.0
V001203,2026-05-09,W10,小麥白啤酒,酒水,Fried,240.0,136.8
V001203,2026-05-09,W01,馬爾貝克紅酒(杯),酒水,Red_Meat,280.0,173.6
V001204,2026-05-09,M05,白酒蛤蜊義大利麵,主食,Seafood,380.0,167.2
V001204,2026-05-09,M01,舒肥紅酒燉牛肉,主食,Red_Meat,480.0,192.0
V001204,2026-05-09,S01,紹興油泡蝦,副食,Seafood,280.0,196.0
V001204,2026-05-09,S01,紹興油泡蝦,副食,Seafood,280.0,196.0
V001204,2026-05-09,D02,焦糖烤布蕾,甜點,Dessert,160.0,107.2
V001204,2026-05-09,W09,精釀 IPA,酒水,Fried,260.0,150.8
V001204,2026-05-09,W03,夏多內白酒(杯),酒水,Seafood,260.0,161.2
V001204,2026-05-09,W08,Gin & Tonic,酒水,Universal,300.0,234.0
V001204,2026-05-09,W10,小麥白啤酒,酒水,Fried,240.0,136.8
V001205,2026-05-09,M02,爐烤伊比利豬肩,主食,Red_Meat,520.0,197.6
V001205,2026-05-09,S02,西班牙蒜辣蝦,副食,Seafood,260.0,176.8
V001205,2026-05-09,W03,夏多內白酒(杯),酒水,Seafood,260.0,161.2
V001205,2026-05-09,W03,夏多內白酒(杯),酒水,Seafood,260.0,161.2
V001205,2026-05-09,W04,白蘇維翁(杯),酒水,Seafood,280.0,170.8
V001206,2026-05-09,M04,松露野菌燉飯,主食,Cheese,420.0,189.0
V001206,2026-05-09,M06,香煎鮭魚佐檸檬,主食,Seafood,460.0,193.2
V001206,2026-05-09,S01,紹興油泡蝦,副食,Seafood,280.0,196.0
V001206,2026-05-09,S06,酥炸花枝圈,副食,Fried,220.0,154.0
V001206,2026-05-09,S07,炙燒櫛瓜佐油醋,副食,Universal,160.0,108.8
V001206,2026-05-09,D02,焦糖烤布蕾,甜點,Dessert,160.0,107.2
V001206,2026-05-09,W03,夏多內白酒(杯),酒水,Seafood,260.0,161.2
V001207,2026-05-09,M06,香煎鮭魚佐檸檬,主食,Seafood,460.0,193.2
V001207,2026-05-09,M06,香煎鮭魚佐檸檬,主食,Seafood,460.0,193.2
V001207,2026-05-09,S01,紹興油泡蝦,副食,Seafood,280.0,196.0
V001207,2026-05-09,S05,松露薯條,副食,Fried,180.0,129.6
V001207,2026-05-09,S01,紹興油泡蝦,副食,Seafood,280.0,196.0
V001207,2026-05-09,W04,白蘇維翁(杯),酒水,Seafood,280.0,170.8
V001207,2026-05-09,W04,白蘇維翁(杯),酒水,Seafood,280.0,170.8
V001207,2026-05-09,W12,季節水果特調,酒水,Universal,340.0,261.8
V001207,2026-05-09,W03,夏多內白酒(杯),酒水,Seafood,260.0,161.2
V001207,2026-05-09,W03,夏多內白酒(杯),酒水,Seafood,260.0,161.2
V001207,2026-05-09,W13,無酒精莫吉托,酒水,Universal,180.0,144.0
V001208,2026-05-09,M02,爐烤伊比利豬肩,主食,Red_Meat,520.0,197.6
V001208,2026-05-09,M05,白酒蛤蜊義大利麵,主食,Seafood,380.0,167.2
V001208,2026-05-09,S03,伊比利火腿盤,副食,Cheese,380.0,247.0
V001208,2026-05-09,D02,焦糖烤布蕾,甜點,Dessert,160.0,107.2
V001208,2026-05-09,W11,威士忌 Highball,酒水,Cheese,300.0,222.0
V001208,2026-05-09,W09,精釀 IPA,酒水,Fried,260.0,150.8
V001208,2026-05-09,W04,白蘇維翁(杯),酒水,Seafood,280.0,170.8
V001208,2026-05-09,W03,夏多內白酒(杯),酒水,Seafood,260.0,161.2
V001208,2026-05-09,W01,馬爾貝克紅酒(杯),酒水,Red_Meat,280.0,173.6
V001208,2026-05-09,W03,夏多內白酒(杯),酒水,Seafood,260.0,161.2
V001208,2026-05-09,W03,夏多內白酒(杯),酒水,Seafood,260.0,161.2
V001208,2026-05-09,W07,Old Fashioned,酒水,Red_Meat,380.0,285.0
V001208,2026-05-09,W07,Old Fashioned,酒水,Red_Meat,380.0,285.0
V001209,2026-05-09,M03,炭烤戰斧牛排,主食,Red_Meat,880.0,308.0
V001209,2026-05-09,S05,松露薯條,副食,Fried,180.0,129.6
V001209,2026-05-09,S02,西班牙蒜辣蝦,副食,Seafood,260.0,176.8
V001209,2026-05-09,W03,夏多內白酒(杯),酒水,Seafood,260.0,161.2
V001209,2026-05-09,W01,馬爾貝克紅酒(杯),酒水,Red_Meat,280.0,173.6
V001209,2026-05-09,W03,夏多內白酒(杯),酒水,Seafood,260.0,161.2
V001209,2026-05-09,W12,季節水果特調,酒水,Universal,340.0,261.8
V001209,2026-05-09,W03,夏多內白酒(杯),酒水,Seafood,260.0,161.2
V001210,2026-05-09,M03,炭烤戰斧牛排,主食,Red_Meat,880.0,308.0
V001210,2026-05-09,M03,炭烤戰斧牛排,主食,Red_Meat,880.0,308.0
V001210,2026-05-09,S01,紹興油泡蝦,副食,Seafood,280.0,196.0
V001210,2026-05-09,S02,西班牙蒜辣蝦,副食,Seafood,260.0,176.8
V001210,2026-05-09,S06,酥炸花枝圈,副食,Fried,220.0,154.0
V001210,2026-05-09,W04,白蘇維翁(杯),酒水,Seafood,280.0,170.8
V001210,2026-05-09,W08,Gin & Tonic,酒水,Universal,300.0,234.0
V001210,2026-05-09,W10,小麥白啤酒,酒水,Fried,240.0,136.8
V001210,2026-05-09,W03,夏多內白酒(杯),酒水,Seafood,260.0,161.2
V001210,2026-05-09,W13,無酒精莫吉托,酒水,Universal,180.0,144.0
V001210,2026-05-09,W09,精釀 IPA,酒水,Fried,260.0,150.8
V001211,2026-05-09,M05,白酒蛤蜊義大利麵,主食,Seafood,380.0,167.2
V001211,2026-05-09,M02,爐烤伊比利豬肩,主食,Red_Meat,520.0,197.6
V001211,2026-05-09,S04,三種起司拼盤,副食,Cheese,340.0,224.4
V001211,2026-05-09,S01,紹興油泡蝦,副食,Seafood,280.0,196.0
V001211,2026-05-09,D01,提拉米蘇,甜點,Dessert,180.0,117.0
V001211,2026-05-09,W13,無酒精莫吉托,酒水,Universal,180.0,144.0
V001212,2026-05-09,M03,炭烤戰斧牛排,主食,Red_Meat,880.0,308.0
V001212,2026-05-09,M01,舒肥紅酒燉牛肉,主食,Red_Meat,480.0,192.0
V001212,2026-05-09,S03,伊比利火腿盤,副食,Cheese,380.0,247.0
V001212,2026-05-09,W01,馬爾貝克紅酒(杯),酒水,Red_Meat,280.0,173.6
V001212,2026-05-09,W11,威士忌 Highball,酒水,Cheese,300.0,222.0
V001212,2026-05-09,W01,馬爾貝克紅酒(杯),酒水,Red_Meat,280.0,173.6
V001212,2026-05-09,W06,Negroni,酒水,Cheese,350.0,266.0
V001212,2026-05-09,W01,馬爾貝克紅酒(杯),酒水,Red_Meat,280.0,173.6
V001212,2026-05-09,W07,Old Fashioned,酒水,Red_Meat,380.0,285.0
V001212,2026-05-09,W13,無酒精莫吉托,酒水,Universal,180.0,144.0
V001212,2026-05-09,W02,卡本內蘇維翁(杯),酒水,Red_Meat,320.0,192.0
V001212,2026-05-09,W03,夏多內白酒(杯),酒水,Seafood,260.0,161.2
V001212,2026-05-09,W11,威士忌 Highball,酒水,Cheese,300.0,222.0
V001213,2026-05-09,M02,爐烤伊比利豬肩,主食,Red_Meat,520.0,197.6
V001213,2026-05-09,M03,炭烤戰斧牛排,主食,Red_Meat,880.0,308.0
V001213,2026-05-09,S01,紹興油泡蝦,副食,Seafood,280.0,196.0
V001213,2026-05-09,S02,西班牙蒜辣蝦,副食,Seafood,260.0,176.8
V001213,2026-05-09,W01,馬爾貝克紅酒(杯),酒水,Red_Meat,280.0,173.6
V001213,2026-05-09,W02,卡本內蘇維翁(杯),酒水,Red_Meat,320.0,192.0
V001214,2026-05-09,M06,香煎鮭魚佐檸檬,主食,Seafood,460.0,193.2
V001214,2026-05-09,M02,爐烤伊比利豬肩,主食,Red_Meat,520.0,197.6
V001214,2026-05-09,S03,伊比利火腿盤,副食,Cheese,380.0,247.0
V001214,2026-05-09,S01,紹興油泡蝦,副食,Seafood,280.0,196.0
V001214,2026-05-09,S03,伊比利火腿盤,副食,Cheese,380.0,247.0
V001214,2026-05-09,S07,炙燒櫛瓜佐油醋,副食,Universal,160.0,108.8
V001214,2026-05-09,S06,酥炸花枝圈,副食,Fried,220.0,154.0
V001214,2026-05-09,W12,季節水果特調,酒水,Universal,340.0,261.8
V001214,2026-05-09,W03,夏多內白酒(杯),酒水,Seafood,260.0,161.2
V001214,2026-05-09,W07,Old Fashioned,酒水,Red_Meat,380.0,285.0
V001214,2026-05-09,W01,馬爾貝克紅酒(杯),酒水,Red_Meat,280.0,173.6
V001214,2026-05-09,W06,Negroni,酒水,Cheese,350.0,266.0
V001214,2026-05-09,W01,馬爾貝克紅酒(杯),酒水,Red_Meat,280.0,173.6
V001215,2026-05-09,M02,爐烤伊比利豬肩,主食,Red_Meat,520.0,197.6
V001215,2026-05-09,M01,舒肥紅酒燉牛肉,主食,Red_Meat,480.0,192.0
V001215,2026-05-09,S04,三種起司拼盤,副食,Cheese,340.0,224.4
V001215,2026-05-09,S04,三種起司拼盤,副食,Cheese,340.0,224.4
V001215,2026-05-09,S02,西班牙蒜辣蝦,副食,Seafood,260.0,176.8
V001215,2026-05-09,W01,馬爾貝克紅酒(杯),酒水,Red_Meat,280.0,173.6
V001216,2026-05-09,M01,舒肥紅酒燉牛肉,主食,Red_Meat,480.0,192.0
V001216,2026-05-09,M02,爐烤伊比利豬肩,主食,Red_Meat,520.0,197.6
V001216,2026-05-09,W07,Old Fashioned,酒水,Red_Meat,380.0,285.0
V001216,2026-05-09,W01,馬爾貝克紅酒(杯),酒水,Red_Meat,280.0,173.6
V001216,2026-05-09,W04,白蘇維翁(杯),酒水,Seafood,280.0,170.8
V001217,2026-05-09,M06,香煎鮭魚佐檸檬,主食,Seafood,460.0,193.2
V001217,2026-05-09,M04,松露野菌燉飯,主食,Cheese,420.0,189.0
V001217,2026-05-09,M03,炭烤戰斧牛排,主食,Red_Meat,880.0,308.0
V001217,2026-05-09,W06,Negroni,酒水,Cheese,350.0,266.0
V001217,2026-05-09,W03,夏多內白酒(杯),酒水,Seafood,260.0,161.2
V001217,2026-05-09,W04,白蘇維翁(杯),酒水,Seafood,280.0,170.8
V001218,2026-05-09,M04,松露野菌燉飯,主食,Cheese,420.0,189.0
V001218,2026-05-09,S02,西班牙蒜辣蝦,副食,Seafood,260.0,176.8
V001218,2026-05-09,W10,小麥白啤酒,酒水,Fried,240.0,136.8
V001218,2026-05-09,W03,夏多內白酒(杯),酒水,Seafood,260.0,161.2
V001218,2026-05-09,W06,Negroni,酒水,Cheese,350.0,266.0
V001218,2026-05-09,W11,威士忌 Highball,酒水,Cheese,300.0,222.0
V001219,2026-05-09,M06,香煎鮭魚佐檸檬,主食,Seafood,460.0,193.2
V001219,2026-05-09,S03,伊比利火腿盤,副食,Cheese,380.0,247.0
V001219,2026-05-09,S04,三種起司拼盤,副食,Cheese,340.0,224.4
V001219,2026-05-09,D02,焦糖烤布蕾,甜點,Dessert,160.0,107.2
V001220,2026-05-10,M06,香煎鮭魚佐檸檬,主食,Seafood,460.0,193.2
V001220,2026-05-10,S07,炙燒櫛瓜佐油醋,副食,Universal,160.0,108.8
V001220,2026-05-10,D02,焦糖烤布蕾,甜點,Dessert,160.0,107.2
V001220,2026-05-10,W01,馬爾貝克紅酒(杯),酒水,Red_Meat,280.0,173.6
V001220,2026-05-10,W03,夏多內白酒(杯),酒水,Seafood,260.0,161.2
V001221,2026-05-10,M06,香煎鮭魚佐檸檬,主食,Seafood,460.0,193.2
V001221,2026-05-10,W11,威士忌 Highball,酒水,Cheese,300.0,222.0
V001221,2026-05-10,W09,精釀 IPA,酒水,Fried,260.0,150.8
V001221,2026-05-10,W03,夏多內白酒(杯),酒水,Seafood,260.0,161.2
V001221,2026-05-10,W04,白蘇維翁(杯),酒水,Seafood,280.0,170.8
V001221,2026-05-10,W04,白蘇維翁(杯),酒水,Seafood,280.0,170.8
V001222,2026-05-10,M01,舒肥紅酒燉牛肉,主食,Red_Meat,480.0,192.0
V001222,2026-05-10,M05,白酒蛤蜊義大利麵,主食,Seafood,380.0,167.2
V001222,2026-05-10,M05,白酒蛤蜊義大利麵,主食,Seafood,380.0,167.2
V001222,2026-05-10,M02,爐烤伊比利豬肩,主食,Red_Meat,520.0,197.6
V001222,2026-05-10,S01,紹興油泡蝦,副食,Seafood,280.0,196.0
V001222,2026-05-10,S01,紹興油泡蝦,副食,Seafood,280.0,196.0
V001222,2026-05-10,W07,Old Fashioned,酒水,Red_Meat,380.0,285.0
V001222,2026-05-10,W03,夏多內白酒(杯),酒水,Seafood,260.0,161.2
V001222,2026-05-10,W03,夏多內白酒(杯),酒水,Seafood,260.0,161.2
V001223,2026-05-10,M04,松露野菌燉飯,主食,Cheese,420.0,189.0
V001223,2026-05-10,M03,炭烤戰斧牛排,主食,Red_Meat,880.0,308.0
V001223,2026-05-10,S02,西班牙蒜辣蝦,副食,Seafood,260.0,176.8
V001223,2026-05-10,S04,三種起司拼盤,副食,Cheese,340.0,224.4
V001223,2026-05-10,D02,焦糖烤布蕾,甜點,Dessert,160.0,107.2
V001223,2026-05-10,W05,氣泡酒(杯),酒水,Fried,300.0,189.0
V001223,2026-05-10,W11,威士忌 Highball,酒水,Cheese,300.0,222.0
V001223,2026-05-10,W04,白蘇維翁(杯),酒水,Seafood,280.0,170.8
V001223,2026-05-10,W05,氣泡酒(杯),酒水,Fried,300.0,189.0
V001223,2026-05-10,W07,Old Fashioned,酒水,Red_Meat,380.0,285.0
V001224,2026-05-10,M04,松露野菌燉飯,主食,Cheese,420.0,189.0
V001224,2026-05-10,S01,紹興油泡蝦,副食,Seafood,280.0,196.0
V001224,2026-05-10,S05,松露薯條,副食,Fried,180.0,129.6
V001224,2026-05-10,D01,提拉米蘇,甜點,Dessert,180.0,117.0
V001224,2026-05-10,W05,氣泡酒(杯),酒水,Fried,300.0,189.0
V001224,2026-05-10,W13,無酒精莫吉托,酒水,Universal,180.0,144.0
V001224,2026-05-10,W11,威士忌 Highball,酒水,Cheese,300.0,222.0
V001224,2026-05-10,W04,白蘇維翁(杯),酒水,Seafood,280.0,170.8
V001224,2026-05-10,W03,夏多內白酒(杯),酒水,Seafood,260.0,161.2
V001225,2026-05-10,M02,爐烤伊比利豬肩,主食,Red_Meat,520.0,197.6
V001225,2026-05-10,M06,香煎鮭魚佐檸檬,主食,Seafood,460.0,193.2
V001225,2026-05-10,S03,伊比利火腿盤,副食,Cheese,380.0,247.0
V001225,2026-05-10,S02,西班牙蒜辣蝦,副食,Seafood,260.0,176.8
V001225,2026-05-10,S05,松露薯條,副食,Fried,180.0,129.6
V001225,2026-05-10,S05,松露薯條,副食,Fried,180.0,129.6
V001225,2026-05-10,W08,Gin & Tonic,酒水,Universal,300.0,234.0
V001225,2026-05-10,W01,馬爾貝克紅酒(杯),酒水,Red_Meat,280.0,173.6
V001225,2026-05-10,W07,Old Fashioned,酒水,Red_Meat,380.0,285.0
V001225,2026-05-10,W04,白蘇維翁(杯),酒水,Seafood,280.0,170.8
V001225,2026-05-10,W01,馬爾貝克紅酒(杯),酒水,Red_Meat,280.0,173.6
V001226,2026-05-10,M06,香煎鮭魚佐檸檬,主食,Seafood,460.0,193.2
V001226,2026-05-10,S01,紹興油泡蝦,副食,Seafood,280.0,196.0
V001226,2026-05-10,W03,夏多內白酒(杯),酒水,Seafood,260.0,161.2
V001226,2026-05-10,W04,白蘇維翁(杯),酒水,Seafood,280.0,170.8
V001226,2026-05-10,W03,夏多內白酒(杯),酒水,Seafood,260.0,161.2
V001226,2026-05-10,W04,白蘇維翁(杯),酒水,Seafood,280.0,170.8
V001226,2026-05-10,W03,夏多內白酒(杯),酒水,Seafood,260.0,161.2
V001226,2026-05-10,W03,夏多內白酒(杯),酒水,Seafood,260.0,161.2
V001227,2026-05-10,M05,白酒蛤蜊義大利麵,主食,Seafood,380.0,167.2
V001227,2026-05-10,M06,香煎鮭魚佐檸檬,主食,Seafood,460.0,193.2
V001227,2026-05-10,M05,白酒蛤蜊義大利麵,主食,Seafood,380.0,167.2
V001227,2026-05-10,S04,三種起司拼盤,副食,Cheese,340.0,224.4
V001227,2026-05-10,S05,松露薯條,副食,Fried,180.0,129.6
V001227,2026-05-10,S06,酥炸花枝圈,副食,Fried,220.0,154.0
V001227,2026-05-10,S02,西班牙蒜辣蝦,副食,Seafood,260.0,176.8
V001227,2026-05-10,W08,Gin & Tonic,酒水,Universal,300.0,234.0
V001227,2026-05-10,W03,夏多內白酒(杯),酒水,Seafood,260.0,161.2
V001227,2026-05-10,W04,白蘇維翁(杯),酒水,Seafood,280.0,170.8
V001227,2026-05-10,W06,Negroni,酒水,Cheese,350.0,266.0
V001227,2026-05-10,W04,白蘇維翁(杯),酒水,Seafood,280.0,170.8
V001227,2026-05-10,W04,白蘇維翁(杯),酒水,Seafood,280.0,170.8
V001227,2026-05-10,W03,夏多內白酒(杯),酒水,Seafood,260.0,161.2
V001228,2026-05-10,M01,舒肥紅酒燉牛肉,主食,Red_Meat,480.0,192.0
V001228,2026-05-10,S03,伊比利火腿盤,副食,Cheese,380.0,247.0
V001228,2026-05-10,S04,三種起司拼盤,副食,Cheese,340.0,224.4
V001228,2026-05-10,S04,三種起司拼盤,副食,Cheese,340.0,224.4
V001228,2026-05-10,S01,紹興油泡蝦,副食,Seafood,280.0,196.0
V001228,2026-05-10,D01,提拉米蘇,甜點,Dessert,180.0,117.0
V001228,2026-05-10,W06,Negroni,酒水,Cheese,350.0,266.0
V001228,2026-05-10,W13,無酒精莫吉托,酒水,Universal,180.0,144.0
V001228,2026-05-10,W02,卡本內蘇維翁(杯),酒水,Red_Meat,320.0,192.0
V001228,2026-05-10,W01,馬爾貝克紅酒(杯),酒水,Red_Meat,280.0,173.6
V001229,2026-05-10,M02,爐烤伊比利豬肩,主食,Red_Meat,520.0,197.6
V001229,2026-05-10,M05,白酒蛤蜊義大利麵,主食,Seafood,380.0,167.2
V001229,2026-05-10,S01,紹興油泡蝦,副食,Seafood,280.0,196.0
V001229,2026-05-10,S04,三種起司拼盤,副食,Cheese,340.0,224.4
V001229,2026-05-10,S07,炙燒櫛瓜佐油醋,副食,Universal,160.0,108.8
V001229,2026-05-10,D01,提拉米蘇,甜點,Dessert,180.0,117.0
V001229,2026-05-10,W04,白蘇維翁(杯),酒水,Seafood,280.0,170.8
V001229,2026-05-10,W11,威士忌 Highball,酒水,Cheese,300.0,222.0
V001229,2026-05-10,W09,精釀 IPA,酒水,Fried,260.0,150.8
V001229,2026-05-10,W04,白蘇維翁(杯),酒水,Seafood,280.0,170.8
V001229,2026-05-10,W12,季節水果特調,酒水,Universal,340.0,261.8
V001229,2026-05-10,W01,馬爾貝克紅酒(杯),酒水,Red_Meat,280.0,173.6
V001229,2026-05-10,W01,馬爾貝克紅酒(杯),酒水,Red_Meat,280.0,173.6
V001229,2026-05-10,W06,Negroni,酒水,Cheese,350.0,266.0
V001229,2026-05-10,W07,Old Fashioned,酒水,Red_Meat,380.0,285.0
V001229,2026-05-10,W11,威士忌 Highball,酒水,Cheese,300.0,222.0
V001229,2026-05-10,W11,威士忌 Highball,酒水,Cheese,300.0,222.0
V001229,2026-05-10,W11,威士忌 Highball,酒水,Cheese,300.0,222.0
V001230,2026-05-10,M02,爐烤伊比利豬肩,主食,Red_Meat,520.0,197.6
V001230,2026-05-10,S04,三種起司拼盤,副食,Cheese,340.0,224.4
V001230,2026-05-10,S02,西班牙蒜辣蝦,副食,Seafood,260.0,176.8
V001230,2026-05-10,S06,酥炸花枝圈,副食,Fried,220.0,154.0
V001230,2026-05-10,D02,焦糖烤布蕾,甜點,Dessert,160.0,107.2
V001231,2026-05-12,M04,松露野菌燉飯,主食,Cheese,420.0,189.0
V001231,2026-05-12,S06,酥炸花枝圈,副食,Fried,220.0,154.0
V001231,2026-05-12,S05,松露薯條,副食,Fried,180.0,129.6
V001231,2026-05-12,S06,酥炸花枝圈,副食,Fried,220.0,154.0
V001231,2026-05-12,W10,小麥白啤酒,酒水,Fried,240.0,136.8
V001231,2026-05-12,W10,小麥白啤酒,酒水,Fried,240.0,136.8
V001231,2026-05-12,W09,精釀 IPA,酒水,Fried,260.0,150.8
V001231,2026-05-12,W05,氣泡酒(杯),酒水,Fried,300.0,189.0
V001231,2026-05-12,W13,無酒精莫吉托,酒水,Universal,180.0,144.0
V001231,2026-05-12,W13,無酒精莫吉托,酒水,Universal,180.0,144.0
V001231,2026-05-12,W04,白蘇維翁(杯),酒水,Seafood,280.0,170.8
V001231,2026-05-12,W13,無酒精莫吉托,酒水,Universal,180.0,144.0
V001231,2026-05-12,W13,無酒精莫吉托,酒水,Universal,180.0,144.0
V001231,2026-05-12,W11,威士忌 Highball,酒水,Cheese,300.0,222.0
V001231,2026-05-12,W07,Old Fashioned,酒水,Red_Meat,380.0,285.0
V001231,2026-05-12,W02,卡本內蘇維翁(杯),酒水,Red_Meat,320.0,192.0
V001231,2026-05-12,W10,小麥白啤酒,酒水,Fried,240.0,136.8
V001231,2026-05-12,W06,Negroni,酒水,Cheese,350.0,266.0
V001232,2026-05-12,M04,松露野菌燉飯,主食,Cheese,420.0,189.0
V001232,2026-05-12,S05,松露薯條,副食,Fried,180.0,129.6
V001232,2026-05-12,S01,紹興油泡蝦,副食,Seafood,280.0,196.0
V001232,2026-05-12,S07,炙燒櫛瓜佐油醋,副食,Universal,160.0,108.8
V001232,2026-05-12,S04,三種起司拼盤,副食,Cheese,340.0,224.4
V001232,2026-05-12,S01,紹興油泡蝦,副食,Seafood,280.0,196.0
V001232,2026-05-12,D02,焦糖烤布蕾,甜點,Dessert,160.0,107.2
V001232,2026-05-12,W03,夏多內白酒(杯),酒水,Seafood,260.0,161.2
V001232,2026-05-12,W09,精釀 IPA,酒水,Fried,260.0,150.8
V001232,2026-05-12,W03,夏多內白酒(杯),酒水,Seafood,260.0,161.2
V001232,2026-05-12,W13,無酒精莫吉托,酒水,Universal,180.0,144.0
V001233,2026-05-12,M06,香煎鮭魚佐檸檬,主食,Seafood,460.0,193.2
V001233,2026-05-12,S04,三種起司拼盤,副食,Cheese,340.0,224.4
V001233,2026-05-12,W07,Old Fashioned,酒水,Red_Meat,380.0,285.0
V001234,2026-05-12,M01,舒肥紅酒燉牛肉,主食,Red_Meat,480.0,192.0
V001234,2026-05-12,S04,三種起司拼盤,副食,Cheese,340.0,224.4
V001234,2026-05-12,S04,三種起司拼盤,副食,Cheese,340.0,224.4
V001234,2026-05-12,W12,季節水果特調,酒水,Universal,340.0,261.8
V001234,2026-05-12,W08,Gin & Tonic,酒水,Universal,300.0,234.0
V001234,2026-05-12,W01,馬爾貝克紅酒(杯),酒水,Red_Meat,280.0,173.6
V001234,2026-05-12,W02,卡本內蘇維翁(杯),酒水,Red_Meat,320.0,192.0
V001234,2026-05-12,W02,卡本內蘇維翁(杯),酒水,Red_Meat,320.0,192.0
V001234,2026-05-12,W12,季節水果特調,酒水,Universal,340.0,261.8
V001234,2026-05-12,W13,無酒精莫吉托,酒水,Universal,180.0,144.0
V001234,2026-05-12,W09,精釀 IPA,酒水,Fried,260.0,150.8
V001234,2026-05-12,W13,無酒精莫吉托,酒水,Universal,180.0,144.0
V001235,2026-05-12,M01,舒肥紅酒燉牛肉,主食,Red_Meat,480.0,192.0
V001235,2026-05-12,M06,香煎鮭魚佐檸檬,主食,Seafood,460.0,193.2
V001235,2026-05-12,S03,伊比利火腿盤,副食,Cheese,380.0,247.0
V001235,2026-05-12,S06,酥炸花枝圈,副食,Fried,220.0,154.0
V001235,2026-05-12,S07,炙燒櫛瓜佐油醋,副食,Universal,160.0,108.8
V001235,2026-05-12,S04,三種起司拼盤,副食,Cheese,340.0,224.4
V001235,2026-05-12,S02,西班牙蒜辣蝦,副食,Seafood,260.0,176.8
V001235,2026-05-12,S05,松露薯條,副食,Fried,180.0,129.6
V001235,2026-05-12,W11,威士忌 Highball,酒水,Cheese,300.0,222.0
V001235,2026-05-12,W05,氣泡酒(杯),酒水,Fried,300.0,189.0
V001235,2026-05-12,W11,威士忌 Highball,酒水,Cheese,300.0,222.0
V001235,2026-05-12,W04,白蘇維翁(杯),酒水,Seafood,280.0,170.8
V001235,2026-05-12,W06,Negroni,酒水,Cheese,350.0,266.0
V001235,2026-05-12,W12,季節水果特調,酒水,Universal,340.0,261.8
V001235,2026-05-12,W07,Old Fashioned,酒水,Red_Meat,380.0,285.0
V001235,2026-05-12,W04,白蘇維翁(杯),酒水,Seafood,280.0,170.8
V001236,2026-05-12,M03,炭烤戰斧牛排,主食,Red_Meat,880.0,308.0
V001236,2026-05-12,S03,伊比利火腿盤,副食,Cheese,380.0,247.0
V001236,2026-05-12,W04,白蘇維翁(杯),酒水,Seafood,280.0,170.8
V001236,2026-05-12,W02,卡本內蘇維翁(杯),酒水,Red_Meat,320.0,192.0
V001236,2026-05-12,W06,Negroni,酒水,Cheese,350.0,266.0
V001236,2026-05-12,W12,季節水果特調,酒水,Universal,340.0,261.8
V001237,2026-05-12,M02,爐烤伊比利豬肩,主食,Red_Meat,520.0,197.6
V001237,2026-05-12,S01,紹興油泡蝦,副食,Seafood,280.0,196.0
V001237,2026-05-12,S03,伊比利火腿盤,副食,Cheese,380.0,247.0
V001237,2026-05-12,W02,卡本內蘇維翁(杯),酒水,Red_Meat,320.0,192.0
V001237,2026-05-12,W03,夏多內白酒(杯),酒水,Seafood,260.0,161.2
V001237,2026-05-12,W11,威士忌 Highball,酒水,Cheese,300.0,222.0
V001238,2026-05-13,M05,白酒蛤蜊義大利麵,主食,Seafood,380.0,167.2
V001238,2026-05-13,S07,炙燒櫛瓜佐油醋,副食,Universal,160.0,108.8
V001238,2026-05-13,S07,炙燒櫛瓜佐油醋,副食,Universal,160.0,108.8
V001238,2026-05-13,S04,三種起司拼盤,副食,Cheese,340.0,224.4
V001238,2026-05-13,D01,提拉米蘇,甜點,Dessert,180.0,117.0
V001238,2026-05-13,W01,馬爾貝克紅酒(杯),酒水,Red_Meat,280.0,173.6
V001238,2026-05-13,W03,夏多內白酒(杯),酒水,Seafood,260.0,161.2
V001238,2026-05-13,W13,無酒精莫吉托,酒水,Universal,180.0,144.0
V001238,2026-05-13,W10,小麥白啤酒,酒水,Fried,240.0,136.8
V001238,2026-05-13,W01,馬爾貝克紅酒(杯),酒水,Red_Meat,280.0,173.6
V001238,2026-05-13,W04,白蘇維翁(杯),酒水,Seafood,280.0,170.8
V001238,2026-05-13,W08,Gin & Tonic,酒水,Universal,300.0,234.0
V001238,2026-05-13,W03,夏多內白酒(杯),酒水,Seafood,260.0,161.2
V001238,2026-05-13,W02,卡本內蘇維翁(杯),酒水,Red_Meat,320.0,192.0
V001238,2026-05-13,W06,Negroni,酒水,Cheese,350.0,266.0
V001238,2026-05-13,W12,季節水果特調,酒水,Universal,340.0,261.8
V001238,2026-05-13,W07,Old Fashioned,酒水,Red_Meat,380.0,285.0
V001239,2026-05-13,M05,白酒蛤蜊義大利麵,主食,Seafood,380.0,167.2
V001239,2026-05-13,W03,夏多內白酒(杯),酒水,Seafood,260.0,161.2
V001239,2026-05-13,W12,季節水果特調,酒水,Universal,340.0,261.8
V001239,2026-05-13,W10,小麥白啤酒,酒水,Fried,240.0,136.8
V001240,2026-05-13,M03,炭烤戰斧牛排,主食,Red_Meat,880.0,308.0
V001240,2026-05-13,M03,炭烤戰斧牛排,主食,Red_Meat,880.0,308.0
V001240,2026-05-13,M02,爐烤伊比利豬肩,主食,Red_Meat,520.0,197.6
V001240,2026-05-13,S02,西班牙蒜辣蝦,副食,Seafood,260.0,176.8
V001240,2026-05-13,S03,伊比利火腿盤,副食,Cheese,380.0,247.0
V001240,2026-05-13,W11,威士忌 Highball,酒水,Cheese,300.0,222.0
V001240,2026-05-13,W04,白蘇維翁(杯),酒水,Seafood,280.0,170.8
V001240,2026-05-13,W03,夏多內白酒(杯),酒水,Seafood,260.0,161.2
V001241,2026-05-13,M01,舒肥紅酒燉牛肉,主食,Red_Meat,480.0,192.0
V001241,2026-05-13,S01,紹興油泡蝦,副食,Seafood,280.0,196.0
V001241,2026-05-13,W04,白蘇維翁(杯),酒水,Seafood,280.0,170.8
V001241,2026-05-13,W04,白蘇維翁(杯),酒水,Seafood,280.0,170.8
V001242,2026-05-13,M06,香煎鮭魚佐檸檬,主食,Seafood,460.0,193.2
V001242,2026-05-13,M05,白酒蛤蜊義大利麵,主食,Seafood,380.0,167.2
V001242,2026-05-13,S04,三種起司拼盤,副食,Cheese,340.0,224.4
V001242,2026-05-13,S06,酥炸花枝圈,副食,Fried,220.0,154.0
V001242,2026-05-13,W04,白蘇維翁(杯),酒水,Seafood,280.0,170.8
V001242,2026-05-13,W08,Gin & Tonic,酒水,Universal,300.0,234.0
V001242,2026-05-13,W13,無酒精莫吉托,酒水,Universal,180.0,144.0
V001243,2026-05-13,W04,白蘇維翁(杯),酒水,Seafood,280.0,170.8
V001243,2026-05-13,W11,威士忌 Highball,酒水,Cheese,300.0,222.0
V001243,2026-05-13,W13,無酒精莫吉托,酒水,Universal,180.0,144.0
V001244,2026-05-14,M05,白酒蛤蜊義大利麵,主食,Seafood,380.0,167.2
V001244,2026-05-14,M02,爐烤伊比利豬肩,主食,Red_Meat,520.0,197.6
V001244,2026-05-14,S02,西班牙蒜辣蝦,副食,Seafood,260.0,176.8
V001244,2026-05-14,S03,伊比利火腿盤,副食,Cheese,380.0,247.0
V001244,2026-05-14,S03,伊比利火腿盤,副食,Cheese,380.0,247.0
V001244,2026-05-14,W06,Negroni,酒水,Cheese,350.0,266.0
V001244,2026-05-14,W01,馬爾貝克紅酒(杯),酒水,Red_Meat,280.0,173.6
V001244,2026-05-14,W06,Negroni,酒水,Cheese,350.0,266.0
V001244,2026-05-14,W11,威士忌 Highball,酒水,Cheese,300.0,222.0
V001244,2026-05-14,W02,卡本內蘇維翁(杯),酒水,Red_Meat,320.0,192.0
V001245,2026-05-14,M01,舒肥紅酒燉牛肉,主食,Red_Meat,480.0,192.0
V001245,2026-05-14,M05,白酒蛤蜊義大利麵,主食,Seafood,380.0,167.2
V001245,2026-05-14,S01,紹興油泡蝦,副食,Seafood,280.0,196.0
V001246,2026-05-14,M06,香煎鮭魚佐檸檬,主食,Seafood,460.0,193.2
V001246,2026-05-14,S07,炙燒櫛瓜佐油醋,副食,Universal,160.0,108.8
V001246,2026-05-14,S05,松露薯條,副食,Fried,180.0,129.6
V001246,2026-05-14,S07,炙燒櫛瓜佐油醋,副食,Universal,160.0,108.8
V001246,2026-05-14,S01,紹興油泡蝦,副食,Seafood,280.0,196.0
V001246,2026-05-14,W04,白蘇維翁(杯),酒水,Seafood,280.0,170.8
V001246,2026-05-14,W03,夏多內白酒(杯),酒水,Seafood,260.0,161.2
V001246,2026-05-14,W05,氣泡酒(杯),酒水,Fried,300.0,189.0
V001246,2026-05-14,W04,白蘇維翁(杯),酒水,Seafood,280.0,170.8
V001246,2026-05-14,W04,白蘇維翁(杯),酒水,Seafood,280.0,170.8
V001246,2026-05-14,W03,夏多內白酒(杯),酒水,Seafood,260.0,161.2
V001247,2026-05-14,M04,松露野菌燉飯,主食,Cheese,420.0,189.0
V001247,2026-05-14,S01,紹興油泡蝦,副食,Seafood,280.0,196.0
V001247,2026-05-14,W06,Negroni,酒水,Cheese,350.0,266.0
V001247,2026-05-14,W03,夏多內白酒(杯),酒水,Seafood,260.0,161.2
V001247,2026-05-14,W07,Old Fashioned,酒水,Red_Meat,380.0,285.0
V001248,2026-05-14,M04,松露野菌燉飯,主食,Cheese,420.0,189.0
V001248,2026-05-14,M03,炭烤戰斧牛排,主食,Red_Meat,880.0,308.0
V001248,2026-05-14,M05,白酒蛤蜊義大利麵,主食,Seafood,380.0,167.2
V001248,2026-05-14,S03,伊比利火腿盤,副食,Cheese,380.0,247.0
V001248,2026-05-14,S06,酥炸花枝圈,副食,Fried,220.0,154.0
V001248,2026-05-14,D02,焦糖烤布蕾,甜點,Dessert,160.0,107.2
V001248,2026-05-14,W03,夏多內白酒(杯),酒水,Seafood,260.0,161.2
V001248,2026-05-14,W06,Negroni,酒水,Cheese,350.0,266.0
V001248,2026-05-14,W07,Old Fashioned,酒水,Red_Meat,380.0,285.0
V001249,2026-05-14,M03,炭烤戰斧牛排,主食,Red_Meat,880.0,308.0
V001249,2026-05-14,M01,舒肥紅酒燉牛肉,主食,Red_Meat,480.0,192.0
V001249,2026-05-14,S06,酥炸花枝圈,副食,Fried,220.0,154.0
V001249,2026-05-14,S05,松露薯條,副食,Fried,180.0,129.6
V001249,2026-05-14,W01,馬爾貝克紅酒(杯),酒水,Red_Meat,280.0,173.6
V001249,2026-05-14,W01,馬爾貝克紅酒(杯),酒水,Red_Meat,280.0,173.6
V001250,2026-05-14,M02,爐烤伊比利豬肩,主食,Red_Meat,520.0,197.6
V001250,2026-05-14,M03,炭烤戰斧牛排,主食,Red_Meat,880.0,308.0
V001250,2026-05-14,M02,爐烤伊比利豬肩,主食,Red_Meat,520.0,197.6
V001250,2026-05-14,S05,松露薯條,副食,Fried,180.0,129.6
V001250,2026-05-14,S03,伊比利火腿盤,副食,Cheese,380.0,247.0
V001250,2026-05-14,S06,酥炸花枝圈,副食,Fried,220.0,154.0
V001250,2026-05-14,S04,三種起司拼盤,副食,Cheese,340.0,224.4
V001250,2026-05-14,W02,卡本內蘇維翁(杯),酒水,Red_Meat,320.0,192.0
V001250,2026-05-14,W01,馬爾貝克紅酒(杯),酒水,Red_Meat,280.0,173.6
V001250,2026-05-14,W04,白蘇維翁(杯),酒水,Seafood,280.0,170.8
V001251,2026-05-14,M04,松露野菌燉飯,主食,Cheese,420.0,189.0
V001251,2026-05-14,S04,三種起司拼盤,副食,Cheese,340.0,224.4
V001251,2026-05-14,S01,紹興油泡蝦,副食,Seafood,280.0,196.0
V001251,2026-05-14,S04,三種起司拼盤,副食,Cheese,340.0,224.4
V001251,2026-05-14,W02,卡本內蘇維翁(杯),酒水,Red_Meat,320.0,192.0
V001251,2026-05-14,W05,氣泡酒(杯),酒水,Fried,300.0,189.0
V001251,2026-05-14,W04,白蘇維翁(杯),酒水,Seafood,280.0,170.8
V001251,2026-05-14,W03,夏多內白酒(杯),酒水,Seafood,260.0,161.2
V001251,2026-05-14,W11,威士忌 Highball,酒水,Cheese,300.0,222.0
V001252,2026-05-14,M02,爐烤伊比利豬肩,主食,Red_Meat,520.0,197.6
V001252,2026-05-14,M06,香煎鮭魚佐檸檬,主食,Seafood,460.0,193.2
V001252,2026-05-14,M03,炭烤戰斧牛排,主食,Red_Meat,880.0,308.0
V001252,2026-05-14,S03,伊比利火腿盤,副食,Cheese,380.0,247.0
V001252,2026-05-14,S03,伊比利火腿盤,副食,Cheese,380.0,247.0
V001252,2026-05-14,S04,三種起司拼盤,副食,Cheese,340.0,224.4
V001252,2026-05-14,S07,炙燒櫛瓜佐油醋,副食,Universal,160.0,108.8
V001252,2026-05-14,W05,氣泡酒(杯),酒水,Fried,300.0,189.0
V001253,2026-05-14,M04,松露野菌燉飯,主食,Cheese,420.0,189.0
V001253,2026-05-14,S05,松露薯條,副食,Fried,180.0,129.6
V001254,2026-05-14,M03,炭烤戰斧牛排,主食,Red_Meat,880.0,308.0
V001254,2026-05-14,M04,松露野菌燉飯,主食,Cheese,420.0,189.0
V001254,2026-05-14,S06,酥炸花枝圈,副食,Fried,220.0,154.0
V001254,2026-05-14,S01,紹興油泡蝦,副食,Seafood,280.0,196.0
V001254,2026-05-14,W01,馬爾貝克紅酒(杯),酒水,Red_Meat,280.0,173.6
V001254,2026-05-14,W13,無酒精莫吉托,酒水,Universal,180.0,144.0
V001254,2026-05-14,W05,氣泡酒(杯),酒水,Fried,300.0,189.0
V001254,2026-05-14,W09,精釀 IPA,酒水,Fried,260.0,150.8
V001254,2026-05-14,W07,Old Fashioned,酒水,Red_Meat,380.0,285.0
V001255,2026-05-14,M05,白酒蛤蜊義大利麵,主食,Seafood,380.0,167.2
V001255,2026-05-14,S02,西班牙蒜辣蝦,副食,Seafood,260.0,176.8
V001255,2026-05-14,S01,紹興油泡蝦,副食,Seafood,280.0,196.0
V001256,2026-05-14,M04,松露野菌燉飯,主食,Cheese,420.0,189.0
V001256,2026-05-14,M04,松露野菌燉飯,主食,Cheese,420.0,189.0
V001256,2026-05-14,M01,舒肥紅酒燉牛肉,主食,Red_Meat,480.0,192.0
V001256,2026-05-14,S03,伊比利火腿盤,副食,Cheese,380.0,247.0
V001256,2026-05-14,S03,伊比利火腿盤,副食,Cheese,380.0,247.0
V001256,2026-05-14,S03,伊比利火腿盤,副食,Cheese,380.0,247.0
V001256,2026-05-14,W11,威士忌 Highball,酒水,Cheese,300.0,222.0
V001257,2026-05-14,M04,松露野菌燉飯,主食,Cheese,420.0,189.0
V001257,2026-05-14,M01,舒肥紅酒燉牛肉,主食,Red_Meat,480.0,192.0
V001257,2026-05-14,S07,炙燒櫛瓜佐油醋,副食,Universal,160.0,108.8
V001257,2026-05-14,S03,伊比利火腿盤,副食,Cheese,380.0,247.0
V001257,2026-05-14,S03,伊比利火腿盤,副食,Cheese,380.0,247.0
V001257,2026-05-14,S07,炙燒櫛瓜佐油醋,副食,Universal,160.0,108.8
V001257,2026-05-14,D01,提拉米蘇,甜點,Dessert,180.0,117.0
V001257,2026-05-14,W03,夏多內白酒(杯),酒水,Seafood,260.0,161.2
V001257,2026-05-14,W13,無酒精莫吉托,酒水,Universal,180.0,144.0
V001257,2026-05-14,W07,Old Fashioned,酒水,Red_Meat,380.0,285.0
V001257,2026-05-14,W04,白蘇維翁(杯),酒水,Seafood,280.0,170.8
V001257,2026-05-14,W11,威士忌 Highball,酒水,Cheese,300.0,222.0
V001257,2026-05-14,W06,Negroni,酒水,Cheese,350.0,266.0
V001257,2026-05-14,W01,馬爾貝克紅酒(杯),酒水,Red_Meat,280.0,173.6
V001257,2026-05-14,W07,Old Fashioned,酒水,Red_Meat,380.0,285.0
V001258,2026-05-14,M03,炭烤戰斧牛排,主食,Red_Meat,880.0,308.0
V001258,2026-05-14,M05,白酒蛤蜊義大利麵,主食,Seafood,380.0,167.2
V001258,2026-05-14,S07,炙燒櫛瓜佐油醋,副食,Universal,160.0,108.8
V001258,2026-05-14,S06,酥炸花枝圈,副食,Fried,220.0,154.0
V001258,2026-05-14,S03,伊比利火腿盤,副食,Cheese,380.0,247.0
V001258,2026-05-14,W09,精釀 IPA,酒水,Fried,260.0,150.8
V001258,2026-05-14,W05,氣泡酒(杯),酒水,Fried,300.0,189.0
V001258,2026-05-14,W12,季節水果特調,酒水,Universal,340.0,261.8
V001258,2026-05-14,W03,夏多內白酒(杯),酒水,Seafood,260.0,161.2
V001258,2026-05-14,W02,卡本內蘇維翁(杯),酒水,Red_Meat,320.0,192.0
V001258,2026-05-14,W05,氣泡酒(杯),酒水,Fried,300.0,189.0
V001258,2026-05-14,W02,卡本內蘇維翁(杯),酒水,Red_Meat,320.0,192.0
V001258,2026-05-14,W05,氣泡酒(杯),酒水,Fried,300.0,189.0
V001259,2026-05-15,M02,爐烤伊比利豬肩,主食,Red_Meat,520.0,197.6
V001259,2026-05-15,S02,西班牙蒜辣蝦,副食,Seafood,260.0,176.8
V001259,2026-05-15,S03,伊比利火腿盤,副食,Cheese,380.0,247.0
V001259,2026-05-15,S06,酥炸花枝圈,副食,Fried,220.0,154.0
V001259,2026-05-15,W07,Old Fashioned,酒水,Red_Meat,380.0,285.0
V001260,2026-05-15,M01,舒肥紅酒燉牛肉,主食,Red_Meat,480.0,192.0
V001260,2026-05-15,S03,伊比利火腿盤,副食,Cheese,380.0,247.0
V001260,2026-05-15,S04,三種起司拼盤,副食,Cheese,340.0,224.4
V001260,2026-05-15,S07,炙燒櫛瓜佐油醋,副食,Universal,160.0,108.8
V001260,2026-05-15,S07,炙燒櫛瓜佐油醋,副食,Universal,160.0,108.8
V001260,2026-05-15,S06,酥炸花枝圈,副食,Fried,220.0,154.0
V001260,2026-05-15,D02,焦糖烤布蕾,甜點,Dessert,160.0,107.2
V001260,2026-05-15,W11,威士忌 Highball,酒水,Cheese,300.0,222.0
V001260,2026-05-15,W11,威士忌 Highball,酒水,Cheese,300.0,222.0
V001260,2026-05-15,W02,卡本內蘇維翁(杯),酒水,Red_Meat,320.0,192.0
V001260,2026-05-15,W11,威士忌 Highball,酒水,Cheese,300.0,222.0
V001260,2026-05-15,W04,白蘇維翁(杯),酒水,Seafood,280.0,170.8
V001261,2026-05-15,M04,松露野菌燉飯,主食,Cheese,420.0,189.0
V001261,2026-05-15,S06,酥炸花枝圈,副食,Fried,220.0,154.0
V001262,2026-05-15,M03,炭烤戰斧牛排,主食,Red_Meat,880.0,308.0
V001262,2026-05-15,S01,紹興油泡蝦,副食,Seafood,280.0,196.0
V001262,2026-05-15,S04,三種起司拼盤,副食,Cheese,340.0,224.4
V001262,2026-05-15,W07,Old Fashioned,酒水,Red_Meat,380.0,285.0
V001262,2026-05-15,W04,白蘇維翁(杯),酒水,Seafood,280.0,170.8
V001262,2026-05-15,W10,小麥白啤酒,酒水,Fried,240.0,136.8
V001262,2026-05-15,W01,馬爾貝克紅酒(杯),酒水,Red_Meat,280.0,173.6
V001262,2026-05-15,W10,小麥白啤酒,酒水,Fried,240.0,136.8
V001262,2026-05-15,W06,Negroni,酒水,Cheese,350.0,266.0
V001263,2026-05-15,M04,松露野菌燉飯,主食,Cheese,420.0,189.0
V001263,2026-05-15,M06,香煎鮭魚佐檸檬,主食,Seafood,460.0,193.2
V001263,2026-05-15,M01,舒肥紅酒燉牛肉,主食,Red_Meat,480.0,192.0
V001263,2026-05-15,S01,紹興油泡蝦,副食,Seafood,280.0,196.0
V001263,2026-05-15,S02,西班牙蒜辣蝦,副食,Seafood,260.0,176.8
V001263,2026-05-15,S02,西班牙蒜辣蝦,副食,Seafood,260.0,176.8
V001263,2026-05-15,W04,白蘇維翁(杯),酒水,Seafood,280.0,170.8
V001263,2026-05-15,W03,夏多內白酒(杯),酒水,Seafood,260.0,161.2
V001263,2026-05-15,W12,季節水果特調,酒水,Universal,340.0,261.8
V001264,2026-05-15,M04,松露野菌燉飯,主食,Cheese,420.0,189.0
V001264,2026-05-15,M03,炭烤戰斧牛排,主食,Red_Meat,880.0,308.0
V001264,2026-05-15,M04,松露野菌燉飯,主食,Cheese,420.0,189.0
V001264,2026-05-15,S01,紹興油泡蝦,副食,Seafood,280.0,196.0
V001264,2026-05-15,S02,西班牙蒜辣蝦,副食,Seafood,260.0,176.8
V001264,2026-05-15,S02,西班牙蒜辣蝦,副食,Seafood,260.0,176.8
V001264,2026-05-15,S04,三種起司拼盤,副食,Cheese,340.0,224.4
V001264,2026-05-15,S01,紹興油泡蝦,副食,Seafood,280.0,196.0
V001264,2026-05-15,W02,卡本內蘇維翁(杯),酒水,Red_Meat,320.0,192.0
V001264,2026-05-15,W03,夏多內白酒(杯),酒水,Seafood,260.0,161.2
V001264,2026-05-15,W05,氣泡酒(杯),酒水,Fried,300.0,189.0
V001264,2026-05-15,W03,夏多內白酒(杯),酒水,Seafood,260.0,161.2
V001264,2026-05-15,W01,馬爾貝克紅酒(杯),酒水,Red_Meat,280.0,173.6
V001264,2026-05-15,W07,Old Fashioned,酒水,Red_Meat,380.0,285.0
V001264,2026-05-15,W02,卡本內蘇維翁(杯),酒水,Red_Meat,320.0,192.0
V001264,2026-05-15,W02,卡本內蘇維翁(杯),酒水,Red_Meat,320.0,192.0
V001264,2026-05-15,W07,Old Fashioned,酒水,Red_Meat,380.0,285.0
V001264,2026-05-15,W13,無酒精莫吉托,酒水,Universal,180.0,144.0
V001264,2026-05-15,W01,馬爾貝克紅酒(杯),酒水,Red_Meat,280.0,173.6
V001264,2026-05-15,W04,白蘇維翁(杯),酒水,Seafood,280.0,170.8
V001264,2026-05-15,W03,夏多內白酒(杯),酒水,Seafood,260.0,161.2
V001265,2026-05-15,M04,松露野菌燉飯,主食,Cheese,420.0,189.0
V001265,2026-05-15,S07,炙燒櫛瓜佐油醋,副食,Universal,160.0,108.8
V001265,2026-05-15,S06,酥炸花枝圈,副食,Fried,220.0,154.0
V001265,2026-05-15,S04,三種起司拼盤,副食,Cheese,340.0,224.4
V001265,2026-05-15,D02,焦糖烤布蕾,甜點,Dessert,160.0,107.2
V001265,2026-05-15,W02,卡本內蘇維翁(杯),酒水,Red_Meat,320.0,192.0
V001265,2026-05-15,W11,威士忌 Highball,酒水,Cheese,300.0,222.0
V001265,2026-05-15,W11,威士忌 Highball,酒水,Cheese,300.0,222.0
V001265,2026-05-15,W11,威士忌 Highball,酒水,Cheese,300.0,222.0
V001265,2026-05-15,W06,Negroni,酒水,Cheese,350.0,266.0
V001265,2026-05-15,W09,精釀 IPA,酒水,Fried,260.0,150.8
V001265,2026-05-15,W11,威士忌 Highball,酒水,Cheese,300.0,222.0
V001266,2026-05-15,M01,舒肥紅酒燉牛肉,主食,Red_Meat,480.0,192.0
V001266,2026-05-15,S06,酥炸花枝圈,副食,Fried,220.0,154.0
V001266,2026-05-15,S02,西班牙蒜辣蝦,副食,Seafood,260.0,176.8
V001266,2026-05-15,S03,伊比利火腿盤,副食,Cheese,380.0,247.0
V001266,2026-05-15,D01,提拉米蘇,甜點,Dessert,180.0,117.0
V001266,2026-05-15,W03,夏多內白酒(杯),酒水,Seafood,260.0,161.2
V001266,2026-05-15,W11,威士忌 Highball,酒水,Cheese,300.0,222.0
V001267,2026-05-15,M02,爐烤伊比利豬肩,主食,Red_Meat,520.0,197.6
V001267,2026-05-15,S05,松露薯條,副食,Fried,180.0,129.6
V001267,2026-05-15,D01,提拉米蘇,甜點,Dessert,180.0,117.0
V001267,2026-05-15,W10,小麥白啤酒,酒水,Fried,240.0,136.8
V001267,2026-05-15,W09,精釀 IPA,酒水,Fried,260.0,150.8
V001267,2026-05-15,W12,季節水果特調,酒水,Universal,340.0,261.8
V001268,2026-05-15,M04,松露野菌燉飯,主食,Cheese,420.0,189.0
V001268,2026-05-15,M03,炭烤戰斧牛排,主食,Red_Meat,880.0,308.0
V001268,2026-05-15,M02,爐烤伊比利豬肩,主食,Red_Meat,520.0,197.6
V001268,2026-05-15,S02,西班牙蒜辣蝦,副食,Seafood,260.0,176.8
V001268,2026-05-15,S06,酥炸花枝圈,副食,Fried,220.0,154.0
V001268,2026-05-15,S01,紹興油泡蝦,副食,Seafood,280.0,196.0
V001268,2026-05-15,S01,紹興油泡蝦,副食,Seafood,280.0,196.0
V001268,2026-05-15,W13,無酒精莫吉托,酒水,Universal,180.0,144.0
V001268,2026-05-15,W01,馬爾貝克紅酒(杯),酒水,Red_Meat,280.0,173.6
V001269,2026-05-15,M02,爐烤伊比利豬肩,主食,Red_Meat,520.0,197.6
V001269,2026-05-15,M02,爐烤伊比利豬肩,主食,Red_Meat,520.0,197.6
V001269,2026-05-15,S05,松露薯條,副食,Fried,180.0,129.6
V001269,2026-05-15,S04,三種起司拼盤,副食,Cheese,340.0,224.4
V001269,2026-05-15,D02,焦糖烤布蕾,甜點,Dessert,160.0,107.2
V001269,2026-05-15,W06,Negroni,酒水,Cheese,350.0,266.0
V001269,2026-05-15,W06,Negroni,酒水,Cheese,350.0,266.0
V001270,2026-05-15,M04,松露野菌燉飯,主食,Cheese,420.0,189.0
V001270,2026-05-15,M01,舒肥紅酒燉牛肉,主食,Red_Meat,480.0,192.0
V001270,2026-05-15,S07,炙燒櫛瓜佐油醋,副食,Universal,160.0,108.8
V001270,2026-05-15,S05,松露薯條,副食,Fried,180.0,129.6
V001270,2026-05-15,S06,酥炸花枝圈,副食,Fried,220.0,154.0
V001270,2026-05-15,S04,三種起司拼盤,副食,Cheese,340.0,224.4
V001271,2026-05-15,M06,香煎鮭魚佐檸檬,主食,Seafood,460.0,193.2
V001271,2026-05-15,M03,炭烤戰斧牛排,主食,Red_Meat,880.0,308.0
V001271,2026-05-15,S05,松露薯條,副食,Fried,180.0,129.6
V001271,2026-05-15,S05,松露薯條,副食,Fried,180.0,129.6
V001271,2026-05-15,W08,Gin & Tonic,酒水,Universal,300.0,234.0
V001271,2026-05-15,W13,無酒精莫吉托,酒水,Universal,180.0,144.0
V001271,2026-05-15,W09,精釀 IPA,酒水,Fried,260.0,150.8
V001271,2026-05-15,W08,Gin & Tonic,酒水,Universal,300.0,234.0
V001271,2026-05-15,W02,卡本內蘇維翁(杯),酒水,Red_Meat,320.0,192.0
V001271,2026-05-15,W02,卡本內蘇維翁(杯),酒水,Red_Meat,320.0,192.0
V001272,2026-05-15,M06,香煎鮭魚佐檸檬,主食,Seafood,460.0,193.2
V001272,2026-05-15,S02,西班牙蒜辣蝦,副食,Seafood,260.0,176.8
V001272,2026-05-15,S01,紹興油泡蝦,副食,Seafood,280.0,196.0
V001272,2026-05-15,S04,三種起司拼盤,副食,Cheese,340.0,224.4
V001272,2026-05-15,S06,酥炸花枝圈,副食,Fried,220.0,154.0
V001272,2026-05-15,S06,酥炸花枝圈,副食,Fried,220.0,154.0
V001272,2026-05-15,S02,西班牙蒜辣蝦,副食,Seafood,260.0,176.8
V001272,2026-05-15,S04,三種起司拼盤,副食,Cheese,340.0,224.4
V001272,2026-05-15,D02,焦糖烤布蕾,甜點,Dessert,160.0,107.2
V001272,2026-05-15,W07,Old Fashioned,酒水,Red_Meat,380.0,285.0
V001272,2026-05-15,W05,氣泡酒(杯),酒水,Fried,300.0,189.0
V001272,2026-05-15,W02,卡本內蘇維翁(杯),酒水,Red_Meat,320.0,192.0
V001272,2026-05-15,W02,卡本內蘇維翁(杯),酒水,Red_Meat,320.0,192.0
V001272,2026-05-15,W02,卡本內蘇維翁(杯),酒水,Red_Meat,320.0,192.0
V001273,2026-05-15,M06,香煎鮭魚佐檸檬,主食,Seafood,460.0,193.2
V001273,2026-05-15,S03,伊比利火腿盤,副食,Cheese,380.0,247.0
V001273,2026-05-15,S07,炙燒櫛瓜佐油醋,副食,Universal,160.0,108.8
V001273,2026-05-15,S03,伊比利火腿盤,副食,Cheese,380.0,247.0
V001273,2026-05-15,W02,卡本內蘇維翁(杯),酒水,Red_Meat,320.0,192.0
V001273,2026-05-15,W08,Gin & Tonic,酒水,Universal,300.0,234.0
V001274,2026-05-15,M05,白酒蛤蜊義大利麵,主食,Seafood,380.0,167.2
V001274,2026-05-15,M03,炭烤戰斧牛排,主食,Red_Meat,880.0,308.0
V001274,2026-05-15,M06,香煎鮭魚佐檸檬,主食,Seafood,460.0,193.2
V001274,2026-05-15,M04,松露野菌燉飯,主食,Cheese,420.0,189.0
V001274,2026-05-15,S06,酥炸花枝圈,副食,Fried,220.0,154.0
V001274,2026-05-15,W13,無酒精莫吉托,酒水,Universal,180.0,144.0
V001274,2026-05-15,W09,精釀 IPA,酒水,Fried,260.0,150.8
V001274,2026-05-15,W05,氣泡酒(杯),酒水,Fried,300.0,189.0
V001274,2026-05-15,W07,Old Fashioned,酒水,Red_Meat,380.0,285.0
V001275,2026-05-16,M04,松露野菌燉飯,主食,Cheese,420.0,189.0
V001275,2026-05-16,S02,西班牙蒜辣蝦,副食,Seafood,260.0,176.8
V001275,2026-05-16,D02,焦糖烤布蕾,甜點,Dessert,160.0,107.2
V001275,2026-05-16,W02,卡本內蘇維翁(杯),酒水,Red_Meat,320.0,192.0
V001275,2026-05-16,W06,Negroni,酒水,Cheese,350.0,266.0
V001275,2026-05-16,W10,小麥白啤酒,酒水,Fried,240.0,136.8
V001276,2026-05-16,M03,炭烤戰斧牛排,主食,Red_Meat,880.0,308.0
V001276,2026-05-16,M03,炭烤戰斧牛排,主食,Red_Meat,880.0,308.0
V001276,2026-05-16,M04,松露野菌燉飯,主食,Cheese,420.0,189.0
V001276,2026-05-16,S03,伊比利火腿盤,副食,Cheese,380.0,247.0
V001276,2026-05-16,S05,松露薯條,副食,Fried,180.0,129.6
V001276,2026-05-16,D01,提拉米蘇,甜點,Dessert,180.0,117.0
V001276,2026-05-16,W05,氣泡酒(杯),酒水,Fried,300.0,189.0
V001277,2026-05-16,M05,白酒蛤蜊義大利麵,主食,Seafood,380.0,167.2
V001277,2026-05-16,M03,炭烤戰斧牛排,主食,Red_Meat,880.0,308.0
V001277,2026-05-16,S07,炙燒櫛瓜佐油醋,副食,Universal,160.0,108.8
V001277,2026-05-16,W12,季節水果特調,酒水,Universal,340.0,261.8
V001277,2026-05-16,W03,夏多內白酒(杯),酒水,Seafood,260.0,161.2
V001277,2026-05-16,W01,馬爾貝克紅酒(杯),酒水,Red_Meat,280.0,173.6
V001278,2026-05-16,M02,爐烤伊比利豬肩,主食,Red_Meat,520.0,197.6
V001278,2026-05-16,D02,焦糖烤布蕾,甜點,Dessert,160.0,107.2
V001279,2026-05-16,M01,舒肥紅酒燉牛肉,主食,Red_Meat,480.0,192.0
V001279,2026-05-16,M01,舒肥紅酒燉牛肉,主食,Red_Meat,480.0,192.0
V001279,2026-05-16,M02,爐烤伊比利豬肩,主食,Red_Meat,520.0,197.6
V001279,2026-05-16,S02,西班牙蒜辣蝦,副食,Seafood,260.0,176.8
V001279,2026-05-16,S07,炙燒櫛瓜佐油醋,副食,Universal,160.0,108.8
V001279,2026-05-16,D01,提拉米蘇,甜點,Dessert,180.0,117.0
V001279,2026-05-16,W11,威士忌 Highball,酒水,Cheese,300.0,222.0
V001279,2026-05-16,W11,威士忌 Highball,酒水,Cheese,300.0,222.0
V001279,2026-05-16,W11,威士忌 Highball,酒水,Cheese,300.0,222.0
V001279,2026-05-16,W02,卡本內蘇維翁(杯),酒水,Red_Meat,320.0,192.0
V001280,2026-05-16,M06,香煎鮭魚佐檸檬,主食,Seafood,460.0,193.2
V001280,2026-05-16,S07,炙燒櫛瓜佐油醋,副食,Universal,160.0,108.8
V001280,2026-05-16,S05,松露薯條,副食,Fried,180.0,129.6
V001280,2026-05-16,S05,松露薯條,副食,Fried,180.0,129.6
V001280,2026-05-16,S02,西班牙蒜辣蝦,副食,Seafood,260.0,176.8
V001280,2026-05-16,S07,炙燒櫛瓜佐油醋,副食,Universal,160.0,108.8
V001280,2026-05-16,D01,提拉米蘇,甜點,Dessert,180.0,117.0
V001280,2026-05-16,W02,卡本內蘇維翁(杯),酒水,Red_Meat,320.0,192.0
V001280,2026-05-16,W11,威士忌 Highball,酒水,Cheese,300.0,222.0
V001280,2026-05-16,W09,精釀 IPA,酒水,Fried,260.0,150.8
V001281,2026-05-16,M04,松露野菌燉飯,主食,Cheese,420.0,189.0
V001281,2026-05-16,M04,松露野菌燉飯,主食,Cheese,420.0,189.0
V001282,2026-05-16,S07,炙燒櫛瓜佐油醋,副食,Universal,160.0,108.8
V001282,2026-05-16,S02,西班牙蒜辣蝦,副食,Seafood,260.0,176.8
V001282,2026-05-16,W06,Negroni,酒水,Cheese,350.0,266.0
V001282,2026-05-16,W12,季節水果特調,酒水,Universal,340.0,261.8
V001283,2026-05-16,M04,松露野菌燉飯,主食,Cheese,420.0,189.0
V001283,2026-05-16,M06,香煎鮭魚佐檸檬,主食,Seafood,460.0,193.2
V001283,2026-05-16,S05,松露薯條,副食,Fried,180.0,129.6
V001283,2026-05-16,S07,炙燒櫛瓜佐油醋,副食,Universal,160.0,108.8
V001283,2026-05-16,D01,提拉米蘇,甜點,Dessert,180.0,117.0
V001283,2026-05-16,W13,無酒精莫吉托,酒水,Universal,180.0,144.0
V001283,2026-05-16,W09,精釀 IPA,酒水,Fried,260.0,150.8
V001284,2026-05-16,M05,白酒蛤蜊義大利麵,主食,Seafood,380.0,167.2
V001284,2026-05-16,S01,紹興油泡蝦,副食,Seafood,280.0,196.0
V001284,2026-05-16,W10,小麥白啤酒,酒水,Fried,240.0,136.8
V001285,2026-05-16,M01,舒肥紅酒燉牛肉,主食,Red_Meat,480.0,192.0
V001285,2026-05-16,M06,香煎鮭魚佐檸檬,主食,Seafood,460.0,193.2
V001285,2026-05-16,S02,西班牙蒜辣蝦,副食,Seafood,260.0,176.8
V001285,2026-05-16,S05,松露薯條,副食,Fried,180.0,129.6
V001285,2026-05-16,W04,白蘇維翁(杯),酒水,Seafood,280.0,170.8
V001285,2026-05-16,W02,卡本內蘇維翁(杯),酒水,Red_Meat,320.0,192.0
V001285,2026-05-16,W06,Negroni,酒水,Cheese,350.0,266.0
V001285,2026-05-16,W07,Old Fashioned,酒水,Red_Meat,380.0,285.0
V001285,2026-05-16,W08,Gin & Tonic,酒水,Universal,300.0,234.0
V001285,2026-05-16,W06,Negroni,酒水,Cheese,350.0,266.0
V001285,2026-05-16,W01,馬爾貝克紅酒(杯),酒水,Red_Meat,280.0,173.6
V001285,2026-05-16,W03,夏多內白酒(杯),酒水,Seafood,260.0,161.2
V001285,2026-05-16,W03,夏多內白酒(杯),酒水,Seafood,260.0,161.2
V001285,2026-05-16,W02,卡本內蘇維翁(杯),酒水,Red_Meat,320.0,192.0
V001285,2026-05-16,W05,氣泡酒(杯),酒水,Fried,300.0,189.0
V001285,2026-05-16,W12,季節水果特調,酒水,Universal,340.0,261.8
V001286,2026-05-16,M02,爐烤伊比利豬肩,主食,Red_Meat,520.0,197.6
V001286,2026-05-16,S05,松露薯條,副食,Fried,180.0,129.6
V001286,2026-05-16,S06,酥炸花枝圈,副食,Fried,220.0,154.0
V001286,2026-05-16,S07,炙燒櫛瓜佐油醋,副食,Universal,160.0,108.8
V001286,2026-05-16,W02,卡本內蘇維翁(杯),酒水,Red_Meat,320.0,192.0
V001286,2026-05-16,W04,白蘇維翁(杯),酒水,Seafood,280.0,170.8
V001287,2026-05-16,M05,白酒蛤蜊義大利麵,主食,Seafood,380.0,167.2
V001287,2026-05-16,M02,爐烤伊比利豬肩,主食,Red_Meat,520.0,197.6
V001287,2026-05-16,M04,松露野菌燉飯,主食,Cheese,420.0,189.0
V001287,2026-05-16,S05,松露薯條,副食,Fried,180.0,129.6
V001287,2026-05-16,S05,松露薯條,副食,Fried,180.0,129.6
V001287,2026-05-16,S03,伊比利火腿盤,副食,Cheese,380.0,247.0
V001287,2026-05-16,S03,伊比利火腿盤,副食,Cheese,380.0,247.0
V001287,2026-05-16,S03,伊比利火腿盤,副食,Cheese,380.0,247.0
V001287,2026-05-16,W02,卡本內蘇維翁(杯),酒水,Red_Meat,320.0,192.0
V001287,2026-05-16,W06,Negroni,酒水,Cheese,350.0,266.0
V001287,2026-05-16,W11,威士忌 Highball,酒水,Cheese,300.0,222.0
V001287,2026-05-16,W09,精釀 IPA,酒水,Fried,260.0,150.8
V001287,2026-05-16,W02,卡本內蘇維翁(杯),酒水,Red_Meat,320.0,192.0
V001287,2026-05-16,W08,Gin & Tonic,酒水,Universal,300.0,234.0
V001287,2026-05-16,W10,小麥白啤酒,酒水,Fried,240.0,136.8
V001288,2026-05-16,M02,爐烤伊比利豬肩,主食,Red_Meat,520.0,197.6
V001288,2026-05-16,M03,炭烤戰斧牛排,主食,Red_Meat,880.0,308.0
V001288,2026-05-16,S06,酥炸花枝圈,副食,Fried,220.0,154.0
V001288,2026-05-16,S04,三種起司拼盤,副食,Cheese,340.0,224.4
V001288,2026-05-16,D02,焦糖烤布蕾,甜點,Dessert,160.0,107.2
V001288,2026-05-16,W04,白蘇維翁(杯),酒水,Seafood,280.0,170.8
V001288,2026-05-16,W04,白蘇維翁(杯),酒水,Seafood,280.0,170.8
V001288,2026-05-16,W07,Old Fashioned,酒水,Red_Meat,380.0,285.0
V001288,2026-05-16,W09,精釀 IPA,酒水,Fried,260.0,150.8
V001288,2026-05-16,W09,精釀 IPA,酒水,Fried,260.0,150.8
V001289,2026-05-16,M05,白酒蛤蜊義大利麵,主食,Seafood,380.0,167.2
V001289,2026-05-16,M06,香煎鮭魚佐檸檬,主食,Seafood,460.0,193.2
V001289,2026-05-16,S07,炙燒櫛瓜佐油醋,副食,Universal,160.0,108.8
V001289,2026-05-16,S03,伊比利火腿盤,副食,Cheese,380.0,247.0
V001289,2026-05-16,W08,Gin & Tonic,酒水,Universal,300.0,234.0
V001289,2026-05-16,W13,無酒精莫吉托,酒水,Universal,180.0,144.0
V001289,2026-05-16,W03,夏多內白酒(杯),酒水,Seafood,260.0,161.2
V001289,2026-05-16,W06,Negroni,酒水,Cheese,350.0,266.0
V001289,2026-05-16,W05,氣泡酒(杯),酒水,Fried,300.0,189.0
V001289,2026-05-16,W10,小麥白啤酒,酒水,Fried,240.0,136.8
V001290,2026-05-16,S03,伊比利火腿盤,副食,Cheese,380.0,247.0
V001290,2026-05-16,S02,西班牙蒜辣蝦,副食,Seafood,260.0,176.8
V001290,2026-05-16,S06,酥炸花枝圈,副食,Fried,220.0,154.0
V001290,2026-05-16,W01,馬爾貝克紅酒(杯),酒水,Red_Meat,280.0,173.6
V001291,2026-05-16,M02,爐烤伊比利豬肩,主食,Red_Meat,520.0,197.6
V001291,2026-05-16,S05,松露薯條,副食,Fried,180.0,129.6
V001291,2026-05-16,S02,西班牙蒜辣蝦,副食,Seafood,260.0,176.8
V001291,2026-05-16,S02,西班牙蒜辣蝦,副食,Seafood,260.0,176.8
V001291,2026-05-16,D02,焦糖烤布蕾,甜點,Dessert,160.0,107.2
V001291,2026-05-16,W03,夏多內白酒(杯),酒水,Seafood,260.0,161.2
V001291,2026-05-16,W04,白蘇維翁(杯),酒水,Seafood,280.0,170.8
V001291,2026-05-16,W10,小麥白啤酒,酒水,Fried,240.0,136.8
V001291,2026-05-16,W06,Negroni,酒水,Cheese,350.0,266.0
V001292,2026-05-16,M04,松露野菌燉飯,主食,Cheese,420.0,189.0
V001292,2026-05-16,S07,炙燒櫛瓜佐油醋,副食,Universal,160.0,108.8
V001292,2026-05-16,W05,氣泡酒(杯),酒水,Fried,300.0,189.0
V001293,2026-05-16,S07,炙燒櫛瓜佐油醋,副食,Universal,160.0,108.8
V001293,2026-05-16,W04,白蘇維翁(杯),酒水,Seafood,280.0,170.8
V001293,2026-05-16,W12,季節水果特調,酒水,Universal,340.0,261.8
V001294,2026-05-16,M05,白酒蛤蜊義大利麵,主食,Seafood,380.0,167.2
V001294,2026-05-16,S05,松露薯條,副食,Fried,180.0,129.6
V001294,2026-05-16,S05,松露薯條,副食,Fried,180.0,129.6
V001294,2026-05-16,S04,三種起司拼盤,副食,Cheese,340.0,224.4
V001294,2026-05-16,W10,小麥白啤酒,酒水,Fried,240.0,136.8
V001294,2026-05-16,W05,氣泡酒(杯),酒水,Fried,300.0,189.0
V001294,2026-05-16,W04,白蘇維翁(杯),酒水,Seafood,280.0,170.8
V001294,2026-05-16,W09,精釀 IPA,酒水,Fried,260.0,150.8
V001294,2026-05-16,W13,無酒精莫吉托,酒水,Universal,180.0,144.0
V001295,2026-05-16,M01,舒肥紅酒燉牛肉,主食,Red_Meat,480.0,192.0
V001295,2026-05-16,S07,炙燒櫛瓜佐油醋,副食,Universal,160.0,108.8
V001295,2026-05-16,W04,白蘇維翁(杯),酒水,Seafood,280.0,170.8
V001295,2026-05-16,W09,精釀 IPA,酒水,Fried,260.0,150.8
V001295,2026-05-16,W03,夏多內白酒(杯),酒水,Seafood,260.0,161.2
V001295,2026-05-16,W07,Old Fashioned,酒水,Red_Meat,380.0,285.0
V001295,2026-05-16,W03,夏多內白酒(杯),酒水,Seafood,260.0,161.2
V001295,2026-05-16,W02,卡本內蘇維翁(杯),酒水,Red_Meat,320.0,192.0
V001295,2026-05-16,W12,季節水果特調,酒水,Universal,340.0,261.8
V001295,2026-05-16,W12,季節水果特調,酒水,Universal,340.0,261.8
V001295,2026-05-16,W06,Negroni,酒水,Cheese,350.0,266.0
V001295,2026-05-16,W01,馬爾貝克紅酒(杯),酒水,Red_Meat,280.0,173.6
V001295,2026-05-16,W05,氣泡酒(杯),酒水,Fried,300.0,189.0
V001295,2026-05-16,W08,Gin & Tonic,酒水,Universal,300.0,234.0
V001295,2026-05-16,W13,無酒精莫吉托,酒水,Universal,180.0,144.0
V001296,2026-05-16,M04,松露野菌燉飯,主食,Cheese,420.0,189.0
V001296,2026-05-16,W02,卡本內蘇維翁(杯),酒水,Red_Meat,320.0,192.0
V001296,2026-05-16,W05,氣泡酒(杯),酒水,Fried,300.0,189.0
V001297,2026-05-16,M04,松露野菌燉飯,主食,Cheese,420.0,189.0
V001297,2026-05-16,M03,炭烤戰斧牛排,主食,Red_Meat,880.0,308.0
V001297,2026-05-16,M03,炭烤戰斧牛排,主食,Red_Meat,880.0,308.0
V001297,2026-05-16,S04,三種起司拼盤,副食,Cheese,340.0,224.4
V001297,2026-05-16,S07,炙燒櫛瓜佐油醋,副食,Universal,160.0,108.8
V001297,2026-05-16,S03,伊比利火腿盤,副食,Cheese,380.0,247.0
V001297,2026-05-16,D01,提拉米蘇,甜點,Dessert,180.0,117.0
V001297,2026-05-16,W12,季節水果特調,酒水,Universal,340.0,261.8
V001297,2026-05-16,W11,威士忌 Highball,酒水,Cheese,300.0,222.0
V001297,2026-05-16,W09,精釀 IPA,酒水,Fried,260.0,150.8
V001297,2026-05-16,W02,卡本內蘇維翁(杯),酒水,Red_Meat,320.0,192.0
V001297,2026-05-16,W05,氣泡酒(杯),酒水,Fried,300.0,189.0
V001297,2026-05-16,W01,馬爾貝克紅酒(杯),酒水,Red_Meat,280.0,173.6
V001298,2026-05-16,M03,炭烤戰斧牛排,主食,Red_Meat,880.0,308.0
V001298,2026-05-16,M01,舒肥紅酒燉牛肉,主食,Red_Meat,480.0,192.0
V001298,2026-05-16,S02,西班牙蒜辣蝦,副食,Seafood,260.0,176.8
V001298,2026-05-16,S03,伊比利火腿盤,副食,Cheese,380.0,247.0
V001298,2026-05-16,S01,紹興油泡蝦,副食,Seafood,280.0,196.0
V001298,2026-05-16,W07,Old Fashioned,酒水,Red_Meat,380.0,285.0
V001298,2026-05-16,W01,馬爾貝克紅酒(杯),酒水,Red_Meat,280.0,173.6
V001298,2026-05-16,W12,季節水果特調,酒水,Universal,340.0,261.8
V001299,2026-05-16,M05,白酒蛤蜊義大利麵,主食,Seafood,380.0,167.2
V001299,2026-05-16,S03,伊比利火腿盤,副食,Cheese,380.0,247.0
V001299,2026-05-16,D01,提拉米蘇,甜點,Dessert,180.0,117.0
V001299,2026-05-16,W03,夏多內白酒(杯),酒水,Seafood,260.0,161.2
V001299,2026-05-16,W11,威士忌 Highball,酒水,Cheese,300.0,222.0
V001299,2026-05-16,W12,季節水果特調,酒水,Universal,340.0,261.8
V001300,2026-05-17,M04,松露野菌燉飯,主食,Cheese,420.0,189.0
V001300,2026-05-17,S01,紹興油泡蝦,副食,Seafood,280.0,196.0
V001300,2026-05-17,D01,提拉米蘇,甜點,Dessert,180.0,117.0
V001300,2026-05-17,W06,Negroni,酒水,Cheese,350.0,266.0
V001300,2026-05-17,W07,Old Fashioned,酒水,Red_Meat,380.0,285.0
V001301,2026-05-17,M05,白酒蛤蜊義大利麵,主食,Seafood,380.0,167.2
V001301,2026-05-17,S05,松露薯條,副食,Fried,180.0,129.6
V001301,2026-05-17,S05,松露薯條,副食,Fried,180.0,129.6
V001301,2026-05-17,W09,精釀 IPA,酒水,Fried,260.0,150.8
V001301,2026-05-17,W05,氣泡酒(杯),酒水,Fried,300.0,189.0
V001301,2026-05-17,W10,小麥白啤酒,酒水,Fried,240.0,136.8
V001302,2026-05-17,M05,白酒蛤蜊義大利麵,主食,Seafood,380.0,167.2
V001302,2026-05-17,S06,酥炸花枝圈,副食,Fried,220.0,154.0
V001302,2026-05-17,W04,白蘇維翁(杯),酒水,Seafood,280.0,170.8
V001302,2026-05-17,W03,夏多內白酒(杯),酒水,Seafood,260.0,161.2
V001303,2026-05-17,M06,香煎鮭魚佐檸檬,主食,Seafood,460.0,193.2
V001303,2026-05-17,S05,松露薯條,副食,Fried,180.0,129.6
V001303,2026-05-17,S03,伊比利火腿盤,副食,Cheese,380.0,247.0
V001303,2026-05-17,S05,松露薯條,副食,Fried,180.0,129.6
V001303,2026-05-17,D02,焦糖烤布蕾,甜點,Dessert,160.0,107.2
V001303,2026-05-17,W03,夏多內白酒(杯),酒水,Seafood,260.0,161.2
V001303,2026-05-17,W12,季節水果特調,酒水,Universal,340.0,261.8
V001303,2026-05-17,W13,無酒精莫吉托,酒水,Universal,180.0,144.0
V001304,2026-05-17,M03,炭烤戰斧牛排,主食,Red_Meat,880.0,308.0
V001304,2026-05-17,S05,松露薯條,副食,Fried,180.0,129.6
V001304,2026-05-17,S07,炙燒櫛瓜佐油醋,副食,Universal,160.0,108.8
V001304,2026-05-17,S03,伊比利火腿盤,副食,Cheese,380.0,247.0
V001305,2026-05-17,M06,香煎鮭魚佐檸檬,主食,Seafood,460.0,193.2
V001305,2026-05-17,S07,炙燒櫛瓜佐油醋,副食,Universal,160.0,108.8
V001305,2026-05-17,S06,酥炸花枝圈,副食,Fried,220.0,154.0
V001305,2026-05-17,S01,紹興油泡蝦,副食,Seafood,280.0,196.0
V001305,2026-05-17,W04,白蘇維翁(杯),酒水,Seafood,280.0,170.8
V001305,2026-05-17,W13,無酒精莫吉托,酒水,Universal,180.0,144.0
V001305,2026-05-17,W03,夏多內白酒(杯),酒水,Seafood,260.0,161.2
V001306,2026-05-17,M02,爐烤伊比利豬肩,主食,Red_Meat,520.0,197.6
V001306,2026-05-17,D02,焦糖烤布蕾,甜點,Dessert,160.0,107.2
V001306,2026-05-17,W06,Negroni,酒水,Cheese,350.0,266.0
V001306,2026-05-17,W12,季節水果特調,酒水,Universal,340.0,261.8
V001306,2026-05-17,W02,卡本內蘇維翁(杯),酒水,Red_Meat,320.0,192.0
V001306,2026-05-17,W04,白蘇維翁(杯),酒水,Seafood,280.0,170.8
V001306,2026-05-17,W07,Old Fashioned,酒水,Red_Meat,380.0,285.0
V001306,2026-05-17,W12,季節水果特調,酒水,Universal,340.0,261.8
V001306,2026-05-17,W11,威士忌 Highball,酒水,Cheese,300.0,222.0
V001306,2026-05-17,W11,威士忌 Highball,酒水,Cheese,300.0,222.0
V001307,2026-05-17,M05,白酒蛤蜊義大利麵,主食,Seafood,380.0,167.2
V001307,2026-05-17,M03,炭烤戰斧牛排,主食,Red_Meat,880.0,308.0
V001307,2026-05-17,S04,三種起司拼盤,副食,Cheese,340.0,224.4
V001307,2026-05-17,S06,酥炸花枝圈,副食,Fried,220.0,154.0
V001307,2026-05-17,W01,馬爾貝克紅酒(杯),酒水,Red_Meat,280.0,173.6
V001307,2026-05-17,W03,夏多內白酒(杯),酒水,Seafood,260.0,161.2
V001307,2026-05-17,W03,夏多內白酒(杯),酒水,Seafood,260.0,161.2
V001308,2026-05-17,M02,爐烤伊比利豬肩,主食,Red_Meat,520.0,197.6
V001308,2026-05-17,W07,Old Fashioned,酒水,Red_Meat,380.0,285.0
V001309,2026-05-17,M03,炭烤戰斧牛排,主食,Red_Meat,880.0,308.0
V001309,2026-05-17,M05,白酒蛤蜊義大利麵,主食,Seafood,380.0,167.2
V001309,2026-05-17,S06,酥炸花枝圈,副食,Fried,220.0,154.0
V001309,2026-05-17,W03,夏多內白酒(杯),酒水,Seafood,260.0,161.2
V001309,2026-05-17,W08,Gin & Tonic,酒水,Universal,300.0,234.0
V001309,2026-05-17,W04,白蘇維翁(杯),酒水,Seafood,280.0,170.8
V001310,2026-05-17,M01,舒肥紅酒燉牛肉,主食,Red_Meat,480.0,192.0
V001310,2026-05-17,S03,伊比利火腿盤,副食,Cheese,380.0,247.0
V001310,2026-05-17,D02,焦糖烤布蕾,甜點,Dessert,160.0,107.2
V001310,2026-05-17,W11,威士忌 Highball,酒水,Cheese,300.0,222.0
V001310,2026-05-17,W11,威士忌 Highball,酒水,Cheese,300.0,222.0
V001311,2026-05-17,M02,爐烤伊比利豬肩,主食,Red_Meat,520.0,197.6
V001311,2026-05-17,S02,西班牙蒜辣蝦,副食,Seafood,260.0,176.8
V001311,2026-05-17,D01,提拉米蘇,甜點,Dessert,180.0,117.0
V001311,2026-05-17,W13,無酒精莫吉托,酒水,Universal,180.0,144.0
V001311,2026-05-17,W02,卡本內蘇維翁(杯),酒水,Red_Meat,320.0,192.0
V001311,2026-05-17,W02,卡本內蘇維翁(杯),酒水,Red_Meat,320.0,192.0
V001312,2026-05-17,M06,香煎鮭魚佐檸檬,主食,Seafood,460.0,193.2
V001312,2026-05-17,M02,爐烤伊比利豬肩,主食,Red_Meat,520.0,197.6
V001312,2026-05-17,S03,伊比利火腿盤,副食,Cheese,380.0,247.0
V001312,2026-05-17,S07,炙燒櫛瓜佐油醋,副食,Universal,160.0,108.8
V001312,2026-05-17,S01,紹興油泡蝦,副食,Seafood,280.0,196.0
V001312,2026-05-17,S03,伊比利火腿盤,副食,Cheese,380.0,247.0
V001312,2026-05-17,D02,焦糖烤布蕾,甜點,Dessert,160.0,107.2
V001312,2026-05-17,W01,馬爾貝克紅酒(杯),酒水,Red_Meat,280.0,173.6
V001312,2026-05-17,W03,夏多內白酒(杯),酒水,Seafood,260.0,161.2
V001312,2026-05-17,W01,馬爾貝克紅酒(杯),酒水,Red_Meat,280.0,173.6
V001312,2026-05-17,W07,Old Fashioned,酒水,Red_Meat,380.0,285.0
V001312,2026-05-17,W12,季節水果特調,酒水,Universal,340.0,261.8
V001312,2026-05-17,W04,白蘇維翁(杯),酒水,Seafood,280.0,170.8
V001312,2026-05-17,W04,白蘇維翁(杯),酒水,Seafood,280.0,170.8
V001313,2026-05-17,M06,香煎鮭魚佐檸檬,主食,Seafood,460.0,193.2
V001313,2026-05-17,M01,舒肥紅酒燉牛肉,主食,Red_Meat,480.0,192.0
V001313,2026-05-17,S03,伊比利火腿盤,副食,Cheese,380.0,247.0
V001313,2026-05-17,W08,Gin & Tonic,酒水,Universal,300.0,234.0
V001313,2026-05-17,W11,威士忌 Highball,酒水,Cheese,300.0,222.0
V001313,2026-05-17,W05,氣泡酒(杯),酒水,Fried,300.0,189.0
V001314,2026-05-19,M06,香煎鮭魚佐檸檬,主食,Seafood,460.0,193.2
V001314,2026-05-19,S06,酥炸花枝圈,副食,Fried,220.0,154.0
V001314,2026-05-19,S02,西班牙蒜辣蝦,副食,Seafood,260.0,176.8
V001314,2026-05-19,S02,西班牙蒜辣蝦,副食,Seafood,260.0,176.8
V001314,2026-05-19,W04,白蘇維翁(杯),酒水,Seafood,280.0,170.8
V001314,2026-05-19,W05,氣泡酒(杯),酒水,Fried,300.0,189.0
V001314,2026-05-19,W04,白蘇維翁(杯),酒水,Seafood,280.0,170.8
V001314,2026-05-19,W13,無酒精莫吉托,酒水,Universal,180.0,144.0
V001315,2026-05-19,M05,白酒蛤蜊義大利麵,主食,Seafood,380.0,167.2
V001315,2026-05-19,M01,舒肥紅酒燉牛肉,主食,Red_Meat,480.0,192.0
V001315,2026-05-19,M02,爐烤伊比利豬肩,主食,Red_Meat,520.0,197.6
V001315,2026-05-19,S01,紹興油泡蝦,副食,Seafood,280.0,196.0
V001315,2026-05-19,S02,西班牙蒜辣蝦,副食,Seafood,260.0,176.8
V001315,2026-05-19,S01,紹興油泡蝦,副食,Seafood,280.0,196.0
V001315,2026-05-19,S07,炙燒櫛瓜佐油醋,副食,Universal,160.0,108.8
V001315,2026-05-19,D01,提拉米蘇,甜點,Dessert,180.0,117.0
V001315,2026-05-19,W03,夏多內白酒(杯),酒水,Seafood,260.0,161.2
V001315,2026-05-19,W03,夏多內白酒(杯),酒水,Seafood,260.0,161.2
V001315,2026-05-19,W13,無酒精莫吉托,酒水,Universal,180.0,144.0
V001316,2026-05-19,M03,炭烤戰斧牛排,主食,Red_Meat,880.0,308.0
V001316,2026-05-19,S05,松露薯條,副食,Fried,180.0,129.6
V001316,2026-05-19,S02,西班牙蒜辣蝦,副食,Seafood,260.0,176.8
V001316,2026-05-19,S06,酥炸花枝圈,副食,Fried,220.0,154.0
V001316,2026-05-19,S03,伊比利火腿盤,副食,Cheese,380.0,247.0
V001316,2026-05-19,D02,焦糖烤布蕾,甜點,Dessert,160.0,107.2
V001316,2026-05-19,W02,卡本內蘇維翁(杯),酒水,Red_Meat,320.0,192.0
V001316,2026-05-19,W05,氣泡酒(杯),酒水,Fried,300.0,189.0
V001316,2026-05-19,W12,季節水果特調,酒水,Universal,340.0,261.8
V001316,2026-05-19,W04,白蘇維翁(杯),酒水,Seafood,280.0,170.8
V001317,2026-05-19,M04,松露野菌燉飯,主食,Cheese,420.0,189.0
V001317,2026-05-19,M04,松露野菌燉飯,主食,Cheese,420.0,189.0
V001317,2026-05-19,S03,伊比利火腿盤,副食,Cheese,380.0,247.0
V001317,2026-05-19,W13,無酒精莫吉托,酒水,Universal,180.0,144.0
V001317,2026-05-19,W07,Old Fashioned,酒水,Red_Meat,380.0,285.0
V001317,2026-05-19,W04,白蘇維翁(杯),酒水,Seafood,280.0,170.8
V001318,2026-05-19,M03,炭烤戰斧牛排,主食,Red_Meat,880.0,308.0
V001318,2026-05-19,M02,爐烤伊比利豬肩,主食,Red_Meat,520.0,197.6
V001318,2026-05-19,S05,松露薯條,副食,Fried,180.0,129.6
V001318,2026-05-19,W07,Old Fashioned,酒水,Red_Meat,380.0,285.0
V001318,2026-05-19,W10,小麥白啤酒,酒水,Fried,240.0,136.8
V001318,2026-05-19,W10,小麥白啤酒,酒水,Fried,240.0,136.8
V001318,2026-05-19,W02,卡本內蘇維翁(杯),酒水,Red_Meat,320.0,192.0
V001318,2026-05-19,W09,精釀 IPA,酒水,Fried,260.0,150.8
V001319,2026-05-19,M04,松露野菌燉飯,主食,Cheese,420.0,189.0
V001319,2026-05-19,M03,炭烤戰斧牛排,主食,Red_Meat,880.0,308.0
V001319,2026-05-19,M04,松露野菌燉飯,主食,Cheese,420.0,189.0
V001319,2026-05-19,S03,伊比利火腿盤,副食,Cheese,380.0,247.0
V001319,2026-05-19,D02,焦糖烤布蕾,甜點,Dessert,160.0,107.2
V001319,2026-05-19,W02,卡本內蘇維翁(杯),酒水,Red_Meat,320.0,192.0
V001319,2026-05-19,W01,馬爾貝克紅酒(杯),酒水,Red_Meat,280.0,173.6
V001319,2026-05-19,W01,馬爾貝克紅酒(杯),酒水,Red_Meat,280.0,173.6
V001320,2026-05-19,M02,爐烤伊比利豬肩,主食,Red_Meat,520.0,197.6
V001320,2026-05-19,S06,酥炸花枝圈,副食,Fried,220.0,154.0
V001320,2026-05-19,S06,酥炸花枝圈,副食,Fried,220.0,154.0
V001320,2026-05-19,S03,伊比利火腿盤,副食,Cheese,380.0,247.0
V001320,2026-05-19,S03,伊比利火腿盤,副食,Cheese,380.0,247.0
V001320,2026-05-19,S01,紹興油泡蝦,副食,Seafood,280.0,196.0
V001320,2026-05-19,W04,白蘇維翁(杯),酒水,Seafood,280.0,170.8
V001320,2026-05-19,W09,精釀 IPA,酒水,Fried,260.0,150.8
V001320,2026-05-19,W11,威士忌 Highball,酒水,Cheese,300.0,222.0
V001320,2026-05-19,W09,精釀 IPA,酒水,Fried,260.0,150.8
V001320,2026-05-19,W08,Gin & Tonic,酒水,Universal,300.0,234.0
V001320,2026-05-19,W10,小麥白啤酒,酒水,Fried,240.0,136.8
V001321,2026-05-20,M06,香煎鮭魚佐檸檬,主食,Seafood,460.0,193.2
V001321,2026-05-20,M05,白酒蛤蜊義大利麵,主食,Seafood,380.0,167.2
V001321,2026-05-20,S07,炙燒櫛瓜佐油醋,副食,Universal,160.0,108.8
V001321,2026-05-20,S02,西班牙蒜辣蝦,副食,Seafood,260.0,176.8
V001321,2026-05-20,W03,夏多內白酒(杯),酒水,Seafood,260.0,161.2
V001321,2026-05-20,W09,精釀 IPA,酒水,Fried,260.0,150.8
V001321,2026-05-20,W04,白蘇維翁(杯),酒水,Seafood,280.0,170.8
V001321,2026-05-20,W04,白蘇維翁(杯),酒水,Seafood,280.0,170.8
V001321,2026-05-20,W05,氣泡酒(杯),酒水,Fried,300.0,189.0
V001321,2026-05-20,W06,Negroni,酒水,Cheese,350.0,266.0
V001321,2026-05-20,W03,夏多內白酒(杯),酒水,Seafood,260.0,161.2
V001321,2026-05-20,W05,氣泡酒(杯),酒水,Fried,300.0,189.0
V001321,2026-05-20,W04,白蘇維翁(杯),酒水,Seafood,280.0,170.8
V001322,2026-05-20,M05,白酒蛤蜊義大利麵,主食,Seafood,380.0,167.2
V001322,2026-05-20,M01,舒肥紅酒燉牛肉,主食,Red_Meat,480.0,192.0
V001322,2026-05-20,S06,酥炸花枝圈,副食,Fried,220.0,154.0
V001322,2026-05-20,S07,炙燒櫛瓜佐油醋,副食,Universal,160.0,108.8
V001322,2026-05-20,S02,西班牙蒜辣蝦,副食,Seafood,260.0,176.8
V001322,2026-05-20,S04,三種起司拼盤,副食,Cheese,340.0,224.4
V001322,2026-05-20,W13,無酒精莫吉托,酒水,Universal,180.0,144.0
V001322,2026-05-20,W03,夏多內白酒(杯),酒水,Seafood,260.0,161.2
V001322,2026-05-20,W03,夏多內白酒(杯),酒水,Seafood,260.0,161.2
V001322,2026-05-20,W03,夏多內白酒(杯),酒水,Seafood,260.0,161.2
V001322,2026-05-20,W03,夏多內白酒(杯),酒水,Seafood,260.0,161.2
V001322,2026-05-20,W10,小麥白啤酒,酒水,Fried,240.0,136.8
V001322,2026-05-20,W01,馬爾貝克紅酒(杯),酒水,Red_Meat,280.0,173.6
V001322,2026-05-20,W08,Gin & Tonic,酒水,Universal,300.0,234.0
V001323,2026-05-20,M03,炭烤戰斧牛排,主食,Red_Meat,880.0,308.0
V001323,2026-05-20,S04,三種起司拼盤,副食,Cheese,340.0,224.4
V001323,2026-05-20,S05,松露薯條,副食,Fried,180.0,129.6
V001323,2026-05-20,W07,Old Fashioned,酒水,Red_Meat,380.0,285.0
V001324,2026-05-20,S02,西班牙蒜辣蝦,副食,Seafood,260.0,176.8
V001324,2026-05-20,S03,伊比利火腿盤,副食,Cheese,380.0,247.0
V001324,2026-05-20,W01,馬爾貝克紅酒(杯),酒水,Red_Meat,280.0,173.6
V001324,2026-05-20,W09,精釀 IPA,酒水,Fried,260.0,150.8
V001325,2026-05-20,M05,白酒蛤蜊義大利麵,主食,Seafood,380.0,167.2
V001325,2026-05-20,M02,爐烤伊比利豬肩,主食,Red_Meat,520.0,197.6
V001325,2026-05-20,M05,白酒蛤蜊義大利麵,主食,Seafood,380.0,167.2
V001325,2026-05-20,S07,炙燒櫛瓜佐油醋,副食,Universal,160.0,108.8
V001325,2026-05-20,D02,焦糖烤布蕾,甜點,Dessert,160.0,107.2
V001325,2026-05-20,W13,無酒精莫吉托,酒水,Universal,180.0,144.0
V001326,2026-05-20,M05,白酒蛤蜊義大利麵,主食,Seafood,380.0,167.2
V001326,2026-05-20,M02,爐烤伊比利豬肩,主食,Red_Meat,520.0,197.6
V001326,2026-05-20,M03,炭烤戰斧牛排,主食,Red_Meat,880.0,308.0
V001326,2026-05-20,M01,舒肥紅酒燉牛肉,主食,Red_Meat,480.0,192.0
V001326,2026-05-20,S07,炙燒櫛瓜佐油醋,副食,Universal,160.0,108.8
V001326,2026-05-20,S04,三種起司拼盤,副食,Cheese,340.0,224.4
V001326,2026-05-20,S03,伊比利火腿盤,副食,Cheese,380.0,247.0
V001326,2026-05-20,S02,西班牙蒜辣蝦,副食,Seafood,260.0,176.8
V001326,2026-05-20,S01,紹興油泡蝦,副食,Seafood,280.0,196.0
V001326,2026-05-20,S06,酥炸花枝圈,副食,Fried,220.0,154.0
V001326,2026-05-20,S02,西班牙蒜辣蝦,副食,Seafood,260.0,176.8
V001326,2026-05-20,W01,馬爾貝克紅酒(杯),酒水,Red_Meat,280.0,173.6
V001326,2026-05-20,W01,馬爾貝克紅酒(杯),酒水,Red_Meat,280.0,173.6
V001326,2026-05-20,W03,夏多內白酒(杯),酒水,Seafood,260.0,161.2
V001326,2026-05-20,W02,卡本內蘇維翁(杯),酒水,Red_Meat,320.0,192.0
V001326,2026-05-20,W03,夏多內白酒(杯),酒水,Seafood,260.0,161.2
V001327,2026-05-20,M04,松露野菌燉飯,主食,Cheese,420.0,189.0
V001327,2026-05-20,M04,松露野菌燉飯,主食,Cheese,420.0,189.0
V001327,2026-05-20,S06,酥炸花枝圈,副食,Fried,220.0,154.0
V001327,2026-05-20,S06,酥炸花枝圈,副食,Fried,220.0,154.0
V001327,2026-05-20,S05,松露薯條,副食,Fried,180.0,129.6
V001327,2026-05-20,S03,伊比利火腿盤,副食,Cheese,380.0,247.0
V001327,2026-05-20,D01,提拉米蘇,甜點,Dessert,180.0,117.0
V001328,2026-05-20,M03,炭烤戰斧牛排,主食,Red_Meat,880.0,308.0
V001328,2026-05-20,S02,西班牙蒜辣蝦,副食,Seafood,260.0,176.8
V001328,2026-05-20,W09,精釀 IPA,酒水,Fried,260.0,150.8
V001328,2026-05-20,W02,卡本內蘇維翁(杯),酒水,Red_Meat,320.0,192.0
V001328,2026-05-20,W03,夏多內白酒(杯),酒水,Seafood,260.0,161.2
V001329,2026-05-20,M03,炭烤戰斧牛排,主食,Red_Meat,880.0,308.0
V001329,2026-05-20,M03,炭烤戰斧牛排,主食,Red_Meat,880.0,308.0
V001329,2026-05-20,S06,酥炸花枝圈,副食,Fried,220.0,154.0
V001329,2026-05-20,S02,西班牙蒜辣蝦,副食,Seafood,260.0,176.8
V001329,2026-05-20,W09,精釀 IPA,酒水,Fried,260.0,150.8
V001329,2026-05-20,W10,小麥白啤酒,酒水,Fried,240.0,136.8
V001329,2026-05-20,W11,威士忌 Highball,酒水,Cheese,300.0,222.0
V001329,2026-05-20,W10,小麥白啤酒,酒水,Fried,240.0,136.8
V001330,2026-05-20,M05,白酒蛤蜊義大利麵,主食,Seafood,380.0,167.2
V001330,2026-05-20,M04,松露野菌燉飯,主食,Cheese,420.0,189.0
V001330,2026-05-20,S01,紹興油泡蝦,副食,Seafood,280.0,196.0
V001330,2026-05-20,W12,季節水果特調,酒水,Universal,340.0,261.8
V001330,2026-05-20,W03,夏多內白酒(杯),酒水,Seafood,260.0,161.2
V001330,2026-05-20,W01,馬爾貝克紅酒(杯),酒水,Red_Meat,280.0,173.6
V001331,2026-05-20,M02,爐烤伊比利豬肩,主食,Red_Meat,520.0,197.6
V001331,2026-05-20,S04,三種起司拼盤,副食,Cheese,340.0,224.4
V001331,2026-05-20,D02,焦糖烤布蕾,甜點,Dessert,160.0,107.2
V001331,2026-05-20,W10,小麥白啤酒,酒水,Fried,240.0,136.8
V001332,2026-05-21,M01,舒肥紅酒燉牛肉,主食,Red_Meat,480.0,192.0
V001332,2026-05-21,M05,白酒蛤蜊義大利麵,主食,Seafood,380.0,167.2
V001332,2026-05-21,M01,舒肥紅酒燉牛肉,主食,Red_Meat,480.0,192.0
V001332,2026-05-21,S02,西班牙蒜辣蝦,副食,Seafood,260.0,176.8
V001332,2026-05-21,S03,伊比利火腿盤,副食,Cheese,380.0,247.0
V001332,2026-05-21,S06,酥炸花枝圈,副食,Fried,220.0,154.0
V001332,2026-05-21,D02,焦糖烤布蕾,甜點,Dessert,160.0,107.2
V001332,2026-05-21,W13,無酒精莫吉托,酒水,Universal,180.0,144.0
V001333,2026-05-21,M05,白酒蛤蜊義大利麵,主食,Seafood,380.0,167.2
V001334,2026-05-21,M06,香煎鮭魚佐檸檬,主食,Seafood,460.0,193.2
V001334,2026-05-21,S03,伊比利火腿盤,副食,Cheese,380.0,247.0
V001334,2026-05-21,W04,白蘇維翁(杯),酒水,Seafood,280.0,170.8
V001334,2026-05-21,W05,氣泡酒(杯),酒水,Fried,300.0,189.0
V001334,2026-05-21,W02,卡本內蘇維翁(杯),酒水,Red_Meat,320.0,192.0
V001335,2026-05-21,M04,松露野菌燉飯,主食,Cheese,420.0,189.0
V001335,2026-05-21,M04,松露野菌燉飯,主食,Cheese,420.0,189.0
V001335,2026-05-21,M05,白酒蛤蜊義大利麵,主食,Seafood,380.0,167.2
V001335,2026-05-21,S04,三種起司拼盤,副食,Cheese,340.0,224.4
V001335,2026-05-21,S01,紹興油泡蝦,副食,Seafood,280.0,196.0
V001335,2026-05-21,D01,提拉米蘇,甜點,Dessert,180.0,117.0
V001335,2026-05-21,W03,夏多內白酒(杯),酒水,Seafood,260.0,161.2
V001335,2026-05-21,W09,精釀 IPA,酒水,Fried,260.0,150.8
V001335,2026-05-21,W03,夏多內白酒(杯),酒水,Seafood,260.0,161.2
V001335,2026-05-21,W07,Old Fashioned,酒水,Red_Meat,380.0,285.0
V001335,2026-05-21,W01,馬爾貝克紅酒(杯),酒水,Red_Meat,280.0,173.6
V001335,2026-05-21,W04,白蘇維翁(杯),酒水,Seafood,280.0,170.8
V001336,2026-05-21,M01,舒肥紅酒燉牛肉,主食,Red_Meat,480.0,192.0
V001336,2026-05-21,S02,西班牙蒜辣蝦,副食,Seafood,260.0,176.8
V001336,2026-05-21,D01,提拉米蘇,甜點,Dessert,180.0,117.0
V001336,2026-05-21,W12,季節水果特調,酒水,Universal,340.0,261.8
V001336,2026-05-21,W10,小麥白啤酒,酒水,Fried,240.0,136.8
V001336,2026-05-21,W12,季節水果特調,酒水,Universal,340.0,261.8
V001337,2026-05-21,M04,松露野菌燉飯,主食,Cheese,420.0,189.0
V001337,2026-05-21,S01,紹興油泡蝦,副食,Seafood,280.0,196.0
V001337,2026-05-21,S01,紹興油泡蝦,副食,Seafood,280.0,196.0
V001337,2026-05-21,S03,伊比利火腿盤,副食,Cheese,380.0,247.0
V001337,2026-05-21,W03,夏多內白酒(杯),酒水,Seafood,260.0,161.2
V001337,2026-05-21,W07,Old Fashioned,酒水,Red_Meat,380.0,285.0
V001337,2026-05-21,W02,卡本內蘇維翁(杯),酒水,Red_Meat,320.0,192.0
V001338,2026-05-21,M06,香煎鮭魚佐檸檬,主食,Seafood,460.0,193.2
V001338,2026-05-21,S02,西班牙蒜辣蝦,副食,Seafood,260.0,176.8
V001338,2026-05-21,S03,伊比利火腿盤,副食,Cheese,380.0,247.0
V001338,2026-05-21,W08,Gin & Tonic,酒水,Universal,300.0,234.0
V001338,2026-05-21,W12,季節水果特調,酒水,Universal,340.0,261.8
V001338,2026-05-21,W12,季節水果特調,酒水,Universal,340.0,261.8
V001338,2026-05-21,W07,Old Fashioned,酒水,Red_Meat,380.0,285.0
V001339,2026-05-21,M04,松露野菌燉飯,主食,Cheese,420.0,189.0
V001339,2026-05-21,S03,伊比利火腿盤,副食,Cheese,380.0,247.0
V001339,2026-05-21,S04,三種起司拼盤,副食,Cheese,340.0,224.4
V001339,2026-05-21,S01,紹興油泡蝦,副食,Seafood,280.0,196.0
V001339,2026-05-21,S03,伊比利火腿盤,副食,Cheese,380.0,247.0
V001340,2026-05-21,M03,炭烤戰斧牛排,主食,Red_Meat,880.0,308.0
V001340,2026-05-21,S06,酥炸花枝圈,副食,Fried,220.0,154.0
V001340,2026-05-21,W09,精釀 IPA,酒水,Fried,260.0,150.8
V001340,2026-05-21,W08,Gin & Tonic,酒水,Universal,300.0,234.0
V001340,2026-05-21,W08,Gin & Tonic,酒水,Universal,300.0,234.0
V001341,2026-05-21,M02,爐烤伊比利豬肩,主食,Red_Meat,520.0,197.6
V001341,2026-05-21,S06,酥炸花枝圈,副食,Fried,220.0,154.0
V001341,2026-05-21,W01,馬爾貝克紅酒(杯),酒水,Red_Meat,280.0,173.6
V001342,2026-05-21,M04,松露野菌燉飯,主食,Cheese,420.0,189.0
V001342,2026-05-21,M03,炭烤戰斧牛排,主食,Red_Meat,880.0,308.0
V001342,2026-05-21,S07,炙燒櫛瓜佐油醋,副食,Universal,160.0,108.8
V001342,2026-05-21,S03,伊比利火腿盤,副食,Cheese,380.0,247.0
V001342,2026-05-21,S07,炙燒櫛瓜佐油醋,副食,Universal,160.0,108.8
V001342,2026-05-21,S02,西班牙蒜辣蝦,副食,Seafood,260.0,176.8
V001342,2026-05-21,W07,Old Fashioned,酒水,Red_Meat,380.0,285.0
V001342,2026-05-21,W03,夏多內白酒(杯),酒水,Seafood,260.0,161.2
V001342,2026-05-21,W07,Old Fashioned,酒水,Red_Meat,380.0,285.0
V001343,2026-05-21,M01,舒肥紅酒燉牛肉,主食,Red_Meat,480.0,192.0
V001343,2026-05-21,M06,香煎鮭魚佐檸檬,主食,Seafood,460.0,193.2
V001343,2026-05-21,M02,爐烤伊比利豬肩,主食,Red_Meat,520.0,197.6
V001343,2026-05-21,S01,紹興油泡蝦,副食,Seafood,280.0,196.0
V001343,2026-05-21,S07,炙燒櫛瓜佐油醋,副食,Universal,160.0,108.8
V001343,2026-05-21,S04,三種起司拼盤,副食,Cheese,340.0,224.4
V001343,2026-05-21,D01,提拉米蘇,甜點,Dessert,180.0,117.0
V001343,2026-05-21,W03,夏多內白酒(杯),酒水,Seafood,260.0,161.2
V001343,2026-05-21,W06,Negroni,酒水,Cheese,350.0,266.0
V001343,2026-05-21,W11,威士忌 Highball,酒水,Cheese,300.0,222.0
V001343,2026-05-21,W09,精釀 IPA,酒水,Fried,260.0,150.8
V001343,2026-05-21,W12,季節水果特調,酒水,Universal,340.0,261.8
V001344,2026-05-21,M05,白酒蛤蜊義大利麵,主食,Seafood,380.0,167.2
V001344,2026-05-21,M06,香煎鮭魚佐檸檬,主食,Seafood,460.0,193.2
V001344,2026-05-21,S03,伊比利火腿盤,副食,Cheese,380.0,247.0
V001344,2026-05-21,S03,伊比利火腿盤,副食,Cheese,380.0,247.0
V001344,2026-05-21,D02,焦糖烤布蕾,甜點,Dessert,160.0,107.2
V001344,2026-05-21,W13,無酒精莫吉托,酒水,Universal,180.0,144.0
V001345,2026-05-22,M05,白酒蛤蜊義大利麵,主食,Seafood,380.0,167.2
V001345,2026-05-22,M03,炭烤戰斧牛排,主食,Red_Meat,880.0,308.0
V001345,2026-05-22,M03,炭烤戰斧牛排,主食,Red_Meat,880.0,308.0
V001345,2026-05-22,S04,三種起司拼盤,副食,Cheese,340.0,224.4
V001345,2026-05-22,S05,松露薯條,副食,Fried,180.0,129.6
V001345,2026-05-22,S05,松露薯條,副食,Fried,180.0,129.6
V001345,2026-05-22,S04,三種起司拼盤,副食,Cheese,340.0,224.4
V001345,2026-05-22,W06,Negroni,酒水,Cheese,350.0,266.0
V001346,2026-05-22,M06,香煎鮭魚佐檸檬,主食,Seafood,460.0,193.2
V001346,2026-05-22,S06,酥炸花枝圈,副食,Fried,220.0,154.0
V001346,2026-05-22,S01,紹興油泡蝦,副食,Seafood,280.0,196.0
V001346,2026-05-22,W03,夏多內白酒(杯),酒水,Seafood,260.0,161.2
V001347,2026-05-22,M01,舒肥紅酒燉牛肉,主食,Red_Meat,480.0,192.0
V001347,2026-05-22,W07,Old Fashioned,酒水,Red_Meat,380.0,285.0
V001347,2026-05-22,W02,卡本內蘇維翁(杯),酒水,Red_Meat,320.0,192.0
V001348,2026-05-22,M03,炭烤戰斧牛排,主食,Red_Meat,880.0,308.0
V001348,2026-05-22,W12,季節水果特調,酒水,Universal,340.0,261.8
V001348,2026-05-22,W06,Negroni,酒水,Cheese,350.0,266.0
V001348,2026-05-22,W01,馬爾貝克紅酒(杯),酒水,Red_Meat,280.0,173.6
V001348,2026-05-22,W01,馬爾貝克紅酒(杯),酒水,Red_Meat,280.0,173.6
V001349,2026-05-22,M03,炭烤戰斧牛排,主食,Red_Meat,880.0,308.0
V001349,2026-05-22,M03,炭烤戰斧牛排,主食,Red_Meat,880.0,308.0
V001349,2026-05-22,M01,舒肥紅酒燉牛肉,主食,Red_Meat,480.0,192.0
V001349,2026-05-22,S03,伊比利火腿盤,副食,Cheese,380.0,247.0
V001349,2026-05-22,S07,炙燒櫛瓜佐油醋,副食,Universal,160.0,108.8
V001349,2026-05-22,S03,伊比利火腿盤,副食,Cheese,380.0,247.0
V001349,2026-05-22,S04,三種起司拼盤,副食,Cheese,340.0,224.4
V001349,2026-05-22,D02,焦糖烤布蕾,甜點,Dessert,160.0,107.2
V001349,2026-05-22,W08,Gin & Tonic,酒水,Universal,300.0,234.0
V001349,2026-05-22,W05,氣泡酒(杯),酒水,Fried,300.0,189.0
V001350,2026-05-22,M01,舒肥紅酒燉牛肉,主食,Red_Meat,480.0,192.0
V001350,2026-05-22,S05,松露薯條,副食,Fried,180.0,129.6
V001350,2026-05-22,S02,西班牙蒜辣蝦,副食,Seafood,260.0,176.8
V001350,2026-05-22,S07,炙燒櫛瓜佐油醋,副食,Universal,160.0,108.8
V001351,2026-05-22,M04,松露野菌燉飯,主食,Cheese,420.0,189.0
V001351,2026-05-22,M02,爐烤伊比利豬肩,主食,Red_Meat,520.0,197.6
V001351,2026-05-22,S06,酥炸花枝圈,副食,Fried,220.0,154.0
V001351,2026-05-22,S01,紹興油泡蝦,副食,Seafood,280.0,196.0
V001351,2026-05-22,S04,三種起司拼盤,副食,Cheese,340.0,224.4
V001351,2026-05-22,D01,提拉米蘇,甜點,Dessert,180.0,117.0
V001351,2026-05-22,W01,馬爾貝克紅酒(杯),酒水,Red_Meat,280.0,173.6
V001352,2026-05-22,M05,白酒蛤蜊義大利麵,主食,Seafood,380.0,167.2
V001352,2026-05-22,M01,舒肥紅酒燉牛肉,主食,Red_Meat,480.0,192.0
V001352,2026-05-22,S07,炙燒櫛瓜佐油醋,副食,Universal,160.0,108.8
V001352,2026-05-22,S06,酥炸花枝圈,副食,Fried,220.0,154.0
V001352,2026-05-22,W07,Old Fashioned,酒水,Red_Meat,380.0,285.0
V001352,2026-05-22,W04,白蘇維翁(杯),酒水,Seafood,280.0,170.8
V001353,2026-05-22,M02,爐烤伊比利豬肩,主食,Red_Meat,520.0,197.6
V001353,2026-05-22,S06,酥炸花枝圈,副食,Fried,220.0,154.0
V001353,2026-05-22,W13,無酒精莫吉托,酒水,Universal,180.0,144.0
V001353,2026-05-22,W11,威士忌 Highball,酒水,Cheese,300.0,222.0
V001354,2026-05-22,M05,白酒蛤蜊義大利麵,主食,Seafood,380.0,167.2
V001354,2026-05-22,S03,伊比利火腿盤,副食,Cheese,380.0,247.0
V001354,2026-05-22,S03,伊比利火腿盤,副食,Cheese,380.0,247.0
V001354,2026-05-22,S02,西班牙蒜辣蝦,副食,Seafood,260.0,176.8
V001354,2026-05-22,D02,焦糖烤布蕾,甜點,Dessert,160.0,107.2
V001354,2026-05-22,W02,卡本內蘇維翁(杯),酒水,Red_Meat,320.0,192.0
V001354,2026-05-22,W06,Negroni,酒水,Cheese,350.0,266.0
V001354,2026-05-22,W01,馬爾貝克紅酒(杯),酒水,Red_Meat,280.0,173.6
V001355,2026-05-22,M05,白酒蛤蜊義大利麵,主食,Seafood,380.0,167.2
V001355,2026-05-22,M01,舒肥紅酒燉牛肉,主食,Red_Meat,480.0,192.0
V001355,2026-05-22,S06,酥炸花枝圈,副食,Fried,220.0,154.0
V001355,2026-05-22,S07,炙燒櫛瓜佐油醋,副食,Universal,160.0,108.8
V001355,2026-05-22,D02,焦糖烤布蕾,甜點,Dessert,160.0,107.2
V001356,2026-05-22,M04,松露野菌燉飯,主食,Cheese,420.0,189.0
V001356,2026-05-22,M04,松露野菌燉飯,主食,Cheese,420.0,189.0
V001356,2026-05-22,S03,伊比利火腿盤,副食,Cheese,380.0,247.0
V001356,2026-05-22,S01,紹興油泡蝦,副食,Seafood,280.0,196.0
V001356,2026-05-22,S07,炙燒櫛瓜佐油醋,副食,Universal,160.0,108.8
V001356,2026-05-22,S06,酥炸花枝圈,副食,Fried,220.0,154.0
V001356,2026-05-22,S02,西班牙蒜辣蝦,副食,Seafood,260.0,176.8
V001356,2026-05-22,W03,夏多內白酒(杯),酒水,Seafood,260.0,161.2
V001356,2026-05-22,W07,Old Fashioned,酒水,Red_Meat,380.0,285.0
V001356,2026-05-22,W10,小麥白啤酒,酒水,Fried,240.0,136.8
V001357,2026-05-22,M01,舒肥紅酒燉牛肉,主食,Red_Meat,480.0,192.0
V001357,2026-05-22,M01,舒肥紅酒燉牛肉,主食,Red_Meat,480.0,192.0
V001357,2026-05-22,S03,伊比利火腿盤,副食,Cheese,380.0,247.0
V001357,2026-05-22,S03,伊比利火腿盤,副食,Cheese,380.0,247.0
V001357,2026-05-22,D02,焦糖烤布蕾,甜點,Dessert,160.0,107.2
V001357,2026-05-22,W06,Negroni,酒水,Cheese,350.0,266.0
V001357,2026-05-22,W13,無酒精莫吉托,酒水,Universal,180.0,144.0
V001357,2026-05-22,W02,卡本內蘇維翁(杯),酒水,Red_Meat,320.0,192.0
V001358,2026-05-22,M06,香煎鮭魚佐檸檬,主食,Seafood,460.0,193.2
V001358,2026-05-22,M06,香煎鮭魚佐檸檬,主食,Seafood,460.0,193.2
V001358,2026-05-22,W13,無酒精莫吉托,酒水,Universal,180.0,144.0
V001359,2026-05-22,M06,香煎鮭魚佐檸檬,主食,Seafood,460.0,193.2
V001359,2026-05-22,M04,松露野菌燉飯,主食,Cheese,420.0,189.0
V001359,2026-05-22,M01,舒肥紅酒燉牛肉,主食,Red_Meat,480.0,192.0
V001359,2026-05-22,M03,炭烤戰斧牛排,主食,Red_Meat,880.0,308.0
V001359,2026-05-22,S07,炙燒櫛瓜佐油醋,副食,Universal,160.0,108.8
V001359,2026-05-22,S06,酥炸花枝圈,副食,Fried,220.0,154.0
V001359,2026-05-22,S02,西班牙蒜辣蝦,副食,Seafood,260.0,176.8
V001359,2026-05-22,S05,松露薯條,副食,Fried,180.0,129.6
V001359,2026-05-22,W11,威士忌 Highball,酒水,Cheese,300.0,222.0
V001359,2026-05-22,W03,夏多內白酒(杯),酒水,Seafood,260.0,161.2
V001359,2026-05-22,W10,小麥白啤酒,酒水,Fried,240.0,136.8
V001359,2026-05-22,W02,卡本內蘇維翁(杯),酒水,Red_Meat,320.0,192.0
V001359,2026-05-22,W06,Negroni,酒水,Cheese,350.0,266.0
V001359,2026-05-22,W05,氣泡酒(杯),酒水,Fried,300.0,189.0
V001359,2026-05-22,W08,Gin & Tonic,酒水,Universal,300.0,234.0
V001359,2026-05-22,W03,夏多內白酒(杯),酒水,Seafood,260.0,161.2
V001359,2026-05-22,W07,Old Fashioned,酒水,Red_Meat,380.0,285.0
V001360,2026-05-22,M04,松露野菌燉飯,主食,Cheese,420.0,189.0
V001360,2026-05-22,D01,提拉米蘇,甜點,Dessert,180.0,117.0
V001360,2026-05-22,W06,Negroni,酒水,Cheese,350.0,266.0
V001360,2026-05-22,W05,氣泡酒(杯),酒水,Fried,300.0,189.0
V001360,2026-05-22,W02,卡本內蘇維翁(杯),酒水,Red_Meat,320.0,192.0
V001360,2026-05-22,W06,Negroni,酒水,Cheese,350.0,266.0
V001361,2026-05-22,M01,舒肥紅酒燉牛肉,主食,Red_Meat,480.0,192.0
V001361,2026-05-22,S07,炙燒櫛瓜佐油醋,副食,Universal,160.0,108.8
V001361,2026-05-22,W01,馬爾貝克紅酒(杯),酒水,Red_Meat,280.0,173.6
V001361,2026-05-22,W13,無酒精莫吉托,酒水,Universal,180.0,144.0
V001362,2026-05-22,M01,舒肥紅酒燉牛肉,主食,Red_Meat,480.0,192.0
V001362,2026-05-22,S02,西班牙蒜辣蝦,副食,Seafood,260.0,176.8
V001362,2026-05-22,S02,西班牙蒜辣蝦,副食,Seafood,260.0,176.8
V001362,2026-05-22,S07,炙燒櫛瓜佐油醋,副食,Universal,160.0,108.8
V001362,2026-05-22,S05,松露薯條,副食,Fried,180.0,129.6
V001362,2026-05-22,W02,卡本內蘇維翁(杯),酒水,Red_Meat,320.0,192.0
V001362,2026-05-22,W04,白蘇維翁(杯),酒水,Seafood,280.0,170.8
V001362,2026-05-22,W07,Old Fashioned,酒水,Red_Meat,380.0,285.0
V001362,2026-05-22,W04,白蘇維翁(杯),酒水,Seafood,280.0,170.8
V001362,2026-05-22,W07,Old Fashioned,酒水,Red_Meat,380.0,285.0
V001363,2026-05-22,S07,炙燒櫛瓜佐油醋,副食,Universal,160.0,108.8
V001363,2026-05-22,S03,伊比利火腿盤,副食,Cheese,380.0,247.0
V001363,2026-05-22,S05,松露薯條,副食,Fried,180.0,129.6
V001364,2026-05-22,M03,炭烤戰斧牛排,主食,Red_Meat,880.0,308.0
V001365,2026-05-22,M03,炭烤戰斧牛排,主食,Red_Meat,880.0,308.0
V001365,2026-05-22,M02,爐烤伊比利豬肩,主食,Red_Meat,520.0,197.6
V001365,2026-05-22,M03,炭烤戰斧牛排,主食,Red_Meat,880.0,308.0
V001365,2026-05-22,D01,提拉米蘇,甜點,Dessert,180.0,117.0
V001365,2026-05-22,W12,季節水果特調,酒水,Universal,340.0,261.8
V001365,2026-05-22,W03,夏多內白酒(杯),酒水,Seafood,260.0,161.2
V001365,2026-05-22,W01,馬爾貝克紅酒(杯),酒水,Red_Meat,280.0,173.6
V001366,2026-05-22,M05,白酒蛤蜊義大利麵,主食,Seafood,380.0,167.2
V001366,2026-05-22,S03,伊比利火腿盤,副食,Cheese,380.0,247.0
V001366,2026-05-22,S02,西班牙蒜辣蝦,副食,Seafood,260.0,176.8
V001366,2026-05-22,S04,三種起司拼盤,副食,Cheese,340.0,224.4
V001366,2026-05-22,S03,伊比利火腿盤,副食,Cheese,380.0,247.0
V001366,2026-05-22,S05,松露薯條,副食,Fried,180.0,129.6
V001366,2026-05-22,W09,精釀 IPA,酒水,Fried,260.0,150.8
V001366,2026-05-22,W10,小麥白啤酒,酒水,Fried,240.0,136.8
V001366,2026-05-22,W13,無酒精莫吉托,酒水,Universal,180.0,144.0
V001367,2026-05-23,M06,香煎鮭魚佐檸檬,主食,Seafood,460.0,193.2
V001367,2026-05-23,S05,松露薯條,副食,Fried,180.0,129.6
V001367,2026-05-23,W03,夏多內白酒(杯),酒水,Seafood,260.0,161.2
V001367,2026-05-23,W09,精釀 IPA,酒水,Fried,260.0,150.8
V001368,2026-05-23,M05,白酒蛤蜊義大利麵,主食,Seafood,380.0,167.2
V001368,2026-05-23,M02,爐烤伊比利豬肩,主食,Red_Meat,520.0,197.6
V001368,2026-05-23,M01,舒肥紅酒燉牛肉,主食,Red_Meat,480.0,192.0
V001368,2026-05-23,M06,香煎鮭魚佐檸檬,主食,Seafood,460.0,193.2
V001368,2026-05-23,S02,西班牙蒜辣蝦,副食,Seafood,260.0,176.8
V001368,2026-05-23,S01,紹興油泡蝦,副食,Seafood,280.0,196.0
V001368,2026-05-23,D02,焦糖烤布蕾,甜點,Dessert,160.0,107.2
V001368,2026-05-23,W10,小麥白啤酒,酒水,Fried,240.0,136.8
V001368,2026-05-23,W12,季節水果特調,酒水,Universal,340.0,261.8
V001368,2026-05-23,W06,Negroni,酒水,Cheese,350.0,266.0
V001368,2026-05-23,W13,無酒精莫吉托,酒水,Universal,180.0,144.0
V001368,2026-05-23,W04,白蘇維翁(杯),酒水,Seafood,280.0,170.8
V001368,2026-05-23,W05,氣泡酒(杯),酒水,Fried,300.0,189.0
V001368,2026-05-23,W03,夏多內白酒(杯),酒水,Seafood,260.0,161.2
V001368,2026-05-23,W04,白蘇維翁(杯),酒水,Seafood,280.0,170.8
V001368,2026-05-23,W10,小麥白啤酒,酒水,Fried,240.0,136.8
V001368,2026-05-23,W03,夏多內白酒(杯),酒水,Seafood,260.0,161.2
V001368,2026-05-23,W11,威士忌 Highball,酒水,Cheese,300.0,222.0
V001368,2026-05-23,W05,氣泡酒(杯),酒水,Fried,300.0,189.0
V001369,2026-05-23,M05,白酒蛤蜊義大利麵,主食,Seafood,380.0,167.2
V001369,2026-05-23,M04,松露野菌燉飯,主食,Cheese,420.0,189.0
V001369,2026-05-23,S04,三種起司拼盤,副食,Cheese,340.0,224.4
V001369,2026-05-23,S06,酥炸花枝圈,副食,Fried,220.0,154.0
V001369,2026-05-23,W06,Negroni,酒水,Cheese,350.0,266.0
V001369,2026-05-23,W08,Gin & Tonic,酒水,Universal,300.0,234.0
V001369,2026-05-23,W04,白蘇維翁(杯),酒水,Seafood,280.0,170.8
V001369,2026-05-23,W12,季節水果特調,酒水,Universal,340.0,261.8
V001369,2026-05-23,W12,季節水果特調,酒水,Universal,340.0,261.8
V001369,2026-05-23,W09,精釀 IPA,酒水,Fried,260.0,150.8
V001370,2026-05-23,M03,炭烤戰斧牛排,主食,Red_Meat,880.0,308.0
V001370,2026-05-23,M02,爐烤伊比利豬肩,主食,Red_Meat,520.0,197.6
V001370,2026-05-23,S04,三種起司拼盤,副食,Cheese,340.0,224.4
V001370,2026-05-23,S05,松露薯條,副食,Fried,180.0,129.6
V001370,2026-05-23,S02,西班牙蒜辣蝦,副食,Seafood,260.0,176.8
V001370,2026-05-23,W13,無酒精莫吉托,酒水,Universal,180.0,144.0
V001371,2026-05-23,M04,松露野菌燉飯,主食,Cheese,420.0,189.0
V001371,2026-05-23,S05,松露薯條,副食,Fried,180.0,129.6
V001371,2026-05-23,S06,酥炸花枝圈,副食,Fried,220.0,154.0
V001371,2026-05-23,S07,炙燒櫛瓜佐油醋,副食,Universal,160.0,108.8
V001371,2026-05-23,D02,焦糖烤布蕾,甜點,Dessert,160.0,107.2
V001371,2026-05-23,W10,小麥白啤酒,酒水,Fried,240.0,136.8
V001371,2026-05-23,W05,氣泡酒(杯),酒水,Fried,300.0,189.0
V001371,2026-05-23,W05,氣泡酒(杯),酒水,Fried,300.0,189.0
V001371,2026-05-23,W08,Gin & Tonic,酒水,Universal,300.0,234.0
V001371,2026-05-23,W10,小麥白啤酒,酒水,Fried,240.0,136.8
V001372,2026-05-23,M03,炭烤戰斧牛排,主食,Red_Meat,880.0,308.0
V001372,2026-05-23,M03,炭烤戰斧牛排,主食,Red_Meat,880.0,308.0
V001372,2026-05-23,M06,香煎鮭魚佐檸檬,主食,Seafood,460.0,193.2
V001372,2026-05-23,S07,炙燒櫛瓜佐油醋,副食,Universal,160.0,108.8
V001372,2026-05-23,W13,無酒精莫吉托,酒水,Universal,180.0,144.0
V001373,2026-05-23,M03,炭烤戰斧牛排,主食,Red_Meat,880.0,308.0
V001373,2026-05-23,S03,伊比利火腿盤,副食,Cheese,380.0,247.0
V001373,2026-05-23,S05,松露薯條,副食,Fried,180.0,129.6
V001373,2026-05-23,W02,卡本內蘇維翁(杯),酒水,Red_Meat,320.0,192.0
V001374,2026-05-23,M03,炭烤戰斧牛排,主食,Red_Meat,880.0,308.0
V001374,2026-05-23,S02,西班牙蒜辣蝦,副食,Seafood,260.0,176.8
V001374,2026-05-23,W03,夏多內白酒(杯),酒水,Seafood,260.0,161.2
V001374,2026-05-23,W04,白蘇維翁(杯),酒水,Seafood,280.0,170.8
V001374,2026-05-23,W02,卡本內蘇維翁(杯),酒水,Red_Meat,320.0,192.0
V001375,2026-05-23,M05,白酒蛤蜊義大利麵,主食,Seafood,380.0,167.2
V001375,2026-05-23,M03,炭烤戰斧牛排,主食,Red_Meat,880.0,308.0
V001375,2026-05-23,S02,西班牙蒜辣蝦,副食,Seafood,260.0,176.8
V001375,2026-05-23,S04,三種起司拼盤,副食,Cheese,340.0,224.4
V001375,2026-05-23,W04,白蘇維翁(杯),酒水,Seafood,280.0,170.8
V001376,2026-05-23,M04,松露野菌燉飯,主食,Cheese,420.0,189.0
V001376,2026-05-23,M01,舒肥紅酒燉牛肉,主食,Red_Meat,480.0,192.0
V001376,2026-05-23,M03,炭烤戰斧牛排,主食,Red_Meat,880.0,308.0
V001376,2026-05-23,M04,松露野菌燉飯,主食,Cheese,420.0,189.0
V001376,2026-05-23,M06,香煎鮭魚佐檸檬,主食,Seafood,460.0,193.2
V001376,2026-05-23,S07,炙燒櫛瓜佐油醋,副食,Universal,160.0,108.8
V001376,2026-05-23,S03,伊比利火腿盤,副食,Cheese,380.0,247.0
V001376,2026-05-23,S05,松露薯條,副食,Fried,180.0,129.6
V001376,2026-05-23,S04,三種起司拼盤,副食,Cheese,340.0,224.4
V001376,2026-05-23,W06,Negroni,酒水,Cheese,350.0,266.0
V001376,2026-05-23,W01,馬爾貝克紅酒(杯),酒水,Red_Meat,280.0,173.6
V001376,2026-05-23,W11,威士忌 Highball,酒水,Cheese,300.0,222.0
V001376,2026-05-23,W01,馬爾貝克紅酒(杯),酒水,Red_Meat,280.0,173.6
V001376,2026-05-23,W11,威士忌 Highball,酒水,Cheese,300.0,222.0
V001376,2026-05-23,W07,Old Fashioned,酒水,Red_Meat,380.0,285.0
V001377,2026-05-23,M06,香煎鮭魚佐檸檬,主食,Seafood,460.0,193.2
V001377,2026-05-23,M06,香煎鮭魚佐檸檬,主食,Seafood,460.0,193.2
V001377,2026-05-23,M01,舒肥紅酒燉牛肉,主食,Red_Meat,480.0,192.0
V001377,2026-05-23,D02,焦糖烤布蕾,甜點,Dessert,160.0,107.2
V001377,2026-05-23,W07,Old Fashioned,酒水,Red_Meat,380.0,285.0
V001377,2026-05-23,W02,卡本內蘇維翁(杯),酒水,Red_Meat,320.0,192.0
V001377,2026-05-23,W04,白蘇維翁(杯),酒水,Seafood,280.0,170.8
V001377,2026-05-23,W03,夏多內白酒(杯),酒水,Seafood,260.0,161.2
V001377,2026-05-23,W02,卡本內蘇維翁(杯),酒水,Red_Meat,320.0,192.0
V001377,2026-05-23,W06,Negroni,酒水,Cheese,350.0,266.0
V001378,2026-05-23,M02,爐烤伊比利豬肩,主食,Red_Meat,520.0,197.6
V001378,2026-05-23,M01,舒肥紅酒燉牛肉,主食,Red_Meat,480.0,192.0
V001378,2026-05-23,S06,酥炸花枝圈,副食,Fried,220.0,154.0
V001378,2026-05-23,S07,炙燒櫛瓜佐油醋,副食,Universal,160.0,108.8
V001378,2026-05-23,S01,紹興油泡蝦,副食,Seafood,280.0,196.0
V001378,2026-05-23,S01,紹興油泡蝦,副食,Seafood,280.0,196.0
V001378,2026-05-23,S01,紹興油泡蝦,副食,Seafood,280.0,196.0
V001378,2026-05-23,W03,夏多內白酒(杯),酒水,Seafood,260.0,161.2
V001378,2026-05-23,W12,季節水果特調,酒水,Universal,340.0,261.8
V001379,2026-05-23,M02,爐烤伊比利豬肩,主食,Red_Meat,520.0,197.6
V001379,2026-05-23,S07,炙燒櫛瓜佐油醋,副食,Universal,160.0,108.8
V001379,2026-05-23,S02,西班牙蒜辣蝦,副食,Seafood,260.0,176.8
V001379,2026-05-23,S01,紹興油泡蝦,副食,Seafood,280.0,196.0
V001379,2026-05-23,S04,三種起司拼盤,副食,Cheese,340.0,224.4
V001379,2026-05-23,S02,西班牙蒜辣蝦,副食,Seafood,260.0,176.8
V001379,2026-05-23,W10,小麥白啤酒,酒水,Fried,240.0,136.8
V001379,2026-05-23,W02,卡本內蘇維翁(杯),酒水,Red_Meat,320.0,192.0
V001379,2026-05-23,W04,白蘇維翁(杯),酒水,Seafood,280.0,170.8
V001380,2026-05-23,M02,爐烤伊比利豬肩,主食,Red_Meat,520.0,197.6
V001380,2026-05-23,S07,炙燒櫛瓜佐油醋,副食,Universal,160.0,108.8
V001380,2026-05-23,S03,伊比利火腿盤,副食,Cheese,380.0,247.0
V001380,2026-05-23,S05,松露薯條,副食,Fried,180.0,129.6
V001380,2026-05-23,W12,季節水果特調,酒水,Universal,340.0,261.8
V001380,2026-05-23,W11,威士忌 Highball,酒水,Cheese,300.0,222.0
V001380,2026-05-23,W07,Old Fashioned,酒水,Red_Meat,380.0,285.0
V001380,2026-05-23,W01,馬爾貝克紅酒(杯),酒水,Red_Meat,280.0,173.6
V001380,2026-05-23,W07,Old Fashioned,酒水,Red_Meat,380.0,285.0
V001380,2026-05-23,W01,馬爾貝克紅酒(杯),酒水,Red_Meat,280.0,173.6
V001381,2026-05-23,M05,白酒蛤蜊義大利麵,主食,Seafood,380.0,167.2
V001381,2026-05-23,S01,紹興油泡蝦,副食,Seafood,280.0,196.0
V001381,2026-05-23,S07,炙燒櫛瓜佐油醋,副食,Universal,160.0,108.8
V001381,2026-05-23,D02,焦糖烤布蕾,甜點,Dessert,160.0,107.2
V001381,2026-05-23,W06,Negroni,酒水,Cheese,350.0,266.0
V001381,2026-05-23,W05,氣泡酒(杯),酒水,Fried,300.0,189.0
V001382,2026-05-23,M05,白酒蛤蜊義大利麵,主食,Seafood,380.0,167.2
V001382,2026-05-23,S01,紹興油泡蝦,副食,Seafood,280.0,196.0
V001382,2026-05-23,S02,西班牙蒜辣蝦,副食,Seafood,260.0,176.8
V001382,2026-05-23,W09,精釀 IPA,酒水,Fried,260.0,150.8
V001382,2026-05-23,W10,小麥白啤酒,酒水,Fried,240.0,136.8
V001382,2026-05-23,W09,精釀 IPA,酒水,Fried,260.0,150.8
V001383,2026-05-23,M03,炭烤戰斧牛排,主食,Red_Meat,880.0,308.0
V001383,2026-05-23,S01,紹興油泡蝦,副食,Seafood,280.0,196.0
V001383,2026-05-23,S07,炙燒櫛瓜佐油醋,副食,Universal,160.0,108.8
V001383,2026-05-23,S04,三種起司拼盤,副食,Cheese,340.0,224.4
V001383,2026-05-23,S04,三種起司拼盤,副食,Cheese,340.0,224.4
V001383,2026-05-23,W03,夏多內白酒(杯),酒水,Seafood,260.0,161.2
V001383,2026-05-23,W05,氣泡酒(杯),酒水,Fried,300.0,189.0
V001383,2026-05-23,W13,無酒精莫吉托,酒水,Universal,180.0,144.0
V001383,2026-05-23,W13,無酒精莫吉托,酒水,Universal,180.0,144.0
V001383,2026-05-23,W09,精釀 IPA,酒水,Fried,260.0,150.8
V001383,2026-05-23,W08,Gin & Tonic,酒水,Universal,300.0,234.0
V001383,2026-05-23,W01,馬爾貝克紅酒(杯),酒水,Red_Meat,280.0,173.6
V001383,2026-05-23,W11,威士忌 Highball,酒水,Cheese,300.0,222.0
V001384,2026-05-23,M06,香煎鮭魚佐檸檬,主食,Seafood,460.0,193.2
V001384,2026-05-23,M01,舒肥紅酒燉牛肉,主食,Red_Meat,480.0,192.0
V001384,2026-05-23,S01,紹興油泡蝦,副食,Seafood,280.0,196.0
V001385,2026-05-23,M06,香煎鮭魚佐檸檬,主食,Seafood,460.0,193.2
V001385,2026-05-23,S04,三種起司拼盤,副食,Cheese,340.0,224.4
V001385,2026-05-23,S06,酥炸花枝圈,副食,Fried,220.0,154.0
V001385,2026-05-23,S07,炙燒櫛瓜佐油醋,副食,Universal,160.0,108.8
V001385,2026-05-23,W07,Old Fashioned,酒水,Red_Meat,380.0,285.0
V001386,2026-05-23,M05,白酒蛤蜊義大利麵,主食,Seafood,380.0,167.2
V001386,2026-05-23,S05,松露薯條,副食,Fried,180.0,129.6
V001386,2026-05-23,D02,焦糖烤布蕾,甜點,Dessert,160.0,107.2
V001386,2026-05-23,W04,白蘇維翁(杯),酒水,Seafood,280.0,170.8
V001386,2026-05-23,W10,小麥白啤酒,酒水,Fried,240.0,136.8
V001386,2026-05-23,W09,精釀 IPA,酒水,Fried,260.0,150.8
V001386,2026-05-23,W13,無酒精莫吉托,酒水,Universal,180.0,144.0
V001387,2026-05-23,M02,爐烤伊比利豬肩,主食,Red_Meat,520.0,197.6
V001387,2026-05-23,M04,松露野菌燉飯,主食,Cheese,420.0,189.0
V001387,2026-05-23,M05,白酒蛤蜊義大利麵,主食,Seafood,380.0,167.2
V001387,2026-05-23,M04,松露野菌燉飯,主食,Cheese,420.0,189.0
V001387,2026-05-23,M06,香煎鮭魚佐檸檬,主食,Seafood,460.0,193.2
V001387,2026-05-23,S07,炙燒櫛瓜佐油醋,副食,Universal,160.0,108.8
V001387,2026-05-23,S04,三種起司拼盤,副食,Cheese,340.0,224.4
V001387,2026-05-23,W12,季節水果特調,酒水,Universal,340.0,261.8
V001387,2026-05-23,W07,Old Fashioned,酒水,Red_Meat,380.0,285.0
V001387,2026-05-23,W03,夏多內白酒(杯),酒水,Seafood,260.0,161.2
V001387,2026-05-23,W04,白蘇維翁(杯),酒水,Seafood,280.0,170.8
V001387,2026-05-23,W01,馬爾貝克紅酒(杯),酒水,Red_Meat,280.0,173.6
V001387,2026-05-23,W08,Gin & Tonic,酒水,Universal,300.0,234.0
V001387,2026-05-23,W08,Gin & Tonic,酒水,Universal,300.0,234.0
V001387,2026-05-23,W09,精釀 IPA,酒水,Fried,260.0,150.8
V001387,2026-05-23,W09,精釀 IPA,酒水,Fried,260.0,150.8
V001388,2026-05-23,M02,爐烤伊比利豬肩,主食,Red_Meat,520.0,197.6
V001388,2026-05-23,M03,炭烤戰斧牛排,主食,Red_Meat,880.0,308.0
V001388,2026-05-23,S02,西班牙蒜辣蝦,副食,Seafood,260.0,176.8
V001388,2026-05-23,W05,氣泡酒(杯),酒水,Fried,300.0,189.0
V001389,2026-05-23,S01,紹興油泡蝦,副食,Seafood,280.0,196.0
V001390,2026-05-23,M02,爐烤伊比利豬肩,主食,Red_Meat,520.0,197.6
V001390,2026-05-23,M04,松露野菌燉飯,主食,Cheese,420.0,189.0
V001390,2026-05-23,M02,爐烤伊比利豬肩,主食,Red_Meat,520.0,197.6
V001390,2026-05-23,S05,松露薯條,副食,Fried,180.0,129.6
V001390,2026-05-23,S07,炙燒櫛瓜佐油醋,副食,Universal,160.0,108.8
V001390,2026-05-23,S03,伊比利火腿盤,副食,Cheese,380.0,247.0
V001390,2026-05-23,D02,焦糖烤布蕾,甜點,Dessert,160.0,107.2
V001390,2026-05-23,W05,氣泡酒(杯),酒水,Fried,300.0,189.0
V001390,2026-05-23,W13,無酒精莫吉托,酒水,Universal,180.0,144.0
V001391,2026-05-24,M06,香煎鮭魚佐檸檬,主食,Seafood,460.0,193.2
V001391,2026-05-24,S06,酥炸花枝圈,副食,Fried,220.0,154.0
V001391,2026-05-24,S03,伊比利火腿盤,副食,Cheese,380.0,247.0
V001391,2026-05-24,W10,小麥白啤酒,酒水,Fried,240.0,136.8
V001392,2026-05-24,M06,香煎鮭魚佐檸檬,主食,Seafood,460.0,193.2
V001392,2026-05-24,S01,紹興油泡蝦,副食,Seafood,280.0,196.0
V001392,2026-05-24,S07,炙燒櫛瓜佐油醋,副食,Universal,160.0,108.8
V001392,2026-05-24,S06,酥炸花枝圈,副食,Fried,220.0,154.0
V001392,2026-05-24,W03,夏多內白酒(杯),酒水,Seafood,260.0,161.2
V001392,2026-05-24,W04,白蘇維翁(杯),酒水,Seafood,280.0,170.8
V001392,2026-05-24,W03,夏多內白酒(杯),酒水,Seafood,260.0,161.2
V001392,2026-05-24,W03,夏多內白酒(杯),酒水,Seafood,260.0,161.2
V001392,2026-05-24,W06,Negroni,酒水,Cheese,350.0,266.0
V001392,2026-05-24,W04,白蘇維翁(杯),酒水,Seafood,280.0,170.8
V001393,2026-05-24,M01,舒肥紅酒燉牛肉,主食,Red_Meat,480.0,192.0
V001393,2026-05-24,S01,紹興油泡蝦,副食,Seafood,280.0,196.0
V001393,2026-05-24,S04,三種起司拼盤,副食,Cheese,340.0,224.4
V001393,2026-05-24,S07,炙燒櫛瓜佐油醋,副食,Universal,160.0,108.8
V001393,2026-05-24,S04,三種起司拼盤,副食,Cheese,340.0,224.4
V001393,2026-05-24,W04,白蘇維翁(杯),酒水,Seafood,280.0,170.8
V001393,2026-05-24,W09,精釀 IPA,酒水,Fried,260.0,150.8
V001393,2026-05-24,W09,精釀 IPA,酒水,Fried,260.0,150.8
V001394,2026-05-24,M02,爐烤伊比利豬肩,主食,Red_Meat,520.0,197.6
V001394,2026-05-24,S06,酥炸花枝圈,副食,Fried,220.0,154.0
V001394,2026-05-24,S06,酥炸花枝圈,副食,Fried,220.0,154.0
V001394,2026-05-24,W08,Gin & Tonic,酒水,Universal,300.0,234.0
V001394,2026-05-24,W08,Gin & Tonic,酒水,Universal,300.0,234.0
V001394,2026-05-24,W09,精釀 IPA,酒水,Fried,260.0,150.8
V001394,2026-05-24,W09,精釀 IPA,酒水,Fried,260.0,150.8
V001395,2026-05-24,M04,松露野菌燉飯,主食,Cheese,420.0,189.0
V001395,2026-05-24,S02,西班牙蒜辣蝦,副食,Seafood,260.0,176.8
V001395,2026-05-24,S02,西班牙蒜辣蝦,副食,Seafood,260.0,176.8
V001395,2026-05-24,W08,Gin & Tonic,酒水,Universal,300.0,234.0
V001395,2026-05-24,W03,夏多內白酒(杯),酒水,Seafood,260.0,161.2
V001395,2026-05-24,W05,氣泡酒(杯),酒水,Fried,300.0,189.0
V001395,2026-05-24,W04,白蘇維翁(杯),酒水,Seafood,280.0,170.8
V001395,2026-05-24,W05,氣泡酒(杯),酒水,Fried,300.0,189.0
V001395,2026-05-24,W03,夏多內白酒(杯),酒水,Seafood,260.0,161.2
V001395,2026-05-24,W10,小麥白啤酒,酒水,Fried,240.0,136.8
V001396,2026-05-24,M01,舒肥紅酒燉牛肉,主食,Red_Meat,480.0,192.0
V001396,2026-05-24,S02,西班牙蒜辣蝦,副食,Seafood,260.0,176.8
V001396,2026-05-24,S02,西班牙蒜辣蝦,副食,Seafood,260.0,176.8
V001397,2026-05-24,M06,香煎鮭魚佐檸檬,主食,Seafood,460.0,193.2
V001397,2026-05-24,D02,焦糖烤布蕾,甜點,Dessert,160.0,107.2
V001397,2026-05-24,W03,夏多內白酒(杯),酒水,Seafood,260.0,161.2
V001398,2026-05-24,M02,爐烤伊比利豬肩,主食,Red_Meat,520.0,197.6
V001398,2026-05-24,S01,紹興油泡蝦,副食,Seafood,280.0,196.0
V001398,2026-05-24,S07,炙燒櫛瓜佐油醋,副食,Universal,160.0,108.8
V001398,2026-05-24,W12,季節水果特調,酒水,Universal,340.0,261.8
V001398,2026-05-24,W10,小麥白啤酒,酒水,Fried,240.0,136.8
V001398,2026-05-24,W03,夏多內白酒(杯),酒水,Seafood,260.0,161.2
V001398,2026-05-24,W07,Old Fashioned,酒水,Red_Meat,380.0,285.0
V001399,2026-05-24,M03,炭烤戰斧牛排,主食,Red_Meat,880.0,308.0
V001399,2026-05-24,M04,松露野菌燉飯,主食,Cheese,420.0,189.0
V001399,2026-05-24,S07,炙燒櫛瓜佐油醋,副食,Universal,160.0,108.8
V001399,2026-05-24,W03,夏多內白酒(杯),酒水,Seafood,260.0,161.2
V001399,2026-05-24,W11,威士忌 Highball,酒水,Cheese,300.0,222.0
V001399,2026-05-24,W03,夏多內白酒(杯),酒水,Seafood,260.0,161.2
V001399,2026-05-24,W12,季節水果特調,酒水,Universal,340.0,261.8
V001400,2026-05-24,M06,香煎鮭魚佐檸檬,主食,Seafood,460.0,193.2
V001400,2026-05-24,M02,爐烤伊比利豬肩,主食,Red_Meat,520.0,197.6
V001400,2026-05-24,S02,西班牙蒜辣蝦,副食,Seafood,260.0,176.8
V001400,2026-05-24,S05,松露薯條,副食,Fried,180.0,129.6
V001400,2026-05-24,D02,焦糖烤布蕾,甜點,Dessert,160.0,107.2
V001400,2026-05-24,W03,夏多內白酒(杯),酒水,Seafood,260.0,161.2
V001400,2026-05-24,W08,Gin & Tonic,酒水,Universal,300.0,234.0
V001400,2026-05-24,W04,白蘇維翁(杯),酒水,Seafood,280.0,170.8
V001400,2026-05-24,W04,白蘇維翁(杯),酒水,Seafood,280.0,170.8
V001400,2026-05-24,W12,季節水果特調,酒水,Universal,340.0,261.8
V001400,2026-05-24,W12,季節水果特調,酒水,Universal,340.0,261.8
V001400,2026-05-24,W03,夏多內白酒(杯),酒水,Seafood,260.0,161.2
V001400,2026-05-24,W01,馬爾貝克紅酒(杯),酒水,Red_Meat,280.0,173.6
V001400,2026-05-24,W01,馬爾貝克紅酒(杯),酒水,Red_Meat,280.0,173.6
V001400,2026-05-24,W06,Negroni,酒水,Cheese,350.0,266.0
V001401,2026-05-24,M04,松露野菌燉飯,主食,Cheese,420.0,189.0
V001401,2026-05-24,M01,舒肥紅酒燉牛肉,主食,Red_Meat,480.0,192.0
V001401,2026-05-24,M06,香煎鮭魚佐檸檬,主食,Seafood,460.0,193.2
V001401,2026-05-24,S04,三種起司拼盤,副食,Cheese,340.0,224.4
V001401,2026-05-24,W07,Old Fashioned,酒水,Red_Meat,380.0,285.0
V001401,2026-05-24,W03,夏多內白酒(杯),酒水,Seafood,260.0,161.2
V001401,2026-05-24,W07,Old Fashioned,酒水,Red_Meat,380.0,285.0
V001401,2026-05-24,W07,Old Fashioned,酒水,Red_Meat,380.0,285.0
V001402,2026-05-24,M05,白酒蛤蜊義大利麵,主食,Seafood,380.0,167.2
V001402,2026-05-24,S07,炙燒櫛瓜佐油醋,副食,Universal,160.0,108.8
V001402,2026-05-24,S04,三種起司拼盤,副食,Cheese,340.0,224.4
V001402,2026-05-24,S03,伊比利火腿盤,副食,Cheese,380.0,247.0
V001402,2026-05-24,W10,小麥白啤酒,酒水,Fried,240.0,136.8
V001402,2026-05-24,W01,馬爾貝克紅酒(杯),酒水,Red_Meat,280.0,173.6
V001402,2026-05-24,W05,氣泡酒(杯),酒水,Fried,300.0,189.0
V001403,2026-05-24,M03,炭烤戰斧牛排,主食,Red_Meat,880.0,308.0
V001403,2026-05-24,W01,馬爾貝克紅酒(杯),酒水,Red_Meat,280.0,173.6
V001404,2026-05-24,M01,舒肥紅酒燉牛肉,主食,Red_Meat,480.0,192.0
V001404,2026-05-24,S05,松露薯條,副食,Fried,180.0,129.6
V001404,2026-05-24,W10,小麥白啤酒,酒水,Fried,240.0,136.8
V001404,2026-05-24,W09,精釀 IPA,酒水,Fried,260.0,150.8
V001404,2026-05-24,W10,小麥白啤酒,酒水,Fried,240.0,136.8
V001404,2026-05-24,W10,小麥白啤酒,酒水,Fried,240.0,136.8
V001404,2026-05-24,W01,馬爾貝克紅酒(杯),酒水,Red_Meat,280.0,173.6
V001404,2026-05-24,W03,夏多內白酒(杯),酒水,Seafood,260.0,161.2
V001404,2026-05-24,W05,氣泡酒(杯),酒水,Fried,300.0,189.0
V001405,2026-05-24,M03,炭烤戰斧牛排,主食,Red_Meat,880.0,308.0
V001405,2026-05-24,M01,舒肥紅酒燉牛肉,主食,Red_Meat,480.0,192.0
V001405,2026-05-24,M02,爐烤伊比利豬肩,主食,Red_Meat,520.0,197.6
V001405,2026-05-24,M01,舒肥紅酒燉牛肉,主食,Red_Meat,480.0,192.0
V001405,2026-05-24,D01,提拉米蘇,甜點,Dessert,180.0,117.0
V001405,2026-05-24,W13,無酒精莫吉托,酒水,Universal,180.0,144.0
V001405,2026-05-24,W06,Negroni,酒水,Cheese,350.0,266.0
V001405,2026-05-24,W01,馬爾貝克紅酒(杯),酒水,Red_Meat,280.0,173.6
V001405,2026-05-24,W13,無酒精莫吉托,酒水,Universal,180.0,144.0
V001405,2026-05-24,W02,卡本內蘇維翁(杯),酒水,Red_Meat,320.0,192.0
V001405,2026-05-24,W06,Negroni,酒水,Cheese,350.0,266.0
V001405,2026-05-24,W02,卡本內蘇維翁(杯),酒水,Red_Meat,320.0,192.0
V001405,2026-05-24,W08,Gin & Tonic,酒水,Universal,300.0,234.0
V001406,2026-05-24,M01,舒肥紅酒燉牛肉,主食,Red_Meat,480.0,192.0
V001406,2026-05-24,S01,紹興油泡蝦,副食,Seafood,280.0,196.0
V001406,2026-05-24,S03,伊比利火腿盤,副食,Cheese,380.0,247.0
V001406,2026-05-24,S06,酥炸花枝圈,副食,Fried,220.0,154.0
V001406,2026-05-24,S05,松露薯條,副食,Fried,180.0,129.6
V001406,2026-05-24,D01,提拉米蘇,甜點,Dessert,180.0,117.0
V001406,2026-05-24,W13,無酒精莫吉托,酒水,Universal,180.0,144.0
V001406,2026-05-24,W11,威士忌 Highball,酒水,Cheese,300.0,222.0
V001407,2026-05-24,W06,Negroni,酒水,Cheese,350.0,266.0
V001408,2026-05-24,M05,白酒蛤蜊義大利麵,主食,Seafood,380.0,167.2
V001408,2026-05-24,D02,焦糖烤布蕾,甜點,Dessert,160.0,107.2
V001408,2026-05-24,W03,夏多內白酒(杯),酒水,Seafood,260.0,161.2
V001408,2026-05-24,W10,小麥白啤酒,酒水,Fried,240.0,136.8
V001408,2026-05-24,W07,Old Fashioned,酒水,Red_Meat,380.0,285.0
V001408,2026-05-24,W11,威士忌 Highball,酒水,Cheese,300.0,222.0
V001409,2026-05-26,M04,松露野菌燉飯,主食,Cheese,420.0,189.0
V001409,2026-05-26,S04,三種起司拼盤,副食,Cheese,340.0,224.4
V001409,2026-05-26,W11,威士忌 Highball,酒水,Cheese,300.0,222.0
V001409,2026-05-26,W13,無酒精莫吉托,酒水,Universal,180.0,144.0
V001409,2026-05-26,W06,Negroni,酒水,Cheese,350.0,266.0
V001409,2026-05-26,W06,Negroni,酒水,Cheese,350.0,266.0
V001410,2026-05-26,M01,舒肥紅酒燉牛肉,主食,Red_Meat,480.0,192.0
V001410,2026-05-26,S03,伊比利火腿盤,副食,Cheese,380.0,247.0
V001410,2026-05-26,S05,松露薯條,副食,Fried,180.0,129.6
V001410,2026-05-26,S03,伊比利火腿盤,副食,Cheese,380.0,247.0
V001410,2026-05-26,S03,伊比利火腿盤,副食,Cheese,380.0,247.0
V001410,2026-05-26,S07,炙燒櫛瓜佐油醋,副食,Universal,160.0,108.8
V001410,2026-05-26,S04,三種起司拼盤,副食,Cheese,340.0,224.4
V001410,2026-05-26,W07,Old Fashioned,酒水,Red_Meat,380.0,285.0
V001410,2026-05-26,W06,Negroni,酒水,Cheese,350.0,266.0
V001410,2026-05-26,W10,小麥白啤酒,酒水,Fried,240.0,136.8
V001410,2026-05-26,W07,Old Fashioned,酒水,Red_Meat,380.0,285.0
V001410,2026-05-26,W11,威士忌 Highball,酒水,Cheese,300.0,222.0
V001410,2026-05-26,W11,威士忌 Highball,酒水,Cheese,300.0,222.0
V001410,2026-05-26,W11,威士忌 Highball,酒水,Cheese,300.0,222.0
V001410,2026-05-26,W11,威士忌 Highball,酒水,Cheese,300.0,222.0
V001410,2026-05-26,W02,卡本內蘇維翁(杯),酒水,Red_Meat,320.0,192.0
V001411,2026-05-26,M03,炭烤戰斧牛排,主食,Red_Meat,880.0,308.0
V001411,2026-05-26,M02,爐烤伊比利豬肩,主食,Red_Meat,520.0,197.6
V001411,2026-05-26,M01,舒肥紅酒燉牛肉,主食,Red_Meat,480.0,192.0
V001411,2026-05-26,M06,香煎鮭魚佐檸檬,主食,Seafood,460.0,193.2
V001411,2026-05-26,S01,紹興油泡蝦,副食,Seafood,280.0,196.0
V001411,2026-05-26,S06,酥炸花枝圈,副食,Fried,220.0,154.0
V001411,2026-05-26,S06,酥炸花枝圈,副食,Fried,220.0,154.0
V001411,2026-05-26,S05,松露薯條,副食,Fried,180.0,129.6
V001411,2026-05-26,S06,酥炸花枝圈,副食,Fried,220.0,154.0
V001411,2026-05-26,D01,提拉米蘇,甜點,Dessert,180.0,117.0
V001411,2026-05-26,W13,無酒精莫吉托,酒水,Universal,180.0,144.0
V001411,2026-05-26,W09,精釀 IPA,酒水,Fried,260.0,150.8
V001411,2026-05-26,W05,氣泡酒(杯),酒水,Fried,300.0,189.0
V001411,2026-05-26,W07,Old Fashioned,酒水,Red_Meat,380.0,285.0
V001411,2026-05-26,W02,卡本內蘇維翁(杯),酒水,Red_Meat,320.0,192.0
V001411,2026-05-26,W01,馬爾貝克紅酒(杯),酒水,Red_Meat,280.0,173.6
V001412,2026-05-26,M04,松露野菌燉飯,主食,Cheese,420.0,189.0
V001412,2026-05-26,M01,舒肥紅酒燉牛肉,主食,Red_Meat,480.0,192.0
V001412,2026-05-26,S02,西班牙蒜辣蝦,副食,Seafood,260.0,176.8
V001412,2026-05-26,S04,三種起司拼盤,副食,Cheese,340.0,224.4
V001412,2026-05-26,W11,威士忌 Highball,酒水,Cheese,300.0,222.0
V001412,2026-05-26,W11,威士忌 Highball,酒水,Cheese,300.0,222.0
V001412,2026-05-26,W03,夏多內白酒(杯),酒水,Seafood,260.0,161.2
V001413,2026-05-26,M05,白酒蛤蜊義大利麵,主食,Seafood,380.0,167.2
V001413,2026-05-26,S01,紹興油泡蝦,副食,Seafood,280.0,196.0
V001413,2026-05-26,W03,夏多內白酒(杯),酒水,Seafood,260.0,161.2
V001413,2026-05-26,W03,夏多內白酒(杯),酒水,Seafood,260.0,161.2
V001413,2026-05-26,W03,夏多內白酒(杯),酒水,Seafood,260.0,161.2
V001413,2026-05-26,W10,小麥白啤酒,酒水,Fried,240.0,136.8
V001414,2026-05-26,M06,香煎鮭魚佐檸檬,主食,Seafood,460.0,193.2
V001414,2026-05-26,M05,白酒蛤蜊義大利麵,主食,Seafood,380.0,167.2
V001414,2026-05-26,M03,炭烤戰斧牛排,主食,Red_Meat,880.0,308.0
V001414,2026-05-26,S03,伊比利火腿盤,副食,Cheese,380.0,247.0
V001414,2026-05-26,S01,紹興油泡蝦,副食,Seafood,280.0,196.0
V001414,2026-05-26,S06,酥炸花枝圈,副食,Fried,220.0,154.0
V001414,2026-05-26,S05,松露薯條,副食,Fried,180.0,129.6
V001414,2026-05-26,S07,炙燒櫛瓜佐油醋,副食,Universal,160.0,108.8
V001414,2026-05-26,S03,伊比利火腿盤,副食,Cheese,380.0,247.0
V001414,2026-05-26,S03,伊比利火腿盤,副食,Cheese,380.0,247.0
V001414,2026-05-26,D02,焦糖烤布蕾,甜點,Dessert,160.0,107.2
V001414,2026-05-26,W03,夏多內白酒(杯),酒水,Seafood,260.0,161.2
V001414,2026-05-26,W04,白蘇維翁(杯),酒水,Seafood,280.0,170.8
V001414,2026-05-26,W10,小麥白啤酒,酒水,Fried,240.0,136.8
V001414,2026-05-26,W04,白蘇維翁(杯),酒水,Seafood,280.0,170.8
V001414,2026-05-26,W06,Negroni,酒水,Cheese,350.0,266.0
V001414,2026-05-26,W06,Negroni,酒水,Cheese,350.0,266.0
V001415,2026-05-26,M01,舒肥紅酒燉牛肉,主食,Red_Meat,480.0,192.0
V001415,2026-05-26,M01,舒肥紅酒燉牛肉,主食,Red_Meat,480.0,192.0
V001415,2026-05-26,S07,炙燒櫛瓜佐油醋,副食,Universal,160.0,108.8
V001415,2026-05-26,W01,馬爾貝克紅酒(杯),酒水,Red_Meat,280.0,173.6
V001415,2026-05-26,W01,馬爾貝克紅酒(杯),酒水,Red_Meat,280.0,173.6
V001415,2026-05-26,W02,卡本內蘇維翁(杯),酒水,Red_Meat,320.0,192.0
V001415,2026-05-26,W04,白蘇維翁(杯),酒水,Seafood,280.0,170.8
V001415,2026-05-26,W01,馬爾貝克紅酒(杯),酒水,Red_Meat,280.0,173.6
V001415,2026-05-26,W02,卡本內蘇維翁(杯),酒水,Red_Meat,320.0,192.0
V001415,2026-05-26,W01,馬爾貝克紅酒(杯),酒水,Red_Meat,280.0,173.6
V001415,2026-05-26,W13,無酒精莫吉托,酒水,Universal,180.0,144.0
V001415,2026-05-26,W05,氣泡酒(杯),酒水,Fried,300.0,189.0
V001415,2026-05-26,W02,卡本內蘇維翁(杯),酒水,Red_Meat,320.0,192.0
V001415,2026-05-26,W13,無酒精莫吉托,酒水,Universal,180.0,144.0
V001415,2026-05-26,W01,馬爾貝克紅酒(杯),酒水,Red_Meat,280.0,173.6
V001416,2026-05-26,M06,香煎鮭魚佐檸檬,主食,Seafood,460.0,193.2
V001416,2026-05-26,D02,焦糖烤布蕾,甜點,Dessert,160.0,107.2
V001416,2026-05-26,W04,白蘇維翁(杯),酒水,Seafood,280.0,170.8
V001416,2026-05-26,W06,Negroni,酒水,Cheese,350.0,266.0
V001416,2026-05-26,W11,威士忌 Highball,酒水,Cheese,300.0,222.0
V001417,2026-05-26,M05,白酒蛤蜊義大利麵,主食,Seafood,380.0,167.2
V001417,2026-05-26,M03,炭烤戰斧牛排,主食,Red_Meat,880.0,308.0
V001417,2026-05-26,S02,西班牙蒜辣蝦,副食,Seafood,260.0,176.8
V001417,2026-05-26,S02,西班牙蒜辣蝦,副食,Seafood,260.0,176.8
V001417,2026-05-26,W08,Gin & Tonic,酒水,Universal,300.0,234.0
V001417,2026-05-26,W10,小麥白啤酒,酒水,Fried,240.0,136.8
V001418,2026-05-26,M06,香煎鮭魚佐檸檬,主食,Seafood,460.0,193.2
V001418,2026-05-26,S03,伊比利火腿盤,副食,Cheese,380.0,247.0
V001418,2026-05-26,S05,松露薯條,副食,Fried,180.0,129.6
V001418,2026-05-26,S02,西班牙蒜辣蝦,副食,Seafood,260.0,176.8
V001418,2026-05-26,D01,提拉米蘇,甜點,Dessert,180.0,117.0
V001418,2026-05-26,W09,精釀 IPA,酒水,Fried,260.0,150.8
V001418,2026-05-26,W03,夏多內白酒(杯),酒水,Seafood,260.0,161.2
V001419,2026-05-27,S05,松露薯條,副食,Fried,180.0,129.6
V001419,2026-05-27,S02,西班牙蒜辣蝦,副食,Seafood,260.0,176.8
V001419,2026-05-27,D02,焦糖烤布蕾,甜點,Dessert,160.0,107.2
V001419,2026-05-27,W07,Old Fashioned,酒水,Red_Meat,380.0,285.0
V001420,2026-05-27,M04,松露野菌燉飯,主食,Cheese,420.0,189.0
V001420,2026-05-27,S03,伊比利火腿盤,副食,Cheese,380.0,247.0
V001421,2026-05-27,M03,炭烤戰斧牛排,主食,Red_Meat,880.0,308.0
V001421,2026-05-27,M01,舒肥紅酒燉牛肉,主食,Red_Meat,480.0,192.0
V001421,2026-05-27,M02,爐烤伊比利豬肩,主食,Red_Meat,520.0,197.6
V001421,2026-05-27,M04,松露野菌燉飯,主食,Cheese,420.0,189.0
V001421,2026-05-27,M05,白酒蛤蜊義大利麵,主食,Seafood,380.0,167.2
V001421,2026-05-27,S03,伊比利火腿盤,副食,Cheese,380.0,247.0
V001421,2026-05-27,S02,西班牙蒜辣蝦,副食,Seafood,260.0,176.8
V001421,2026-05-27,S07,炙燒櫛瓜佐油醋,副食,Universal,160.0,108.8
V001421,2026-05-27,S03,伊比利火腿盤,副食,Cheese,380.0,247.0
V001421,2026-05-27,S03,伊比利火腿盤,副食,Cheese,380.0,247.0
V001421,2026-05-27,S01,紹興油泡蝦,副食,Seafood,280.0,196.0
V001421,2026-05-27,S03,伊比利火腿盤,副食,Cheese,380.0,247.0
V001421,2026-05-27,W03,夏多內白酒(杯),酒水,Seafood,260.0,161.2
V001421,2026-05-27,W13,無酒精莫吉托,酒水,Universal,180.0,144.0
V001421,2026-05-27,W07,Old Fashioned,酒水,Red_Meat,380.0,285.0
V001421,2026-05-27,W11,威士忌 Highball,酒水,Cheese,300.0,222.0
V001421,2026-05-27,W04,白蘇維翁(杯),酒水,Seafood,280.0,170.8
V001421,2026-05-27,W03,夏多內白酒(杯),酒水,Seafood,260.0,161.2
V001421,2026-05-27,W03,夏多內白酒(杯),酒水,Seafood,260.0,161.2
V001421,2026-05-27,W03,夏多內白酒(杯),酒水,Seafood,260.0,161.2
V001421,2026-05-27,W13,無酒精莫吉托,酒水,Universal,180.0,144.0
V001421,2026-05-27,W03,夏多內白酒(杯),酒水,Seafood,260.0,161.2
V001421,2026-05-27,W01,馬爾貝克紅酒(杯),酒水,Red_Meat,280.0,173.6
V001421,2026-05-27,W07,Old Fashioned,酒水,Red_Meat,380.0,285.0
V001421,2026-05-27,W04,白蘇維翁(杯),酒水,Seafood,280.0,170.8
V001422,2026-05-27,M03,炭烤戰斧牛排,主食,Red_Meat,880.0,308.0
V001422,2026-05-27,S07,炙燒櫛瓜佐油醋,副食,Universal,160.0,108.8
V001422,2026-05-27,S04,三種起司拼盤,副食,Cheese,340.0,224.4
V001422,2026-05-27,S04,三種起司拼盤,副食,Cheese,340.0,224.4
V001422,2026-05-27,W11,威士忌 Highball,酒水,Cheese,300.0,222.0
V001422,2026-05-27,W07,Old Fashioned,酒水,Red_Meat,380.0,285.0
V001422,2026-05-27,W01,馬爾貝克紅酒(杯),酒水,Red_Meat,280.0,173.6
V001423,2026-05-27,M03,炭烤戰斧牛排,主食,Red_Meat,880.0,308.0
V001423,2026-05-27,S04,三種起司拼盤,副食,Cheese,340.0,224.4
V001423,2026-05-27,S03,伊比利火腿盤,副食,Cheese,380.0,247.0
V001423,2026-05-27,S05,松露薯條,副食,Fried,180.0,129.6
V001423,2026-05-27,S06,酥炸花枝圈,副食,Fried,220.0,154.0
V001423,2026-05-27,S02,西班牙蒜辣蝦,副食,Seafood,260.0,176.8
V001423,2026-05-27,W09,精釀 IPA,酒水,Fried,260.0,150.8
V001423,2026-05-27,W13,無酒精莫吉托,酒水,Universal,180.0,144.0
V001424,2026-05-27,M06,香煎鮭魚佐檸檬,主食,Seafood,460.0,193.2
V001424,2026-05-27,M04,松露野菌燉飯,主食,Cheese,420.0,189.0
V001424,2026-05-27,S06,酥炸花枝圈,副食,Fried,220.0,154.0
V001424,2026-05-27,S01,紹興油泡蝦,副食,Seafood,280.0,196.0
V001424,2026-05-27,S07,炙燒櫛瓜佐油醋,副食,Universal,160.0,108.8
V001424,2026-05-27,S04,三種起司拼盤,副食,Cheese,340.0,224.4
V001424,2026-05-27,D01,提拉米蘇,甜點,Dessert,180.0,117.0
V001424,2026-05-27,W01,馬爾貝克紅酒(杯),酒水,Red_Meat,280.0,173.6
V001424,2026-05-27,W08,Gin & Tonic,酒水,Universal,300.0,234.0
V001424,2026-05-27,W11,威士忌 Highball,酒水,Cheese,300.0,222.0
V001424,2026-05-27,W09,精釀 IPA,酒水,Fried,260.0,150.8
V001424,2026-05-27,W08,Gin & Tonic,酒水,Universal,300.0,234.0
V001424,2026-05-27,W11,威士忌 Highball,酒水,Cheese,300.0,222.0
V001424,2026-05-27,W13,無酒精莫吉托,酒水,Universal,180.0,144.0
V001424,2026-05-27,W09,精釀 IPA,酒水,Fried,260.0,150.8
V001424,2026-05-27,W01,馬爾貝克紅酒(杯),酒水,Red_Meat,280.0,173.6
V001424,2026-05-27,W03,夏多內白酒(杯),酒水,Seafood,260.0,161.2
V001424,2026-05-27,W04,白蘇維翁(杯),酒水,Seafood,280.0,170.8
V001424,2026-05-27,W04,白蘇維翁(杯),酒水,Seafood,280.0,170.8
V001424,2026-05-27,W08,Gin & Tonic,酒水,Universal,300.0,234.0
V001424,2026-05-27,W09,精釀 IPA,酒水,Fried,260.0,150.8
V001425,2026-05-27,M05,白酒蛤蜊義大利麵,主食,Seafood,380.0,167.2
V001425,2026-05-27,S04,三種起司拼盤,副食,Cheese,340.0,224.4
V001425,2026-05-27,S05,松露薯條,副食,Fried,180.0,129.6
V001425,2026-05-27,S01,紹興油泡蝦,副食,Seafood,280.0,196.0
V001425,2026-05-27,S05,松露薯條,副食,Fried,180.0,129.6
V001425,2026-05-27,W01,馬爾貝克紅酒(杯),酒水,Red_Meat,280.0,173.6
V001425,2026-05-27,W11,威士忌 Highball,酒水,Cheese,300.0,222.0
V001426,2026-05-27,M06,香煎鮭魚佐檸檬,主食,Seafood,460.0,193.2
V001426,2026-05-27,M06,香煎鮭魚佐檸檬,主食,Seafood,460.0,193.2
V001426,2026-05-27,S04,三種起司拼盤,副食,Cheese,340.0,224.4
V001426,2026-05-27,S01,紹興油泡蝦,副食,Seafood,280.0,196.0
V001426,2026-05-27,S04,三種起司拼盤,副食,Cheese,340.0,224.4
V001426,2026-05-27,S04,三種起司拼盤,副食,Cheese,340.0,224.4
V001426,2026-05-27,W04,白蘇維翁(杯),酒水,Seafood,280.0,170.8
V001426,2026-05-27,W03,夏多內白酒(杯),酒水,Seafood,260.0,161.2
V001426,2026-05-27,W08,Gin & Tonic,酒水,Universal,300.0,234.0
V001426,2026-05-27,W04,白蘇維翁(杯),酒水,Seafood,280.0,170.8
V001426,2026-05-27,W06,Negroni,酒水,Cheese,350.0,266.0
V001426,2026-05-27,W05,氣泡酒(杯),酒水,Fried,300.0,189.0
V001427,2026-05-27,M03,炭烤戰斧牛排,主食,Red_Meat,880.0,308.0
V001427,2026-05-27,S07,炙燒櫛瓜佐油醋,副食,Universal,160.0,108.8
V001427,2026-05-27,S01,紹興油泡蝦,副食,Seafood,280.0,196.0
V001427,2026-05-27,S02,西班牙蒜辣蝦,副食,Seafood,260.0,176.8
V001427,2026-05-27,D02,焦糖烤布蕾,甜點,Dessert,160.0,107.2
V001427,2026-05-27,W06,Negroni,酒水,Cheese,350.0,266.0
V001427,2026-05-27,W03,夏多內白酒(杯),酒水,Seafood,260.0,161.2
V001427,2026-05-27,W04,白蘇維翁(杯),酒水,Seafood,280.0,170.8
V001427,2026-05-27,W12,季節水果特調,酒水,Universal,340.0,261.8
V001427,2026-05-27,W08,Gin & Tonic,酒水,Universal,300.0,234.0
V001428,2026-05-27,M02,爐烤伊比利豬肩,主食,Red_Meat,520.0,197.6
V001428,2026-05-27,S05,松露薯條,副食,Fried,180.0,129.6
V001428,2026-05-27,S02,西班牙蒜辣蝦,副食,Seafood,260.0,176.8
V001428,2026-05-27,S04,三種起司拼盤,副食,Cheese,340.0,224.4
V001429,2026-05-28,M03,炭烤戰斧牛排,主食,Red_Meat,880.0,308.0
V001429,2026-05-28,S05,松露薯條,副食,Fried,180.0,129.6
V001429,2026-05-28,S03,伊比利火腿盤,副食,Cheese,380.0,247.0
V001429,2026-05-28,S07,炙燒櫛瓜佐油醋,副食,Universal,160.0,108.8
V001429,2026-05-28,S03,伊比利火腿盤,副食,Cheese,380.0,247.0
V001429,2026-05-28,W11,威士忌 Highball,酒水,Cheese,300.0,222.0
V001429,2026-05-28,W07,Old Fashioned,酒水,Red_Meat,380.0,285.0
V001429,2026-05-28,W06,Negroni,酒水,Cheese,350.0,266.0
V001429,2026-05-28,W01,馬爾貝克紅酒(杯),酒水,Red_Meat,280.0,173.6
V001429,2026-05-28,W09,精釀 IPA,酒水,Fried,260.0,150.8
V001430,2026-05-28,M05,白酒蛤蜊義大利麵,主食,Seafood,380.0,167.2
V001430,2026-05-28,M03,炭烤戰斧牛排,主食,Red_Meat,880.0,308.0
V001430,2026-05-28,S01,紹興油泡蝦,副食,Seafood,280.0,196.0
V001431,2026-05-28,M04,松露野菌燉飯,主食,Cheese,420.0,189.0
V001431,2026-05-28,M04,松露野菌燉飯,主食,Cheese,420.0,189.0
V001431,2026-05-28,S03,伊比利火腿盤,副食,Cheese,380.0,247.0
V001431,2026-05-28,S02,西班牙蒜辣蝦,副食,Seafood,260.0,176.8
V001431,2026-05-28,D01,提拉米蘇,甜點,Dessert,180.0,117.0
V001431,2026-05-28,W07,Old Fashioned,酒水,Red_Meat,380.0,285.0
V001432,2026-05-28,M02,爐烤伊比利豬肩,主食,Red_Meat,520.0,197.6
V001432,2026-05-28,M01,舒肥紅酒燉牛肉,主食,Red_Meat,480.0,192.0
V001432,2026-05-28,M03,炭烤戰斧牛排,主食,Red_Meat,880.0,308.0
V001432,2026-05-28,M05,白酒蛤蜊義大利麵,主食,Seafood,380.0,167.2
V001432,2026-05-28,S04,三種起司拼盤,副食,Cheese,340.0,224.4
V001432,2026-05-28,S01,紹興油泡蝦,副食,Seafood,280.0,196.0
V001432,2026-05-28,S06,酥炸花枝圈,副食,Fried,220.0,154.0
V001432,2026-05-28,D01,提拉米蘇,甜點,Dessert,180.0,117.0
V001432,2026-05-28,W02,卡本內蘇維翁(杯),酒水,Red_Meat,320.0,192.0
V001432,2026-05-28,W08,Gin & Tonic,酒水,Universal,300.0,234.0
V001432,2026-05-28,W04,白蘇維翁(杯),酒水,Seafood,280.0,170.8
V001432,2026-05-28,W13,無酒精莫吉托,酒水,Universal,180.0,144.0
V001432,2026-05-28,W04,白蘇維翁(杯),酒水,Seafood,280.0,170.8
V001432,2026-05-28,W10,小麥白啤酒,酒水,Fried,240.0,136.8
V001432,2026-05-28,W08,Gin & Tonic,酒水,Universal,300.0,234.0
V001432,2026-05-28,W12,季節水果特調,酒水,Universal,340.0,261.8
V001433,2026-05-28,M06,香煎鮭魚佐檸檬,主食,Seafood,460.0,193.2
V001433,2026-05-28,M06,香煎鮭魚佐檸檬,主食,Seafood,460.0,193.2
V001433,2026-05-28,S07,炙燒櫛瓜佐油醋,副食,Universal,160.0,108.8
V001433,2026-05-28,S07,炙燒櫛瓜佐油醋,副食,Universal,160.0,108.8
V001433,2026-05-28,S01,紹興油泡蝦,副食,Seafood,280.0,196.0
V001433,2026-05-28,S07,炙燒櫛瓜佐油醋,副食,Universal,160.0,108.8
V001433,2026-05-28,S07,炙燒櫛瓜佐油醋,副食,Universal,160.0,108.8
V001433,2026-05-28,S06,酥炸花枝圈,副食,Fried,220.0,154.0
V001433,2026-05-28,W07,Old Fashioned,酒水,Red_Meat,380.0,285.0
V001433,2026-05-28,W03,夏多內白酒(杯),酒水,Seafood,260.0,161.2
V001433,2026-05-28,W12,季節水果特調,酒水,Universal,340.0,261.8
V001433,2026-05-28,W11,威士忌 Highball,酒水,Cheese,300.0,222.0
V001433,2026-05-28,W13,無酒精莫吉托,酒水,Universal,180.0,144.0
V001434,2026-05-28,M02,爐烤伊比利豬肩,主食,Red_Meat,520.0,197.6
V001434,2026-05-28,M05,白酒蛤蜊義大利麵,主食,Seafood,380.0,167.2
V001434,2026-05-28,M01,舒肥紅酒燉牛肉,主食,Red_Meat,480.0,192.0
V001434,2026-05-28,S05,松露薯條,副食,Fried,180.0,129.6
V001434,2026-05-28,S04,三種起司拼盤,副食,Cheese,340.0,224.4
V001434,2026-05-28,D02,焦糖烤布蕾,甜點,Dessert,160.0,107.2
V001434,2026-05-28,W05,氣泡酒(杯),酒水,Fried,300.0,189.0
V001434,2026-05-28,W12,季節水果特調,酒水,Universal,340.0,261.8
V001434,2026-05-28,W06,Negroni,酒水,Cheese,350.0,266.0
V001435,2026-05-28,M04,松露野菌燉飯,主食,Cheese,420.0,189.0
V001435,2026-05-28,S02,西班牙蒜辣蝦,副食,Seafood,260.0,176.8
V001435,2026-05-28,W13,無酒精莫吉托,酒水,Universal,180.0,144.0
V001436,2026-05-29,M03,炭烤戰斧牛排,主食,Red_Meat,880.0,308.0
V001436,2026-05-29,S01,紹興油泡蝦,副食,Seafood,280.0,196.0
V001436,2026-05-29,W04,白蘇維翁(杯),酒水,Seafood,280.0,170.8
V001436,2026-05-29,W04,白蘇維翁(杯),酒水,Seafood,280.0,170.8
V001436,2026-05-29,W06,Negroni,酒水,Cheese,350.0,266.0
V001436,2026-05-29,W01,馬爾貝克紅酒(杯),酒水,Red_Meat,280.0,173.6
V001437,2026-05-29,M06,香煎鮭魚佐檸檬,主食,Seafood,460.0,193.2
V001437,2026-05-29,S02,西班牙蒜辣蝦,副食,Seafood,260.0,176.8
V001437,2026-05-29,S02,西班牙蒜辣蝦,副食,Seafood,260.0,176.8
V001437,2026-05-29,S07,炙燒櫛瓜佐油醋,副食,Universal,160.0,108.8
V001437,2026-05-29,S02,西班牙蒜辣蝦,副食,Seafood,260.0,176.8
V001437,2026-05-29,D02,焦糖烤布蕾,甜點,Dessert,160.0,107.2
V001437,2026-05-29,W02,卡本內蘇維翁(杯),酒水,Red_Meat,320.0,192.0
V001437,2026-05-29,W06,Negroni,酒水,Cheese,350.0,266.0
V001437,2026-05-29,W03,夏多內白酒(杯),酒水,Seafood,260.0,161.2
V001437,2026-05-29,W07,Old Fashioned,酒水,Red_Meat,380.0,285.0
V001438,2026-05-29,M05,白酒蛤蜊義大利麵,主食,Seafood,380.0,167.2
V001438,2026-05-29,S06,酥炸花枝圈,副食,Fried,220.0,154.0
V001438,2026-05-29,S02,西班牙蒜辣蝦,副食,Seafood,260.0,176.8
V001439,2026-05-29,M05,白酒蛤蜊義大利麵,主食,Seafood,380.0,167.2
V001439,2026-05-29,S03,伊比利火腿盤,副食,Cheese,380.0,247.0
V001439,2026-05-29,S04,三種起司拼盤,副食,Cheese,340.0,224.4
V001439,2026-05-29,W09,精釀 IPA,酒水,Fried,260.0,150.8
V001439,2026-05-29,W01,馬爾貝克紅酒(杯),酒水,Red_Meat,280.0,173.6
V001439,2026-05-29,W02,卡本內蘇維翁(杯),酒水,Red_Meat,320.0,192.0
V001440,2026-05-29,M05,白酒蛤蜊義大利麵,主食,Seafood,380.0,167.2
V001440,2026-05-29,S06,酥炸花枝圈,副食,Fried,220.0,154.0
V001440,2026-05-29,S05,松露薯條,副食,Fried,180.0,129.6
V001440,2026-05-29,D02,焦糖烤布蕾,甜點,Dessert,160.0,107.2
V001440,2026-05-29,W09,精釀 IPA,酒水,Fried,260.0,150.8
V001440,2026-05-29,W09,精釀 IPA,酒水,Fried,260.0,150.8
V001440,2026-05-29,W13,無酒精莫吉托,酒水,Universal,180.0,144.0
V001441,2026-05-29,M02,爐烤伊比利豬肩,主食,Red_Meat,520.0,197.6
V001441,2026-05-29,S07,炙燒櫛瓜佐油醋,副食,Universal,160.0,108.8
V001441,2026-05-29,S05,松露薯條,副食,Fried,180.0,129.6
V001441,2026-05-29,W02,卡本內蘇維翁(杯),酒水,Red_Meat,320.0,192.0
V001442,2026-05-29,M01,舒肥紅酒燉牛肉,主食,Red_Meat,480.0,192.0
V001442,2026-05-29,S02,西班牙蒜辣蝦,副食,Seafood,260.0,176.8
V001442,2026-05-29,S02,西班牙蒜辣蝦,副食,Seafood,260.0,176.8
V001442,2026-05-29,W03,夏多內白酒(杯),酒水,Seafood,260.0,161.2
V001442,2026-05-29,W12,季節水果特調,酒水,Universal,340.0,261.8
V001442,2026-05-29,W01,馬爾貝克紅酒(杯),酒水,Red_Meat,280.0,173.6
V001442,2026-05-29,W09,精釀 IPA,酒水,Fried,260.0,150.8
V001442,2026-05-29,W01,馬爾貝克紅酒(杯),酒水,Red_Meat,280.0,173.6
V001442,2026-05-29,W12,季節水果特調,酒水,Universal,340.0,261.8
V001442,2026-05-29,W02,卡本內蘇維翁(杯),酒水,Red_Meat,320.0,192.0
V001442,2026-05-29,W05,氣泡酒(杯),酒水,Fried,300.0,189.0
V001442,2026-05-29,W04,白蘇維翁(杯),酒水,Seafood,280.0,170.8
V001442,2026-05-29,W04,白蘇維翁(杯),酒水,Seafood,280.0,170.8
V001442,2026-05-29,W03,夏多內白酒(杯),酒水,Seafood,260.0,161.2
V001443,2026-05-29,M06,香煎鮭魚佐檸檬,主食,Seafood,460.0,193.2
V001443,2026-05-29,S01,紹興油泡蝦,副食,Seafood,280.0,196.0
V001443,2026-05-29,S02,西班牙蒜辣蝦,副食,Seafood,260.0,176.8
V001443,2026-05-29,S07,炙燒櫛瓜佐油醋,副食,Universal,160.0,108.8
V001443,2026-05-29,D01,提拉米蘇,甜點,Dessert,180.0,117.0
V001443,2026-05-29,W06,Negroni,酒水,Cheese,350.0,266.0
V001444,2026-05-29,M06,香煎鮭魚佐檸檬,主食,Seafood,460.0,193.2
V001444,2026-05-29,M05,白酒蛤蜊義大利麵,主食,Seafood,380.0,167.2
V001444,2026-05-29,S02,西班牙蒜辣蝦,副食,Seafood,260.0,176.8
V001444,2026-05-29,S02,西班牙蒜辣蝦,副食,Seafood,260.0,176.8
V001444,2026-05-29,W04,白蘇維翁(杯),酒水,Seafood,280.0,170.8
V001444,2026-05-29,W06,Negroni,酒水,Cheese,350.0,266.0
V001444,2026-05-29,W06,Negroni,酒水,Cheese,350.0,266.0
V001444,2026-05-29,W03,夏多內白酒(杯),酒水,Seafood,260.0,161.2
V001444,2026-05-29,W01,馬爾貝克紅酒(杯),酒水,Red_Meat,280.0,173.6
V001444,2026-05-29,W04,白蘇維翁(杯),酒水,Seafood,280.0,170.8
V001444,2026-05-29,W03,夏多內白酒(杯),酒水,Seafood,260.0,161.2
V001444,2026-05-29,W03,夏多內白酒(杯),酒水,Seafood,260.0,161.2
V001444,2026-05-29,W03,夏多內白酒(杯),酒水,Seafood,260.0,161.2
V001445,2026-05-29,M04,松露野菌燉飯,主食,Cheese,420.0,189.0
V001445,2026-05-29,W06,Negroni,酒水,Cheese,350.0,266.0
V001445,2026-05-29,W12,季節水果特調,酒水,Universal,340.0,261.8
V001445,2026-05-29,W13,無酒精莫吉托,酒水,Universal,180.0,144.0
V001445,2026-05-29,W02,卡本內蘇維翁(杯),酒水,Red_Meat,320.0,192.0
V001445,2026-05-29,W07,Old Fashioned,酒水,Red_Meat,380.0,285.0
V001446,2026-05-29,M02,爐烤伊比利豬肩,主食,Red_Meat,520.0,197.6
V001446,2026-05-29,M03,炭烤戰斧牛排,主食,Red_Meat,880.0,308.0
V001446,2026-05-29,M01,舒肥紅酒燉牛肉,主食,Red_Meat,480.0,192.0
V001446,2026-05-29,S02,西班牙蒜辣蝦,副食,Seafood,260.0,176.8
V001446,2026-05-29,S06,酥炸花枝圈,副食,Fried,220.0,154.0
V001446,2026-05-29,D01,提拉米蘇,甜點,Dessert,180.0,117.0
V001446,2026-05-29,W03,夏多內白酒(杯),酒水,Seafood,260.0,161.2
V001446,2026-05-29,W06,Negroni,酒水,Cheese,350.0,266.0
V001446,2026-05-29,W02,卡本內蘇維翁(杯),酒水,Red_Meat,320.0,192.0
V001446,2026-05-29,W11,威士忌 Highball,酒水,Cheese,300.0,222.0
V001446,2026-05-29,W02,卡本內蘇維翁(杯),酒水,Red_Meat,320.0,192.0
V001446,2026-05-29,W03,夏多內白酒(杯),酒水,Seafood,260.0,161.2
V001446,2026-05-29,W01,馬爾貝克紅酒(杯),酒水,Red_Meat,280.0,173.6
V001446,2026-05-29,W12,季節水果特調,酒水,Universal,340.0,261.8
V001446,2026-05-29,W02,卡本內蘇維翁(杯),酒水,Red_Meat,320.0,192.0
V001446,2026-05-29,W03,夏多內白酒(杯),酒水,Seafood,260.0,161.2
V001446,2026-05-29,W08,Gin & Tonic,酒水,Universal,300.0,234.0
V001446,2026-05-29,W02,卡本內蘇維翁(杯),酒水,Red_Meat,320.0,192.0
V001446,2026-05-29,W08,Gin & Tonic,酒水,Universal,300.0,234.0
V001446,2026-05-29,W09,精釀 IPA,酒水,Fried,260.0,150.8
V001447,2026-05-29,M06,香煎鮭魚佐檸檬,主食,Seafood,460.0,193.2
V001447,2026-05-29,D01,提拉米蘇,甜點,Dessert,180.0,117.0
V001448,2026-05-29,M03,炭烤戰斧牛排,主食,Red_Meat,880.0,308.0
V001448,2026-05-29,S04,三種起司拼盤,副食,Cheese,340.0,224.4
V001448,2026-05-29,D01,提拉米蘇,甜點,Dessert,180.0,117.0
V001448,2026-05-29,W06,Negroni,酒水,Cheese,350.0,266.0
V001449,2026-05-29,M06,香煎鮭魚佐檸檬,主食,Seafood,460.0,193.2
V001449,2026-05-29,M05,白酒蛤蜊義大利麵,主食,Seafood,380.0,167.2
V001449,2026-05-29,D01,提拉米蘇,甜點,Dessert,180.0,117.0
V001449,2026-05-29,W08,Gin & Tonic,酒水,Universal,300.0,234.0
V001449,2026-05-29,W04,白蘇維翁(杯),酒水,Seafood,280.0,170.8
V001450,2026-05-29,M06,香煎鮭魚佐檸檬,主食,Seafood,460.0,193.2
V001450,2026-05-29,M06,香煎鮭魚佐檸檬,主食,Seafood,460.0,193.2
V001450,2026-05-29,M03,炭烤戰斧牛排,主食,Red_Meat,880.0,308.0
V001450,2026-05-29,M05,白酒蛤蜊義大利麵,主食,Seafood,380.0,167.2
V001450,2026-05-29,S02,西班牙蒜辣蝦,副食,Seafood,260.0,176.8
V001450,2026-05-29,S05,松露薯條,副食,Fried,180.0,129.6
V001450,2026-05-29,S01,紹興油泡蝦,副食,Seafood,280.0,196.0
V001450,2026-05-29,W08,Gin & Tonic,酒水,Universal,300.0,234.0
V001450,2026-05-29,W10,小麥白啤酒,酒水,Fried,240.0,136.8
V001450,2026-05-29,W03,夏多內白酒(杯),酒水,Seafood,260.0,161.2
V001450,2026-05-29,W10,小麥白啤酒,酒水,Fried,240.0,136.8
V001450,2026-05-29,W04,白蘇維翁(杯),酒水,Seafood,280.0,170.8
V001450,2026-05-29,W01,馬爾貝克紅酒(杯),酒水,Red_Meat,280.0,173.6
V001450,2026-05-29,W04,白蘇維翁(杯),酒水,Seafood,280.0,170.8
V001451,2026-05-29,M01,舒肥紅酒燉牛肉,主食,Red_Meat,480.0,192.0
V001451,2026-05-29,M06,香煎鮭魚佐檸檬,主食,Seafood,460.0,193.2
V001451,2026-05-29,S07,炙燒櫛瓜佐油醋,副食,Universal,160.0,108.8
V001451,2026-05-29,S06,酥炸花枝圈,副食,Fried,220.0,154.0
V001451,2026-05-29,S07,炙燒櫛瓜佐油醋,副食,Universal,160.0,108.8
V001451,2026-05-29,S03,伊比利火腿盤,副食,Cheese,380.0,247.0
V001451,2026-05-29,S04,三種起司拼盤,副食,Cheese,340.0,224.4
V001451,2026-05-29,W02,卡本內蘇維翁(杯),酒水,Red_Meat,320.0,192.0
V001451,2026-05-29,W02,卡本內蘇維翁(杯),酒水,Red_Meat,320.0,192.0
V001452,2026-05-29,M06,香煎鮭魚佐檸檬,主食,Seafood,460.0,193.2
V001452,2026-05-29,M04,松露野菌燉飯,主食,Cheese,420.0,189.0
V001452,2026-05-29,S05,松露薯條,副食,Fried,180.0,129.6
V001452,2026-05-29,S04,三種起司拼盤,副食,Cheese,340.0,224.4
V001452,2026-05-29,S04,三種起司拼盤,副食,Cheese,340.0,224.4
V001452,2026-05-29,D01,提拉米蘇,甜點,Dessert,180.0,117.0
V001453,2026-05-29,M03,炭烤戰斧牛排,主食,Red_Meat,880.0,308.0
V001453,2026-05-29,M03,炭烤戰斧牛排,主食,Red_Meat,880.0,308.0
V001453,2026-05-29,S04,三種起司拼盤,副食,Cheese,340.0,224.4
V001453,2026-05-29,S03,伊比利火腿盤,副食,Cheese,380.0,247.0
V001453,2026-05-29,D02,焦糖烤布蕾,甜點,Dessert,160.0,107.2
V001453,2026-05-29,W12,季節水果特調,酒水,Universal,340.0,261.8
V001453,2026-05-29,W01,馬爾貝克紅酒(杯),酒水,Red_Meat,280.0,173.6
V001454,2026-05-29,M03,炭烤戰斧牛排,主食,Red_Meat,880.0,308.0
V001454,2026-05-29,S05,松露薯條,副食,Fried,180.0,129.6
V001454,2026-05-29,S02,西班牙蒜辣蝦,副食,Seafood,260.0,176.8
V001454,2026-05-29,S04,三種起司拼盤,副食,Cheese,340.0,224.4
V001454,2026-05-29,W10,小麥白啤酒,酒水,Fried,240.0,136.8
V001454,2026-05-29,W04,白蘇維翁(杯),酒水,Seafood,280.0,170.8
V001455,2026-05-29,S05,松露薯條,副食,Fried,180.0,129.6
V001455,2026-05-29,S02,西班牙蒜辣蝦,副食,Seafood,260.0,176.8
V001455,2026-05-29,W13,無酒精莫吉托,酒水,Universal,180.0,144.0
V001455,2026-05-29,W04,白蘇維翁(杯),酒水,Seafood,280.0,170.8
V001455,2026-05-29,W05,氣泡酒(杯),酒水,Fried,300.0,189.0
V001456,2026-05-30,M02,爐烤伊比利豬肩,主食,Red_Meat,520.0,197.6
V001456,2026-05-30,S04,三種起司拼盤,副食,Cheese,340.0,224.4
V001456,2026-05-30,S07,炙燒櫛瓜佐油醋,副食,Universal,160.0,108.8
V001456,2026-05-30,S05,松露薯條,副食,Fried,180.0,129.6
V001456,2026-05-30,D02,焦糖烤布蕾,甜點,Dessert,160.0,107.2
V001456,2026-05-30,W07,Old Fashioned,酒水,Red_Meat,380.0,285.0
V001456,2026-05-30,W11,威士忌 Highball,酒水,Cheese,300.0,222.0
V001456,2026-05-30,W08,Gin & Tonic,酒水,Universal,300.0,234.0
V001457,2026-05-30,M03,炭烤戰斧牛排,主食,Red_Meat,880.0,308.0
V001457,2026-05-30,S04,三種起司拼盤,副食,Cheese,340.0,224.4
V001457,2026-05-30,S05,松露薯條,副食,Fried,180.0,129.6
V001457,2026-05-30,S02,西班牙蒜辣蝦,副食,Seafood,260.0,176.8
V001457,2026-05-30,S03,伊比利火腿盤,副食,Cheese,380.0,247.0
V001457,2026-05-30,S01,紹興油泡蝦,副食,Seafood,280.0,196.0
V001457,2026-05-30,S01,紹興油泡蝦,副食,Seafood,280.0,196.0
V001457,2026-05-30,S05,松露薯條,副食,Fried,180.0,129.6
V001457,2026-05-30,W05,氣泡酒(杯),酒水,Fried,300.0,189.0
V001457,2026-05-30,W04,白蘇維翁(杯),酒水,Seafood,280.0,170.8
V001457,2026-05-30,W02,卡本內蘇維翁(杯),酒水,Red_Meat,320.0,192.0
V001457,2026-05-30,W10,小麥白啤酒,酒水,Fried,240.0,136.8
V001457,2026-05-30,W11,威士忌 Highball,酒水,Cheese,300.0,222.0
V001457,2026-05-30,W04,白蘇維翁(杯),酒水,Seafood,280.0,170.8
V001458,2026-05-30,M01,舒肥紅酒燉牛肉,主食,Red_Meat,480.0,192.0
V001458,2026-05-30,M02,爐烤伊比利豬肩,主食,Red_Meat,520.0,197.6
V001458,2026-05-30,S06,酥炸花枝圈,副食,Fried,220.0,154.0
V001458,2026-05-30,S03,伊比利火腿盤,副食,Cheese,380.0,247.0
V001458,2026-05-30,W01,馬爾貝克紅酒(杯),酒水,Red_Meat,280.0,173.6
V001458,2026-05-30,W12,季節水果特調,酒水,Universal,340.0,261.8
V001459,2026-05-30,M02,爐烤伊比利豬肩,主食,Red_Meat,520.0,197.6
V001459,2026-05-30,M02,爐烤伊比利豬肩,主食,Red_Meat,520.0,197.6
V001459,2026-05-30,S01,紹興油泡蝦,副食,Seafood,280.0,196.0
V001459,2026-05-30,S05,松露薯條,副食,Fried,180.0,129.6
V001460,2026-05-30,M04,松露野菌燉飯,主食,Cheese,420.0,189.0
V001460,2026-05-30,S02,西班牙蒜辣蝦,副食,Seafood,260.0,176.8
V001460,2026-05-30,S02,西班牙蒜辣蝦,副食,Seafood,260.0,176.8
V001460,2026-05-30,S02,西班牙蒜辣蝦,副食,Seafood,260.0,176.8
V001460,2026-05-30,S06,酥炸花枝圈,副食,Fried,220.0,154.0
V001460,2026-05-30,W05,氣泡酒(杯),酒水,Fried,300.0,189.0
V001460,2026-05-30,W03,夏多內白酒(杯),酒水,Seafood,260.0,161.2
V001460,2026-05-30,W13,無酒精莫吉托,酒水,Universal,180.0,144.0
V001460,2026-05-30,W11,威士忌 Highball,酒水,Cheese,300.0,222.0
V001460,2026-05-30,W13,無酒精莫吉托,酒水,Universal,180.0,144.0
V001460,2026-05-30,W05,氣泡酒(杯),酒水,Fried,300.0,189.0
V001461,2026-05-30,M02,爐烤伊比利豬肩,主食,Red_Meat,520.0,197.6
V001461,2026-05-30,M03,炭烤戰斧牛排,主食,Red_Meat,880.0,308.0
V001461,2026-05-30,M02,爐烤伊比利豬肩,主食,Red_Meat,520.0,197.6
V001461,2026-05-30,M06,香煎鮭魚佐檸檬,主食,Seafood,460.0,193.2
V001461,2026-05-30,S04,三種起司拼盤,副食,Cheese,340.0,224.4
V001461,2026-05-30,S03,伊比利火腿盤,副食,Cheese,380.0,247.0
V001461,2026-05-30,S07,炙燒櫛瓜佐油醋,副食,Universal,160.0,108.8
V001461,2026-05-30,S03,伊比利火腿盤,副食,Cheese,380.0,247.0
V001461,2026-05-30,S01,紹興油泡蝦,副食,Seafood,280.0,196.0
V001461,2026-05-30,S05,松露薯條,副食,Fried,180.0,129.6
V001461,2026-05-30,S03,伊比利火腿盤,副食,Cheese,380.0,247.0
V001461,2026-05-30,W02,卡本內蘇維翁(杯),酒水,Red_Meat,320.0,192.0
V001461,2026-05-30,W12,季節水果特調,酒水,Universal,340.0,261.8
V001461,2026-05-30,W07,Old Fashioned,酒水,Red_Meat,380.0,285.0
V001461,2026-05-30,W09,精釀 IPA,酒水,Fried,260.0,150.8
V001461,2026-05-30,W13,無酒精莫吉托,酒水,Universal,180.0,144.0
V001461,2026-05-30,W12,季節水果特調,酒水,Universal,340.0,261.8
V001461,2026-05-30,W04,白蘇維翁(杯),酒水,Seafood,280.0,170.8
V001461,2026-05-30,W04,白蘇維翁(杯),酒水,Seafood,280.0,170.8
V001462,2026-05-30,M03,炭烤戰斧牛排,主食,Red_Meat,880.0,308.0
V001462,2026-05-30,S01,紹興油泡蝦,副食,Seafood,280.0,196.0
V001462,2026-05-30,S03,伊比利火腿盤,副食,Cheese,380.0,247.0
V001462,2026-05-30,W04,白蘇維翁(杯),酒水,Seafood,280.0,170.8
V001462,2026-05-30,W01,馬爾貝克紅酒(杯),酒水,Red_Meat,280.0,173.6
V001462,2026-05-30,W07,Old Fashioned,酒水,Red_Meat,380.0,285.0
V001462,2026-05-30,W04,白蘇維翁(杯),酒水,Seafood,280.0,170.8
V001462,2026-05-30,W10,小麥白啤酒,酒水,Fried,240.0,136.8
V001463,2026-05-30,M06,香煎鮭魚佐檸檬,主食,Seafood,460.0,193.2
V001463,2026-05-30,M04,松露野菌燉飯,主食,Cheese,420.0,189.0
V001463,2026-05-30,M04,松露野菌燉飯,主食,Cheese,420.0,189.0
V001463,2026-05-30,M02,爐烤伊比利豬肩,主食,Red_Meat,520.0,197.6
V001463,2026-05-30,M06,香煎鮭魚佐檸檬,主食,Seafood,460.0,193.2
V001463,2026-05-30,S06,酥炸花枝圈,副食,Fried,220.0,154.0
V001463,2026-05-30,S01,紹興油泡蝦,副食,Seafood,280.0,196.0
V001463,2026-05-30,S02,西班牙蒜辣蝦,副食,Seafood,260.0,176.8
V001463,2026-05-30,S07,炙燒櫛瓜佐油醋,副食,Universal,160.0,108.8
V001463,2026-05-30,S05,松露薯條,副食,Fried,180.0,129.6
V001463,2026-05-30,S03,伊比利火腿盤,副食,Cheese,380.0,247.0
V001463,2026-05-30,S04,三種起司拼盤,副食,Cheese,340.0,224.4
V001463,2026-05-30,W04,白蘇維翁(杯),酒水,Seafood,280.0,170.8
V001463,2026-05-30,W09,精釀 IPA,酒水,Fried,260.0,150.8
V001463,2026-05-30,W10,小麥白啤酒,酒水,Fried,240.0,136.8
V001463,2026-05-30,W05,氣泡酒(杯),酒水,Fried,300.0,189.0
V001463,2026-05-30,W08,Gin & Tonic,酒水,Universal,300.0,234.0
V001463,2026-05-30,W12,季節水果特調,酒水,Universal,340.0,261.8
V001463,2026-05-30,W08,Gin & Tonic,酒水,Universal,300.0,234.0
V001463,2026-05-30,W02,卡本內蘇維翁(杯),酒水,Red_Meat,320.0,192.0
V001463,2026-05-30,W08,Gin & Tonic,酒水,Universal,300.0,234.0
V001464,2026-05-30,M04,松露野菌燉飯,主食,Cheese,420.0,189.0
V001464,2026-05-30,S05,松露薯條,副食,Fried,180.0,129.6
V001464,2026-05-30,W04,白蘇維翁(杯),酒水,Seafood,280.0,170.8
V001465,2026-05-30,M02,爐烤伊比利豬肩,主食,Red_Meat,520.0,197.6
V001465,2026-05-30,M02,爐烤伊比利豬肩,主食,Red_Meat,520.0,197.6
V001465,2026-05-30,S05,松露薯條,副食,Fried,180.0,129.6
V001465,2026-05-30,D01,提拉米蘇,甜點,Dessert,180.0,117.0
V001466,2026-05-30,M06,香煎鮭魚佐檸檬,主食,Seafood,460.0,193.2
V001466,2026-05-30,M06,香煎鮭魚佐檸檬,主食,Seafood,460.0,193.2
V001466,2026-05-30,M05,白酒蛤蜊義大利麵,主食,Seafood,380.0,167.2
V001466,2026-05-30,S03,伊比利火腿盤,副食,Cheese,380.0,247.0
V001466,2026-05-30,S05,松露薯條,副食,Fried,180.0,129.6
V001466,2026-05-30,S06,酥炸花枝圈,副食,Fried,220.0,154.0
V001466,2026-05-30,S03,伊比利火腿盤,副食,Cheese,380.0,247.0
V001466,2026-05-30,W04,白蘇維翁(杯),酒水,Seafood,280.0,170.8
V001466,2026-05-30,W13,無酒精莫吉托,酒水,Universal,180.0,144.0
V001466,2026-05-30,W04,白蘇維翁(杯),酒水,Seafood,280.0,170.8
V001467,2026-05-30,M04,松露野菌燉飯,主食,Cheese,420.0,189.0
V001467,2026-05-30,S03,伊比利火腿盤,副食,Cheese,380.0,247.0
V001467,2026-05-30,D02,焦糖烤布蕾,甜點,Dessert,160.0,107.2
V001468,2026-05-30,M06,香煎鮭魚佐檸檬,主食,Seafood,460.0,193.2
V001468,2026-05-30,S07,炙燒櫛瓜佐油醋,副食,Universal,160.0,108.8
V001468,2026-05-30,S03,伊比利火腿盤,副食,Cheese,380.0,247.0
V001468,2026-05-30,D01,提拉米蘇,甜點,Dessert,180.0,117.0
V001468,2026-05-30,W03,夏多內白酒(杯),酒水,Seafood,260.0,161.2
V001468,2026-05-30,W10,小麥白啤酒,酒水,Fried,240.0,136.8
V001469,2026-05-30,M04,松露野菌燉飯,主食,Cheese,420.0,189.0
V001469,2026-05-30,M01,舒肥紅酒燉牛肉,主食,Red_Meat,480.0,192.0
V001469,2026-05-30,S06,酥炸花枝圈,副食,Fried,220.0,154.0
V001469,2026-05-30,S01,紹興油泡蝦,副食,Seafood,280.0,196.0
V001469,2026-05-30,W09,精釀 IPA,酒水,Fried,260.0,150.8
V001469,2026-05-30,W02,卡本內蘇維翁(杯),酒水,Red_Meat,320.0,192.0
V001469,2026-05-30,W07,Old Fashioned,酒水,Red_Meat,380.0,285.0
V001470,2026-05-30,M05,白酒蛤蜊義大利麵,主食,Seafood,380.0,167.2
V001470,2026-05-30,M02,爐烤伊比利豬肩,主食,Red_Meat,520.0,197.6
V001470,2026-05-30,S06,酥炸花枝圈,副食,Fried,220.0,154.0
V001471,2026-05-31,M06,香煎鮭魚佐檸檬,主食,Seafood,460.0,193.2
V001471,2026-05-31,M01,舒肥紅酒燉牛肉,主食,Red_Meat,480.0,192.0
V001471,2026-05-31,S07,炙燒櫛瓜佐油醋,副食,Universal,160.0,108.8
V001472,2026-05-31,M05,白酒蛤蜊義大利麵,主食,Seafood,380.0,167.2
V001472,2026-05-31,S03,伊比利火腿盤,副食,Cheese,380.0,247.0
V001472,2026-05-31,S07,炙燒櫛瓜佐油醋,副食,Universal,160.0,108.8
V001472,2026-05-31,D01,提拉米蘇,甜點,Dessert,180.0,117.0
V001474,2026-05-31,M06,香煎鮭魚佐檸檬,主食,Seafood,460.0,193.2
V001474,2026-05-31,M04,松露野菌燉飯,主食,Cheese,420.0,189.0
V001474,2026-05-31,S03,伊比利火腿盤,副食,Cheese,380.0,247.0
V001474,2026-05-31,W06,Negroni,酒水,Cheese,350.0,266.0
V001475,2026-05-31,M02,爐烤伊比利豬肩,主食,Red_Meat,520.0,197.6
V001475,2026-05-31,M01,舒肥紅酒燉牛肉,主食,Red_Meat,480.0,192.0
V001475,2026-05-31,M05,白酒蛤蜊義大利麵,主食,Seafood,380.0,167.2
V001475,2026-05-31,M06,香煎鮭魚佐檸檬,主食,Seafood,460.0,193.2
V001475,2026-05-31,S04,三種起司拼盤,副食,Cheese,340.0,224.4
V001475,2026-05-31,S04,三種起司拼盤,副食,Cheese,340.0,224.4
V001475,2026-05-31,S04,三種起司拼盤,副食,Cheese,340.0,224.4
V001475,2026-05-31,S02,西班牙蒜辣蝦,副食,Seafood,260.0,176.8
V001475,2026-05-31,S02,西班牙蒜辣蝦,副食,Seafood,260.0,176.8
V001475,2026-05-31,S06,酥炸花枝圈,副食,Fried,220.0,154.0
V001475,2026-05-31,S05,松露薯條,副食,Fried,180.0,129.6
V001475,2026-05-31,W08,Gin & Tonic,酒水,Universal,300.0,234.0
V001475,2026-05-31,W01,馬爾貝克紅酒(杯),酒水,Red_Meat,280.0,173.6
V001475,2026-05-31,W12,季節水果特調,酒水,Universal,340.0,261.8
V001475,2026-05-31,W07,Old Fashioned,酒水,Red_Meat,380.0,285.0
V001476,2026-05-31,M05,白酒蛤蜊義大利麵,主食,Seafood,380.0,167.2
V001476,2026-05-31,W03,夏多內白酒(杯),酒水,Seafood,260.0,161.2
V001476,2026-05-31,W01,馬爾貝克紅酒(杯),酒水,Red_Meat,280.0,173.6
V001477,2026-05-31,M03,炭烤戰斧牛排,主食,Red_Meat,880.0,308.0
V001477,2026-05-31,M01,舒肥紅酒燉牛肉,主食,Red_Meat,480.0,192.0
V001477,2026-05-31,S04,三種起司拼盤,副食,Cheese,340.0,224.4
V001477,2026-05-31,S05,松露薯條,副食,Fried,180.0,129.6
V001477,2026-05-31,S07,炙燒櫛瓜佐油醋,副食,Universal,160.0,108.8
V001477,2026-05-31,W03,夏多內白酒(杯),酒水,Seafood,260.0,161.2
V001477,2026-05-31,W02,卡本內蘇維翁(杯),酒水,Red_Meat,320.0,192.0
V001477,2026-05-31,W13,無酒精莫吉托,酒水,Universal,180.0,144.0
V001478,2026-05-31,M03,炭烤戰斧牛排,主食,Red_Meat,880.0,308.0
V001478,2026-05-31,S07,炙燒櫛瓜佐油醋,副食,Universal,160.0,108.8
V001478,2026-05-31,W01,馬爾貝克紅酒(杯),酒水,Red_Meat,280.0,173.6
V001478,2026-05-31,W01,馬爾貝克紅酒(杯),酒水,Red_Meat,280.0,173.6
V001478,2026-05-31,W04,白蘇維翁(杯),酒水,Seafood,280.0,170.8
V001478,2026-05-31,W12,季節水果特調,酒水,Universal,340.0,261.8
V001478,2026-05-31,W02,卡本內蘇維翁(杯),酒水,Red_Meat,320.0,192.0
V001479,2026-05-31,M04,松露野菌燉飯,主食,Cheese,420.0,189.0
V001479,2026-05-31,M01,舒肥紅酒燉牛肉,主食,Red_Meat,480.0,192.0
V001479,2026-05-31,S06,酥炸花枝圈,副食,Fried,220.0,154.0
V001479,2026-05-31,S01,紹興油泡蝦,副食,Seafood,280.0,196.0
V001479,2026-05-31,W04,白蘇維翁(杯),酒水,Seafood,280.0,170.8
V001479,2026-05-31,W08,Gin & Tonic,酒水,Universal,300.0,234.0
V001479,2026-05-31,W07,Old Fashioned,酒水,Red_Meat,380.0,285.0
V001480,2026-05-31,M02,爐烤伊比利豬肩,主食,Red_Meat,520.0,197.6
V001480,2026-05-31,S02,西班牙蒜辣蝦,副食,Seafood,260.0,176.8
V001480,2026-05-31,S05,松露薯條,副食,Fried,180.0,129.6
V001480,2026-05-31,D01,提拉米蘇,甜點,Dessert,180.0,117.0
V001480,2026-05-31,W12,季節水果特調,酒水,Universal,340.0,261.8
V001480,2026-05-31,W01,馬爾貝克紅酒(杯),酒水,Red_Meat,280.0,173.6
V001480,2026-05-31,W04,白蘇維翁(杯),酒水,Seafood,280.0,170.8
V001481,2026-05-31,M05,白酒蛤蜊義大利麵,主食,Seafood,380.0,167.2
V001481,2026-05-31,M06,香煎鮭魚佐檸檬,主食,Seafood,460.0,193.2
V001481,2026-05-31,M06,香煎鮭魚佐檸檬,主食,Seafood,460.0,193.2
V001481,2026-05-31,M05,白酒蛤蜊義大利麵,主食,Seafood,380.0,167.2
V001481,2026-05-31,M03,炭烤戰斧牛排,主食,Red_Meat,880.0,308.0
V001481,2026-05-31,S01,紹興油泡蝦,副食,Seafood,280.0,196.0
V001481,2026-05-31,S04,三種起司拼盤,副食,Cheese,340.0,224.4
V001481,2026-05-31,D01,提拉米蘇,甜點,Dessert,180.0,117.0
V001481,2026-05-31,W03,夏多內白酒(杯),酒水,Seafood,260.0,161.2
V001481,2026-05-31,W02,卡本內蘇維翁(杯),酒水,Red_Meat,320.0,192.0
V001481,2026-05-31,W12,季節水果特調,酒水,Universal,340.0,261.8
V001481,2026-05-31,W07,Old Fashioned,酒水,Red_Meat,380.0,285.0
V001482,2026-06-02,M04,松露野菌燉飯,主食,Cheese,420.0,189.0
V001482,2026-06-02,S05,松露薯條,副食,Fried,180.0,129.6
V001482,2026-06-02,S06,酥炸花枝圈,副食,Fried,220.0,154.0
V001483,2026-06-02,M01,舒肥紅酒燉牛肉,主食,Red_Meat,480.0,192.0
V001483,2026-06-02,M01,舒肥紅酒燉牛肉,主食,Red_Meat,480.0,192.0
V001483,2026-06-02,S01,紹興油泡蝦,副食,Seafood,280.0,196.0
V001483,2026-06-02,S03,伊比利火腿盤,副食,Cheese,380.0,247.0
V001483,2026-06-02,S06,酥炸花枝圈,副食,Fried,220.0,154.0
V001483,2026-06-02,D02,焦糖烤布蕾,甜點,Dessert,160.0,107.2
V001483,2026-06-02,W11,威士忌 Highball,酒水,Cheese,300.0,222.0
V001483,2026-06-02,W01,馬爾貝克紅酒(杯),酒水,Red_Meat,280.0,173.6
V001483,2026-06-02,W01,馬爾貝克紅酒(杯),酒水,Red_Meat,280.0,173.6
V001484,2026-06-02,M03,炭烤戰斧牛排,主食,Red_Meat,880.0,308.0
V001484,2026-06-02,D01,提拉米蘇,甜點,Dessert,180.0,117.0
V001484,2026-06-02,W06,Negroni,酒水,Cheese,350.0,266.0
V001484,2026-06-02,W10,小麥白啤酒,酒水,Fried,240.0,136.8
V001484,2026-06-02,W02,卡本內蘇維翁(杯),酒水,Red_Meat,320.0,192.0
V001484,2026-06-02,W02,卡本內蘇維翁(杯),酒水,Red_Meat,320.0,192.0
V001484,2026-06-02,W01,馬爾貝克紅酒(杯),酒水,Red_Meat,280.0,173.6
V001484,2026-06-02,W01,馬爾貝克紅酒(杯),酒水,Red_Meat,280.0,173.6
V001484,2026-06-02,W06,Negroni,酒水,Cheese,350.0,266.0
V001484,2026-06-02,W12,季節水果特調,酒水,Universal,340.0,261.8
V001484,2026-06-02,W06,Negroni,酒水,Cheese,350.0,266.0
V001484,2026-06-02,W06,Negroni,酒水,Cheese,350.0,266.0
V001485,2026-06-03,M06,香煎鮭魚佐檸檬,主食,Seafood,460.0,193.2
V001485,2026-06-03,M04,松露野菌燉飯,主食,Cheese,420.0,189.0
V001485,2026-06-03,S06,酥炸花枝圈,副食,Fried,220.0,154.0
V001485,2026-06-03,W03,夏多內白酒(杯),酒水,Seafood,260.0,161.2
V001485,2026-06-03,W10,小麥白啤酒,酒水,Fried,240.0,136.8
V001485,2026-06-03,W12,季節水果特調,酒水,Universal,340.0,261.8
V001485,2026-06-03,W08,Gin & Tonic,酒水,Universal,300.0,234.0
V001485,2026-06-03,W13,無酒精莫吉托,酒水,Universal,180.0,144.0
V001485,2026-06-03,W01,馬爾貝克紅酒(杯),酒水,Red_Meat,280.0,173.6
V001485,2026-06-03,W04,白蘇維翁(杯),酒水,Seafood,280.0,170.8
V001486,2026-06-03,M03,炭烤戰斧牛排,主食,Red_Meat,880.0,308.0
V001486,2026-06-03,M03,炭烤戰斧牛排,主食,Red_Meat,880.0,308.0
V001486,2026-06-03,S04,三種起司拼盤,副食,Cheese,340.0,224.4
V001486,2026-06-03,S04,三種起司拼盤,副食,Cheese,340.0,224.4
V001486,2026-06-03,S07,炙燒櫛瓜佐油醋,副食,Universal,160.0,108.8
V001486,2026-06-03,S04,三種起司拼盤,副食,Cheese,340.0,224.4
V001486,2026-06-03,S07,炙燒櫛瓜佐油醋,副食,Universal,160.0,108.8
V001486,2026-06-03,D01,提拉米蘇,甜點,Dessert,180.0,117.0
V001486,2026-06-03,W02,卡本內蘇維翁(杯),酒水,Red_Meat,320.0,192.0
V001486,2026-06-03,W07,Old Fashioned,酒水,Red_Meat,380.0,285.0
V001486,2026-06-03,W02,卡本內蘇維翁(杯),酒水,Red_Meat,320.0,192.0
V001486,2026-06-03,W02,卡本內蘇維翁(杯),酒水,Red_Meat,320.0,192.0
V001487,2026-06-03,M05,白酒蛤蜊義大利麵,主食,Seafood,380.0,167.2
V001487,2026-06-03,M06,香煎鮭魚佐檸檬,主食,Seafood,460.0,193.2
V001487,2026-06-03,M05,白酒蛤蜊義大利麵,主食,Seafood,380.0,167.2
V001487,2026-06-03,S02,西班牙蒜辣蝦,副食,Seafood,260.0,176.8
V001487,2026-06-03,S05,松露薯條,副食,Fried,180.0,129.6
V001487,2026-06-03,S05,松露薯條,副食,Fried,180.0,129.6
V001487,2026-06-03,S02,西班牙蒜辣蝦,副食,Seafood,260.0,176.8
V001487,2026-06-03,W12,季節水果特調,酒水,Universal,340.0,261.8
V001487,2026-06-03,W10,小麥白啤酒,酒水,Fried,240.0,136.8
V001487,2026-06-03,W13,無酒精莫吉托,酒水,Universal,180.0,144.0
V001487,2026-06-03,W03,夏多內白酒(杯),酒水,Seafood,260.0,161.2
V001487,2026-06-03,W04,白蘇維翁(杯),酒水,Seafood,280.0,170.8
V001487,2026-06-03,W05,氣泡酒(杯),酒水,Fried,300.0,189.0
V001487,2026-06-03,W04,白蘇維翁(杯),酒水,Seafood,280.0,170.8
V001487,2026-06-03,W04,白蘇維翁(杯),酒水,Seafood,280.0,170.8
V001487,2026-06-03,W09,精釀 IPA,酒水,Fried,260.0,150.8
V001487,2026-06-03,W04,白蘇維翁(杯),酒水,Seafood,280.0,170.8
V001487,2026-06-03,W05,氣泡酒(杯),酒水,Fried,300.0,189.0
V001487,2026-06-03,W07,Old Fashioned,酒水,Red_Meat,380.0,285.0
V001487,2026-06-03,W04,白蘇維翁(杯),酒水,Seafood,280.0,170.8
V001488,2026-06-03,M01,舒肥紅酒燉牛肉,主食,Red_Meat,480.0,192.0
V001488,2026-06-03,M05,白酒蛤蜊義大利麵,主食,Seafood,380.0,167.2
V001488,2026-06-03,S06,酥炸花枝圈,副食,Fried,220.0,154.0
V001488,2026-06-03,S04,三種起司拼盤,副食,Cheese,340.0,224.4
V001488,2026-06-03,D01,提拉米蘇,甜點,Dessert,180.0,117.0
V001489,2026-06-03,M03,炭烤戰斧牛排,主食,Red_Meat,880.0,308.0
V001489,2026-06-03,S04,三種起司拼盤,副食,Cheese,340.0,224.4
V001489,2026-06-03,S05,松露薯條,副食,Fried,180.0,129.6
V001489,2026-06-03,S02,西班牙蒜辣蝦,副食,Seafood,260.0,176.8
V001489,2026-06-03,S02,西班牙蒜辣蝦,副食,Seafood,260.0,176.8
V001489,2026-06-03,S03,伊比利火腿盤,副食,Cheese,380.0,247.0
V001489,2026-06-03,S03,伊比利火腿盤,副食,Cheese,380.0,247.0
V001489,2026-06-03,S01,紹興油泡蝦,副食,Seafood,280.0,196.0
V001489,2026-06-03,D01,提拉米蘇,甜點,Dessert,180.0,117.0
V001489,2026-06-03,W11,威士忌 Highball,酒水,Cheese,300.0,222.0
V001489,2026-06-03,W12,季節水果特調,酒水,Universal,340.0,261.8
V001490,2026-06-03,M03,炭烤戰斧牛排,主食,Red_Meat,880.0,308.0
V001490,2026-06-03,M02,爐烤伊比利豬肩,主食,Red_Meat,520.0,197.6
V001490,2026-06-03,S07,炙燒櫛瓜佐油醋,副食,Universal,160.0,108.8
V001490,2026-06-03,S04,三種起司拼盤,副食,Cheese,340.0,224.4
V001490,2026-06-03,S02,西班牙蒜辣蝦,副食,Seafood,260.0,176.8
V001490,2026-06-03,D02,焦糖烤布蕾,甜點,Dessert,160.0,107.2
V001490,2026-06-03,W01,馬爾貝克紅酒(杯),酒水,Red_Meat,280.0,173.6
V001490,2026-06-03,W01,馬爾貝克紅酒(杯),酒水,Red_Meat,280.0,173.6
V001490,2026-06-03,W13,無酒精莫吉托,酒水,Universal,180.0,144.0
V001491,2026-06-03,M06,香煎鮭魚佐檸檬,主食,Seafood,460.0,193.2
V001491,2026-06-03,W04,白蘇維翁(杯),酒水,Seafood,280.0,170.8
V001491,2026-06-03,W04,白蘇維翁(杯),酒水,Seafood,280.0,170.8
V001491,2026-06-03,W04,白蘇維翁(杯),酒水,Seafood,280.0,170.8
V001491,2026-06-03,W03,夏多內白酒(杯),酒水,Seafood,260.0,161.2
V001491,2026-06-03,W04,白蘇維翁(杯),酒水,Seafood,280.0,170.8
V001492,2026-06-03,M03,炭烤戰斧牛排,主食,Red_Meat,880.0,308.0
V001492,2026-06-03,S07,炙燒櫛瓜佐油醋,副食,Universal,160.0,108.8
V001492,2026-06-03,S06,酥炸花枝圈,副食,Fried,220.0,154.0
V001492,2026-06-03,W07,Old Fashioned,酒水,Red_Meat,380.0,285.0
V001492,2026-06-03,W01,馬爾貝克紅酒(杯),酒水,Red_Meat,280.0,173.6
V001492,2026-06-03,W10,小麥白啤酒,酒水,Fried,240.0,136.8
V001493,2026-06-04,M03,炭烤戰斧牛排,主食,Red_Meat,880.0,308.0
V001493,2026-06-04,S01,紹興油泡蝦,副食,Seafood,280.0,196.0
V001493,2026-06-04,S03,伊比利火腿盤,副食,Cheese,380.0,247.0
V001493,2026-06-04,S02,西班牙蒜辣蝦,副食,Seafood,260.0,176.8
V001493,2026-06-04,W13,無酒精莫吉托,酒水,Universal,180.0,144.0
V001493,2026-06-04,W02,卡本內蘇維翁(杯),酒水,Red_Meat,320.0,192.0
V001493,2026-06-04,W06,Negroni,酒水,Cheese,350.0,266.0
V001493,2026-06-04,W01,馬爾貝克紅酒(杯),酒水,Red_Meat,280.0,173.6
V001493,2026-06-04,W11,威士忌 Highball,酒水,Cheese,300.0,222.0
V001493,2026-06-04,W09,精釀 IPA,酒水,Fried,260.0,150.8
V001493,2026-06-04,W05,氣泡酒(杯),酒水,Fried,300.0,189.0
V001493,2026-06-04,W13,無酒精莫吉托,酒水,Universal,180.0,144.0
V001493,2026-06-04,W08,Gin & Tonic,酒水,Universal,300.0,234.0
V001493,2026-06-04,W02,卡本內蘇維翁(杯),酒水,Red_Meat,320.0,192.0
V001493,2026-06-04,W05,氣泡酒(杯),酒水,Fried,300.0,189.0
V001493,2026-06-04,W11,威士忌 Highball,酒水,Cheese,300.0,222.0
V001493,2026-06-04,W03,夏多內白酒(杯),酒水,Seafood,260.0,161.2
V001494,2026-06-04,M01,舒肥紅酒燉牛肉,主食,Red_Meat,480.0,192.0
V001494,2026-06-04,M01,舒肥紅酒燉牛肉,主食,Red_Meat,480.0,192.0
V001494,2026-06-04,M02,爐烤伊比利豬肩,主食,Red_Meat,520.0,197.6
V001494,2026-06-04,S07,炙燒櫛瓜佐油醋,副食,Universal,160.0,108.8
V001494,2026-06-04,S06,酥炸花枝圈,副食,Fried,220.0,154.0
V001494,2026-06-04,D01,提拉米蘇,甜點,Dessert,180.0,117.0
V001494,2026-06-04,W08,Gin & Tonic,酒水,Universal,300.0,234.0
V001494,2026-06-04,W02,卡本內蘇維翁(杯),酒水,Red_Meat,320.0,192.0
V001494,2026-06-04,W06,Negroni,酒水,Cheese,350.0,266.0
V001495,2026-06-04,M06,香煎鮭魚佐檸檬,主食,Seafood,460.0,193.2
V001495,2026-06-04,M06,香煎鮭魚佐檸檬,主食,Seafood,460.0,193.2
V001495,2026-06-04,S03,伊比利火腿盤,副食,Cheese,380.0,247.0
V001495,2026-06-04,S03,伊比利火腿盤,副食,Cheese,380.0,247.0
V001495,2026-06-04,S06,酥炸花枝圈,副食,Fried,220.0,154.0
V001495,2026-06-04,D01,提拉米蘇,甜點,Dessert,180.0,117.0
V001495,2026-06-04,W06,Negroni,酒水,Cheese,350.0,266.0
V001495,2026-06-04,W05,氣泡酒(杯),酒水,Fried,300.0,189.0
V001495,2026-06-04,W02,卡本內蘇維翁(杯),酒水,Red_Meat,320.0,192.0
V001495,2026-06-04,W07,Old Fashioned,酒水,Red_Meat,380.0,285.0
V001496,2026-06-04,M05,白酒蛤蜊義大利麵,主食,Seafood,380.0,167.2
V001496,2026-06-04,M03,炭烤戰斧牛排,主食,Red_Meat,880.0,308.0
V001496,2026-06-04,M02,爐烤伊比利豬肩,主食,Red_Meat,520.0,197.6
V001496,2026-06-04,S02,西班牙蒜辣蝦,副食,Seafood,260.0,176.8
V001496,2026-06-04,S02,西班牙蒜辣蝦,副食,Seafood,260.0,176.8
V001496,2026-06-04,S06,酥炸花枝圈,副食,Fried,220.0,154.0
V001496,2026-06-04,S02,西班牙蒜辣蝦,副食,Seafood,260.0,176.8
V001496,2026-06-04,W12,季節水果特調,酒水,Universal,340.0,261.8
V001496,2026-06-04,W06,Negroni,酒水,Cheese,350.0,266.0
V001496,2026-06-04,W10,小麥白啤酒,酒水,Fried,240.0,136.8
V001496,2026-06-04,W04,白蘇維翁(杯),酒水,Seafood,280.0,170.8
V001496,2026-06-04,W02,卡本內蘇維翁(杯),酒水,Red_Meat,320.0,192.0
V001497,2026-06-04,M04,松露野菌燉飯,主食,Cheese,420.0,189.0
V001497,2026-06-04,M02,爐烤伊比利豬肩,主食,Red_Meat,520.0,197.6
V001497,2026-06-04,M06,香煎鮭魚佐檸檬,主食,Seafood,460.0,193.2
V001497,2026-06-04,M03,炭烤戰斧牛排,主食,Red_Meat,880.0,308.0
V001497,2026-06-04,M01,舒肥紅酒燉牛肉,主食,Red_Meat,480.0,192.0
V001497,2026-06-04,S01,紹興油泡蝦,副食,Seafood,280.0,196.0
V001497,2026-06-04,S04,三種起司拼盤,副食,Cheese,340.0,224.4
V001497,2026-06-04,D02,焦糖烤布蕾,甜點,Dessert,160.0,107.2
V001497,2026-06-04,W01,馬爾貝克紅酒(杯),酒水,Red_Meat,280.0,173.6
V001497,2026-06-04,W02,卡本內蘇維翁(杯),酒水,Red_Meat,320.0,192.0
V001497,2026-06-04,W10,小麥白啤酒,酒水,Fried,240.0,136.8
V001497,2026-06-04,W07,Old Fashioned,酒水,Red_Meat,380.0,285.0
V001497,2026-06-04,W02,卡本內蘇維翁(杯),酒水,Red_Meat,320.0,192.0
V001498,2026-06-04,S07,炙燒櫛瓜佐油醋,副食,Universal,160.0,108.8
V001498,2026-06-04,W12,季節水果特調,酒水,Universal,340.0,261.8
V001498,2026-06-04,W08,Gin & Tonic,酒水,Universal,300.0,234.0
V001498,2026-06-04,W12,季節水果特調,酒水,Universal,340.0,261.8
V001498,2026-06-04,W08,Gin & Tonic,酒水,Universal,300.0,234.0
V001498,2026-06-04,W06,Negroni,酒水,Cheese,350.0,266.0
V001499,2026-06-04,M04,松露野菌燉飯,主食,Cheese,420.0,189.0
V001499,2026-06-04,M03,炭烤戰斧牛排,主食,Red_Meat,880.0,308.0
V001499,2026-06-04,S01,紹興油泡蝦,副食,Seafood,280.0,196.0
V001499,2026-06-04,S04,三種起司拼盤,副食,Cheese,340.0,224.4
V001499,2026-06-04,S02,西班牙蒜辣蝦,副食,Seafood,260.0,176.8
V001499,2026-06-04,S02,西班牙蒜辣蝦,副食,Seafood,260.0,176.8
V001499,2026-06-04,S06,酥炸花枝圈,副食,Fried,220.0,154.0
V001499,2026-06-04,S07,炙燒櫛瓜佐油醋,副食,Universal,160.0,108.8
V001499,2026-06-04,D01,提拉米蘇,甜點,Dessert,180.0,117.0
V001499,2026-06-04,W07,Old Fashioned,酒水,Red_Meat,380.0,285.0
V001499,2026-06-04,W01,馬爾貝克紅酒(杯),酒水,Red_Meat,280.0,173.6
V001499,2026-06-04,W12,季節水果特調,酒水,Universal,340.0,261.8
V001500,2026-06-04,M06,香煎鮭魚佐檸檬,主食,Seafood,460.0,193.2
V001500,2026-06-04,S06,酥炸花枝圈,副食,Fried,220.0,154.0
V001500,2026-06-04,S01,紹興油泡蝦,副食,Seafood,280.0,196.0
V001500,2026-06-04,S06,酥炸花枝圈,副食,Fried,220.0,154.0
V001500,2026-06-04,S02,西班牙蒜辣蝦,副食,Seafood,260.0,176.8
V001500,2026-06-04,W04,白蘇維翁(杯),酒水,Seafood,280.0,170.8
V001500,2026-06-04,W03,夏多內白酒(杯),酒水,Seafood,260.0,161.2
V001500,2026-06-04,W10,小麥白啤酒,酒水,Fried,240.0,136.8
V001501,2026-06-04,M02,爐烤伊比利豬肩,主食,Red_Meat,520.0,197.6
V001501,2026-06-04,M01,舒肥紅酒燉牛肉,主食,Red_Meat,480.0,192.0
V001501,2026-06-04,D02,焦糖烤布蕾,甜點,Dessert,160.0,107.2
V001502,2026-06-04,M05,白酒蛤蜊義大利麵,主食,Seafood,380.0,167.2
V001502,2026-06-04,M01,舒肥紅酒燉牛肉,主食,Red_Meat,480.0,192.0
V001502,2026-06-04,M01,舒肥紅酒燉牛肉,主食,Red_Meat,480.0,192.0
V001502,2026-06-04,S01,紹興油泡蝦,副食,Seafood,280.0,196.0
V001502,2026-06-04,S02,西班牙蒜辣蝦,副食,Seafood,260.0,176.8
V001502,2026-06-04,S02,西班牙蒜辣蝦,副食,Seafood,260.0,176.8
V001503,2026-06-04,M03,炭烤戰斧牛排,主食,Red_Meat,880.0,308.0
V001503,2026-06-04,S02,西班牙蒜辣蝦,副食,Seafood,260.0,176.8
V001503,2026-06-04,S03,伊比利火腿盤,副食,Cheese,380.0,247.0
V001503,2026-06-04,S04,三種起司拼盤,副食,Cheese,340.0,224.4
V001503,2026-06-04,S04,三種起司拼盤,副食,Cheese,340.0,224.4
V001503,2026-06-04,W03,夏多內白酒(杯),酒水,Seafood,260.0,161.2
V001503,2026-06-04,W06,Negroni,酒水,Cheese,350.0,266.0
V001503,2026-06-04,W03,夏多內白酒(杯),酒水,Seafood,260.0,161.2
V001504,2026-06-04,M03,炭烤戰斧牛排,主食,Red_Meat,880.0,308.0
V001504,2026-06-04,M04,松露野菌燉飯,主食,Cheese,420.0,189.0
V001504,2026-06-04,M05,白酒蛤蜊義大利麵,主食,Seafood,380.0,167.2
V001504,2026-06-04,S04,三種起司拼盤,副食,Cheese,340.0,224.4
V001504,2026-06-04,D01,提拉米蘇,甜點,Dessert,180.0,117.0
V001504,2026-06-04,W06,Negroni,酒水,Cheese,350.0,266.0
V001504,2026-06-04,W02,卡本內蘇維翁(杯),酒水,Red_Meat,320.0,192.0
V001505,2026-06-05,M01,舒肥紅酒燉牛肉,主食,Red_Meat,480.0,192.0
V001505,2026-06-05,S04,三種起司拼盤,副食,Cheese,340.0,224.4
V001505,2026-06-05,S01,紹興油泡蝦,副食,Seafood,280.0,196.0
V001505,2026-06-05,S03,伊比利火腿盤,副食,Cheese,380.0,247.0
V001505,2026-06-05,S07,炙燒櫛瓜佐油醋,副食,Universal,160.0,108.8
V001505,2026-06-05,W08,Gin & Tonic,酒水,Universal,300.0,234.0
V001506,2026-06-05,M03,炭烤戰斧牛排,主食,Red_Meat,880.0,308.0
V001506,2026-06-05,M04,松露野菌燉飯,主食,Cheese,420.0,189.0
V001506,2026-06-05,S04,三種起司拼盤,副食,Cheese,340.0,224.4
V001506,2026-06-05,S07,炙燒櫛瓜佐油醋,副食,Universal,160.0,108.8
V001506,2026-06-05,S05,松露薯條,副食,Fried,180.0,129.6
V001507,2026-06-05,M01,舒肥紅酒燉牛肉,主食,Red_Meat,480.0,192.0
V001507,2026-06-05,M01,舒肥紅酒燉牛肉,主食,Red_Meat,480.0,192.0
V001507,2026-06-05,S02,西班牙蒜辣蝦,副食,Seafood,260.0,176.8
V001507,2026-06-05,S02,西班牙蒜辣蝦,副食,Seafood,260.0,176.8
V001507,2026-06-05,D01,提拉米蘇,甜點,Dessert,180.0,117.0
V001507,2026-06-05,W03,夏多內白酒(杯),酒水,Seafood,260.0,161.2
V001507,2026-06-05,W02,卡本內蘇維翁(杯),酒水,Red_Meat,320.0,192.0
V001507,2026-06-05,W04,白蘇維翁(杯),酒水,Seafood,280.0,170.8
V001507,2026-06-05,W04,白蘇維翁(杯),酒水,Seafood,280.0,170.8
V001507,2026-06-05,W01,馬爾貝克紅酒(杯),酒水,Red_Meat,280.0,173.6
V001507,2026-06-05,W01,馬爾貝克紅酒(杯),酒水,Red_Meat,280.0,173.6
V001507,2026-06-05,W01,馬爾貝克紅酒(杯),酒水,Red_Meat,280.0,173.6
V001508,2026-06-05,M05,白酒蛤蜊義大利麵,主食,Seafood,380.0,167.2
V001508,2026-06-05,M03,炭烤戰斧牛排,主食,Red_Meat,880.0,308.0
V001508,2026-06-05,S06,酥炸花枝圈,副食,Fried,220.0,154.0
V001508,2026-06-05,S07,炙燒櫛瓜佐油醋,副食,Universal,160.0,108.8
V001508,2026-06-05,S06,酥炸花枝圈,副食,Fried,220.0,154.0
V001508,2026-06-05,S04,三種起司拼盤,副食,Cheese,340.0,224.4
V001508,2026-06-05,S03,伊比利火腿盤,副食,Cheese,380.0,247.0
V001508,2026-06-05,W03,夏多內白酒(杯),酒水,Seafood,260.0,161.2
V001508,2026-06-05,W08,Gin & Tonic,酒水,Universal,300.0,234.0
V001508,2026-06-05,W07,Old Fashioned,酒水,Red_Meat,380.0,285.0
V001509,2026-06-05,M01,舒肥紅酒燉牛肉,主食,Red_Meat,480.0,192.0
V001509,2026-06-05,S01,紹興油泡蝦,副食,Seafood,280.0,196.0
V001509,2026-06-05,W07,Old Fashioned,酒水,Red_Meat,380.0,285.0
V001509,2026-06-05,W07,Old Fashioned,酒水,Red_Meat,380.0,285.0
V001509,2026-06-05,W03,夏多內白酒(杯),酒水,Seafood,260.0,161.2
V001509,2026-06-05,W08,Gin & Tonic,酒水,Universal,300.0,234.0
V001509,2026-06-05,W09,精釀 IPA,酒水,Fried,260.0,150.8
V001509,2026-06-05,W07,Old Fashioned,酒水,Red_Meat,380.0,285.0
V001509,2026-06-05,W03,夏多內白酒(杯),酒水,Seafood,260.0,161.2
V001510,2026-06-05,M03,炭烤戰斧牛排,主食,Red_Meat,880.0,308.0
V001510,2026-06-05,M06,香煎鮭魚佐檸檬,主食,Seafood,460.0,193.2
V001510,2026-06-05,S02,西班牙蒜辣蝦,副食,Seafood,260.0,176.8
V001510,2026-06-05,S02,西班牙蒜辣蝦,副食,Seafood,260.0,176.8
V001510,2026-06-05,S03,伊比利火腿盤,副食,Cheese,380.0,247.0
V001510,2026-06-05,S07,炙燒櫛瓜佐油醋,副食,Universal,160.0,108.8
V001510,2026-06-05,W02,卡本內蘇維翁(杯),酒水,Red_Meat,320.0,192.0
V001510,2026-06-05,W06,Negroni,酒水,Cheese,350.0,266.0
V001510,2026-06-05,W01,馬爾貝克紅酒(杯),酒水,Red_Meat,280.0,173.6
V001510,2026-06-05,W05,氣泡酒(杯),酒水,Fried,300.0,189.0
V001510,2026-06-05,W02,卡本內蘇維翁(杯),酒水,Red_Meat,320.0,192.0
V001510,2026-06-05,W06,Negroni,酒水,Cheese,350.0,266.0
V001510,2026-06-05,W07,Old Fashioned,酒水,Red_Meat,380.0,285.0
V001510,2026-06-05,W04,白蘇維翁(杯),酒水,Seafood,280.0,170.8
V001510,2026-06-05,W04,白蘇維翁(杯),酒水,Seafood,280.0,170.8
V001510,2026-06-05,W04,白蘇維翁(杯),酒水,Seafood,280.0,170.8
V001511,2026-06-05,W12,季節水果特調,酒水,Universal,340.0,261.8
V001511,2026-06-05,W07,Old Fashioned,酒水,Red_Meat,380.0,285.0
V001512,2026-06-05,M02,爐烤伊比利豬肩,主食,Red_Meat,520.0,197.6
V001512,2026-06-05,M02,爐烤伊比利豬肩,主食,Red_Meat,520.0,197.6
V001512,2026-06-05,M05,白酒蛤蜊義大利麵,主食,Seafood,380.0,167.2
V001512,2026-06-05,S07,炙燒櫛瓜佐油醋,副食,Universal,160.0,108.8
V001512,2026-06-05,S03,伊比利火腿盤,副食,Cheese,380.0,247.0
V001512,2026-06-05,W05,氣泡酒(杯),酒水,Fried,300.0,189.0
V001512,2026-06-05,W07,Old Fashioned,酒水,Red_Meat,380.0,285.0
V001512,2026-06-05,W01,馬爾貝克紅酒(杯),酒水,Red_Meat,280.0,173.6
V001512,2026-06-05,W08,Gin & Tonic,酒水,Universal,300.0,234.0
V001512,2026-06-05,W13,無酒精莫吉托,酒水,Universal,180.0,144.0
V001512,2026-06-05,W03,夏多內白酒(杯),酒水,Seafood,260.0,161.2
V001512,2026-06-05,W07,Old Fashioned,酒水,Red_Meat,380.0,285.0
V001512,2026-06-05,W02,卡本內蘇維翁(杯),酒水,Red_Meat,320.0,192.0
V001513,2026-06-05,M02,爐烤伊比利豬肩,主食,Red_Meat,520.0,197.6
V001513,2026-06-05,S02,西班牙蒜辣蝦,副食,Seafood,260.0,176.8
V001513,2026-06-05,S05,松露薯條,副食,Fried,180.0,129.6
V001513,2026-06-05,S07,炙燒櫛瓜佐油醋,副食,Universal,160.0,108.8
V001513,2026-06-05,S02,西班牙蒜辣蝦,副食,Seafood,260.0,176.8
V001514,2026-06-05,M02,爐烤伊比利豬肩,主食,Red_Meat,520.0,197.6
V001514,2026-06-05,S01,紹興油泡蝦,副食,Seafood,280.0,196.0
V001514,2026-06-05,S01,紹興油泡蝦,副食,Seafood,280.0,196.0
V001514,2026-06-05,S02,西班牙蒜辣蝦,副食,Seafood,260.0,176.8
V001514,2026-06-05,W08,Gin & Tonic,酒水,Universal,300.0,234.0
V001515,2026-06-05,M06,香煎鮭魚佐檸檬,主食,Seafood,460.0,193.2
V001515,2026-06-05,S05,松露薯條,副食,Fried,180.0,129.6
V001515,2026-06-05,S07,炙燒櫛瓜佐油醋,副食,Universal,160.0,108.8
V001515,2026-06-05,W10,小麥白啤酒,酒水,Fried,240.0,136.8
V001515,2026-06-05,W06,Negroni,酒水,Cheese,350.0,266.0
V001515,2026-06-05,W04,白蘇維翁(杯),酒水,Seafood,280.0,170.8
V001515,2026-06-05,W01,馬爾貝克紅酒(杯),酒水,Red_Meat,280.0,173.6
V001515,2026-06-05,W01,馬爾貝克紅酒(杯),酒水,Red_Meat,280.0,173.6
V001516,2026-06-05,M01,舒肥紅酒燉牛肉,主食,Red_Meat,480.0,192.0
V001516,2026-06-05,S01,紹興油泡蝦,副食,Seafood,280.0,196.0
V001516,2026-06-05,S03,伊比利火腿盤,副食,Cheese,380.0,247.0
V001516,2026-06-05,W03,夏多內白酒(杯),酒水,Seafood,260.0,161.2
V001516,2026-06-05,W09,精釀 IPA,酒水,Fried,260.0,150.8
V001517,2026-06-05,M03,炭烤戰斧牛排,主食,Red_Meat,880.0,308.0
V001517,2026-06-05,M04,松露野菌燉飯,主食,Cheese,420.0,189.0
V001517,2026-06-05,S05,松露薯條,副食,Fried,180.0,129.6
V001517,2026-06-05,S03,伊比利火腿盤,副食,Cheese,380.0,247.0
V001517,2026-06-05,S03,伊比利火腿盤,副食,Cheese,380.0,247.0
V001517,2026-06-05,W07,Old Fashioned,酒水,Red_Meat,380.0,285.0
V001517,2026-06-05,W01,馬爾貝克紅酒(杯),酒水,Red_Meat,280.0,173.6
V001517,2026-06-05,W13,無酒精莫吉托,酒水,Universal,180.0,144.0
V001517,2026-06-05,W07,Old Fashioned,酒水,Red_Meat,380.0,285.0
V001518,2026-06-05,M06,香煎鮭魚佐檸檬,主食,Seafood,460.0,193.2
V001518,2026-06-05,S05,松露薯條,副食,Fried,180.0,129.6
V001518,2026-06-05,W05,氣泡酒(杯),酒水,Fried,300.0,189.0
V001518,2026-06-05,W05,氣泡酒(杯),酒水,Fried,300.0,189.0
V001518,2026-06-05,W10,小麥白啤酒,酒水,Fried,240.0,136.8
V001518,2026-06-05,W08,Gin & Tonic,酒水,Universal,300.0,234.0
V001518,2026-06-05,W05,氣泡酒(杯),酒水,Fried,300.0,189.0
V001518,2026-06-05,W11,威士忌 Highball,酒水,Cheese,300.0,222.0
V001518,2026-06-05,W03,夏多內白酒(杯),酒水,Seafood,260.0,161.2
V001519,2026-06-05,M03,炭烤戰斧牛排,主食,Red_Meat,880.0,308.0
V001519,2026-06-05,S01,紹興油泡蝦,副食,Seafood,280.0,196.0
V001519,2026-06-05,S05,松露薯條,副食,Fried,180.0,129.6
V001519,2026-06-05,S06,酥炸花枝圈,副食,Fried,220.0,154.0
V001519,2026-06-05,D02,焦糖烤布蕾,甜點,Dessert,160.0,107.2
V001519,2026-06-05,W06,Negroni,酒水,Cheese,350.0,266.0
V001520,2026-06-06,M04,松露野菌燉飯,主食,Cheese,420.0,189.0
V001520,2026-06-06,S06,酥炸花枝圈,副食,Fried,220.0,154.0
V001520,2026-06-06,S01,紹興油泡蝦,副食,Seafood,280.0,196.0
V001520,2026-06-06,S01,紹興油泡蝦,副食,Seafood,280.0,196.0
V001520,2026-06-06,W12,季節水果特調,酒水,Universal,340.0,261.8
V001520,2026-06-06,W10,小麥白啤酒,酒水,Fried,240.0,136.8
V001520,2026-06-06,W13,無酒精莫吉托,酒水,Universal,180.0,144.0
V001520,2026-06-06,W03,夏多內白酒(杯),酒水,Seafood,260.0,161.2
V001520,2026-06-06,W05,氣泡酒(杯),酒水,Fried,300.0,189.0
V001520,2026-06-06,W03,夏多內白酒(杯),酒水,Seafood,260.0,161.2
V001520,2026-06-06,W03,夏多內白酒(杯),酒水,Seafood,260.0,161.2
V001520,2026-06-06,W08,Gin & Tonic,酒水,Universal,300.0,234.0
V001521,2026-06-06,M02,爐烤伊比利豬肩,主食,Red_Meat,520.0,197.6
V001521,2026-06-06,M05,白酒蛤蜊義大利麵,主食,Seafood,380.0,167.2
V001521,2026-06-06,S05,松露薯條,副食,Fried,180.0,129.6
V001521,2026-06-06,S04,三種起司拼盤,副食,Cheese,340.0,224.4
V001521,2026-06-06,D01,提拉米蘇,甜點,Dessert,180.0,117.0
V001521,2026-06-06,W01,馬爾貝克紅酒(杯),酒水,Red_Meat,280.0,173.6
V001521,2026-06-06,W04,白蘇維翁(杯),酒水,Seafood,280.0,170.8
V001521,2026-06-06,W08,Gin & Tonic,酒水,Universal,300.0,234.0
V001521,2026-06-06,W11,威士忌 Highball,酒水,Cheese,300.0,222.0
V001521,2026-06-06,W12,季節水果特調,酒水,Universal,340.0,261.8
V001521,2026-06-06,W04,白蘇維翁(杯),酒水,Seafood,280.0,170.8
V001522,2026-06-06,M05,白酒蛤蜊義大利麵,主食,Seafood,380.0,167.2
V001522,2026-06-06,S03,伊比利火腿盤,副食,Cheese,380.0,247.0
V001522,2026-06-06,S04,三種起司拼盤,副食,Cheese,340.0,224.4
V001522,2026-06-06,S03,伊比利火腿盤,副食,Cheese,380.0,247.0
V001522,2026-06-06,W09,精釀 IPA,酒水,Fried,260.0,150.8
V001523,2026-06-06,M02,爐烤伊比利豬肩,主食,Red_Meat,520.0,197.6
V001523,2026-06-06,S02,西班牙蒜辣蝦,副食,Seafood,260.0,176.8
V001523,2026-06-06,W09,精釀 IPA,酒水,Fried,260.0,150.8
V001523,2026-06-06,W01,馬爾貝克紅酒(杯),酒水,Red_Meat,280.0,173.6
V001523,2026-06-06,W12,季節水果特調,酒水,Universal,340.0,261.8
V001524,2026-06-06,M03,炭烤戰斧牛排,主食,Red_Meat,880.0,308.0
V001524,2026-06-06,M05,白酒蛤蜊義大利麵,主食,Seafood,380.0,167.2
V001524,2026-06-06,M03,炭烤戰斧牛排,主食,Red_Meat,880.0,308.0
V001524,2026-06-06,S05,松露薯條,副食,Fried,180.0,129.6
V001524,2026-06-06,S06,酥炸花枝圈,副食,Fried,220.0,154.0
V001524,2026-06-06,S06,酥炸花枝圈,副食,Fried,220.0,154.0
V001524,2026-06-06,S06,酥炸花枝圈,副食,Fried,220.0,154.0
V001524,2026-06-06,S03,伊比利火腿盤,副食,Cheese,380.0,247.0
V001524,2026-06-06,S06,酥炸花枝圈,副食,Fried,220.0,154.0
V001524,2026-06-06,W07,Old Fashioned,酒水,Red_Meat,380.0,285.0
V001524,2026-06-06,W08,Gin & Tonic,酒水,Universal,300.0,234.0
V001524,2026-06-06,W08,Gin & Tonic,酒水,Universal,300.0,234.0
V001524,2026-06-06,W09,精釀 IPA,酒水,Fried,260.0,150.8
V001525,2026-06-06,M06,香煎鮭魚佐檸檬,主食,Seafood,460.0,193.2
V001525,2026-06-06,S04,三種起司拼盤,副食,Cheese,340.0,224.4
V001525,2026-06-06,S06,酥炸花枝圈,副食,Fried,220.0,154.0
V001525,2026-06-06,S06,酥炸花枝圈,副食,Fried,220.0,154.0
V001525,2026-06-06,S04,三種起司拼盤,副食,Cheese,340.0,224.4
V001526,2026-06-06,M06,香煎鮭魚佐檸檬,主食,Seafood,460.0,193.2
V001526,2026-06-06,M05,白酒蛤蜊義大利麵,主食,Seafood,380.0,167.2
V001526,2026-06-06,S06,酥炸花枝圈,副食,Fried,220.0,154.0
V001526,2026-06-06,W04,白蘇維翁(杯),酒水,Seafood,280.0,170.8
V001526,2026-06-06,W03,夏多內白酒(杯),酒水,Seafood,260.0,161.2
V001526,2026-06-06,W07,Old Fashioned,酒水,Red_Meat,380.0,285.0
V001526,2026-06-06,W06,Negroni,酒水,Cheese,350.0,266.0
V001526,2026-06-06,W03,夏多內白酒(杯),酒水,Seafood,260.0,161.2
V001526,2026-06-06,W10,小麥白啤酒,酒水,Fried,240.0,136.8
V001526,2026-06-06,W04,白蘇維翁(杯),酒水,Seafood,280.0,170.8
V001527,2026-06-06,M02,爐烤伊比利豬肩,主食,Red_Meat,520.0,197.6
V001527,2026-06-06,M02,爐烤伊比利豬肩,主食,Red_Meat,520.0,197.6
V001527,2026-06-06,M01,舒肥紅酒燉牛肉,主食,Red_Meat,480.0,192.0
V001527,2026-06-06,S05,松露薯條,副食,Fried,180.0,129.6
V001527,2026-06-06,S05,松露薯條,副食,Fried,180.0,129.6
V001527,2026-06-06,W05,氣泡酒(杯),酒水,Fried,300.0,189.0
V001527,2026-06-06,W05,氣泡酒(杯),酒水,Fried,300.0,189.0
V001527,2026-06-06,W10,小麥白啤酒,酒水,Fried,240.0,136.8
V001527,2026-06-06,W07,Old Fashioned,酒水,Red_Meat,380.0,285.0
V001527,2026-06-06,W08,Gin & Tonic,酒水,Universal,300.0,234.0
V001527,2026-06-06,W01,馬爾貝克紅酒(杯),酒水,Red_Meat,280.0,173.6
V001527,2026-06-06,W10,小麥白啤酒,酒水,Fried,240.0,136.8
V001527,2026-06-06,W02,卡本內蘇維翁(杯),酒水,Red_Meat,320.0,192.0
V001527,2026-06-06,W10,小麥白啤酒,酒水,Fried,240.0,136.8
V001527,2026-06-06,W03,夏多內白酒(杯),酒水,Seafood,260.0,161.2
V001527,2026-06-06,W06,Negroni,酒水,Cheese,350.0,266.0
V001527,2026-06-06,W13,無酒精莫吉托,酒水,Universal,180.0,144.0
V001528,2026-06-06,M03,炭烤戰斧牛排,主食,Red_Meat,880.0,308.0
V001528,2026-06-06,S02,西班牙蒜辣蝦,副食,Seafood,260.0,176.8
V001528,2026-06-06,S07,炙燒櫛瓜佐油醋,副食,Universal,160.0,108.8
V001528,2026-06-06,S03,伊比利火腿盤,副食,Cheese,380.0,247.0
V001528,2026-06-06,W07,Old Fashioned,酒水,Red_Meat,380.0,285.0
V001528,2026-06-06,W03,夏多內白酒(杯),酒水,Seafood,260.0,161.2
V001528,2026-06-06,W02,卡本內蘇維翁(杯),酒水,Red_Meat,320.0,192.0
V001528,2026-06-06,W06,Negroni,酒水,Cheese,350.0,266.0
V001528,2026-06-06,W09,精釀 IPA,酒水,Fried,260.0,150.8
V001528,2026-06-06,W03,夏多內白酒(杯),酒水,Seafood,260.0,161.2
V001528,2026-06-06,W04,白蘇維翁(杯),酒水,Seafood,280.0,170.8
V001528,2026-06-06,W02,卡本內蘇維翁(杯),酒水,Red_Meat,320.0,192.0
V001529,2026-06-06,M01,舒肥紅酒燉牛肉,主食,Red_Meat,480.0,192.0
V001529,2026-06-06,D01,提拉米蘇,甜點,Dessert,180.0,117.0
V001530,2026-06-06,S01,紹興油泡蝦,副食,Seafood,280.0,196.0
V001530,2026-06-06,S06,酥炸花枝圈,副食,Fried,220.0,154.0
V001530,2026-06-06,D02,焦糖烤布蕾,甜點,Dessert,160.0,107.2
V001530,2026-06-06,W04,白蘇維翁(杯),酒水,Seafood,280.0,170.8
V001530,2026-06-06,W03,夏多內白酒(杯),酒水,Seafood,260.0,161.2
V001531,2026-06-06,M05,白酒蛤蜊義大利麵,主食,Seafood,380.0,167.2
V001531,2026-06-06,M01,舒肥紅酒燉牛肉,主食,Red_Meat,480.0,192.0
V001532,2026-06-06,M03,炭烤戰斧牛排,主食,Red_Meat,880.0,308.0
V001532,2026-06-06,M05,白酒蛤蜊義大利麵,主食,Seafood,380.0,167.2
V001532,2026-06-06,S05,松露薯條,副食,Fried,180.0,129.6
V001532,2026-06-06,S06,酥炸花枝圈,副食,Fried,220.0,154.0
V001532,2026-06-06,S06,酥炸花枝圈,副食,Fried,220.0,154.0
V001532,2026-06-06,S03,伊比利火腿盤,副食,Cheese,380.0,247.0
V001532,2026-06-06,S03,伊比利火腿盤,副食,Cheese,380.0,247.0
V001532,2026-06-06,S03,伊比利火腿盤,副食,Cheese,380.0,247.0
V001532,2026-06-06,W10,小麥白啤酒,酒水,Fried,240.0,136.8
V001532,2026-06-06,W03,夏多內白酒(杯),酒水,Seafood,260.0,161.2
V001532,2026-06-06,W06,Negroni,酒水,Cheese,350.0,266.0
V001532,2026-06-06,W11,威士忌 Highball,酒水,Cheese,300.0,222.0
V001532,2026-06-06,W12,季節水果特調,酒水,Universal,340.0,261.8
V001532,2026-06-06,W01,馬爾貝克紅酒(杯),酒水,Red_Meat,280.0,173.6
V001532,2026-06-06,W07,Old Fashioned,酒水,Red_Meat,380.0,285.0
V001533,2026-06-06,S05,松露薯條,副食,Fried,180.0,129.6
V001533,2026-06-06,D02,焦糖烤布蕾,甜點,Dessert,160.0,107.2
V001534,2026-06-06,M05,白酒蛤蜊義大利麵,主食,Seafood,380.0,167.2
V001534,2026-06-06,S05,松露薯條,副食,Fried,180.0,129.6
V001534,2026-06-06,S06,酥炸花枝圈,副食,Fried,220.0,154.0
V001534,2026-06-06,S02,西班牙蒜辣蝦,副食,Seafood,260.0,176.8
V001534,2026-06-06,D02,焦糖烤布蕾,甜點,Dessert,160.0,107.2
V001534,2026-06-06,W04,白蘇維翁(杯),酒水,Seafood,280.0,170.8
V001535,2026-06-06,M05,白酒蛤蜊義大利麵,主食,Seafood,380.0,167.2
V001535,2026-06-06,M03,炭烤戰斧牛排,主食,Red_Meat,880.0,308.0
V001535,2026-06-06,M03,炭烤戰斧牛排,主食,Red_Meat,880.0,308.0
V001535,2026-06-06,S07,炙燒櫛瓜佐油醋,副食,Universal,160.0,108.8
V001535,2026-06-06,S02,西班牙蒜辣蝦,副食,Seafood,260.0,176.8
V001535,2026-06-06,S03,伊比利火腿盤,副食,Cheese,380.0,247.0
V001535,2026-06-06,W07,Old Fashioned,酒水,Red_Meat,380.0,285.0
V001535,2026-06-06,W04,白蘇維翁(杯),酒水,Seafood,280.0,170.8
V001535,2026-06-06,W02,卡本內蘇維翁(杯),酒水,Red_Meat,320.0,192.0
V001535,2026-06-06,W03,夏多內白酒(杯),酒水,Seafood,260.0,161.2
V001535,2026-06-06,W05,氣泡酒(杯),酒水,Fried,300.0,189.0
V001535,2026-06-06,W06,Negroni,酒水,Cheese,350.0,266.0
V001535,2026-06-06,W04,白蘇維翁(杯),酒水,Seafood,280.0,170.8
V001535,2026-06-06,W03,夏多內白酒(杯),酒水,Seafood,260.0,161.2
V001535,2026-06-06,W04,白蘇維翁(杯),酒水,Seafood,280.0,170.8
V001535,2026-06-06,W09,精釀 IPA,酒水,Fried,260.0,150.8
V001535,2026-06-06,W01,馬爾貝克紅酒(杯),酒水,Red_Meat,280.0,173.6
V001535,2026-06-06,W04,白蘇維翁(杯),酒水,Seafood,280.0,170.8
V001535,2026-06-06,W08,Gin & Tonic,酒水,Universal,300.0,234.0
V001535,2026-06-06,W03,夏多內白酒(杯),酒水,Seafood,260.0,161.2
V001536,2026-06-06,M01,舒肥紅酒燉牛肉,主食,Red_Meat,480.0,192.0
V001536,2026-06-06,S03,伊比利火腿盤,副食,Cheese,380.0,247.0
V001536,2026-06-06,S01,紹興油泡蝦,副食,Seafood,280.0,196.0
V001536,2026-06-06,W11,威士忌 Highball,酒水,Cheese,300.0,222.0
V001536,2026-06-06,W03,夏多內白酒(杯),酒水,Seafood,260.0,161.2
V001537,2026-06-06,M01,舒肥紅酒燉牛肉,主食,Red_Meat,480.0,192.0
V001537,2026-06-06,M04,松露野菌燉飯,主食,Cheese,420.0,189.0
V001537,2026-06-06,S04,三種起司拼盤,副食,Cheese,340.0,224.4
V001537,2026-06-06,S03,伊比利火腿盤,副食,Cheese,380.0,247.0
V001537,2026-06-06,S05,松露薯條,副食,Fried,180.0,129.6
V001537,2026-06-06,W11,威士忌 Highball,酒水,Cheese,300.0,222.0
V001537,2026-06-06,W07,Old Fashioned,酒水,Red_Meat,380.0,285.0
V001537,2026-06-06,W01,馬爾貝克紅酒(杯),酒水,Red_Meat,280.0,173.6
V001537,2026-06-06,W06,Negroni,酒水,Cheese,350.0,266.0
V001538,2026-06-06,M02,爐烤伊比利豬肩,主食,Red_Meat,520.0,197.6
V001538,2026-06-06,M03,炭烤戰斧牛排,主食,Red_Meat,880.0,308.0
V001538,2026-06-06,M05,白酒蛤蜊義大利麵,主食,Seafood,380.0,167.2
V001538,2026-06-06,S03,伊比利火腿盤,副食,Cheese,380.0,247.0
V001538,2026-06-06,S01,紹興油泡蝦,副食,Seafood,280.0,196.0
V001538,2026-06-06,W01,馬爾貝克紅酒(杯),酒水,Red_Meat,280.0,173.6
V001538,2026-06-06,W04,白蘇維翁(杯),酒水,Seafood,280.0,170.8
V001538,2026-06-06,W08,Gin & Tonic,酒水,Universal,300.0,234.0
V001538,2026-06-06,W05,氣泡酒(杯),酒水,Fried,300.0,189.0
V001538,2026-06-06,W02,卡本內蘇維翁(杯),酒水,Red_Meat,320.0,192.0
V001538,2026-06-06,W02,卡本內蘇維翁(杯),酒水,Red_Meat,320.0,192.0
V001538,2026-06-06,W01,馬爾貝克紅酒(杯),酒水,Red_Meat,280.0,173.6
V001539,2026-06-06,M01,舒肥紅酒燉牛肉,主食,Red_Meat,480.0,192.0
V001539,2026-06-06,M03,炭烤戰斧牛排,主食,Red_Meat,880.0,308.0
V001539,2026-06-06,M02,爐烤伊比利豬肩,主食,Red_Meat,520.0,197.6
V001539,2026-06-06,S04,三種起司拼盤,副食,Cheese,340.0,224.4
V001539,2026-06-06,W06,Negroni,酒水,Cheese,350.0,266.0
V001539,2026-06-06,W05,氣泡酒(杯),酒水,Fried,300.0,189.0
V001540,2026-06-07,M06,香煎鮭魚佐檸檬,主食,Seafood,460.0,193.2
V001540,2026-06-07,S07,炙燒櫛瓜佐油醋,副食,Universal,160.0,108.8
V001540,2026-06-07,D02,焦糖烤布蕾,甜點,Dessert,160.0,107.2
V001541,2026-06-07,M04,松露野菌燉飯,主食,Cheese,420.0,189.0
V001541,2026-06-07,M05,白酒蛤蜊義大利麵,主食,Seafood,380.0,167.2
V001541,2026-06-07,S01,紹興油泡蝦,副食,Seafood,280.0,196.0
V001541,2026-06-07,S03,伊比利火腿盤,副食,Cheese,380.0,247.0
V001541,2026-06-07,S03,伊比利火腿盤,副食,Cheese,380.0,247.0
V001541,2026-06-07,S07,炙燒櫛瓜佐油醋,副食,Universal,160.0,108.8
V001541,2026-06-07,S01,紹興油泡蝦,副食,Seafood,280.0,196.0
V001541,2026-06-07,S07,炙燒櫛瓜佐油醋,副食,Universal,160.0,108.8
V001541,2026-06-07,W10,小麥白啤酒,酒水,Fried,240.0,136.8
V001541,2026-06-07,W05,氣泡酒(杯),酒水,Fried,300.0,189.0
V001541,2026-06-07,W04,白蘇維翁(杯),酒水,Seafood,280.0,170.8
V001541,2026-06-07,W03,夏多內白酒(杯),酒水,Seafood,260.0,161.2
V001541,2026-06-07,W13,無酒精莫吉托,酒水,Universal,180.0,144.0
V001541,2026-06-07,W08,Gin & Tonic,酒水,Universal,300.0,234.0
V001542,2026-06-07,M01,舒肥紅酒燉牛肉,主食,Red_Meat,480.0,192.0
V001542,2026-06-07,M02,爐烤伊比利豬肩,主食,Red_Meat,520.0,197.6
V001542,2026-06-07,S04,三種起司拼盤,副食,Cheese,340.0,224.4
V001542,2026-06-07,S04,三種起司拼盤,副食,Cheese,340.0,224.4
V001542,2026-06-07,D02,焦糖烤布蕾,甜點,Dessert,160.0,107.2
V001542,2026-06-07,W02,卡本內蘇維翁(杯),酒水,Red_Meat,320.0,192.0
V001542,2026-06-07,W02,卡本內蘇維翁(杯),酒水,Red_Meat,320.0,192.0
V001542,2026-06-07,W02,卡本內蘇維翁(杯),酒水,Red_Meat,320.0,192.0
V001542,2026-06-07,W07,Old Fashioned,酒水,Red_Meat,380.0,285.0
V001542,2026-06-07,W04,白蘇維翁(杯),酒水,Seafood,280.0,170.8
V001542,2026-06-07,W07,Old Fashioned,酒水,Red_Meat,380.0,285.0
V001542,2026-06-07,W07,Old Fashioned,酒水,Red_Meat,380.0,285.0
V001543,2026-06-07,M05,白酒蛤蜊義大利麵,主食,Seafood,380.0,167.2
V001543,2026-06-07,W12,季節水果特調,酒水,Universal,340.0,261.8
V001543,2026-06-07,W10,小麥白啤酒,酒水,Fried,240.0,136.8
V001543,2026-06-07,W03,夏多內白酒(杯),酒水,Seafood,260.0,161.2
V001544,2026-06-07,M05,白酒蛤蜊義大利麵,主食,Seafood,380.0,167.2
V001544,2026-06-07,S07,炙燒櫛瓜佐油醋,副食,Universal,160.0,108.8
V001544,2026-06-07,S02,西班牙蒜辣蝦,副食,Seafood,260.0,176.8
V001544,2026-06-07,W13,無酒精莫吉托,酒水,Universal,180.0,144.0
V001544,2026-06-07,W07,Old Fashioned,酒水,Red_Meat,380.0,285.0
V001544,2026-06-07,W04,白蘇維翁(杯),酒水,Seafood,280.0,170.8
V001544,2026-06-07,W11,威士忌 Highball,酒水,Cheese,300.0,222.0
V001545,2026-06-07,M06,香煎鮭魚佐檸檬,主食,Seafood,460.0,193.2
V001545,2026-06-07,M02,爐烤伊比利豬肩,主食,Red_Meat,520.0,197.6
V001545,2026-06-07,M03,炭烤戰斧牛排,主食,Red_Meat,880.0,308.0
V001545,2026-06-07,S04,三種起司拼盤,副食,Cheese,340.0,224.4
V001545,2026-06-07,S03,伊比利火腿盤,副食,Cheese,380.0,247.0
V001545,2026-06-07,W02,卡本內蘇維翁(杯),酒水,Red_Meat,320.0,192.0
V001546,2026-06-07,M04,松露野菌燉飯,主食,Cheese,420.0,189.0
V001546,2026-06-07,S07,炙燒櫛瓜佐油醋,副食,Universal,160.0,108.8
V001546,2026-06-07,S01,紹興油泡蝦,副食,Seafood,280.0,196.0
V001546,2026-06-07,S01,紹興油泡蝦,副食,Seafood,280.0,196.0
V001546,2026-06-07,S04,三種起司拼盤,副食,Cheese,340.0,224.4
V001546,2026-06-07,W08,Gin & Tonic,酒水,Universal,300.0,234.0
V001546,2026-06-07,W07,Old Fashioned,酒水,Red_Meat,380.0,285.0
V001546,2026-06-07,W03,夏多內白酒(杯),酒水,Seafood,260.0,161.2
V001546,2026-06-07,W02,卡本內蘇維翁(杯),酒水,Red_Meat,320.0,192.0
V001547,2026-06-07,M01,舒肥紅酒燉牛肉,主食,Red_Meat,480.0,192.0
V001547,2026-06-07,M01,舒肥紅酒燉牛肉,主食,Red_Meat,480.0,192.0
V001547,2026-06-07,M01,舒肥紅酒燉牛肉,主食,Red_Meat,480.0,192.0
V001547,2026-06-07,S01,紹興油泡蝦,副食,Seafood,280.0,196.0
V001547,2026-06-07,W12,季節水果特調,酒水,Universal,340.0,261.8
V001547,2026-06-07,W07,Old Fashioned,酒水,Red_Meat,380.0,285.0
V001547,2026-06-07,W07,Old Fashioned,酒水,Red_Meat,380.0,285.0
V001547,2026-06-07,W02,卡本內蘇維翁(杯),酒水,Red_Meat,320.0,192.0
V001547,2026-06-07,W03,夏多內白酒(杯),酒水,Seafood,260.0,161.2
V001547,2026-06-07,W02,卡本內蘇維翁(杯),酒水,Red_Meat,320.0,192.0
V001547,2026-06-07,W10,小麥白啤酒,酒水,Fried,240.0,136.8
V001547,2026-06-07,W12,季節水果特調,酒水,Universal,340.0,261.8
V001547,2026-06-07,W02,卡本內蘇維翁(杯),酒水,Red_Meat,320.0,192.0
V001547,2026-06-07,W02,卡本內蘇維翁(杯),酒水,Red_Meat,320.0,192.0
V001547,2026-06-07,W05,氣泡酒(杯),酒水,Fried,300.0,189.0
V001547,2026-06-07,W01,馬爾貝克紅酒(杯),酒水,Red_Meat,280.0,173.6
V001548,2026-06-07,M04,松露野菌燉飯,主食,Cheese,420.0,189.0
V001548,2026-06-07,M04,松露野菌燉飯,主食,Cheese,420.0,189.0
V001548,2026-06-07,S01,紹興油泡蝦,副食,Seafood,280.0,196.0
V001548,2026-06-07,S02,西班牙蒜辣蝦,副食,Seafood,260.0,176.8
V001548,2026-06-07,W01,馬爾貝克紅酒(杯),酒水,Red_Meat,280.0,173.6
V001548,2026-06-07,W10,小麥白啤酒,酒水,Fried,240.0,136.8
V001548,2026-06-07,W03,夏多內白酒(杯),酒水,Seafood,260.0,161.2
V001549,2026-06-07,M06,香煎鮭魚佐檸檬,主食,Seafood,460.0,193.2
V001549,2026-06-07,M02,爐烤伊比利豬肩,主食,Red_Meat,520.0,197.6
V001549,2026-06-07,M04,松露野菌燉飯,主食,Cheese,420.0,189.0
V001549,2026-06-07,M05,白酒蛤蜊義大利麵,主食,Seafood,380.0,167.2
V001549,2026-06-07,S06,酥炸花枝圈,副食,Fried,220.0,154.0
V001549,2026-06-07,S06,酥炸花枝圈,副食,Fried,220.0,154.0
V001549,2026-06-07,S05,松露薯條,副食,Fried,180.0,129.6
V001549,2026-06-07,W02,卡本內蘇維翁(杯),酒水,Red_Meat,320.0,192.0
V001549,2026-06-07,W06,Negroni,酒水,Cheese,350.0,266.0
V001549,2026-06-07,W13,無酒精莫吉托,酒水,Universal,180.0,144.0
V001549,2026-06-07,W03,夏多內白酒(杯),酒水,Seafood,260.0,161.2
V001549,2026-06-07,W05,氣泡酒(杯),酒水,Fried,300.0,189.0
V001549,2026-06-07,W09,精釀 IPA,酒水,Fried,260.0,150.8
V001550,2026-06-07,M04,松露野菌燉飯,主食,Cheese,420.0,189.0
V001550,2026-06-07,M02,爐烤伊比利豬肩,主食,Red_Meat,520.0,197.6
V001550,2026-06-07,M04,松露野菌燉飯,主食,Cheese,420.0,189.0
V001550,2026-06-07,S07,炙燒櫛瓜佐油醋,副食,Universal,160.0,108.8
V001550,2026-06-07,S01,紹興油泡蝦,副食,Seafood,280.0,196.0
V001550,2026-06-07,S02,西班牙蒜辣蝦,副食,Seafood,260.0,176.8
V001550,2026-06-07,S04,三種起司拼盤,副食,Cheese,340.0,224.4
V001550,2026-06-07,S02,西班牙蒜辣蝦,副食,Seafood,260.0,176.8
V001551,2026-06-07,M06,香煎鮭魚佐檸檬,主食,Seafood,460.0,193.2
V001551,2026-06-07,S07,炙燒櫛瓜佐油醋,副食,Universal,160.0,108.8
V001551,2026-06-07,W04,白蘇維翁(杯),酒水,Seafood,280.0,170.8
V001552,2026-06-07,M03,炭烤戰斧牛排,主食,Red_Meat,880.0,308.0
V001552,2026-06-07,S02,西班牙蒜辣蝦,副食,Seafood,260.0,176.8
V001552,2026-06-07,S07,炙燒櫛瓜佐油醋,副食,Universal,160.0,108.8
V001552,2026-06-07,W08,Gin & Tonic,酒水,Universal,300.0,234.0
V001553,2026-06-07,M06,香煎鮭魚佐檸檬,主食,Seafood,460.0,193.2
V001553,2026-06-07,S06,酥炸花枝圈,副食,Fried,220.0,154.0
V001553,2026-06-07,D01,提拉米蘇,甜點,Dessert,180.0,117.0
V001553,2026-06-07,W04,白蘇維翁(杯),酒水,Seafood,280.0,170.8
V001553,2026-06-07,W10,小麥白啤酒,酒水,Fried,240.0,136.8
V001554,2026-06-09,M04,松露野菌燉飯,主食,Cheese,420.0,189.0
V001554,2026-06-09,M03,炭烤戰斧牛排,主食,Red_Meat,880.0,308.0
V001554,2026-06-09,M05,白酒蛤蜊義大利麵,主食,Seafood,380.0,167.2
V001554,2026-06-09,S01,紹興油泡蝦,副食,Seafood,280.0,196.0
V001554,2026-06-09,S06,酥炸花枝圈,副食,Fried,220.0,154.0
V001554,2026-06-09,S05,松露薯條,副食,Fried,180.0,129.6
V001554,2026-06-09,S02,西班牙蒜辣蝦,副食,Seafood,260.0,176.8
V001554,2026-06-09,S01,紹興油泡蝦,副食,Seafood,280.0,196.0
V001554,2026-06-09,W08,Gin & Tonic,酒水,Universal,300.0,234.0
V001554,2026-06-09,W06,Negroni,酒水,Cheese,350.0,266.0
V001554,2026-06-09,W03,夏多內白酒(杯),酒水,Seafood,260.0,161.2
V001554,2026-06-09,W01,馬爾貝克紅酒(杯),酒水,Red_Meat,280.0,173.6
V001554,2026-06-09,W08,Gin & Tonic,酒水,Universal,300.0,234.0
V001554,2026-06-09,W10,小麥白啤酒,酒水,Fried,240.0,136.8
V001555,2026-06-09,S06,酥炸花枝圈,副食,Fried,220.0,154.0
V001555,2026-06-09,W06,Negroni,酒水,Cheese,350.0,266.0
V001556,2026-06-09,M06,香煎鮭魚佐檸檬,主食,Seafood,460.0,193.2
V001556,2026-06-09,M02,爐烤伊比利豬肩,主食,Red_Meat,520.0,197.6
V001556,2026-06-09,S05,松露薯條,副食,Fried,180.0,129.6
V001556,2026-06-09,W01,馬爾貝克紅酒(杯),酒水,Red_Meat,280.0,173.6
V001556,2026-06-09,W02,卡本內蘇維翁(杯),酒水,Red_Meat,320.0,192.0
V001557,2026-06-09,M01,舒肥紅酒燉牛肉,主食,Red_Meat,480.0,192.0
V001557,2026-06-09,S06,酥炸花枝圈,副食,Fried,220.0,154.0
V001557,2026-06-09,S02,西班牙蒜辣蝦,副食,Seafood,260.0,176.8
V001557,2026-06-09,S01,紹興油泡蝦,副食,Seafood,280.0,196.0
V001557,2026-06-09,D02,焦糖烤布蕾,甜點,Dessert,160.0,107.2
V001557,2026-06-09,W13,無酒精莫吉托,酒水,Universal,180.0,144.0
V001557,2026-06-09,W01,馬爾貝克紅酒(杯),酒水,Red_Meat,280.0,173.6
V001557,2026-06-09,W10,小麥白啤酒,酒水,Fried,240.0,136.8
V001557,2026-06-09,W08,Gin & Tonic,酒水,Universal,300.0,234.0
V001557,2026-06-09,W07,Old Fashioned,酒水,Red_Meat,380.0,285.0
V001557,2026-06-09,W06,Negroni,酒水,Cheese,350.0,266.0
V001558,2026-06-09,M01,舒肥紅酒燉牛肉,主食,Red_Meat,480.0,192.0
V001558,2026-06-09,W12,季節水果特調,酒水,Universal,340.0,261.8
V001558,2026-06-09,W07,Old Fashioned,酒水,Red_Meat,380.0,285.0
V001558,2026-06-09,W07,Old Fashioned,酒水,Red_Meat,380.0,285.0
V001558,2026-06-09,W07,Old Fashioned,酒水,Red_Meat,380.0,285.0
V001558,2026-06-09,W05,氣泡酒(杯),酒水,Fried,300.0,189.0
V001559,2026-06-09,S04,三種起司拼盤,副食,Cheese,340.0,224.4
V001559,2026-06-09,S05,松露薯條,副食,Fried,180.0,129.6
V001559,2026-06-09,S01,紹興油泡蝦,副食,Seafood,280.0,196.0
V001559,2026-06-09,D01,提拉米蘇,甜點,Dessert,180.0,117.0
V001560,2026-06-09,M03,炭烤戰斧牛排,主食,Red_Meat,880.0,308.0
V001560,2026-06-09,S07,炙燒櫛瓜佐油醋,副食,Universal,160.0,108.8
V001560,2026-06-09,S01,紹興油泡蝦,副食,Seafood,280.0,196.0
V001560,2026-06-09,W06,Negroni,酒水,Cheese,350.0,266.0
V001560,2026-06-09,W06,Negroni,酒水,Cheese,350.0,266.0
V001560,2026-06-09,W08,Gin & Tonic,酒水,Universal,300.0,234.0
V001560,2026-06-09,W04,白蘇維翁(杯),酒水,Seafood,280.0,170.8
V001561,2026-06-09,M04,松露野菌燉飯,主食,Cheese,420.0,189.0
V001561,2026-06-09,M05,白酒蛤蜊義大利麵,主食,Seafood,380.0,167.2
V001561,2026-06-09,S03,伊比利火腿盤,副食,Cheese,380.0,247.0
V001561,2026-06-09,S06,酥炸花枝圈,副食,Fried,220.0,154.0
V001561,2026-06-09,S02,西班牙蒜辣蝦,副食,Seafood,260.0,176.8
V001561,2026-06-09,D01,提拉米蘇,甜點,Dessert,180.0,117.0
V001562,2026-06-09,M03,炭烤戰斧牛排,主食,Red_Meat,880.0,308.0
V001562,2026-06-09,S02,西班牙蒜辣蝦,副食,Seafood,260.0,176.8
V001562,2026-06-09,W03,夏多內白酒(杯),酒水,Seafood,260.0,161.2
V001562,2026-06-09,W08,Gin & Tonic,酒水,Universal,300.0,234.0
V001562,2026-06-09,W04,白蘇維翁(杯),酒水,Seafood,280.0,170.8
V001562,2026-06-09,W03,夏多內白酒(杯),酒水,Seafood,260.0,161.2
V001562,2026-06-09,W09,精釀 IPA,酒水,Fried,260.0,150.8
V001563,2026-06-10,M06,香煎鮭魚佐檸檬,主食,Seafood,460.0,193.2
V001563,2026-06-10,S05,松露薯條,副食,Fried,180.0,129.6
V001563,2026-06-10,S01,紹興油泡蝦,副食,Seafood,280.0,196.0
V001563,2026-06-10,S02,西班牙蒜辣蝦,副食,Seafood,260.0,176.8
V001563,2026-06-10,S04,三種起司拼盤,副食,Cheese,340.0,224.4
V001563,2026-06-10,W12,季節水果特調,酒水,Universal,340.0,261.8
V001563,2026-06-10,W13,無酒精莫吉托,酒水,Universal,180.0,144.0
V001564,2026-06-10,M02,爐烤伊比利豬肩,主食,Red_Meat,520.0,197.6
V001564,2026-06-10,M01,舒肥紅酒燉牛肉,主食,Red_Meat,480.0,192.0
V001564,2026-06-10,M02,爐烤伊比利豬肩,主食,Red_Meat,520.0,197.6
V001564,2026-06-10,S06,酥炸花枝圈,副食,Fried,220.0,154.0
V001564,2026-06-10,W01,馬爾貝克紅酒(杯),酒水,Red_Meat,280.0,173.6
V001564,2026-06-10,W07,Old Fashioned,酒水,Red_Meat,380.0,285.0
V001564,2026-06-10,W06,Negroni,酒水,Cheese,350.0,266.0
V001564,2026-06-10,W05,氣泡酒(杯),酒水,Fried,300.0,189.0
V001564,2026-06-10,W02,卡本內蘇維翁(杯),酒水,Red_Meat,320.0,192.0
V001564,2026-06-10,W04,白蘇維翁(杯),酒水,Seafood,280.0,170.8
V001564,2026-06-10,W07,Old Fashioned,酒水,Red_Meat,380.0,285.0
V001564,2026-06-10,W07,Old Fashioned,酒水,Red_Meat,380.0,285.0
V001565,2026-06-10,M05,白酒蛤蜊義大利麵,主食,Seafood,380.0,167.2
V001565,2026-06-10,M06,香煎鮭魚佐檸檬,主食,Seafood,460.0,193.2
V001565,2026-06-10,S02,西班牙蒜辣蝦,副食,Seafood,260.0,176.8
V001565,2026-06-10,D02,焦糖烤布蕾,甜點,Dessert,160.0,107.2
V001566,2026-06-10,M06,香煎鮭魚佐檸檬,主食,Seafood,460.0,193.2
V001566,2026-06-10,M05,白酒蛤蜊義大利麵,主食,Seafood,380.0,167.2
V001566,2026-06-10,S01,紹興油泡蝦,副食,Seafood,280.0,196.0
V001566,2026-06-10,S06,酥炸花枝圈,副食,Fried,220.0,154.0
V001566,2026-06-10,W03,夏多內白酒(杯),酒水,Seafood,260.0,161.2
V001566,2026-06-10,W05,氣泡酒(杯),酒水,Fried,300.0,189.0
V001566,2026-06-10,W07,Old Fashioned,酒水,Red_Meat,380.0,285.0
V001566,2026-06-10,W10,小麥白啤酒,酒水,Fried,240.0,136.8
V001566,2026-06-10,W13,無酒精莫吉托,酒水,Universal,180.0,144.0
V001566,2026-06-10,W03,夏多內白酒(杯),酒水,Seafood,260.0,161.2
V001566,2026-06-10,W09,精釀 IPA,酒水,Fried,260.0,150.8
V001566,2026-06-10,W13,無酒精莫吉托,酒水,Universal,180.0,144.0
V001566,2026-06-10,W03,夏多內白酒(杯),酒水,Seafood,260.0,161.2
V001566,2026-06-10,W03,夏多內白酒(杯),酒水,Seafood,260.0,161.2
V001566,2026-06-10,W12,季節水果特調,酒水,Universal,340.0,261.8
V001567,2026-06-10,M02,爐烤伊比利豬肩,主食,Red_Meat,520.0,197.6
V001567,2026-06-10,M05,白酒蛤蜊義大利麵,主食,Seafood,380.0,167.2
V001567,2026-06-10,M02,爐烤伊比利豬肩,主食,Red_Meat,520.0,197.6
V001567,2026-06-10,S05,松露薯條,副食,Fried,180.0,129.6
V001567,2026-06-10,S01,紹興油泡蝦,副食,Seafood,280.0,196.0
V001567,2026-06-10,S07,炙燒櫛瓜佐油醋,副食,Universal,160.0,108.8
V001567,2026-06-10,D01,提拉米蘇,甜點,Dessert,180.0,117.0
V001567,2026-06-10,W08,Gin & Tonic,酒水,Universal,300.0,234.0
V001567,2026-06-10,W01,馬爾貝克紅酒(杯),酒水,Red_Meat,280.0,173.6
V001567,2026-06-10,W06,Negroni,酒水,Cheese,350.0,266.0
V001568,2026-06-10,M05,白酒蛤蜊義大利麵,主食,Seafood,380.0,167.2
V001568,2026-06-10,W04,白蘇維翁(杯),酒水,Seafood,280.0,170.8
V001568,2026-06-10,W11,威士忌 Highball,酒水,Cheese,300.0,222.0
V001568,2026-06-10,W04,白蘇維翁(杯),酒水,Seafood,280.0,170.8
V001568,2026-06-10,W04,白蘇維翁(杯),酒水,Seafood,280.0,170.8
V001569,2026-06-10,M06,香煎鮭魚佐檸檬,主食,Seafood,460.0,193.2
V001569,2026-06-10,S05,松露薯條,副食,Fried,180.0,129.6
V001569,2026-06-10,D01,提拉米蘇,甜點,Dessert,180.0,117.0
V001569,2026-06-10,W04,白蘇維翁(杯),酒水,Seafood,280.0,170.8
V001569,2026-06-10,W13,無酒精莫吉托,酒水,Universal,180.0,144.0
V001570,2026-06-10,M03,炭烤戰斧牛排,主食,Red_Meat,880.0,308.0
V001570,2026-06-10,M03,炭烤戰斧牛排,主食,Red_Meat,880.0,308.0
V001570,2026-06-10,S03,伊比利火腿盤,副食,Cheese,380.0,247.0
V001570,2026-06-10,W01,馬爾貝克紅酒(杯),酒水,Red_Meat,280.0,173.6
V001570,2026-06-10,W02,卡本內蘇維翁(杯),酒水,Red_Meat,320.0,192.0
V001571,2026-06-11,M06,香煎鮭魚佐檸檬,主食,Seafood,460.0,193.2
V001571,2026-06-11,M01,舒肥紅酒燉牛肉,主食,Red_Meat,480.0,192.0
V001571,2026-06-11,D02,焦糖烤布蕾,甜點,Dessert,160.0,107.2
V001571,2026-06-11,W08,Gin & Tonic,酒水,Universal,300.0,234.0
V001571,2026-06-11,W03,夏多內白酒(杯),酒水,Seafood,260.0,161.2
V001572,2026-06-11,M01,舒肥紅酒燉牛肉,主食,Red_Meat,480.0,192.0
V001572,2026-06-11,M06,香煎鮭魚佐檸檬,主食,Seafood,460.0,193.2
V001572,2026-06-11,M06,香煎鮭魚佐檸檬,主食,Seafood,460.0,193.2
V001572,2026-06-11,S06,酥炸花枝圈,副食,Fried,220.0,154.0
V001572,2026-06-11,S03,伊比利火腿盤,副食,Cheese,380.0,247.0
V001572,2026-06-11,S07,炙燒櫛瓜佐油醋,副食,Universal,160.0,108.8
V001572,2026-06-11,S05,松露薯條,副食,Fried,180.0,129.6
V001572,2026-06-11,W06,Negroni,酒水,Cheese,350.0,266.0
V001573,2026-06-11,M03,炭烤戰斧牛排,主食,Red_Meat,880.0,308.0
V001574,2026-06-11,M02,爐烤伊比利豬肩,主食,Red_Meat,520.0,197.6
V001574,2026-06-11,S04,三種起司拼盤,副食,Cheese,340.0,224.4
V001574,2026-06-11,S07,炙燒櫛瓜佐油醋,副食,Universal,160.0,108.8
V001574,2026-06-11,D02,焦糖烤布蕾,甜點,Dessert,160.0,107.2
V001574,2026-06-11,W07,Old Fashioned,酒水,Red_Meat,380.0,285.0
V001574,2026-06-11,W13,無酒精莫吉托,酒水,Universal,180.0,144.0
V001574,2026-06-11,W08,Gin & Tonic,酒水,Universal,300.0,234.0
V001574,2026-06-11,W02,卡本內蘇維翁(杯),酒水,Red_Meat,320.0,192.0
V001574,2026-06-11,W11,威士忌 Highball,酒水,Cheese,300.0,222.0
V001574,2026-06-11,W11,威士忌 Highball,酒水,Cheese,300.0,222.0
V001575,2026-06-11,M01,舒肥紅酒燉牛肉,主食,Red_Meat,480.0,192.0
V001575,2026-06-11,M06,香煎鮭魚佐檸檬,主食,Seafood,460.0,193.2
V001575,2026-06-11,M03,炭烤戰斧牛排,主食,Red_Meat,880.0,308.0
V001575,2026-06-11,S02,西班牙蒜辣蝦,副食,Seafood,260.0,176.8
V001575,2026-06-11,W07,Old Fashioned,酒水,Red_Meat,380.0,285.0
V001575,2026-06-11,W04,白蘇維翁(杯),酒水,Seafood,280.0,170.8
V001575,2026-06-11,W08,Gin & Tonic,酒水,Universal,300.0,234.0
V001575,2026-06-11,W04,白蘇維翁(杯),酒水,Seafood,280.0,170.8
V001575,2026-06-11,W07,Old Fashioned,酒水,Red_Meat,380.0,285.0
V001575,2026-06-11,W04,白蘇維翁(杯),酒水,Seafood,280.0,170.8
V001575,2026-06-11,W03,夏多內白酒(杯),酒水,Seafood,260.0,161.2
V001576,2026-06-11,M03,炭烤戰斧牛排,主食,Red_Meat,880.0,308.0
V001576,2026-06-11,S06,酥炸花枝圈,副食,Fried,220.0,154.0
V001576,2026-06-11,S05,松露薯條,副食,Fried,180.0,129.6
V001576,2026-06-11,W05,氣泡酒(杯),酒水,Fried,300.0,189.0
V001576,2026-06-11,W10,小麥白啤酒,酒水,Fried,240.0,136.8
V001576,2026-06-11,W01,馬爾貝克紅酒(杯),酒水,Red_Meat,280.0,173.6
V001576,2026-06-11,W09,精釀 IPA,酒水,Fried,260.0,150.8
V001576,2026-06-11,W10,小麥白啤酒,酒水,Fried,240.0,136.8
V001576,2026-06-11,W11,威士忌 Highball,酒水,Cheese,300.0,222.0
V001576,2026-06-11,W10,小麥白啤酒,酒水,Fried,240.0,136.8
V001577,2026-06-11,M06,香煎鮭魚佐檸檬,主食,Seafood,460.0,193.2
V001577,2026-06-11,M06,香煎鮭魚佐檸檬,主食,Seafood,460.0,193.2
V001577,2026-06-11,S04,三種起司拼盤,副食,Cheese,340.0,224.4
V001577,2026-06-11,S07,炙燒櫛瓜佐油醋,副食,Universal,160.0,108.8
V001577,2026-06-11,W08,Gin & Tonic,酒水,Universal,300.0,234.0
V001577,2026-06-11,W12,季節水果特調,酒水,Universal,340.0,261.8
V001577,2026-06-11,W04,白蘇維翁(杯),酒水,Seafood,280.0,170.8
V001578,2026-06-11,M05,白酒蛤蜊義大利麵,主食,Seafood,380.0,167.2
V001578,2026-06-11,M02,爐烤伊比利豬肩,主食,Red_Meat,520.0,197.6
V001578,2026-06-11,W05,氣泡酒(杯),酒水,Fried,300.0,189.0
V001578,2026-06-11,W01,馬爾貝克紅酒(杯),酒水,Red_Meat,280.0,173.6
V001579,2026-06-11,M02,爐烤伊比利豬肩,主食,Red_Meat,520.0,197.6
V001579,2026-06-11,S05,松露薯條,副食,Fried,180.0,129.6
V001579,2026-06-11,S01,紹興油泡蝦,副食,Seafood,280.0,196.0
V001579,2026-06-11,S01,紹興油泡蝦,副食,Seafood,280.0,196.0
V001579,2026-06-11,W03,夏多內白酒(杯),酒水,Seafood,260.0,161.2
V001579,2026-06-11,W09,精釀 IPA,酒水,Fried,260.0,150.8
V001579,2026-06-11,W03,夏多內白酒(杯),酒水,Seafood,260.0,161.2
V001579,2026-06-11,W11,威士忌 Highball,酒水,Cheese,300.0,222.0
V001579,2026-06-11,W05,氣泡酒(杯),酒水,Fried,300.0,189.0
V001580,2026-06-11,M01,舒肥紅酒燉牛肉,主食,Red_Meat,480.0,192.0
V001581,2026-06-11,M01,舒肥紅酒燉牛肉,主食,Red_Meat,480.0,192.0
V001581,2026-06-11,M06,香煎鮭魚佐檸檬,主食,Seafood,460.0,193.2
V001581,2026-06-11,M03,炭烤戰斧牛排,主食,Red_Meat,880.0,308.0
V001581,2026-06-11,S04,三種起司拼盤,副食,Cheese,340.0,224.4
V001581,2026-06-11,D02,焦糖烤布蕾,甜點,Dessert,160.0,107.2
V001581,2026-06-11,W13,無酒精莫吉托,酒水,Universal,180.0,144.0
V001581,2026-06-11,W07,Old Fashioned,酒水,Red_Meat,380.0,285.0
V001581,2026-06-11,W06,Negroni,酒水,Cheese,350.0,266.0
V001581,2026-06-11,W02,卡本內蘇維翁(杯),酒水,Red_Meat,320.0,192.0
V001582,2026-06-11,M02,爐烤伊比利豬肩,主食,Red_Meat,520.0,197.6
V001582,2026-06-11,S06,酥炸花枝圈,副食,Fried,220.0,154.0
V001582,2026-06-11,S06,酥炸花枝圈,副食,Fried,220.0,154.0
V001582,2026-06-11,S04,三種起司拼盤,副食,Cheese,340.0,224.4
V001582,2026-06-11,D02,焦糖烤布蕾,甜點,Dessert,160.0,107.2
V001582,2026-06-11,W01,馬爾貝克紅酒(杯),酒水,Red_Meat,280.0,173.6
V001582,2026-06-11,W07,Old Fashioned,酒水,Red_Meat,380.0,285.0
V001582,2026-06-11,W11,威士忌 Highball,酒水,Cheese,300.0,222.0
V001583,2026-06-11,M05,白酒蛤蜊義大利麵,主食,Seafood,380.0,167.2
V001583,2026-06-11,M03,炭烤戰斧牛排,主食,Red_Meat,880.0,308.0
V001583,2026-06-11,M03,炭烤戰斧牛排,主食,Red_Meat,880.0,308.0
V001583,2026-06-11,M01,舒肥紅酒燉牛肉,主食,Red_Meat,480.0,192.0
V001583,2026-06-11,D02,焦糖烤布蕾,甜點,Dessert,160.0,107.2
V001583,2026-06-11,W03,夏多內白酒(杯),酒水,Seafood,260.0,161.2
V001583,2026-06-11,W03,夏多內白酒(杯),酒水,Seafood,260.0,161.2
V001583,2026-06-11,W06,Negroni,酒水,Cheese,350.0,266.0
V001583,2026-06-11,W10,小麥白啤酒,酒水,Fried,240.0,136.8
V001583,2026-06-11,W03,夏多內白酒(杯),酒水,Seafood,260.0,161.2
V001584,2026-06-11,M03,炭烤戰斧牛排,主食,Red_Meat,880.0,308.0
V001584,2026-06-11,W07,Old Fashioned,酒水,Red_Meat,380.0,285.0
V001584,2026-06-11,W01,馬爾貝克紅酒(杯),酒水,Red_Meat,280.0,173.6
V001584,2026-06-11,W02,卡本內蘇維翁(杯),酒水,Red_Meat,320.0,192.0
V001584,2026-06-11,W11,威士忌 Highball,酒水,Cheese,300.0,222.0
V001584,2026-06-11,W10,小麥白啤酒,酒水,Fried,240.0,136.8
V001585,2026-06-11,M01,舒肥紅酒燉牛肉,主食,Red_Meat,480.0,192.0
V001585,2026-06-11,S06,酥炸花枝圈,副食,Fried,220.0,154.0
V001585,2026-06-11,S05,松露薯條,副食,Fried,180.0,129.6
V001585,2026-06-11,W10,小麥白啤酒,酒水,Fried,240.0,136.8
V001585,2026-06-11,W11,威士忌 Highball,酒水,Cheese,300.0,222.0
V001585,2026-06-11,W05,氣泡酒(杯),酒水,Fried,300.0,189.0
V001585,2026-06-11,W08,Gin & Tonic,酒水,Universal,300.0,234.0
V001585,2026-06-11,W07,Old Fashioned,酒水,Red_Meat,380.0,285.0
V001585,2026-06-11,W02,卡本內蘇維翁(杯),酒水,Red_Meat,320.0,192.0
V001585,2026-06-11,W13,無酒精莫吉托,酒水,Universal,180.0,144.0
V001585,2026-06-11,W08,Gin & Tonic,酒水,Universal,300.0,234.0
V001586,2026-06-11,M02,爐烤伊比利豬肩,主食,Red_Meat,520.0,197.6
V001586,2026-06-11,M05,白酒蛤蜊義大利麵,主食,Seafood,380.0,167.2
V001586,2026-06-11,S03,伊比利火腿盤,副食,Cheese,380.0,247.0
V001586,2026-06-11,S04,三種起司拼盤,副食,Cheese,340.0,224.4
V001586,2026-06-11,S05,松露薯條,副食,Fried,180.0,129.6
V001586,2026-06-11,S06,酥炸花枝圈,副食,Fried,220.0,154.0
V001586,2026-06-11,W02,卡本內蘇維翁(杯),酒水,Red_Meat,320.0,192.0
V001586,2026-06-11,W11,威士忌 Highball,酒水,Cheese,300.0,222.0
V001586,2026-06-11,W10,小麥白啤酒,酒水,Fried,240.0,136.8
V001586,2026-06-11,W06,Negroni,酒水,Cheese,350.0,266.0
V001586,2026-06-11,W06,Negroni,酒水,Cheese,350.0,266.0
V001586,2026-06-11,W06,Negroni,酒水,Cheese,350.0,266.0
V001586,2026-06-11,W06,Negroni,酒水,Cheese,350.0,266.0
V001587,2026-06-11,M06,香煎鮭魚佐檸檬,主食,Seafood,460.0,193.2
V001587,2026-06-11,M03,炭烤戰斧牛排,主食,Red_Meat,880.0,308.0
V001587,2026-06-11,S04,三種起司拼盤,副食,Cheese,340.0,224.4
V001587,2026-06-11,S04,三種起司拼盤,副食,Cheese,340.0,224.4
V001587,2026-06-11,S07,炙燒櫛瓜佐油醋,副食,Universal,160.0,108.8
V001587,2026-06-11,W03,夏多內白酒(杯),酒水,Seafood,260.0,161.2
V001587,2026-06-11,W06,Negroni,酒水,Cheese,350.0,266.0
V001588,2026-06-12,M05,白酒蛤蜊義大利麵,主食,Seafood,380.0,167.2
V001588,2026-06-12,M04,松露野菌燉飯,主食,Cheese,420.0,189.0
V001588,2026-06-12,S03,伊比利火腿盤,副食,Cheese,380.0,247.0
V001588,2026-06-12,S04,三種起司拼盤,副食,Cheese,340.0,224.4
V001588,2026-06-12,S02,西班牙蒜辣蝦,副食,Seafood,260.0,176.8
V001588,2026-06-12,W04,白蘇維翁(杯),酒水,Seafood,280.0,170.8
V001588,2026-06-12,W04,白蘇維翁(杯),酒水,Seafood,280.0,170.8
V001588,2026-06-12,W08,Gin & Tonic,酒水,Universal,300.0,234.0
V001588,2026-06-12,W04,白蘇維翁(杯),酒水,Seafood,280.0,170.8
V001588,2026-06-12,W01,馬爾貝克紅酒(杯),酒水,Red_Meat,280.0,173.6
V001588,2026-06-12,W06,Negroni,酒水,Cheese,350.0,266.0
V001588,2026-06-12,W07,Old Fashioned,酒水,Red_Meat,380.0,285.0
V001589,2026-06-12,M04,松露野菌燉飯,主食,Cheese,420.0,189.0
V001589,2026-06-12,M05,白酒蛤蜊義大利麵,主食,Seafood,380.0,167.2
V001589,2026-06-12,S07,炙燒櫛瓜佐油醋,副食,Universal,160.0,108.8
V001589,2026-06-12,S04,三種起司拼盤,副食,Cheese,340.0,224.4
V001589,2026-06-12,W10,小麥白啤酒,酒水,Fried,240.0,136.8
V001589,2026-06-12,W08,Gin & Tonic,酒水,Universal,300.0,234.0
V001589,2026-06-12,W10,小麥白啤酒,酒水,Fried,240.0,136.8
V001589,2026-06-12,W06,Negroni,酒水,Cheese,350.0,266.0
V001589,2026-06-12,W04,白蘇維翁(杯),酒水,Seafood,280.0,170.8
V001589,2026-06-12,W11,威士忌 Highball,酒水,Cheese,300.0,222.0
V001589,2026-06-12,W08,Gin & Tonic,酒水,Universal,300.0,234.0
V001589,2026-06-12,W01,馬爾貝克紅酒(杯),酒水,Red_Meat,280.0,173.6
V001590,2026-06-12,M02,爐烤伊比利豬肩,主食,Red_Meat,520.0,197.6
V001590,2026-06-12,W07,Old Fashioned,酒水,Red_Meat,380.0,285.0
V001590,2026-06-12,W09,精釀 IPA,酒水,Fried,260.0,150.8
V001590,2026-06-12,W01,馬爾貝克紅酒(杯),酒水,Red_Meat,280.0,173.6
V001591,2026-06-12,M01,舒肥紅酒燉牛肉,主食,Red_Meat,480.0,192.0
V001591,2026-06-12,M01,舒肥紅酒燉牛肉,主食,Red_Meat,480.0,192.0
V001591,2026-06-12,M02,爐烤伊比利豬肩,主食,Red_Meat,520.0,197.6
V001591,2026-06-12,S07,炙燒櫛瓜佐油醋,副食,Universal,160.0,108.8
V001591,2026-06-12,W10,小麥白啤酒,酒水,Fried,240.0,136.8
V001591,2026-06-12,W04,白蘇維翁(杯),酒水,Seafood,280.0,170.8
V001591,2026-06-12,W13,無酒精莫吉托,酒水,Universal,180.0,144.0
V001591,2026-06-12,W01,馬爾貝克紅酒(杯),酒水,Red_Meat,280.0,173.6
V001591,2026-06-12,W05,氣泡酒(杯),酒水,Fried,300.0,189.0
V001591,2026-06-12,W04,白蘇維翁(杯),酒水,Seafood,280.0,170.8
V001592,2026-06-12,M03,炭烤戰斧牛排,主食,Red_Meat,880.0,308.0
V001592,2026-06-12,S05,松露薯條,副食,Fried,180.0,129.6
V001592,2026-06-12,W10,小麥白啤酒,酒水,Fried,240.0,136.8
V001592,2026-06-12,W13,無酒精莫吉托,酒水,Universal,180.0,144.0
V001593,2026-06-12,M06,香煎鮭魚佐檸檬,主食,Seafood,460.0,193.2
V001593,2026-06-12,M03,炭烤戰斧牛排,主食,Red_Meat,880.0,308.0
V001593,2026-06-12,M05,白酒蛤蜊義大利麵,主食,Seafood,380.0,167.2
V001593,2026-06-12,M05,白酒蛤蜊義大利麵,主食,Seafood,380.0,167.2
V001593,2026-06-12,M01,舒肥紅酒燉牛肉,主食,Red_Meat,480.0,192.0
V001593,2026-06-12,S06,酥炸花枝圈,副食,Fried,220.0,154.0
V001593,2026-06-12,S05,松露薯條,副食,Fried,180.0,129.6
V001593,2026-06-12,S06,酥炸花枝圈,副食,Fried,220.0,154.0
V001593,2026-06-12,S06,酥炸花枝圈,副食,Fried,220.0,154.0
V001593,2026-06-12,S07,炙燒櫛瓜佐油醋,副食,Universal,160.0,108.8
V001593,2026-06-12,W04,白蘇維翁(杯),酒水,Seafood,280.0,170.8
V001593,2026-06-12,W04,白蘇維翁(杯),酒水,Seafood,280.0,170.8
V001593,2026-06-12,W01,馬爾貝克紅酒(杯),酒水,Red_Meat,280.0,173.6
V001593,2026-06-12,W04,白蘇維翁(杯),酒水,Seafood,280.0,170.8
V001593,2026-06-12,W05,氣泡酒(杯),酒水,Fried,300.0,189.0
V001593,2026-06-12,W02,卡本內蘇維翁(杯),酒水,Red_Meat,320.0,192.0
V001594,2026-06-12,M04,松露野菌燉飯,主食,Cheese,420.0,189.0
V001594,2026-06-12,M04,松露野菌燉飯,主食,Cheese,420.0,189.0
V001594,2026-06-12,S06,酥炸花枝圈,副食,Fried,220.0,154.0
V001594,2026-06-12,S01,紹興油泡蝦,副食,Seafood,280.0,196.0
V001594,2026-06-12,S03,伊比利火腿盤,副食,Cheese,380.0,247.0
V001594,2026-06-12,S02,西班牙蒜辣蝦,副食,Seafood,260.0,176.8
V001594,2026-06-12,S06,酥炸花枝圈,副食,Fried,220.0,154.0
V001594,2026-06-12,W05,氣泡酒(杯),酒水,Fried,300.0,189.0
V001594,2026-06-12,W03,夏多內白酒(杯),酒水,Seafood,260.0,161.2
V001594,2026-06-12,W04,白蘇維翁(杯),酒水,Seafood,280.0,170.8
V001594,2026-06-12,W03,夏多內白酒(杯),酒水,Seafood,260.0,161.2
V001594,2026-06-12,W06,Negroni,酒水,Cheese,350.0,266.0
V001594,2026-06-12,W08,Gin & Tonic,酒水,Universal,300.0,234.0
V001594,2026-06-12,W12,季節水果特調,酒水,Universal,340.0,261.8
V001595,2026-06-12,M04,松露野菌燉飯,主食,Cheese,420.0,189.0
V001595,2026-06-12,S05,松露薯條,副食,Fried,180.0,129.6
V001595,2026-06-12,S05,松露薯條,副食,Fried,180.0,129.6
V001595,2026-06-12,W01,馬爾貝克紅酒(杯),酒水,Red_Meat,280.0,173.6
V001595,2026-06-12,W06,Negroni,酒水,Cheese,350.0,266.0
V001595,2026-06-12,W06,Negroni,酒水,Cheese,350.0,266.0
V001596,2026-06-12,M04,松露野菌燉飯,主食,Cheese,420.0,189.0
V001596,2026-06-12,S04,三種起司拼盤,副食,Cheese,340.0,224.4
V001596,2026-06-12,S07,炙燒櫛瓜佐油醋,副食,Universal,160.0,108.8
V001596,2026-06-12,S01,紹興油泡蝦,副食,Seafood,280.0,196.0
V001596,2026-06-12,W06,Negroni,酒水,Cheese,350.0,266.0
V001596,2026-06-12,W01,馬爾貝克紅酒(杯),酒水,Red_Meat,280.0,173.6
V001597,2026-06-12,M06,香煎鮭魚佐檸檬,主食,Seafood,460.0,193.2
V001597,2026-06-12,S03,伊比利火腿盤,副食,Cheese,380.0,247.0
V001597,2026-06-12,W04,白蘇維翁(杯),酒水,Seafood,280.0,170.8
V001597,2026-06-12,W13,無酒精莫吉托,酒水,Universal,180.0,144.0
V001598,2026-06-12,M05,白酒蛤蜊義大利麵,主食,Seafood,380.0,167.2
V001598,2026-06-12,M03,炭烤戰斧牛排,主食,Red_Meat,880.0,308.0
V001598,2026-06-12,M02,爐烤伊比利豬肩,主食,Red_Meat,520.0,197.6
V001598,2026-06-12,S04,三種起司拼盤,副食,Cheese,340.0,224.4
V001598,2026-06-12,S02,西班牙蒜辣蝦,副食,Seafood,260.0,176.8
V001598,2026-06-12,S03,伊比利火腿盤,副食,Cheese,380.0,247.0
V001598,2026-06-12,S05,松露薯條,副食,Fried,180.0,129.6
V001598,2026-06-12,D01,提拉米蘇,甜點,Dessert,180.0,117.0
V001598,2026-06-12,W07,Old Fashioned,酒水,Red_Meat,380.0,285.0
V001598,2026-06-12,W04,白蘇維翁(杯),酒水,Seafood,280.0,170.8
V001598,2026-06-12,W04,白蘇維翁(杯),酒水,Seafood,280.0,170.8
V001599,2026-06-12,M05,白酒蛤蜊義大利麵,主食,Seafood,380.0,167.2
V001599,2026-06-12,M06,香煎鮭魚佐檸檬,主食,Seafood,460.0,193.2
V001599,2026-06-12,S06,酥炸花枝圈,副食,Fried,220.0,154.0
V001599,2026-06-12,S05,松露薯條,副食,Fried,180.0,129.6
V001599,2026-06-12,S07,炙燒櫛瓜佐油醋,副食,Universal,160.0,108.8
V001599,2026-06-12,S03,伊比利火腿盤,副食,Cheese,380.0,247.0
V001599,2026-06-12,D02,焦糖烤布蕾,甜點,Dessert,160.0,107.2
V001599,2026-06-12,W10,小麥白啤酒,酒水,Fried,240.0,136.8
V001599,2026-06-12,W01,馬爾貝克紅酒(杯),酒水,Red_Meat,280.0,173.6
V001599,2026-06-12,W01,馬爾貝克紅酒(杯),酒水,Red_Meat,280.0,173.6
V001599,2026-06-12,W06,Negroni,酒水,Cheese,350.0,266.0
V001599,2026-06-12,W02,卡本內蘇維翁(杯),酒水,Red_Meat,320.0,192.0
V001600,2026-06-12,M02,爐烤伊比利豬肩,主食,Red_Meat,520.0,197.6
V001600,2026-06-12,S01,紹興油泡蝦,副食,Seafood,280.0,196.0
V001600,2026-06-12,S07,炙燒櫛瓜佐油醋,副食,Universal,160.0,108.8
V001600,2026-06-12,W08,Gin & Tonic,酒水,Universal,300.0,234.0
V001600,2026-06-12,W11,威士忌 Highball,酒水,Cheese,300.0,222.0
V001601,2026-06-12,M06,香煎鮭魚佐檸檬,主食,Seafood,460.0,193.2
V001601,2026-06-12,M05,白酒蛤蜊義大利麵,主食,Seafood,380.0,167.2
V001601,2026-06-12,M01,舒肥紅酒燉牛肉,主食,Red_Meat,480.0,192.0
V001601,2026-06-12,S02,西班牙蒜辣蝦,副食,Seafood,260.0,176.8
V001601,2026-06-12,S07,炙燒櫛瓜佐油醋,副食,Universal,160.0,108.8
V001601,2026-06-12,S07,炙燒櫛瓜佐油醋,副食,Universal,160.0,108.8
V001601,2026-06-12,W03,夏多內白酒(杯),酒水,Seafood,260.0,161.2
V001601,2026-06-12,W11,威士忌 Highball,酒水,Cheese,300.0,222.0
V001601,2026-06-12,W04,白蘇維翁(杯),酒水,Seafood,280.0,170.8
V001601,2026-06-12,W04,白蘇維翁(杯),酒水,Seafood,280.0,170.8
V001601,2026-06-12,W08,Gin & Tonic,酒水,Universal,300.0,234.0
V001602,2026-06-12,M04,松露野菌燉飯,主食,Cheese,420.0,189.0
V001602,2026-06-12,S04,三種起司拼盤,副食,Cheese,340.0,224.4
V001602,2026-06-12,W08,Gin & Tonic,酒水,Universal,300.0,234.0
V001603,2026-06-12,M03,炭烤戰斧牛排,主食,Red_Meat,880.0,308.0
V001603,2026-06-12,M02,爐烤伊比利豬肩,主食,Red_Meat,520.0,197.6
V001603,2026-06-12,S06,酥炸花枝圈,副食,Fried,220.0,154.0
V001603,2026-06-12,S04,三種起司拼盤,副食,Cheese,340.0,224.4
V001603,2026-06-12,S01,紹興油泡蝦,副食,Seafood,280.0,196.0
V001603,2026-06-12,S01,紹興油泡蝦,副食,Seafood,280.0,196.0
V001603,2026-06-12,W03,夏多內白酒(杯),酒水,Seafood,260.0,161.2
V001604,2026-06-13,M02,爐烤伊比利豬肩,主食,Red_Meat,520.0,197.6
V001604,2026-06-13,S05,松露薯條,副食,Fried,180.0,129.6
V001605,2026-06-13,M05,白酒蛤蜊義大利麵,主食,Seafood,380.0,167.2
V001605,2026-06-13,M04,松露野菌燉飯,主食,Cheese,420.0,189.0
V001605,2026-06-13,M01,舒肥紅酒燉牛肉,主食,Red_Meat,480.0,192.0
V001605,2026-06-13,M02,爐烤伊比利豬肩,主食,Red_Meat,520.0,197.6
V001605,2026-06-13,W07,Old Fashioned,酒水,Red_Meat,380.0,285.0
V001605,2026-06-13,W03,夏多內白酒(杯),酒水,Seafood,260.0,161.2
V001605,2026-06-13,W02,卡本內蘇維翁(杯),酒水,Red_Meat,320.0,192.0
V001605,2026-06-13,W11,威士忌 Highball,酒水,Cheese,300.0,222.0
V001605,2026-06-13,W02,卡本內蘇維翁(杯),酒水,Red_Meat,320.0,192.0
V001605,2026-06-13,W01,馬爾貝克紅酒(杯),酒水,Red_Meat,280.0,173.6
V001605,2026-06-13,W01,馬爾貝克紅酒(杯),酒水,Red_Meat,280.0,173.6
V001605,2026-06-13,W13,無酒精莫吉托,酒水,Universal,180.0,144.0
V001605,2026-06-13,W13,無酒精莫吉托,酒水,Universal,180.0,144.0
V001605,2026-06-13,W10,小麥白啤酒,酒水,Fried,240.0,136.8
V001605,2026-06-13,W01,馬爾貝克紅酒(杯),酒水,Red_Meat,280.0,173.6
V001606,2026-06-13,M01,舒肥紅酒燉牛肉,主食,Red_Meat,480.0,192.0
V001606,2026-06-13,S03,伊比利火腿盤,副食,Cheese,380.0,247.0
V001606,2026-06-13,W06,Negroni,酒水,Cheese,350.0,266.0
V001606,2026-06-13,W06,Negroni,酒水,Cheese,350.0,266.0
V001606,2026-06-13,W02,卡本內蘇維翁(杯),酒水,Red_Meat,320.0,192.0
V001607,2026-06-13,M03,炭烤戰斧牛排,主食,Red_Meat,880.0,308.0
V001607,2026-06-13,M01,舒肥紅酒燉牛肉,主食,Red_Meat,480.0,192.0
V001607,2026-06-13,S01,紹興油泡蝦,副食,Seafood,280.0,196.0
V001607,2026-06-13,S04,三種起司拼盤,副食,Cheese,340.0,224.4
V001607,2026-06-13,S05,松露薯條,副食,Fried,180.0,129.6
V001607,2026-06-13,W01,馬爾貝克紅酒(杯),酒水,Red_Meat,280.0,173.6
V001607,2026-06-13,W01,馬爾貝克紅酒(杯),酒水,Red_Meat,280.0,173.6
V001607,2026-06-13,W09,精釀 IPA,酒水,Fried,260.0,150.8
V001608,2026-06-13,M04,松露野菌燉飯,主食,Cheese,420.0,189.0
V001608,2026-06-13,S01,紹興油泡蝦,副食,Seafood,280.0,196.0
V001608,2026-06-13,S07,炙燒櫛瓜佐油醋,副食,Universal,160.0,108.8
V001609,2026-06-13,M03,炭烤戰斧牛排,主食,Red_Meat,880.0,308.0
V001609,2026-06-13,M02,爐烤伊比利豬肩,主食,Red_Meat,520.0,197.6
V001609,2026-06-13,M06,香煎鮭魚佐檸檬,主食,Seafood,460.0,193.2
V001609,2026-06-13,S01,紹興油泡蝦,副食,Seafood,280.0,196.0
V001609,2026-06-13,S06,酥炸花枝圈,副食,Fried,220.0,154.0
V001609,2026-06-13,S01,紹興油泡蝦,副食,Seafood,280.0,196.0
V001609,2026-06-13,S05,松露薯條,副食,Fried,180.0,129.6
V001609,2026-06-13,S01,紹興油泡蝦,副食,Seafood,280.0,196.0
V001609,2026-06-13,W03,夏多內白酒(杯),酒水,Seafood,260.0,161.2
V001609,2026-06-13,W07,Old Fashioned,酒水,Red_Meat,380.0,285.0
V001609,2026-06-13,W06,Negroni,酒水,Cheese,350.0,266.0
V001610,2026-06-13,M03,炭烤戰斧牛排,主食,Red_Meat,880.0,308.0
V001610,2026-06-13,S04,三種起司拼盤,副食,Cheese,340.0,224.4
V001610,2026-06-13,S07,炙燒櫛瓜佐油醋,副食,Universal,160.0,108.8
V001610,2026-06-13,S02,西班牙蒜辣蝦,副食,Seafood,260.0,176.8
V001610,2026-06-13,S04,三種起司拼盤,副食,Cheese,340.0,224.4
V001610,2026-06-13,W06,Negroni,酒水,Cheese,350.0,266.0
V001610,2026-06-13,W09,精釀 IPA,酒水,Fried,260.0,150.8
V001610,2026-06-13,W11,威士忌 Highball,酒水,Cheese,300.0,222.0
V001611,2026-06-13,M04,松露野菌燉飯,主食,Cheese,420.0,189.0
V001611,2026-06-13,S04,三種起司拼盤,副食,Cheese,340.0,224.4
V001611,2026-06-13,D01,提拉米蘇,甜點,Dessert,180.0,117.0
V001611,2026-06-13,W11,威士忌 Highball,酒水,Cheese,300.0,222.0
V001612,2026-06-13,M05,白酒蛤蜊義大利麵,主食,Seafood,380.0,167.2
V001612,2026-06-13,M04,松露野菌燉飯,主食,Cheese,420.0,189.0
V001612,2026-06-13,S03,伊比利火腿盤,副食,Cheese,380.0,247.0
V001612,2026-06-13,S01,紹興油泡蝦,副食,Seafood,280.0,196.0
V001612,2026-06-13,S01,紹興油泡蝦,副食,Seafood,280.0,196.0
V001612,2026-06-13,S02,西班牙蒜辣蝦,副食,Seafood,260.0,176.8
V001612,2026-06-13,S05,松露薯條,副食,Fried,180.0,129.6
V001612,2026-06-13,S07,炙燒櫛瓜佐油醋,副食,Universal,160.0,108.8
V001612,2026-06-13,W04,白蘇維翁(杯),酒水,Seafood,280.0,170.8
V001612,2026-06-13,W13,無酒精莫吉托,酒水,Universal,180.0,144.0
V001612,2026-06-13,W08,Gin & Tonic,酒水,Universal,300.0,234.0
V001612,2026-06-13,W07,Old Fashioned,酒水,Red_Meat,380.0,285.0
V001612,2026-06-13,W04,白蘇維翁(杯),酒水,Seafood,280.0,170.8
V001613,2026-06-13,M04,松露野菌燉飯,主食,Cheese,420.0,189.0
V001613,2026-06-13,M01,舒肥紅酒燉牛肉,主食,Red_Meat,480.0,192.0
V001613,2026-06-13,M06,香煎鮭魚佐檸檬,主食,Seafood,460.0,193.2
V001613,2026-06-13,W02,卡本內蘇維翁(杯),酒水,Red_Meat,320.0,192.0
V001613,2026-06-13,W02,卡本內蘇維翁(杯),酒水,Red_Meat,320.0,192.0
V001613,2026-06-13,W02,卡本內蘇維翁(杯),酒水,Red_Meat,320.0,192.0
V001613,2026-06-13,W07,Old Fashioned,酒水,Red_Meat,380.0,285.0
V001613,2026-06-13,W01,馬爾貝克紅酒(杯),酒水,Red_Meat,280.0,173.6
V001614,2026-06-13,M06,香煎鮭魚佐檸檬,主食,Seafood,460.0,193.2
V001614,2026-06-13,S01,紹興油泡蝦,副食,Seafood,280.0,196.0
V001614,2026-06-13,S01,紹興油泡蝦,副食,Seafood,280.0,196.0
V001614,2026-06-13,D01,提拉米蘇,甜點,Dessert,180.0,117.0
V001615,2026-06-13,M04,松露野菌燉飯,主食,Cheese,420.0,189.0
V001616,2026-06-13,M05,白酒蛤蜊義大利麵,主食,Seafood,380.0,167.2
V001616,2026-06-13,S01,紹興油泡蝦,副食,Seafood,280.0,196.0
V001616,2026-06-13,W01,馬爾貝克紅酒(杯),酒水,Red_Meat,280.0,173.6
V001616,2026-06-13,W04,白蘇維翁(杯),酒水,Seafood,280.0,170.8
V001616,2026-06-13,W03,夏多內白酒(杯),酒水,Seafood,260.0,161.2
V001617,2026-06-13,M02,爐烤伊比利豬肩,主食,Red_Meat,520.0,197.6
V001617,2026-06-13,W10,小麥白啤酒,酒水,Fried,240.0,136.8
V001617,2026-06-13,W07,Old Fashioned,酒水,Red_Meat,380.0,285.0
V001618,2026-06-13,M03,炭烤戰斧牛排,主食,Red_Meat,880.0,308.0
V001618,2026-06-13,M01,舒肥紅酒燉牛肉,主食,Red_Meat,480.0,192.0
V001618,2026-06-13,S06,酥炸花枝圈,副食,Fried,220.0,154.0
V001618,2026-06-13,S04,三種起司拼盤,副食,Cheese,340.0,224.4
V001618,2026-06-13,S01,紹興油泡蝦,副食,Seafood,280.0,196.0
V001618,2026-06-13,W05,氣泡酒(杯),酒水,Fried,300.0,189.0
V001618,2026-06-13,W02,卡本內蘇維翁(杯),酒水,Red_Meat,320.0,192.0
V001618,2026-06-13,W07,Old Fashioned,酒水,Red_Meat,380.0,285.0
V001619,2026-06-13,M03,炭烤戰斧牛排,主食,Red_Meat,880.0,308.0
V001619,2026-06-13,S01,紹興油泡蝦,副食,Seafood,280.0,196.0
V001619,2026-06-13,W01,馬爾貝克紅酒(杯),酒水,Red_Meat,280.0,173.6
V001619,2026-06-13,W08,Gin & Tonic,酒水,Universal,300.0,234.0
V001619,2026-06-13,W03,夏多內白酒(杯),酒水,Seafood,260.0,161.2
V001619,2026-06-13,W06,Negroni,酒水,Cheese,350.0,266.0
V001620,2026-06-13,M01,舒肥紅酒燉牛肉,主食,Red_Meat,480.0,192.0
V001620,2026-06-13,M03,炭烤戰斧牛排,主食,Red_Meat,880.0,308.0
V001620,2026-06-13,S07,炙燒櫛瓜佐油醋,副食,Universal,160.0,108.8
V001620,2026-06-13,S05,松露薯條,副食,Fried,180.0,129.6
V001620,2026-06-13,D02,焦糖烤布蕾,甜點,Dessert,160.0,107.2
V001620,2026-06-13,W10,小麥白啤酒,酒水,Fried,240.0,136.8
V001620,2026-06-13,W08,Gin & Tonic,酒水,Universal,300.0,234.0
V001621,2026-06-13,M03,炭烤戰斧牛排,主食,Red_Meat,880.0,308.0
V001621,2026-06-13,M03,炭烤戰斧牛排,主食,Red_Meat,880.0,308.0
V001621,2026-06-13,M06,香煎鮭魚佐檸檬,主食,Seafood,460.0,193.2
V001621,2026-06-13,S01,紹興油泡蝦,副食,Seafood,280.0,196.0
V001621,2026-06-13,S06,酥炸花枝圈,副食,Fried,220.0,154.0
V001621,2026-06-13,W09,精釀 IPA,酒水,Fried,260.0,150.8
V001621,2026-06-13,W13,無酒精莫吉托,酒水,Universal,180.0,144.0
V001621,2026-06-13,W02,卡本內蘇維翁(杯),酒水,Red_Meat,320.0,192.0
V001622,2026-06-13,M01,舒肥紅酒燉牛肉,主食,Red_Meat,480.0,192.0
V001622,2026-06-13,S04,三種起司拼盤,副食,Cheese,340.0,224.4
V001622,2026-06-13,S04,三種起司拼盤,副食,Cheese,340.0,224.4
V001622,2026-06-13,S07,炙燒櫛瓜佐油醋,副食,Universal,160.0,108.8
V001622,2026-06-13,W07,Old Fashioned,酒水,Red_Meat,380.0,285.0
V001623,2026-06-13,M05,白酒蛤蜊義大利麵,主食,Seafood,380.0,167.2
V001623,2026-06-13,S04,三種起司拼盤,副食,Cheese,340.0,224.4
V001623,2026-06-13,W03,夏多內白酒(杯),酒水,Seafood,260.0,161.2
V001623,2026-06-13,W02,卡本內蘇維翁(杯),酒水,Red_Meat,320.0,192.0
V001623,2026-06-13,W06,Negroni,酒水,Cheese,350.0,266.0
V001623,2026-06-13,W04,白蘇維翁(杯),酒水,Seafood,280.0,170.8
V001623,2026-06-13,W03,夏多內白酒(杯),酒水,Seafood,260.0,161.2
V001623,2026-06-13,W06,Negroni,酒水,Cheese,350.0,266.0
V001624,2026-06-13,M01,舒肥紅酒燉牛肉,主食,Red_Meat,480.0,192.0
V001624,2026-06-13,S05,松露薯條,副食,Fried,180.0,129.6
V001624,2026-06-13,S07,炙燒櫛瓜佐油醋,副食,Universal,160.0,108.8
V001624,2026-06-13,W02,卡本內蘇維翁(杯),酒水,Red_Meat,320.0,192.0
V001624,2026-06-13,W01,馬爾貝克紅酒(杯),酒水,Red_Meat,280.0,173.6
V001625,2026-06-13,M05,白酒蛤蜊義大利麵,主食,Seafood,380.0,167.2
V001625,2026-06-13,M05,白酒蛤蜊義大利麵,主食,Seafood,380.0,167.2
V001625,2026-06-13,S07,炙燒櫛瓜佐油醋,副食,Universal,160.0,108.8
V001625,2026-06-13,S05,松露薯條,副食,Fried,180.0,129.6
V001625,2026-06-13,S07,炙燒櫛瓜佐油醋,副食,Universal,160.0,108.8
V001625,2026-06-13,S07,炙燒櫛瓜佐油醋,副食,Universal,160.0,108.8
V001625,2026-06-13,S02,西班牙蒜辣蝦,副食,Seafood,260.0,176.8
V001625,2026-06-13,W10,小麥白啤酒,酒水,Fried,240.0,136.8
V001625,2026-06-13,W04,白蘇維翁(杯),酒水,Seafood,280.0,170.8
V001625,2026-06-13,W05,氣泡酒(杯),酒水,Fried,300.0,189.0
V001625,2026-06-13,W12,季節水果特調,酒水,Universal,340.0,261.8
V001625,2026-06-13,W07,Old Fashioned,酒水,Red_Meat,380.0,285.0
V001625,2026-06-13,W05,氣泡酒(杯),酒水,Fried,300.0,189.0
V001626,2026-06-13,M02,爐烤伊比利豬肩,主食,Red_Meat,520.0,197.6
V001626,2026-06-13,D01,提拉米蘇,甜點,Dessert,180.0,117.0
V001626,2026-06-13,W12,季節水果特調,酒水,Universal,340.0,261.8
V001627,2026-06-14,M01,舒肥紅酒燉牛肉,主食,Red_Meat,480.0,192.0
V001627,2026-06-14,M06,香煎鮭魚佐檸檬,主食,Seafood,460.0,193.2
V001627,2026-06-14,S06,酥炸花枝圈,副食,Fried,220.0,154.0
V001627,2026-06-14,S05,松露薯條,副食,Fried,180.0,129.6
V001627,2026-06-14,S07,炙燒櫛瓜佐油醋,副食,Universal,160.0,108.8
V001627,2026-06-14,S05,松露薯條,副食,Fried,180.0,129.6
V001627,2026-06-14,W09,精釀 IPA,酒水,Fried,260.0,150.8
V001628,2026-06-14,M05,白酒蛤蜊義大利麵,主食,Seafood,380.0,167.2
V001628,2026-06-14,S06,酥炸花枝圈,副食,Fried,220.0,154.0
V001628,2026-06-14,S05,松露薯條,副食,Fried,180.0,129.6
V001628,2026-06-14,W05,氣泡酒(杯),酒水,Fried,300.0,189.0
V001628,2026-06-14,W12,季節水果特調,酒水,Universal,340.0,261.8
V001628,2026-06-14,W09,精釀 IPA,酒水,Fried,260.0,150.8
V001629,2026-06-14,M02,爐烤伊比利豬肩,主食,Red_Meat,520.0,197.6
V001629,2026-06-14,M01,舒肥紅酒燉牛肉,主食,Red_Meat,480.0,192.0
V001629,2026-06-14,S04,三種起司拼盤,副食,Cheese,340.0,224.4
V001629,2026-06-14,W03,夏多內白酒(杯),酒水,Seafood,260.0,161.2
V001629,2026-06-14,W02,卡本內蘇維翁(杯),酒水,Red_Meat,320.0,192.0
V001629,2026-06-14,W08,Gin & Tonic,酒水,Universal,300.0,234.0
V001629,2026-06-14,W02,卡本內蘇維翁(杯),酒水,Red_Meat,320.0,192.0
V001629,2026-06-14,W03,夏多內白酒(杯),酒水,Seafood,260.0,161.2
V001629,2026-06-14,W08,Gin & Tonic,酒水,Universal,300.0,234.0
V001629,2026-06-14,W01,馬爾貝克紅酒(杯),酒水,Red_Meat,280.0,173.6
V001629,2026-06-14,W11,威士忌 Highball,酒水,Cheese,300.0,222.0
V001630,2026-06-14,M05,白酒蛤蜊義大利麵,主食,Seafood,380.0,167.2
V001630,2026-06-14,M02,爐烤伊比利豬肩,主食,Red_Meat,520.0,197.6
V001630,2026-06-14,S03,伊比利火腿盤,副食,Cheese,380.0,247.0
V001631,2026-06-14,M02,爐烤伊比利豬肩,主食,Red_Meat,520.0,197.6
V001631,2026-06-14,M02,爐烤伊比利豬肩,主食,Red_Meat,520.0,197.6
V001631,2026-06-14,S06,酥炸花枝圈,副食,Fried,220.0,154.0
V001631,2026-06-14,S05,松露薯條,副食,Fried,180.0,129.6
V001631,2026-06-14,S02,西班牙蒜辣蝦,副食,Seafood,260.0,176.8
V001631,2026-06-14,W09,精釀 IPA,酒水,Fried,260.0,150.8
V001631,2026-06-14,W12,季節水果特調,酒水,Universal,340.0,261.8
V001631,2026-06-14,W05,氣泡酒(杯),酒水,Fried,300.0,189.0
V001632,2026-06-14,M01,舒肥紅酒燉牛肉,主食,Red_Meat,480.0,192.0
V001632,2026-06-14,S06,酥炸花枝圈,副食,Fried,220.0,154.0
V001632,2026-06-14,S03,伊比利火腿盤,副食,Cheese,380.0,247.0
V001632,2026-06-14,S02,西班牙蒜辣蝦,副食,Seafood,260.0,176.8
V001632,2026-06-14,D01,提拉米蘇,甜點,Dessert,180.0,117.0
V001632,2026-06-14,W05,氣泡酒(杯),酒水,Fried,300.0,189.0
V001632,2026-06-14,W01,馬爾貝克紅酒(杯),酒水,Red_Meat,280.0,173.6
V001632,2026-06-14,W07,Old Fashioned,酒水,Red_Meat,380.0,285.0
V001632,2026-06-14,W10,小麥白啤酒,酒水,Fried,240.0,136.8
V001633,2026-06-14,M01,舒肥紅酒燉牛肉,主食,Red_Meat,480.0,192.0
V001633,2026-06-14,M02,爐烤伊比利豬肩,主食,Red_Meat,520.0,197.6
V001633,2026-06-14,M04,松露野菌燉飯,主食,Cheese,420.0,189.0
V001633,2026-06-14,S05,松露薯條,副食,Fried,180.0,129.6
V001633,2026-06-14,S06,酥炸花枝圈,副食,Fried,220.0,154.0
V001633,2026-06-14,S03,伊比利火腿盤,副食,Cheese,380.0,247.0
V001633,2026-06-14,D01,提拉米蘇,甜點,Dessert,180.0,117.0
V001633,2026-06-14,W01,馬爾貝克紅酒(杯),酒水,Red_Meat,280.0,173.6
V001633,2026-06-14,W01,馬爾貝克紅酒(杯),酒水,Red_Meat,280.0,173.6
V001633,2026-06-14,W09,精釀 IPA,酒水,Fried,260.0,150.8
V001633,2026-06-14,W05,氣泡酒(杯),酒水,Fried,300.0,189.0
V001633,2026-06-14,W13,無酒精莫吉托,酒水,Universal,180.0,144.0
V001633,2026-06-14,W02,卡本內蘇維翁(杯),酒水,Red_Meat,320.0,192.0
V001633,2026-06-14,W02,卡本內蘇維翁(杯),酒水,Red_Meat,320.0,192.0
V001634,2026-06-14,M02,爐烤伊比利豬肩,主食,Red_Meat,520.0,197.6
V001634,2026-06-14,S03,伊比利火腿盤,副食,Cheese,380.0,247.0
V001634,2026-06-14,S03,伊比利火腿盤,副食,Cheese,380.0,247.0
V001634,2026-06-14,S03,伊比利火腿盤,副食,Cheese,380.0,247.0
V001634,2026-06-14,W07,Old Fashioned,酒水,Red_Meat,380.0,285.0
V001634,2026-06-14,W01,馬爾貝克紅酒(杯),酒水,Red_Meat,280.0,173.6
V001634,2026-06-14,W07,Old Fashioned,酒水,Red_Meat,380.0,285.0
V001634,2026-06-14,W04,白蘇維翁(杯),酒水,Seafood,280.0,170.8
V001635,2026-06-14,M01,舒肥紅酒燉牛肉,主食,Red_Meat,480.0,192.0
V001635,2026-06-14,M04,松露野菌燉飯,主食,Cheese,420.0,189.0
V001635,2026-06-14,S01,紹興油泡蝦,副食,Seafood,280.0,196.0
V001635,2026-06-14,W13,無酒精莫吉托,酒水,Universal,180.0,144.0
V001635,2026-06-14,W02,卡本內蘇維翁(杯),酒水,Red_Meat,320.0,192.0
V001635,2026-06-14,W11,威士忌 Highball,酒水,Cheese,300.0,222.0
V001635,2026-06-14,W01,馬爾貝克紅酒(杯),酒水,Red_Meat,280.0,173.6
V001635,2026-06-14,W04,白蘇維翁(杯),酒水,Seafood,280.0,170.8
V001636,2026-06-14,M05,白酒蛤蜊義大利麵,主食,Seafood,380.0,167.2
V001636,2026-06-14,M03,炭烤戰斧牛排,主食,Red_Meat,880.0,308.0
V001636,2026-06-14,S03,伊比利火腿盤,副食,Cheese,380.0,247.0
V001636,2026-06-14,S01,紹興油泡蝦,副食,Seafood,280.0,196.0
V001636,2026-06-14,W04,白蘇維翁(杯),酒水,Seafood,280.0,170.8
V001636,2026-06-14,W08,Gin & Tonic,酒水,Universal,300.0,234.0
V001637,2026-06-14,M04,松露野菌燉飯,主食,Cheese,420.0,189.0
V001638,2026-06-14,M03,炭烤戰斧牛排,主食,Red_Meat,880.0,308.0
V001638,2026-06-14,M01,舒肥紅酒燉牛肉,主食,Red_Meat,480.0,192.0
V001638,2026-06-14,M06,香煎鮭魚佐檸檬,主食,Seafood,460.0,193.2
V001638,2026-06-14,S03,伊比利火腿盤,副食,Cheese,380.0,247.0
V001638,2026-06-14,D02,焦糖烤布蕾,甜點,Dessert,160.0,107.2
V001638,2026-06-14,W11,威士忌 Highball,酒水,Cheese,300.0,222.0
V001638,2026-06-14,W08,Gin & Tonic,酒水,Universal,300.0,234.0
V001639,2026-06-16,M04,松露野菌燉飯,主食,Cheese,420.0,189.0
V001639,2026-06-16,S07,炙燒櫛瓜佐油醋,副食,Universal,160.0,108.8
V001639,2026-06-16,S04,三種起司拼盤,副食,Cheese,340.0,224.4
V001639,2026-06-16,W11,威士忌 Highball,酒水,Cheese,300.0,222.0
V001640,2026-06-16,M03,炭烤戰斧牛排,主食,Red_Meat,880.0,308.0
V001640,2026-06-16,S02,西班牙蒜辣蝦,副食,Seafood,260.0,176.8
V001640,2026-06-16,W07,Old Fashioned,酒水,Red_Meat,380.0,285.0
V001640,2026-06-16,W01,馬爾貝克紅酒(杯),酒水,Red_Meat,280.0,173.6
V001640,2026-06-16,W03,夏多內白酒(杯),酒水,Seafood,260.0,161.2
V001640,2026-06-16,W03,夏多內白酒(杯),酒水,Seafood,260.0,161.2
V001640,2026-06-16,W04,白蘇維翁(杯),酒水,Seafood,280.0,170.8
V001641,2026-06-16,M04,松露野菌燉飯,主食,Cheese,420.0,189.0
V001641,2026-06-16,M01,舒肥紅酒燉牛肉,主食,Red_Meat,480.0,192.0
V001641,2026-06-16,S01,紹興油泡蝦,副食,Seafood,280.0,196.0
V001641,2026-06-16,S07,炙燒櫛瓜佐油醋,副食,Universal,160.0,108.8
V001641,2026-06-16,S01,紹興油泡蝦,副食,Seafood,280.0,196.0
V001641,2026-06-16,S02,西班牙蒜辣蝦,副食,Seafood,260.0,176.8
V001641,2026-06-16,D02,焦糖烤布蕾,甜點,Dessert,160.0,107.2
V001641,2026-06-16,W08,Gin & Tonic,酒水,Universal,300.0,234.0
V001641,2026-06-16,W09,精釀 IPA,酒水,Fried,260.0,150.8
V001641,2026-06-16,W02,卡本內蘇維翁(杯),酒水,Red_Meat,320.0,192.0
V001641,2026-06-16,W13,無酒精莫吉托,酒水,Universal,180.0,144.0
V001641,2026-06-16,W13,無酒精莫吉托,酒水,Universal,180.0,144.0
V001641,2026-06-16,W04,白蘇維翁(杯),酒水,Seafood,280.0,170.8
V001641,2026-06-16,W08,Gin & Tonic,酒水,Universal,300.0,234.0
V001641,2026-06-16,W10,小麥白啤酒,酒水,Fried,240.0,136.8
V001641,2026-06-16,W02,卡本內蘇維翁(杯),酒水,Red_Meat,320.0,192.0
V001641,2026-06-16,W12,季節水果特調,酒水,Universal,340.0,261.8
V001641,2026-06-16,W13,無酒精莫吉托,酒水,Universal,180.0,144.0
V001642,2026-06-16,M06,香煎鮭魚佐檸檬,主食,Seafood,460.0,193.2
V001642,2026-06-16,S04,三種起司拼盤,副食,Cheese,340.0,224.4
V001642,2026-06-16,S01,紹興油泡蝦,副食,Seafood,280.0,196.0
V001642,2026-06-16,W04,白蘇維翁(杯),酒水,Seafood,280.0,170.8
V001643,2026-06-16,M03,炭烤戰斧牛排,主食,Red_Meat,880.0,308.0
V001643,2026-06-16,M03,炭烤戰斧牛排,主食,Red_Meat,880.0,308.0
V001643,2026-06-16,S06,酥炸花枝圈,副食,Fried,220.0,154.0
V001643,2026-06-16,W13,無酒精莫吉托,酒水,Universal,180.0,144.0
V001643,2026-06-16,W12,季節水果特調,酒水,Universal,340.0,261.8
V001643,2026-06-16,W06,Negroni,酒水,Cheese,350.0,266.0
V001643,2026-06-16,W01,馬爾貝克紅酒(杯),酒水,Red_Meat,280.0,173.6
V001643,2026-06-16,W03,夏多內白酒(杯),酒水,Seafood,260.0,161.2
V001643,2026-06-16,W04,白蘇維翁(杯),酒水,Seafood,280.0,170.8
V001643,2026-06-16,W07,Old Fashioned,酒水,Red_Meat,380.0,285.0
V001643,2026-06-16,W01,馬爾貝克紅酒(杯),酒水,Red_Meat,280.0,173.6
V001644,2026-06-16,M03,炭烤戰斧牛排,主食,Red_Meat,880.0,308.0
V001644,2026-06-16,M04,松露野菌燉飯,主食,Cheese,420.0,189.0
V001644,2026-06-16,S06,酥炸花枝圈,副食,Fried,220.0,154.0
V001644,2026-06-16,S05,松露薯條,副食,Fried,180.0,129.6
V001644,2026-06-16,S01,紹興油泡蝦,副食,Seafood,280.0,196.0
V001644,2026-06-16,D02,焦糖烤布蕾,甜點,Dessert,160.0,107.2
V001644,2026-06-16,W04,白蘇維翁(杯),酒水,Seafood,280.0,170.8
V001644,2026-06-16,W13,無酒精莫吉托,酒水,Universal,180.0,144.0
V001644,2026-06-16,W01,馬爾貝克紅酒(杯),酒水,Red_Meat,280.0,173.6
V001644,2026-06-16,W03,夏多內白酒(杯),酒水,Seafood,260.0,161.2
V001645,2026-06-17,M06,香煎鮭魚佐檸檬,主食,Seafood,460.0,193.2
V001645,2026-06-17,S04,三種起司拼盤,副食,Cheese,340.0,224.4
V001645,2026-06-17,S05,松露薯條,副食,Fried,180.0,129.6
V001645,2026-06-17,S01,紹興油泡蝦,副食,Seafood,280.0,196.0
V001645,2026-06-17,W05,氣泡酒(杯),酒水,Fried,300.0,189.0
V001645,2026-06-17,W05,氣泡酒(杯),酒水,Fried,300.0,189.0
V001645,2026-06-17,W04,白蘇維翁(杯),酒水,Seafood,280.0,170.8
V001645,2026-06-17,W05,氣泡酒(杯),酒水,Fried,300.0,189.0
V001645,2026-06-17,W09,精釀 IPA,酒水,Fried,260.0,150.8
V001645,2026-06-17,W03,夏多內白酒(杯),酒水,Seafood,260.0,161.2
V001646,2026-06-17,M04,松露野菌燉飯,主食,Cheese,420.0,189.0
V001646,2026-06-17,S07,炙燒櫛瓜佐油醋,副食,Universal,160.0,108.8
V001646,2026-06-17,S02,西班牙蒜辣蝦,副食,Seafood,260.0,176.8
V001646,2026-06-17,W03,夏多內白酒(杯),酒水,Seafood,260.0,161.2
V001646,2026-06-17,W01,馬爾貝克紅酒(杯),酒水,Red_Meat,280.0,173.6
V001646,2026-06-17,W06,Negroni,酒水,Cheese,350.0,266.0
V001647,2026-06-17,M06,香煎鮭魚佐檸檬,主食,Seafood,460.0,193.2
V001647,2026-06-17,S02,西班牙蒜辣蝦,副食,Seafood,260.0,176.8
V001647,2026-06-17,S03,伊比利火腿盤,副食,Cheese,380.0,247.0
V001647,2026-06-17,D02,焦糖烤布蕾,甜點,Dessert,160.0,107.2
V001647,2026-06-17,W04,白蘇維翁(杯),酒水,Seafood,280.0,170.8
V001647,2026-06-17,W07,Old Fashioned,酒水,Red_Meat,380.0,285.0
V001648,2026-06-17,M04,松露野菌燉飯,主食,Cheese,420.0,189.0
V001648,2026-06-17,S03,伊比利火腿盤,副食,Cheese,380.0,247.0
V001648,2026-06-17,S02,西班牙蒜辣蝦,副食,Seafood,260.0,176.8
V001648,2026-06-17,S05,松露薯條,副食,Fried,180.0,129.6
V001649,2026-06-17,M06,香煎鮭魚佐檸檬,主食,Seafood,460.0,193.2
V001649,2026-06-17,S05,松露薯條,副食,Fried,180.0,129.6
V001649,2026-06-17,W12,季節水果特調,酒水,Universal,340.0,261.8
V001649,2026-06-17,W12,季節水果特調,酒水,Universal,340.0,261.8
V001649,2026-06-17,W04,白蘇維翁(杯),酒水,Seafood,280.0,170.8
V001649,2026-06-17,W10,小麥白啤酒,酒水,Fried,240.0,136.8
V001649,2026-06-17,W11,威士忌 Highball,酒水,Cheese,300.0,222.0
V001649,2026-06-17,W03,夏多內白酒(杯),酒水,Seafood,260.0,161.2
V001649,2026-06-17,W04,白蘇維翁(杯),酒水,Seafood,280.0,170.8
V001650,2026-06-17,M04,松露野菌燉飯,主食,Cheese,420.0,189.0
V001650,2026-06-17,M06,香煎鮭魚佐檸檬,主食,Seafood,460.0,193.2
V001650,2026-06-17,S05,松露薯條,副食,Fried,180.0,129.6
V001650,2026-06-17,S01,紹興油泡蝦,副食,Seafood,280.0,196.0
V001650,2026-06-17,D02,焦糖烤布蕾,甜點,Dessert,160.0,107.2
V001650,2026-06-17,W11,威士忌 Highball,酒水,Cheese,300.0,222.0
V001650,2026-06-17,W03,夏多內白酒(杯),酒水,Seafood,260.0,161.2
V001650,2026-06-17,W12,季節水果特調,酒水,Universal,340.0,261.8
V001650,2026-06-17,W13,無酒精莫吉托,酒水,Universal,180.0,144.0
V001650,2026-06-17,W05,氣泡酒(杯),酒水,Fried,300.0,189.0
V001650,2026-06-17,W03,夏多內白酒(杯),酒水,Seafood,260.0,161.2
V001650,2026-06-17,W02,卡本內蘇維翁(杯),酒水,Red_Meat,320.0,192.0
V001650,2026-06-17,W04,白蘇維翁(杯),酒水,Seafood,280.0,170.8
V001651,2026-06-17,M01,舒肥紅酒燉牛肉,主食,Red_Meat,480.0,192.0
V001651,2026-06-17,W02,卡本內蘇維翁(杯),酒水,Red_Meat,320.0,192.0
V001651,2026-06-17,W07,Old Fashioned,酒水,Red_Meat,380.0,285.0
V001651,2026-06-17,W01,馬爾貝克紅酒(杯),酒水,Red_Meat,280.0,173.6
V001651,2026-06-17,W08,Gin & Tonic,酒水,Universal,300.0,234.0
V001651,2026-06-17,W07,Old Fashioned,酒水,Red_Meat,380.0,285.0
V001651,2026-06-17,W02,卡本內蘇維翁(杯),酒水,Red_Meat,320.0,192.0
V001652,2026-06-17,M01,舒肥紅酒燉牛肉,主食,Red_Meat,480.0,192.0
V001652,2026-06-17,S03,伊比利火腿盤,副食,Cheese,380.0,247.0
V001652,2026-06-17,S05,松露薯條,副食,Fried,180.0,129.6
V001652,2026-06-17,S07,炙燒櫛瓜佐油醋,副食,Universal,160.0,108.8
V001652,2026-06-17,S01,紹興油泡蝦,副食,Seafood,280.0,196.0
V001652,2026-06-17,S01,紹興油泡蝦,副食,Seafood,280.0,196.0
V001652,2026-06-17,W13,無酒精莫吉托,酒水,Universal,180.0,144.0
V001652,2026-06-17,W02,卡本內蘇維翁(杯),酒水,Red_Meat,320.0,192.0
V001652,2026-06-17,W03,夏多內白酒(杯),酒水,Seafood,260.0,161.2
V001652,2026-06-17,W04,白蘇維翁(杯),酒水,Seafood,280.0,170.8
V001652,2026-06-17,W11,威士忌 Highball,酒水,Cheese,300.0,222.0
V001652,2026-06-17,W09,精釀 IPA,酒水,Fried,260.0,150.8
V001652,2026-06-17,W12,季節水果特調,酒水,Universal,340.0,261.8
V001653,2026-06-17,M01,舒肥紅酒燉牛肉,主食,Red_Meat,480.0,192.0
V001653,2026-06-17,M01,舒肥紅酒燉牛肉,主食,Red_Meat,480.0,192.0
V001653,2026-06-17,M04,松露野菌燉飯,主食,Cheese,420.0,189.0
V001653,2026-06-17,M01,舒肥紅酒燉牛肉,主食,Red_Meat,480.0,192.0
V001653,2026-06-17,S04,三種起司拼盤,副食,Cheese,340.0,224.4
V001653,2026-06-17,S04,三種起司拼盤,副食,Cheese,340.0,224.4
V001653,2026-06-17,S07,炙燒櫛瓜佐油醋,副食,Universal,160.0,108.8
V001653,2026-06-17,S02,西班牙蒜辣蝦,副食,Seafood,260.0,176.8
V001653,2026-06-17,W07,Old Fashioned,酒水,Red_Meat,380.0,285.0
V001653,2026-06-17,W06,Negroni,酒水,Cheese,350.0,266.0
V001653,2026-06-17,W02,卡本內蘇維翁(杯),酒水,Red_Meat,320.0,192.0
V001653,2026-06-17,W04,白蘇維翁(杯),酒水,Seafood,280.0,170.8
V001653,2026-06-17,W06,Negroni,酒水,Cheese,350.0,266.0
V001653,2026-06-17,W08,Gin & Tonic,酒水,Universal,300.0,234.0
V001654,2026-06-17,M06,香煎鮭魚佐檸檬,主食,Seafood,460.0,193.2
V001654,2026-06-17,S01,紹興油泡蝦,副食,Seafood,280.0,196.0
V001654,2026-06-17,S07,炙燒櫛瓜佐油醋,副食,Universal,160.0,108.8
V001654,2026-06-17,W04,白蘇維翁(杯),酒水,Seafood,280.0,170.8
V001654,2026-06-17,W07,Old Fashioned,酒水,Red_Meat,380.0,285.0
V001654,2026-06-17,W05,氣泡酒(杯),酒水,Fried,300.0,189.0
V001655,2026-06-18,M01,舒肥紅酒燉牛肉,主食,Red_Meat,480.0,192.0
V001655,2026-06-18,M06,香煎鮭魚佐檸檬,主食,Seafood,460.0,193.2
V001655,2026-06-18,W01,馬爾貝克紅酒(杯),酒水,Red_Meat,280.0,173.6
V001655,2026-06-18,W07,Old Fashioned,酒水,Red_Meat,380.0,285.0
V001656,2026-06-18,M03,炭烤戰斧牛排,主食,Red_Meat,880.0,308.0
V001656,2026-06-18,S03,伊比利火腿盤,副食,Cheese,380.0,247.0
V001656,2026-06-18,W11,威士忌 Highball,酒水,Cheese,300.0,222.0
V001656,2026-06-18,W08,Gin & Tonic,酒水,Universal,300.0,234.0
V001657,2026-06-18,S01,紹興油泡蝦,副食,Seafood,280.0,196.0
V001657,2026-06-18,W04,白蘇維翁(杯),酒水,Seafood,280.0,170.8
V001657,2026-06-18,W09,精釀 IPA,酒水,Fried,260.0,150.8
V001658,2026-06-18,M05,白酒蛤蜊義大利麵,主食,Seafood,380.0,167.2
V001658,2026-06-18,M02,爐烤伊比利豬肩,主食,Red_Meat,520.0,197.6
V001658,2026-06-18,S02,西班牙蒜辣蝦,副食,Seafood,260.0,176.8
V001658,2026-06-18,S04,三種起司拼盤,副食,Cheese,340.0,224.4
V001658,2026-06-18,S04,三種起司拼盤,副食,Cheese,340.0,224.4
V001658,2026-06-18,S02,西班牙蒜辣蝦,副食,Seafood,260.0,176.8
V001658,2026-06-18,S04,三種起司拼盤,副食,Cheese,340.0,224.4
V001658,2026-06-18,W03,夏多內白酒(杯),酒水,Seafood,260.0,161.2
V001658,2026-06-18,W03,夏多內白酒(杯),酒水,Seafood,260.0,161.2
V001659,2026-06-18,M04,松露野菌燉飯,主食,Cheese,420.0,189.0
V001659,2026-06-18,M03,炭烤戰斧牛排,主食,Red_Meat,880.0,308.0
V001659,2026-06-18,W01,馬爾貝克紅酒(杯),酒水,Red_Meat,280.0,173.6
V001659,2026-06-18,W09,精釀 IPA,酒水,Fried,260.0,150.8
V001659,2026-06-18,W12,季節水果特調,酒水,Universal,340.0,261.8
V001660,2026-06-18,M06,香煎鮭魚佐檸檬,主食,Seafood,460.0,193.2
V001660,2026-06-18,M04,松露野菌燉飯,主食,Cheese,420.0,189.0
V001660,2026-06-18,M02,爐烤伊比利豬肩,主食,Red_Meat,520.0,197.6
V001660,2026-06-18,M01,舒肥紅酒燉牛肉,主食,Red_Meat,480.0,192.0
V001660,2026-06-18,S06,酥炸花枝圈,副食,Fried,220.0,154.0
V001660,2026-06-18,S04,三種起司拼盤,副食,Cheese,340.0,224.4
V001660,2026-06-18,S07,炙燒櫛瓜佐油醋,副食,Universal,160.0,108.8
V001660,2026-06-18,S07,炙燒櫛瓜佐油醋,副食,Universal,160.0,108.8
V001660,2026-06-18,W01,馬爾貝克紅酒(杯),酒水,Red_Meat,280.0,173.6
V001660,2026-06-18,W03,夏多內白酒(杯),酒水,Seafood,260.0,161.2
V001660,2026-06-18,W12,季節水果特調,酒水,Universal,340.0,261.8
V001660,2026-06-18,W04,白蘇維翁(杯),酒水,Seafood,280.0,170.8
V001660,2026-06-18,W01,馬爾貝克紅酒(杯),酒水,Red_Meat,280.0,173.6
V001661,2026-06-18,M03,炭烤戰斧牛排,主食,Red_Meat,880.0,308.0
V001661,2026-06-18,M05,白酒蛤蜊義大利麵,主食,Seafood,380.0,167.2
V001661,2026-06-18,S03,伊比利火腿盤,副食,Cheese,380.0,247.0
V001661,2026-06-18,S02,西班牙蒜辣蝦,副食,Seafood,260.0,176.8
V001661,2026-06-18,S02,西班牙蒜辣蝦,副食,Seafood,260.0,176.8
V001661,2026-06-18,S05,松露薯條,副食,Fried,180.0,129.6
V001661,2026-06-18,W04,白蘇維翁(杯),酒水,Seafood,280.0,170.8
V001661,2026-06-18,W08,Gin & Tonic,酒水,Universal,300.0,234.0
V001662,2026-06-18,M03,炭烤戰斧牛排,主食,Red_Meat,880.0,308.0
V001662,2026-06-18,S04,三種起司拼盤,副食,Cheese,340.0,224.4
V001662,2026-06-18,W04,白蘇維翁(杯),酒水,Seafood,280.0,170.8
V001662,2026-06-18,W12,季節水果特調,酒水,Universal,340.0,261.8
V001662,2026-06-18,W05,氣泡酒(杯),酒水,Fried,300.0,189.0
V001662,2026-06-18,W07,Old Fashioned,酒水,Red_Meat,380.0,285.0
V001662,2026-06-18,W02,卡本內蘇維翁(杯),酒水,Red_Meat,320.0,192.0
V001662,2026-06-18,W11,威士忌 Highball,酒水,Cheese,300.0,222.0
V001663,2026-06-18,M04,松露野菌燉飯,主食,Cheese,420.0,189.0
V001663,2026-06-18,M05,白酒蛤蜊義大利麵,主食,Seafood,380.0,167.2
V001663,2026-06-18,M03,炭烤戰斧牛排,主食,Red_Meat,880.0,308.0
V001663,2026-06-18,M04,松露野菌燉飯,主食,Cheese,420.0,189.0
V001663,2026-06-18,M03,炭烤戰斧牛排,主食,Red_Meat,880.0,308.0
V001663,2026-06-18,S04,三種起司拼盤,副食,Cheese,340.0,224.4
V001663,2026-06-18,S07,炙燒櫛瓜佐油醋,副食,Universal,160.0,108.8
V001663,2026-06-18,W06,Negroni,酒水,Cheese,350.0,266.0
V001663,2026-06-18,W10,小麥白啤酒,酒水,Fried,240.0,136.8
V001663,2026-06-18,W08,Gin & Tonic,酒水,Universal,300.0,234.0
V001663,2026-06-18,W01,馬爾貝克紅酒(杯),酒水,Red_Meat,280.0,173.6
V001663,2026-06-18,W03,夏多內白酒(杯),酒水,Seafood,260.0,161.2
V001664,2026-06-18,M01,舒肥紅酒燉牛肉,主食,Red_Meat,480.0,192.0
V001664,2026-06-18,M06,香煎鮭魚佐檸檬,主食,Seafood,460.0,193.2
V001664,2026-06-18,M02,爐烤伊比利豬肩,主食,Red_Meat,520.0,197.6
V001664,2026-06-18,S06,酥炸花枝圈,副食,Fried,220.0,154.0
V001664,2026-06-18,S01,紹興油泡蝦,副食,Seafood,280.0,196.0
V001664,2026-06-18,S02,西班牙蒜辣蝦,副食,Seafood,260.0,176.8
V001664,2026-06-18,S06,酥炸花枝圈,副食,Fried,220.0,154.0
V001664,2026-06-18,S02,西班牙蒜辣蝦,副食,Seafood,260.0,176.8
V001664,2026-06-18,D02,焦糖烤布蕾,甜點,Dessert,160.0,107.2
V001664,2026-06-18,W04,白蘇維翁(杯),酒水,Seafood,280.0,170.8
V001664,2026-06-18,W13,無酒精莫吉托,酒水,Universal,180.0,144.0
V001664,2026-06-18,W01,馬爾貝克紅酒(杯),酒水,Red_Meat,280.0,173.6
V001664,2026-06-18,W12,季節水果特調,酒水,Universal,340.0,261.8
V001664,2026-06-18,W03,夏多內白酒(杯),酒水,Seafood,260.0,161.2
V001664,2026-06-18,W07,Old Fashioned,酒水,Red_Meat,380.0,285.0
V001664,2026-06-18,W03,夏多內白酒(杯),酒水,Seafood,260.0,161.2
V001664,2026-06-18,W01,馬爾貝克紅酒(杯),酒水,Red_Meat,280.0,173.6
V001665,2026-06-19,M05,白酒蛤蜊義大利麵,主食,Seafood,380.0,167.2
V001665,2026-06-19,S06,酥炸花枝圈,副食,Fried,220.0,154.0
V001665,2026-06-19,S03,伊比利火腿盤,副食,Cheese,380.0,247.0
V001665,2026-06-19,S05,松露薯條,副食,Fried,180.0,129.6
V001665,2026-06-19,S02,西班牙蒜辣蝦,副食,Seafood,260.0,176.8
V001666,2026-06-19,M02,爐烤伊比利豬肩,主食,Red_Meat,520.0,197.6
V001666,2026-06-19,S03,伊比利火腿盤,副食,Cheese,380.0,247.0
V001666,2026-06-19,D01,提拉米蘇,甜點,Dessert,180.0,117.0
V001666,2026-06-19,W03,夏多內白酒(杯),酒水,Seafood,260.0,161.2
V001666,2026-06-19,W12,季節水果特調,酒水,Universal,340.0,261.8
V001666,2026-06-19,W07,Old Fashioned,酒水,Red_Meat,380.0,285.0
V001666,2026-06-19,W13,無酒精莫吉托,酒水,Universal,180.0,144.0
V001666,2026-06-19,W01,馬爾貝克紅酒(杯),酒水,Red_Meat,280.0,173.6
V001667,2026-06-19,M04,松露野菌燉飯,主食,Cheese,420.0,189.0
V001667,2026-06-19,M06,香煎鮭魚佐檸檬,主食,Seafood,460.0,193.2
V001667,2026-06-19,M03,炭烤戰斧牛排,主食,Red_Meat,880.0,308.0
V001667,2026-06-19,S03,伊比利火腿盤,副食,Cheese,380.0,247.0
V001667,2026-06-19,S07,炙燒櫛瓜佐油醋,副食,Universal,160.0,108.8
V001667,2026-06-19,S07,炙燒櫛瓜佐油醋,副食,Universal,160.0,108.8
V001667,2026-06-19,S02,西班牙蒜辣蝦,副食,Seafood,260.0,176.8
V001667,2026-06-19,S07,炙燒櫛瓜佐油醋,副食,Universal,160.0,108.8
V001667,2026-06-19,D01,提拉米蘇,甜點,Dessert,180.0,117.0
V001667,2026-06-19,W01,馬爾貝克紅酒(杯),酒水,Red_Meat,280.0,173.6
V001667,2026-06-19,W02,卡本內蘇維翁(杯),酒水,Red_Meat,320.0,192.0
V001667,2026-06-19,W07,Old Fashioned,酒水,Red_Meat,380.0,285.0
V001667,2026-06-19,W08,Gin & Tonic,酒水,Universal,300.0,234.0
V001667,2026-06-19,W01,馬爾貝克紅酒(杯),酒水,Red_Meat,280.0,173.6
V001667,2026-06-19,W08,Gin & Tonic,酒水,Universal,300.0,234.0
V001667,2026-06-19,W07,Old Fashioned,酒水,Red_Meat,380.0,285.0
V001668,2026-06-19,M02,爐烤伊比利豬肩,主食,Red_Meat,520.0,197.6
V001668,2026-06-19,W07,Old Fashioned,酒水,Red_Meat,380.0,285.0
V001668,2026-06-19,W01,馬爾貝克紅酒(杯),酒水,Red_Meat,280.0,173.6
V001668,2026-06-19,W02,卡本內蘇維翁(杯),酒水,Red_Meat,320.0,192.0
V001668,2026-06-19,W06,Negroni,酒水,Cheese,350.0,266.0
V001668,2026-06-19,W02,卡本內蘇維翁(杯),酒水,Red_Meat,320.0,192.0
V001668,2026-06-19,W01,馬爾貝克紅酒(杯),酒水,Red_Meat,280.0,173.6
V001669,2026-06-19,M05,白酒蛤蜊義大利麵,主食,Seafood,380.0,167.2
V001669,2026-06-19,M03,炭烤戰斧牛排,主食,Red_Meat,880.0,308.0
V001669,2026-06-19,S04,三種起司拼盤,副食,Cheese,340.0,224.4
V001669,2026-06-19,W01,馬爾貝克紅酒(杯),酒水,Red_Meat,280.0,173.6
V001669,2026-06-19,W11,威士忌 Highball,酒水,Cheese,300.0,222.0
V001669,2026-06-19,W02,卡本內蘇維翁(杯),酒水,Red_Meat,320.0,192.0
V001670,2026-06-19,M06,香煎鮭魚佐檸檬,主食,Seafood,460.0,193.2
V001670,2026-06-19,M01,舒肥紅酒燉牛肉,主食,Red_Meat,480.0,192.0
V001670,2026-06-19,M03,炭烤戰斧牛排,主食,Red_Meat,880.0,308.0
V001670,2026-06-19,M01,舒肥紅酒燉牛肉,主食,Red_Meat,480.0,192.0
V001670,2026-06-19,S05,松露薯條,副食,Fried,180.0,129.6
V001670,2026-06-19,S02,西班牙蒜辣蝦,副食,Seafood,260.0,176.8
V001670,2026-06-19,S05,松露薯條,副食,Fried,180.0,129.6
V001670,2026-06-19,D01,提拉米蘇,甜點,Dessert,180.0,117.0
V001670,2026-06-19,W01,馬爾貝克紅酒(杯),酒水,Red_Meat,280.0,173.6
V001670,2026-06-19,W07,Old Fashioned,酒水,Red_Meat,380.0,285.0
V001670,2026-06-19,W09,精釀 IPA,酒水,Fried,260.0,150.8
V001670,2026-06-19,W13,無酒精莫吉托,酒水,Universal,180.0,144.0
V001671,2026-06-19,M04,松露野菌燉飯,主食,Cheese,420.0,189.0
V001671,2026-06-19,M06,香煎鮭魚佐檸檬,主食,Seafood,460.0,193.2
V001671,2026-06-19,M06,香煎鮭魚佐檸檬,主食,Seafood,460.0,193.2
V001671,2026-06-19,M02,爐烤伊比利豬肩,主食,Red_Meat,520.0,197.6
V001671,2026-06-19,M02,爐烤伊比利豬肩,主食,Red_Meat,520.0,197.6
V001671,2026-06-19,S04,三種起司拼盤,副食,Cheese,340.0,224.4
V001671,2026-06-19,S07,炙燒櫛瓜佐油醋,副食,Universal,160.0,108.8
V001671,2026-06-19,S05,松露薯條,副食,Fried,180.0,129.6
V001671,2026-06-19,S02,西班牙蒜辣蝦,副食,Seafood,260.0,176.8
V001671,2026-06-19,S05,松露薯條,副食,Fried,180.0,129.6
V001671,2026-06-19,S03,伊比利火腿盤,副食,Cheese,380.0,247.0
V001671,2026-06-19,W08,Gin & Tonic,酒水,Universal,300.0,234.0
V001671,2026-06-19,W03,夏多內白酒(杯),酒水,Seafood,260.0,161.2
V001671,2026-06-19,W06,Negroni,酒水,Cheese,350.0,266.0
V001671,2026-06-19,W01,馬爾貝克紅酒(杯),酒水,Red_Meat,280.0,173.6
V001671,2026-06-19,W12,季節水果特調,酒水,Universal,340.0,261.8
V001672,2026-06-19,M04,松露野菌燉飯,主食,Cheese,420.0,189.0
V001672,2026-06-19,S06,酥炸花枝圈,副食,Fried,220.0,154.0
V001672,2026-06-19,W09,精釀 IPA,酒水,Fried,260.0,150.8
V001672,2026-06-19,W05,氣泡酒(杯),酒水,Fried,300.0,189.0
V001672,2026-06-19,W06,Negroni,酒水,Cheese,350.0,266.0
V001672,2026-06-19,W03,夏多內白酒(杯),酒水,Seafood,260.0,161.2
V001672,2026-06-19,W09,精釀 IPA,酒水,Fried,260.0,150.8
V001673,2026-06-19,M01,舒肥紅酒燉牛肉,主食,Red_Meat,480.0,192.0
V001673,2026-06-19,S06,酥炸花枝圈,副食,Fried,220.0,154.0
V001673,2026-06-19,S06,酥炸花枝圈,副食,Fried,220.0,154.0
V001673,2026-06-19,W01,馬爾貝克紅酒(杯),酒水,Red_Meat,280.0,173.6
V001673,2026-06-19,W07,Old Fashioned,酒水,Red_Meat,380.0,285.0
V001673,2026-06-19,W13,無酒精莫吉托,酒水,Universal,180.0,144.0
V001674,2026-06-19,M03,炭烤戰斧牛排,主食,Red_Meat,880.0,308.0
V001674,2026-06-19,M04,松露野菌燉飯,主食,Cheese,420.0,189.0
V001674,2026-06-19,M01,舒肥紅酒燉牛肉,主食,Red_Meat,480.0,192.0
V001674,2026-06-19,S02,西班牙蒜辣蝦,副食,Seafood,260.0,176.8
V001674,2026-06-19,S01,紹興油泡蝦,副食,Seafood,280.0,196.0
V001674,2026-06-19,S04,三種起司拼盤,副食,Cheese,340.0,224.4
V001674,2026-06-19,W04,白蘇維翁(杯),酒水,Seafood,280.0,170.8
V001675,2026-06-19,M02,爐烤伊比利豬肩,主食,Red_Meat,520.0,197.6
V001675,2026-06-19,M02,爐烤伊比利豬肩,主食,Red_Meat,520.0,197.6
V001675,2026-06-19,M01,舒肥紅酒燉牛肉,主食,Red_Meat,480.0,192.0
V001675,2026-06-19,M05,白酒蛤蜊義大利麵,主食,Seafood,380.0,167.2
V001675,2026-06-19,S07,炙燒櫛瓜佐油醋,副食,Universal,160.0,108.8
V001675,2026-06-19,S07,炙燒櫛瓜佐油醋,副食,Universal,160.0,108.8
V001675,2026-06-19,S06,酥炸花枝圈,副食,Fried,220.0,154.0
V001675,2026-06-19,S01,紹興油泡蝦,副食,Seafood,280.0,196.0
V001675,2026-06-19,D01,提拉米蘇,甜點,Dessert,180.0,117.0
V001675,2026-06-19,W07,Old Fashioned,酒水,Red_Meat,380.0,285.0
V001675,2026-06-19,W07,Old Fashioned,酒水,Red_Meat,380.0,285.0
V001676,2026-06-19,S03,伊比利火腿盤,副食,Cheese,380.0,247.0
V001676,2026-06-19,S03,伊比利火腿盤,副食,Cheese,380.0,247.0
V001676,2026-06-19,S05,松露薯條,副食,Fried,180.0,129.6
V001676,2026-06-19,S05,松露薯條,副食,Fried,180.0,129.6
V001676,2026-06-19,W03,夏多內白酒(杯),酒水,Seafood,260.0,161.2
V001677,2026-06-19,M05,白酒蛤蜊義大利麵,主食,Seafood,380.0,167.2
V001677,2026-06-19,M02,爐烤伊比利豬肩,主食,Red_Meat,520.0,197.6
V001677,2026-06-19,M02,爐烤伊比利豬肩,主食,Red_Meat,520.0,197.6
V001677,2026-06-19,S04,三種起司拼盤,副食,Cheese,340.0,224.4
V001677,2026-06-19,S07,炙燒櫛瓜佐油醋,副食,Universal,160.0,108.8
V001677,2026-06-19,W11,威士忌 Highball,酒水,Cheese,300.0,222.0
V001677,2026-06-19,W06,Negroni,酒水,Cheese,350.0,266.0
V001677,2026-06-19,W02,卡本內蘇維翁(杯),酒水,Red_Meat,320.0,192.0
V001677,2026-06-19,W12,季節水果特調,酒水,Universal,340.0,261.8
V001677,2026-06-19,W03,夏多內白酒(杯),酒水,Seafood,260.0,161.2
V001678,2026-06-19,M05,白酒蛤蜊義大利麵,主食,Seafood,380.0,167.2
V001678,2026-06-19,S03,伊比利火腿盤,副食,Cheese,380.0,247.0
V001678,2026-06-19,S02,西班牙蒜辣蝦,副食,Seafood,260.0,176.8
V001678,2026-06-19,S01,紹興油泡蝦,副食,Seafood,280.0,196.0
V001678,2026-06-19,S03,伊比利火腿盤,副食,Cheese,380.0,247.0
V001678,2026-06-19,W02,卡本內蘇維翁(杯),酒水,Red_Meat,320.0,192.0
V001678,2026-06-19,W12,季節水果特調,酒水,Universal,340.0,261.8
V001678,2026-06-19,W02,卡本內蘇維翁(杯),酒水,Red_Meat,320.0,192.0
V001678,2026-06-19,W01,馬爾貝克紅酒(杯),酒水,Red_Meat,280.0,173.6
V001678,2026-06-19,W11,威士忌 Highball,酒水,Cheese,300.0,222.0
V001679,2026-06-19,M04,松露野菌燉飯,主食,Cheese,420.0,189.0
V001679,2026-06-19,S06,酥炸花枝圈,副食,Fried,220.0,154.0
V001679,2026-06-19,S01,紹興油泡蝦,副食,Seafood,280.0,196.0
V001679,2026-06-19,D01,提拉米蘇,甜點,Dessert,180.0,117.0
V001679,2026-06-19,W12,季節水果特調,酒水,Universal,340.0,261.8
V001680,2026-06-19,M03,炭烤戰斧牛排,主食,Red_Meat,880.0,308.0
V001680,2026-06-19,S07,炙燒櫛瓜佐油醋,副食,Universal,160.0,108.8
V001680,2026-06-19,S02,西班牙蒜辣蝦,副食,Seafood,260.0,176.8
V001680,2026-06-19,W04,白蘇維翁(杯),酒水,Seafood,280.0,170.8
V001680,2026-06-19,W01,馬爾貝克紅酒(杯),酒水,Red_Meat,280.0,173.6
V001680,2026-06-19,W06,Negroni,酒水,Cheese,350.0,266.0
V001681,2026-06-19,M05,白酒蛤蜊義大利麵,主食,Seafood,380.0,167.2
V001681,2026-06-19,S01,紹興油泡蝦,副食,Seafood,280.0,196.0
V001681,2026-06-19,S07,炙燒櫛瓜佐油醋,副食,Universal,160.0,108.8
V001681,2026-06-19,D02,焦糖烤布蕾,甜點,Dessert,160.0,107.2
V001681,2026-06-19,W12,季節水果特調,酒水,Universal,340.0,261.8
V001682,2026-06-19,M01,舒肥紅酒燉牛肉,主食,Red_Meat,480.0,192.0
V001682,2026-06-19,M03,炭烤戰斧牛排,主食,Red_Meat,880.0,308.0
V001682,2026-06-19,S06,酥炸花枝圈,副食,Fried,220.0,154.0
V001682,2026-06-19,S03,伊比利火腿盤,副食,Cheese,380.0,247.0
V001682,2026-06-19,S07,炙燒櫛瓜佐油醋,副食,Universal,160.0,108.8
V001682,2026-06-19,W01,馬爾貝克紅酒(杯),酒水,Red_Meat,280.0,173.6
V001682,2026-06-19,W02,卡本內蘇維翁(杯),酒水,Red_Meat,320.0,192.0
V001682,2026-06-19,W07,Old Fashioned,酒水,Red_Meat,380.0,285.0
V001683,2026-06-19,M03,炭烤戰斧牛排,主食,Red_Meat,880.0,308.0
V001683,2026-06-19,M02,爐烤伊比利豬肩,主食,Red_Meat,520.0,197.6
V001683,2026-06-19,M02,爐烤伊比利豬肩,主食,Red_Meat,520.0,197.6
V001683,2026-06-19,W07,Old Fashioned,酒水,Red_Meat,380.0,285.0
V001683,2026-06-19,W09,精釀 IPA,酒水,Fried,260.0,150.8
V001683,2026-06-19,W06,Negroni,酒水,Cheese,350.0,266.0
V001683,2026-06-19,W01,馬爾貝克紅酒(杯),酒水,Red_Meat,280.0,173.6
V001684,2026-06-19,M06,香煎鮭魚佐檸檬,主食,Seafood,460.0,193.2
V001684,2026-06-19,S01,紹興油泡蝦,副食,Seafood,280.0,196.0
V001684,2026-06-19,S05,松露薯條,副食,Fried,180.0,129.6
V001684,2026-06-19,S03,伊比利火腿盤,副食,Cheese,380.0,247.0
V001684,2026-06-19,S01,紹興油泡蝦,副食,Seafood,280.0,196.0
V001684,2026-06-19,S02,西班牙蒜辣蝦,副食,Seafood,260.0,176.8
V001684,2026-06-19,W12,季節水果特調,酒水,Universal,340.0,261.8
V001684,2026-06-19,W07,Old Fashioned,酒水,Red_Meat,380.0,285.0
V001684,2026-06-19,W05,氣泡酒(杯),酒水,Fried,300.0,189.0
V001684,2026-06-19,W06,Negroni,酒水,Cheese,350.0,266.0
V001684,2026-06-19,W13,無酒精莫吉托,酒水,Universal,180.0,144.0
V001684,2026-06-19,W05,氣泡酒(杯),酒水,Fried,300.0,189.0
V001684,2026-06-19,W05,氣泡酒(杯),酒水,Fried,300.0,189.0
V001684,2026-06-19,W02,卡本內蘇維翁(杯),酒水,Red_Meat,320.0,192.0
V001685,2026-06-19,M03,炭烤戰斧牛排,主食,Red_Meat,880.0,308.0
V001685,2026-06-19,M02,爐烤伊比利豬肩,主食,Red_Meat,520.0,197.6
V001685,2026-06-19,S05,松露薯條,副食,Fried,180.0,129.6
V001685,2026-06-19,S01,紹興油泡蝦,副食,Seafood,280.0,196.0
V001685,2026-06-19,S05,松露薯條,副食,Fried,180.0,129.6
V001685,2026-06-19,S03,伊比利火腿盤,副食,Cheese,380.0,247.0
V001685,2026-06-19,S03,伊比利火腿盤,副食,Cheese,380.0,247.0
V001685,2026-06-19,D02,焦糖烤布蕾,甜點,Dessert,160.0,107.2
V001685,2026-06-19,W06,Negroni,酒水,Cheese,350.0,266.0
V001685,2026-06-19,W10,小麥白啤酒,酒水,Fried,240.0,136.8
V001685,2026-06-19,W08,Gin & Tonic,酒水,Universal,300.0,234.0
V001685,2026-06-19,W12,季節水果特調,酒水,Universal,340.0,261.8
V001686,2026-06-20,M02,爐烤伊比利豬肩,主食,Red_Meat,520.0,197.6
V001686,2026-06-20,M04,松露野菌燉飯,主食,Cheese,420.0,189.0
V001686,2026-06-20,M01,舒肥紅酒燉牛肉,主食,Red_Meat,480.0,192.0
V001686,2026-06-20,M06,香煎鮭魚佐檸檬,主食,Seafood,460.0,193.2
V001686,2026-06-20,M03,炭烤戰斧牛排,主食,Red_Meat,880.0,308.0
V001686,2026-06-20,S07,炙燒櫛瓜佐油醋,副食,Universal,160.0,108.8
V001686,2026-06-20,S07,炙燒櫛瓜佐油醋,副食,Universal,160.0,108.8
V001686,2026-06-20,S02,西班牙蒜辣蝦,副食,Seafood,260.0,176.8
V001686,2026-06-20,W04,白蘇維翁(杯),酒水,Seafood,280.0,170.8
V001686,2026-06-20,W06,Negroni,酒水,Cheese,350.0,266.0
V001686,2026-06-20,W04,白蘇維翁(杯),酒水,Seafood,280.0,170.8
V001686,2026-06-20,W12,季節水果特調,酒水,Universal,340.0,261.8
V001686,2026-06-20,W03,夏多內白酒(杯),酒水,Seafood,260.0,161.2
V001686,2026-06-20,W01,馬爾貝克紅酒(杯),酒水,Red_Meat,280.0,173.6
V001687,2026-06-20,M02,爐烤伊比利豬肩,主食,Red_Meat,520.0,197.6
V001687,2026-06-20,M06,香煎鮭魚佐檸檬,主食,Seafood,460.0,193.2
V001687,2026-06-20,S03,伊比利火腿盤,副食,Cheese,380.0,247.0
V001687,2026-06-20,S01,紹興油泡蝦,副食,Seafood,280.0,196.0
V001687,2026-06-20,S06,酥炸花枝圈,副食,Fried,220.0,154.0
V001687,2026-06-20,W13,無酒精莫吉托,酒水,Universal,180.0,144.0
V001687,2026-06-20,W09,精釀 IPA,酒水,Fried,260.0,150.8
V001688,2026-06-20,M06,香煎鮭魚佐檸檬,主食,Seafood,460.0,193.2
V001688,2026-06-20,M02,爐烤伊比利豬肩,主食,Red_Meat,520.0,197.6
V001688,2026-06-20,M04,松露野菌燉飯,主食,Cheese,420.0,189.0
V001688,2026-06-20,S03,伊比利火腿盤,副食,Cheese,380.0,247.0
V001688,2026-06-20,S05,松露薯條,副食,Fried,180.0,129.6
V001688,2026-06-20,D01,提拉米蘇,甜點,Dessert,180.0,117.0
V001688,2026-06-20,W03,夏多內白酒(杯),酒水,Seafood,260.0,161.2
V001688,2026-06-20,W02,卡本內蘇維翁(杯),酒水,Red_Meat,320.0,192.0
V001689,2026-06-20,M04,松露野菌燉飯,主食,Cheese,420.0,189.0
V001689,2026-06-20,M06,香煎鮭魚佐檸檬,主食,Seafood,460.0,193.2
V001689,2026-06-20,S07,炙燒櫛瓜佐油醋,副食,Universal,160.0,108.8
V001689,2026-06-20,S02,西班牙蒜辣蝦,副食,Seafood,260.0,176.8
V001689,2026-06-20,S01,紹興油泡蝦,副食,Seafood,280.0,196.0
V001689,2026-06-20,W04,白蘇維翁(杯),酒水,Seafood,280.0,170.8
V001689,2026-06-20,W03,夏多內白酒(杯),酒水,Seafood,260.0,161.2
V001689,2026-06-20,W09,精釀 IPA,酒水,Fried,260.0,150.8
V001689,2026-06-20,W09,精釀 IPA,酒水,Fried,260.0,150.8
V001689,2026-06-20,W02,卡本內蘇維翁(杯),酒水,Red_Meat,320.0,192.0
V001689,2026-06-20,W12,季節水果特調,酒水,Universal,340.0,261.8
V001689,2026-06-20,W03,夏多內白酒(杯),酒水,Seafood,260.0,161.2
V001690,2026-06-20,M03,炭烤戰斧牛排,主食,Red_Meat,880.0,308.0
V001690,2026-06-20,S03,伊比利火腿盤,副食,Cheese,380.0,247.0
V001690,2026-06-20,S04,三種起司拼盤,副食,Cheese,340.0,224.4
V001690,2026-06-20,W11,威士忌 Highball,酒水,Cheese,300.0,222.0
V001691,2026-06-20,M04,松露野菌燉飯,主食,Cheese,420.0,189.0
V001691,2026-06-20,M04,松露野菌燉飯,主食,Cheese,420.0,189.0
V001691,2026-06-20,M05,白酒蛤蜊義大利麵,主食,Seafood,380.0,167.2
V001691,2026-06-20,S05,松露薯條,副食,Fried,180.0,129.6
V001691,2026-06-20,S02,西班牙蒜辣蝦,副食,Seafood,260.0,176.8
V001691,2026-06-20,D02,焦糖烤布蕾,甜點,Dessert,160.0,107.2
V001691,2026-06-20,W03,夏多內白酒(杯),酒水,Seafood,260.0,161.2
V001691,2026-06-20,W08,Gin & Tonic,酒水,Universal,300.0,234.0
V001692,2026-06-20,M04,松露野菌燉飯,主食,Cheese,420.0,189.0
V001692,2026-06-20,S07,炙燒櫛瓜佐油醋,副食,Universal,160.0,108.8
V001692,2026-06-20,S05,松露薯條,副食,Fried,180.0,129.6
V001692,2026-06-20,W05,氣泡酒(杯),酒水,Fried,300.0,189.0
V001692,2026-06-20,W02,卡本內蘇維翁(杯),酒水,Red_Meat,320.0,192.0
V001693,2026-06-20,M02,爐烤伊比利豬肩,主食,Red_Meat,520.0,197.6
V001693,2026-06-20,M02,爐烤伊比利豬肩,主食,Red_Meat,520.0,197.6
V001693,2026-06-20,S04,三種起司拼盤,副食,Cheese,340.0,224.4
V001693,2026-06-20,S05,松露薯條,副食,Fried,180.0,129.6
V001693,2026-06-20,W06,Negroni,酒水,Cheese,350.0,266.0
V001693,2026-06-20,W07,Old Fashioned,酒水,Red_Meat,380.0,285.0
V001693,2026-06-20,W02,卡本內蘇維翁(杯),酒水,Red_Meat,320.0,192.0
V001693,2026-06-20,W01,馬爾貝克紅酒(杯),酒水,Red_Meat,280.0,173.6
V001693,2026-06-20,W01,馬爾貝克紅酒(杯),酒水,Red_Meat,280.0,173.6
V001694,2026-06-20,M03,炭烤戰斧牛排,主食,Red_Meat,880.0,308.0
V001694,2026-06-20,S05,松露薯條,副食,Fried,180.0,129.6
V001694,2026-06-20,S02,西班牙蒜辣蝦,副食,Seafood,260.0,176.8
V001694,2026-06-20,W03,夏多內白酒(杯),酒水,Seafood,260.0,161.2
V001694,2026-06-20,W03,夏多內白酒(杯),酒水,Seafood,260.0,161.2
V001694,2026-06-20,W06,Negroni,酒水,Cheese,350.0,266.0
V001694,2026-06-20,W09,精釀 IPA,酒水,Fried,260.0,150.8
V001695,2026-06-20,M02,爐烤伊比利豬肩,主食,Red_Meat,520.0,197.6
V001695,2026-06-20,M06,香煎鮭魚佐檸檬,主食,Seafood,460.0,193.2
V001695,2026-06-20,M06,香煎鮭魚佐檸檬,主食,Seafood,460.0,193.2
V001695,2026-06-20,M06,香煎鮭魚佐檸檬,主食,Seafood,460.0,193.2
V001695,2026-06-20,S06,酥炸花枝圈,副食,Fried,220.0,154.0
V001695,2026-06-20,S04,三種起司拼盤,副食,Cheese,340.0,224.4
V001695,2026-06-20,S05,松露薯條,副食,Fried,180.0,129.6
V001695,2026-06-20,W01,馬爾貝克紅酒(杯),酒水,Red_Meat,280.0,173.6
V001695,2026-06-20,W04,白蘇維翁(杯),酒水,Seafood,280.0,170.8
V001695,2026-06-20,W04,白蘇維翁(杯),酒水,Seafood,280.0,170.8
V001695,2026-06-20,W10,小麥白啤酒,酒水,Fried,240.0,136.8
V001695,2026-06-20,W04,白蘇維翁(杯),酒水,Seafood,280.0,170.8
V001695,2026-06-20,W01,馬爾貝克紅酒(杯),酒水,Red_Meat,280.0,173.6
V001695,2026-06-20,W07,Old Fashioned,酒水,Red_Meat,380.0,285.0
V001695,2026-06-20,W04,白蘇維翁(杯),酒水,Seafood,280.0,170.8
V001696,2026-06-20,M03,炭烤戰斧牛排,主食,Red_Meat,880.0,308.0
V001696,2026-06-20,M06,香煎鮭魚佐檸檬,主食,Seafood,460.0,193.2
V001696,2026-06-20,S07,炙燒櫛瓜佐油醋,副食,Universal,160.0,108.8
V001696,2026-06-20,S04,三種起司拼盤,副食,Cheese,340.0,224.4
V001696,2026-06-20,D02,焦糖烤布蕾,甜點,Dessert,160.0,107.2
V001696,2026-06-20,W06,Negroni,酒水,Cheese,350.0,266.0
V001696,2026-06-20,W03,夏多內白酒(杯),酒水,Seafood,260.0,161.2
V001696,2026-06-20,W13,無酒精莫吉托,酒水,Universal,180.0,144.0
V001696,2026-06-20,W13,無酒精莫吉托,酒水,Universal,180.0,144.0
V001696,2026-06-20,W07,Old Fashioned,酒水,Red_Meat,380.0,285.0
V001696,2026-06-20,W06,Negroni,酒水,Cheese,350.0,266.0
V001696,2026-06-20,W05,氣泡酒(杯),酒水,Fried,300.0,189.0
V001696,2026-06-20,W12,季節水果特調,酒水,Universal,340.0,261.8
V001697,2026-06-20,M04,松露野菌燉飯,主食,Cheese,420.0,189.0
V001697,2026-06-20,S01,紹興油泡蝦,副食,Seafood,280.0,196.0
V001697,2026-06-20,S05,松露薯條,副食,Fried,180.0,129.6
V001697,2026-06-20,W04,白蘇維翁(杯),酒水,Seafood,280.0,170.8
V001697,2026-06-20,W06,Negroni,酒水,Cheese,350.0,266.0
V001697,2026-06-20,W04,白蘇維翁(杯),酒水,Seafood,280.0,170.8
V001697,2026-06-20,W03,夏多內白酒(杯),酒水,Seafood,260.0,161.2
V001697,2026-06-20,W08,Gin & Tonic,酒水,Universal,300.0,234.0
V001698,2026-06-20,M04,松露野菌燉飯,主食,Cheese,420.0,189.0
V001698,2026-06-20,M02,爐烤伊比利豬肩,主食,Red_Meat,520.0,197.6
V001698,2026-06-20,S04,三種起司拼盤,副食,Cheese,340.0,224.4
V001698,2026-06-20,S02,西班牙蒜辣蝦,副食,Seafood,260.0,176.8
V001698,2026-06-20,S05,松露薯條,副食,Fried,180.0,129.6
V001698,2026-06-20,W07,Old Fashioned,酒水,Red_Meat,380.0,285.0
V001699,2026-06-20,M04,松露野菌燉飯,主食,Cheese,420.0,189.0
V001699,2026-06-20,M03,炭烤戰斧牛排,主食,Red_Meat,880.0,308.0
V001699,2026-06-20,M06,香煎鮭魚佐檸檬,主食,Seafood,460.0,193.2
V001699,2026-06-20,M01,舒肥紅酒燉牛肉,主食,Red_Meat,480.0,192.0
V001699,2026-06-20,S05,松露薯條,副食,Fried,180.0,129.6
V001699,2026-06-20,W04,白蘇維翁(杯),酒水,Seafood,280.0,170.8
V001699,2026-06-20,W05,氣泡酒(杯),酒水,Fried,300.0,189.0
V001699,2026-06-20,W02,卡本內蘇維翁(杯),酒水,Red_Meat,320.0,192.0
V001700,2026-06-20,M01,舒肥紅酒燉牛肉,主食,Red_Meat,480.0,192.0
V001700,2026-06-20,S05,松露薯條,副食,Fried,180.0,129.6
V001700,2026-06-20,S04,三種起司拼盤,副食,Cheese,340.0,224.4
V001700,2026-06-20,S03,伊比利火腿盤,副食,Cheese,380.0,247.0
V001700,2026-06-20,S06,酥炸花枝圈,副食,Fried,220.0,154.0
V001701,2026-06-20,M06,香煎鮭魚佐檸檬,主食,Seafood,460.0,193.2
V001701,2026-06-20,M04,松露野菌燉飯,主食,Cheese,420.0,189.0
V001701,2026-06-20,S03,伊比利火腿盤,副食,Cheese,380.0,247.0
V001701,2026-06-20,S03,伊比利火腿盤,副食,Cheese,380.0,247.0
V001701,2026-06-20,S01,紹興油泡蝦,副食,Seafood,280.0,196.0
V001701,2026-06-20,D01,提拉米蘇,甜點,Dessert,180.0,117.0
V001701,2026-06-20,W03,夏多內白酒(杯),酒水,Seafood,260.0,161.2
V001702,2026-06-20,M02,爐烤伊比利豬肩,主食,Red_Meat,520.0,197.6
V001702,2026-06-20,M01,舒肥紅酒燉牛肉,主食,Red_Meat,480.0,192.0
V001702,2026-06-20,S04,三種起司拼盤,副食,Cheese,340.0,224.4
V001702,2026-06-20,S07,炙燒櫛瓜佐油醋,副食,Universal,160.0,108.8
V001702,2026-06-20,S05,松露薯條,副食,Fried,180.0,129.6
V001702,2026-06-20,S07,炙燒櫛瓜佐油醋,副食,Universal,160.0,108.8
V001702,2026-06-20,D01,提拉米蘇,甜點,Dessert,180.0,117.0
V001702,2026-06-20,W10,小麥白啤酒,酒水,Fried,240.0,136.8
V001703,2026-06-20,M06,香煎鮭魚佐檸檬,主食,Seafood,460.0,193.2
V001703,2026-06-20,M03,炭烤戰斧牛排,主食,Red_Meat,880.0,308.0
V001703,2026-06-20,S06,酥炸花枝圈,副食,Fried,220.0,154.0
V001703,2026-06-20,S01,紹興油泡蝦,副食,Seafood,280.0,196.0
V001703,2026-06-20,S07,炙燒櫛瓜佐油醋,副食,Universal,160.0,108.8
V001703,2026-06-20,W12,季節水果特調,酒水,Universal,340.0,261.8
V001703,2026-06-20,W02,卡本內蘇維翁(杯),酒水,Red_Meat,320.0,192.0
V001703,2026-06-20,W03,夏多內白酒(杯),酒水,Seafood,260.0,161.2
V001703,2026-06-20,W09,精釀 IPA,酒水,Fried,260.0,150.8
V001703,2026-06-20,W10,小麥白啤酒,酒水,Fried,240.0,136.8
V001703,2026-06-20,W13,無酒精莫吉托,酒水,Universal,180.0,144.0
V001704,2026-06-20,M02,爐烤伊比利豬肩,主食,Red_Meat,520.0,197.6
V001704,2026-06-20,M02,爐烤伊比利豬肩,主食,Red_Meat,520.0,197.6
V001704,2026-06-20,M02,爐烤伊比利豬肩,主食,Red_Meat,520.0,197.6
V001704,2026-06-20,M05,白酒蛤蜊義大利麵,主食,Seafood,380.0,167.2
V001704,2026-06-20,S01,紹興油泡蝦,副食,Seafood,280.0,196.0
V001704,2026-06-20,S05,松露薯條,副食,Fried,180.0,129.6
V001704,2026-06-20,S07,炙燒櫛瓜佐油醋,副食,Universal,160.0,108.8
V001704,2026-06-20,S05,松露薯條,副食,Fried,180.0,129.6
V001704,2026-06-20,W04,白蘇維翁(杯),酒水,Seafood,280.0,170.8
V001704,2026-06-20,W01,馬爾貝克紅酒(杯),酒水,Red_Meat,280.0,173.6
V001704,2026-06-20,W10,小麥白啤酒,酒水,Fried,240.0,136.8
V001704,2026-06-20,W07,Old Fashioned,酒水,Red_Meat,380.0,285.0
V001705,2026-06-20,S05,松露薯條,副食,Fried,180.0,129.6
V001705,2026-06-20,S01,紹興油泡蝦,副食,Seafood,280.0,196.0
V001705,2026-06-20,W04,白蘇維翁(杯),酒水,Seafood,280.0,170.8
V001706,2026-06-20,M03,炭烤戰斧牛排,主食,Red_Meat,880.0,308.0
V001706,2026-06-20,S01,紹興油泡蝦,副食,Seafood,280.0,196.0
V001706,2026-06-20,W04,白蘇維翁(杯),酒水,Seafood,280.0,170.8
V001706,2026-06-20,W02,卡本內蘇維翁(杯),酒水,Red_Meat,320.0,192.0
V001707,2026-06-20,M02,爐烤伊比利豬肩,主食,Red_Meat,520.0,197.6
V001707,2026-06-20,M02,爐烤伊比利豬肩,主食,Red_Meat,520.0,197.6
V001707,2026-06-20,M03,炭烤戰斧牛排,主食,Red_Meat,880.0,308.0
V001707,2026-06-20,S01,紹興油泡蝦,副食,Seafood,280.0,196.0
V001707,2026-06-20,S01,紹興油泡蝦,副食,Seafood,280.0,196.0
V001707,2026-06-20,S05,松露薯條,副食,Fried,180.0,129.6
V001707,2026-06-20,D01,提拉米蘇,甜點,Dessert,180.0,117.0
V001707,2026-06-20,W04,白蘇維翁(杯),酒水,Seafood,280.0,170.8
V001707,2026-06-20,W04,白蘇維翁(杯),酒水,Seafood,280.0,170.8
V001708,2026-06-20,M01,舒肥紅酒燉牛肉,主食,Red_Meat,480.0,192.0
V001708,2026-06-20,M05,白酒蛤蜊義大利麵,主食,Seafood,380.0,167.2
V001708,2026-06-20,S05,松露薯條,副食,Fried,180.0,129.6
V001708,2026-06-20,S01,紹興油泡蝦,副食,Seafood,280.0,196.0
V001708,2026-06-20,W11,威士忌 Highball,酒水,Cheese,300.0,222.0
V001708,2026-06-20,W02,卡本內蘇維翁(杯),酒水,Red_Meat,320.0,192.0
V001708,2026-06-20,W03,夏多內白酒(杯),酒水,Seafood,260.0,161.2
V001709,2026-06-20,M05,白酒蛤蜊義大利麵,主食,Seafood,380.0,167.2
V001709,2026-06-20,M01,舒肥紅酒燉牛肉,主食,Red_Meat,480.0,192.0
V001709,2026-06-20,S05,松露薯條,副食,Fried,180.0,129.6
V001709,2026-06-20,S07,炙燒櫛瓜佐油醋,副食,Universal,160.0,108.8
V001709,2026-06-20,S06,酥炸花枝圈,副食,Fried,220.0,154.0
V001710,2026-06-20,M03,炭烤戰斧牛排,主食,Red_Meat,880.0,308.0
V001710,2026-06-20,S05,松露薯條,副食,Fried,180.0,129.6
V001710,2026-06-20,S06,酥炸花枝圈,副食,Fried,220.0,154.0
V001710,2026-06-20,S06,酥炸花枝圈,副食,Fried,220.0,154.0
V001710,2026-06-20,S07,炙燒櫛瓜佐油醋,副食,Universal,160.0,108.8
V001710,2026-06-20,W13,無酒精莫吉托,酒水,Universal,180.0,144.0
V001710,2026-06-20,W02,卡本內蘇維翁(杯),酒水,Red_Meat,320.0,192.0
V001710,2026-06-20,W01,馬爾貝克紅酒(杯),酒水,Red_Meat,280.0,173.6
V001711,2026-06-21,M06,香煎鮭魚佐檸檬,主食,Seafood,460.0,193.2
V001711,2026-06-21,M04,松露野菌燉飯,主食,Cheese,420.0,189.0
V001711,2026-06-21,S03,伊比利火腿盤,副食,Cheese,380.0,247.0
V001711,2026-06-21,S05,松露薯條,副食,Fried,180.0,129.6
V001711,2026-06-21,W10,小麥白啤酒,酒水,Fried,240.0,136.8
V001711,2026-06-21,W12,季節水果特調,酒水,Universal,340.0,261.8
V001712,2026-06-21,M05,白酒蛤蜊義大利麵,主食,Seafood,380.0,167.2
V001712,2026-06-21,M05,白酒蛤蜊義大利麵,主食,Seafood,380.0,167.2
V001712,2026-06-21,S06,酥炸花枝圈,副食,Fried,220.0,154.0
V001712,2026-06-21,S06,酥炸花枝圈,副食,Fried,220.0,154.0
V001712,2026-06-21,S04,三種起司拼盤,副食,Cheese,340.0,224.4
V001712,2026-06-21,S05,松露薯條,副食,Fried,180.0,129.6
V001712,2026-06-21,W08,Gin & Tonic,酒水,Universal,300.0,234.0
V001712,2026-06-21,W10,小麥白啤酒,酒水,Fried,240.0,136.8
V001712,2026-06-21,W05,氣泡酒(杯),酒水,Fried,300.0,189.0
V001713,2026-06-21,M06,香煎鮭魚佐檸檬,主食,Seafood,460.0,193.2
V001713,2026-06-21,S01,紹興油泡蝦,副食,Seafood,280.0,196.0
V001713,2026-06-21,S07,炙燒櫛瓜佐油醋,副食,Universal,160.0,108.8
V001713,2026-06-21,S06,酥炸花枝圈,副食,Fried,220.0,154.0
V001713,2026-06-21,D02,焦糖烤布蕾,甜點,Dessert,160.0,107.2
V001713,2026-06-21,W10,小麥白啤酒,酒水,Fried,240.0,136.8
V001714,2026-06-21,S02,西班牙蒜辣蝦,副食,Seafood,260.0,176.8
V001714,2026-06-21,S03,伊比利火腿盤,副食,Cheese,380.0,247.0
V001714,2026-06-21,S04,三種起司拼盤,副食,Cheese,340.0,224.4
V001714,2026-06-21,W07,Old Fashioned,酒水,Red_Meat,380.0,285.0
V001714,2026-06-21,W03,夏多內白酒(杯),酒水,Seafood,260.0,161.2
V001715,2026-06-21,M06,香煎鮭魚佐檸檬,主食,Seafood,460.0,193.2
V001715,2026-06-21,M03,炭烤戰斧牛排,主食,Red_Meat,880.0,308.0
V001715,2026-06-21,S07,炙燒櫛瓜佐油醋,副食,Universal,160.0,108.8
V001715,2026-06-21,S04,三種起司拼盤,副食,Cheese,340.0,224.4
V001715,2026-06-21,S07,炙燒櫛瓜佐油醋,副食,Universal,160.0,108.8
V001715,2026-06-21,S05,松露薯條,副食,Fried,180.0,129.6
V001715,2026-06-21,S05,松露薯條,副食,Fried,180.0,129.6
V001715,2026-06-21,W06,Negroni,酒水,Cheese,350.0,266.0
V001716,2026-06-21,M03,炭烤戰斧牛排,主食,Red_Meat,880.0,308.0
V001716,2026-06-21,S04,三種起司拼盤,副食,Cheese,340.0,224.4
V001716,2026-06-21,S01,紹興油泡蝦,副食,Seafood,280.0,196.0
V001716,2026-06-21,D01,提拉米蘇,甜點,Dessert,180.0,117.0
V001716,2026-06-21,W02,卡本內蘇維翁(杯),酒水,Red_Meat,320.0,192.0
V001716,2026-06-21,W02,卡本內蘇維翁(杯),酒水,Red_Meat,320.0,192.0
V001716,2026-06-21,W13,無酒精莫吉托,酒水,Universal,180.0,144.0
V001717,2026-06-21,M02,爐烤伊比利豬肩,主食,Red_Meat,520.0,197.6
V001717,2026-06-21,S02,西班牙蒜辣蝦,副食,Seafood,260.0,176.8
V001717,2026-06-21,S05,松露薯條,副食,Fried,180.0,129.6
V001717,2026-06-21,S05,松露薯條,副食,Fried,180.0,129.6
V001717,2026-06-21,S07,炙燒櫛瓜佐油醋,副食,Universal,160.0,108.8
V001717,2026-06-21,S01,紹興油泡蝦,副食,Seafood,280.0,196.0
V001717,2026-06-21,S07,炙燒櫛瓜佐油醋,副食,Universal,160.0,108.8
V001717,2026-06-21,S06,酥炸花枝圈,副食,Fried,220.0,154.0
V001717,2026-06-21,D01,提拉米蘇,甜點,Dessert,180.0,117.0
V001717,2026-06-21,W02,卡本內蘇維翁(杯),酒水,Red_Meat,320.0,192.0
V001717,2026-06-21,W07,Old Fashioned,酒水,Red_Meat,380.0,285.0
V001717,2026-06-21,W10,小麥白啤酒,酒水,Fried,240.0,136.8
V001717,2026-06-21,W02,卡本內蘇維翁(杯),酒水,Red_Meat,320.0,192.0
V001717,2026-06-21,W07,Old Fashioned,酒水,Red_Meat,380.0,285.0
V001717,2026-06-21,W06,Negroni,酒水,Cheese,350.0,266.0
V001717,2026-06-21,W05,氣泡酒(杯),酒水,Fried,300.0,189.0
V001717,2026-06-21,W12,季節水果特調,酒水,Universal,340.0,261.8
V001717,2026-06-21,W03,夏多內白酒(杯),酒水,Seafood,260.0,161.2
V001718,2026-06-21,M02,爐烤伊比利豬肩,主食,Red_Meat,520.0,197.6
V001718,2026-06-21,S02,西班牙蒜辣蝦,副食,Seafood,260.0,176.8
V001718,2026-06-21,S02,西班牙蒜辣蝦,副食,Seafood,260.0,176.8
V001718,2026-06-21,S06,酥炸花枝圈,副食,Fried,220.0,154.0
V001718,2026-06-21,S02,西班牙蒜辣蝦,副食,Seafood,260.0,176.8
V001718,2026-06-21,W03,夏多內白酒(杯),酒水,Seafood,260.0,161.2
V001718,2026-06-21,W03,夏多內白酒(杯),酒水,Seafood,260.0,161.2
V001718,2026-06-21,W07,Old Fashioned,酒水,Red_Meat,380.0,285.0
V001718,2026-06-21,W03,夏多內白酒(杯),酒水,Seafood,260.0,161.2
V001718,2026-06-21,W13,無酒精莫吉托,酒水,Universal,180.0,144.0
V001718,2026-06-21,W03,夏多內白酒(杯),酒水,Seafood,260.0,161.2
V001719,2026-06-21,M05,白酒蛤蜊義大利麵,主食,Seafood,380.0,167.2
V001719,2026-06-21,M01,舒肥紅酒燉牛肉,主食,Red_Meat,480.0,192.0
V001719,2026-06-21,S06,酥炸花枝圈,副食,Fried,220.0,154.0
V001719,2026-06-21,D01,提拉米蘇,甜點,Dessert,180.0,117.0
V001719,2026-06-21,W01,馬爾貝克紅酒(杯),酒水,Red_Meat,280.0,173.6
V001719,2026-06-21,W02,卡本內蘇維翁(杯),酒水,Red_Meat,320.0,192.0
V001719,2026-06-21,W05,氣泡酒(杯),酒水,Fried,300.0,189.0
V001719,2026-06-21,W12,季節水果特調,酒水,Universal,340.0,261.8
V001719,2026-06-21,W12,季節水果特調,酒水,Universal,340.0,261.8
V001719,2026-06-21,W04,白蘇維翁(杯),酒水,Seafood,280.0,170.8
V001719,2026-06-21,W01,馬爾貝克紅酒(杯),酒水,Red_Meat,280.0,173.6
V001720,2026-06-21,M01,舒肥紅酒燉牛肉,主食,Red_Meat,480.0,192.0
V001720,2026-06-21,M02,爐烤伊比利豬肩,主食,Red_Meat,520.0,197.6
V001720,2026-06-21,M02,爐烤伊比利豬肩,主食,Red_Meat,520.0,197.6
V001720,2026-06-21,S07,炙燒櫛瓜佐油醋,副食,Universal,160.0,108.8
V001720,2026-06-21,S05,松露薯條,副食,Fried,180.0,129.6
V001720,2026-06-21,S06,酥炸花枝圈,副食,Fried,220.0,154.0
V001720,2026-06-21,W11,威士忌 Highball,酒水,Cheese,300.0,222.0
V001720,2026-06-21,W02,卡本內蘇維翁(杯),酒水,Red_Meat,320.0,192.0
V001720,2026-06-21,W01,馬爾貝克紅酒(杯),酒水,Red_Meat,280.0,173.6
V001720,2026-06-21,W05,氣泡酒(杯),酒水,Fried,300.0,189.0
V001720,2026-06-21,W01,馬爾貝克紅酒(杯),酒水,Red_Meat,280.0,173.6
V001721,2026-06-21,M04,松露野菌燉飯,主食,Cheese,420.0,189.0
V001721,2026-06-21,S06,酥炸花枝圈,副食,Fried,220.0,154.0
V001721,2026-06-21,S06,酥炸花枝圈,副食,Fried,220.0,154.0
V001721,2026-06-21,S07,炙燒櫛瓜佐油醋,副食,Universal,160.0,108.8
V001721,2026-06-21,W07,Old Fashioned,酒水,Red_Meat,380.0,285.0
V001721,2026-06-21,W13,無酒精莫吉托,酒水,Universal,180.0,144.0
V001721,2026-06-21,W09,精釀 IPA,酒水,Fried,260.0,150.8
V001721,2026-06-21,W03,夏多內白酒(杯),酒水,Seafood,260.0,161.2
V001722,2026-06-21,M04,松露野菌燉飯,主食,Cheese,420.0,189.0
V001722,2026-06-21,S04,三種起司拼盤,副食,Cheese,340.0,224.4
V001722,2026-06-21,W06,Negroni,酒水,Cheese,350.0,266.0
V001722,2026-06-21,W11,威士忌 Highball,酒水,Cheese,300.0,222.0
V001722,2026-06-21,W10,小麥白啤酒,酒水,Fried,240.0,136.8
V001722,2026-06-21,W05,氣泡酒(杯),酒水,Fried,300.0,189.0
V001723,2026-06-23,M03,炭烤戰斧牛排,主食,Red_Meat,880.0,308.0
V001723,2026-06-23,S05,松露薯條,副食,Fried,180.0,129.6
V001723,2026-06-23,S01,紹興油泡蝦,副食,Seafood,280.0,196.0
V001723,2026-06-23,D01,提拉米蘇,甜點,Dessert,180.0,117.0
V001723,2026-06-23,W11,威士忌 Highball,酒水,Cheese,300.0,222.0
V001723,2026-06-23,W01,馬爾貝克紅酒(杯),酒水,Red_Meat,280.0,173.6
V001723,2026-06-23,W07,Old Fashioned,酒水,Red_Meat,380.0,285.0
V001724,2026-06-23,M02,爐烤伊比利豬肩,主食,Red_Meat,520.0,197.6
V001724,2026-06-23,S02,西班牙蒜辣蝦,副食,Seafood,260.0,176.8
V001724,2026-06-23,S04,三種起司拼盤,副食,Cheese,340.0,224.4
V001724,2026-06-23,W01,馬爾貝克紅酒(杯),酒水,Red_Meat,280.0,173.6
V001724,2026-06-23,W08,Gin & Tonic,酒水,Universal,300.0,234.0
V001724,2026-06-23,W03,夏多內白酒(杯),酒水,Seafood,260.0,161.2
V001724,2026-06-23,W01,馬爾貝克紅酒(杯),酒水,Red_Meat,280.0,173.6
V001724,2026-06-23,W03,夏多內白酒(杯),酒水,Seafood,260.0,161.2
V001725,2026-06-23,M06,香煎鮭魚佐檸檬,主食,Seafood,460.0,193.2
V001725,2026-06-23,S06,酥炸花枝圈,副食,Fried,220.0,154.0
V001725,2026-06-23,S07,炙燒櫛瓜佐油醋,副食,Universal,160.0,108.8
V001725,2026-06-23,S02,西班牙蒜辣蝦,副食,Seafood,260.0,176.8
V001725,2026-06-23,S06,酥炸花枝圈,副食,Fried,220.0,154.0
V001725,2026-06-23,S03,伊比利火腿盤,副食,Cheese,380.0,247.0
V001725,2026-06-23,W12,季節水果特調,酒水,Universal,340.0,261.8
V001725,2026-06-23,W08,Gin & Tonic,酒水,Universal,300.0,234.0
V001725,2026-06-23,W04,白蘇維翁(杯),酒水,Seafood,280.0,170.8
V001725,2026-06-23,W05,氣泡酒(杯),酒水,Fried,300.0,189.0
V001725,2026-06-23,W08,Gin & Tonic,酒水,Universal,300.0,234.0
V001725,2026-06-23,W06,Negroni,酒水,Cheese,350.0,266.0
V001726,2026-06-24,M02,爐烤伊比利豬肩,主食,Red_Meat,520.0,197.6
V001726,2026-06-24,M04,松露野菌燉飯,主食,Cheese,420.0,189.0
V001726,2026-06-24,S04,三種起司拼盤,副食,Cheese,340.0,224.4
V001726,2026-06-24,S06,酥炸花枝圈,副食,Fried,220.0,154.0
V001726,2026-06-24,S02,西班牙蒜辣蝦,副食,Seafood,260.0,176.8
V001726,2026-06-24,S02,西班牙蒜辣蝦,副食,Seafood,260.0,176.8
V001726,2026-06-24,S04,三種起司拼盤,副食,Cheese,340.0,224.4
V001726,2026-06-24,S01,紹興油泡蝦,副食,Seafood,280.0,196.0
V001726,2026-06-24,W02,卡本內蘇維翁(杯),酒水,Red_Meat,320.0,192.0
V001726,2026-06-24,W01,馬爾貝克紅酒(杯),酒水,Red_Meat,280.0,173.6
V001726,2026-06-24,W01,馬爾貝克紅酒(杯),酒水,Red_Meat,280.0,173.6
V001726,2026-06-24,W02,卡本內蘇維翁(杯),酒水,Red_Meat,320.0,192.0
V001727,2026-06-24,M06,香煎鮭魚佐檸檬,主食,Seafood,460.0,193.2
V001727,2026-06-24,S02,西班牙蒜辣蝦,副食,Seafood,260.0,176.8
V001727,2026-06-24,S05,松露薯條,副食,Fried,180.0,129.6
V001727,2026-06-24,W08,Gin & Tonic,酒水,Universal,300.0,234.0
V001727,2026-06-24,W03,夏多內白酒(杯),酒水,Seafood,260.0,161.2
V001727,2026-06-24,W09,精釀 IPA,酒水,Fried,260.0,150.8
V001727,2026-06-24,W05,氣泡酒(杯),酒水,Fried,300.0,189.0
V001728,2026-06-24,M05,白酒蛤蜊義大利麵,主食,Seafood,380.0,167.2
V001728,2026-06-24,M05,白酒蛤蜊義大利麵,主食,Seafood,380.0,167.2
V001728,2026-06-24,M02,爐烤伊比利豬肩,主食,Red_Meat,520.0,197.6
V001728,2026-06-24,M04,松露野菌燉飯,主食,Cheese,420.0,189.0
V001728,2026-06-24,S07,炙燒櫛瓜佐油醋,副食,Universal,160.0,108.8
V001728,2026-06-24,S01,紹興油泡蝦,副食,Seafood,280.0,196.0
V001728,2026-06-24,S07,炙燒櫛瓜佐油醋,副食,Universal,160.0,108.8
V001728,2026-06-24,S03,伊比利火腿盤,副食,Cheese,380.0,247.0
V001728,2026-06-24,W01,馬爾貝克紅酒(杯),酒水,Red_Meat,280.0,173.6
V001728,2026-06-24,W07,Old Fashioned,酒水,Red_Meat,380.0,285.0
V001728,2026-06-24,W01,馬爾貝克紅酒(杯),酒水,Red_Meat,280.0,173.6
V001729,2026-06-24,M01,舒肥紅酒燉牛肉,主食,Red_Meat,480.0,192.0
V001729,2026-06-24,M01,舒肥紅酒燉牛肉,主食,Red_Meat,480.0,192.0
V001729,2026-06-24,S04,三種起司拼盤,副食,Cheese,340.0,224.4
V001729,2026-06-24,S01,紹興油泡蝦,副食,Seafood,280.0,196.0
V001729,2026-06-24,S02,西班牙蒜辣蝦,副食,Seafood,260.0,176.8
V001729,2026-06-24,W01,馬爾貝克紅酒(杯),酒水,Red_Meat,280.0,173.6
V001729,2026-06-24,W11,威士忌 Highball,酒水,Cheese,300.0,222.0
V001730,2026-06-24,M05,白酒蛤蜊義大利麵,主食,Seafood,380.0,167.2
V001730,2026-06-24,M01,舒肥紅酒燉牛肉,主食,Red_Meat,480.0,192.0
V001730,2026-06-24,S07,炙燒櫛瓜佐油醋,副食,Universal,160.0,108.8
V001730,2026-06-24,S02,西班牙蒜辣蝦,副食,Seafood,260.0,176.8
V001730,2026-06-24,S05,松露薯條,副食,Fried,180.0,129.6
V001730,2026-06-24,W07,Old Fashioned,酒水,Red_Meat,380.0,285.0
V001730,2026-06-24,W03,夏多內白酒(杯),酒水,Seafood,260.0,161.2
V001730,2026-06-24,W03,夏多內白酒(杯),酒水,Seafood,260.0,161.2
V001730,2026-06-24,W11,威士忌 Highball,酒水,Cheese,300.0,222.0
V001730,2026-06-24,W09,精釀 IPA,酒水,Fried,260.0,150.8
V001730,2026-06-24,W04,白蘇維翁(杯),酒水,Seafood,280.0,170.8
V001731,2026-06-24,M01,舒肥紅酒燉牛肉,主食,Red_Meat,480.0,192.0
V001731,2026-06-24,S04,三種起司拼盤,副食,Cheese,340.0,224.4
V001731,2026-06-24,W11,威士忌 Highball,酒水,Cheese,300.0,222.0
V001732,2026-06-24,M05,白酒蛤蜊義大利麵,主食,Seafood,380.0,167.2
V001732,2026-06-24,S01,紹興油泡蝦,副食,Seafood,280.0,196.0
V001732,2026-06-24,S02,西班牙蒜辣蝦,副食,Seafood,260.0,176.8
V001732,2026-06-24,S06,酥炸花枝圈,副食,Fried,220.0,154.0
V001732,2026-06-24,S03,伊比利火腿盤,副食,Cheese,380.0,247.0
V001733,2026-06-24,M02,爐烤伊比利豬肩,主食,Red_Meat,520.0,197.6
V001733,2026-06-24,S06,酥炸花枝圈,副食,Fried,220.0,154.0
V001733,2026-06-24,S02,西班牙蒜辣蝦,副食,Seafood,260.0,176.8
V001733,2026-06-24,W11,威士忌 Highball,酒水,Cheese,300.0,222.0
V001733,2026-06-24,W04,白蘇維翁(杯),酒水,Seafood,280.0,170.8
V001733,2026-06-24,W13,無酒精莫吉托,酒水,Universal,180.0,144.0
V001734,2026-06-24,M04,松露野菌燉飯,主食,Cheese,420.0,189.0
V001734,2026-06-24,S04,三種起司拼盤,副食,Cheese,340.0,224.4
V001734,2026-06-24,S02,西班牙蒜辣蝦,副食,Seafood,260.0,176.8
V001734,2026-06-24,S03,伊比利火腿盤,副食,Cheese,380.0,247.0
V001734,2026-06-24,S05,松露薯條,副食,Fried,180.0,129.6
V001735,2026-06-24,M04,松露野菌燉飯,主食,Cheese,420.0,189.0
V001735,2026-06-24,S05,松露薯條,副食,Fried,180.0,129.6
V001735,2026-06-24,S05,松露薯條,副食,Fried,180.0,129.6
V001735,2026-06-24,W10,小麥白啤酒,酒水,Fried,240.0,136.8
V001735,2026-06-24,W06,Negroni,酒水,Cheese,350.0,266.0
V001735,2026-06-24,W07,Old Fashioned,酒水,Red_Meat,380.0,285.0
V001736,2026-06-24,M05,白酒蛤蜊義大利麵,主食,Seafood,380.0,167.2
V001736,2026-06-24,S04,三種起司拼盤,副食,Cheese,340.0,224.4
V001736,2026-06-24,S03,伊比利火腿盤,副食,Cheese,380.0,247.0
V001736,2026-06-24,W11,威士忌 Highball,酒水,Cheese,300.0,222.0
V001736,2026-06-24,W04,白蘇維翁(杯),酒水,Seafood,280.0,170.8
V001737,2026-06-24,M06,香煎鮭魚佐檸檬,主食,Seafood,460.0,193.2
V001737,2026-06-24,D02,焦糖烤布蕾,甜點,Dessert,160.0,107.2
V001737,2026-06-24,W03,夏多內白酒(杯),酒水,Seafood,260.0,161.2
V001738,2026-06-25,M03,炭烤戰斧牛排,主食,Red_Meat,880.0,308.0
V001738,2026-06-25,M05,白酒蛤蜊義大利麵,主食,Seafood,380.0,167.2
V001738,2026-06-25,M06,香煎鮭魚佐檸檬,主食,Seafood,460.0,193.2
V001738,2026-06-25,S04,三種起司拼盤,副食,Cheese,340.0,224.4
V001738,2026-06-25,W02,卡本內蘇維翁(杯),酒水,Red_Meat,320.0,192.0
V001738,2026-06-25,W04,白蘇維翁(杯),酒水,Seafood,280.0,170.8
V001738,2026-06-25,W03,夏多內白酒(杯),酒水,Seafood,260.0,161.2
V001738,2026-06-25,W08,Gin & Tonic,酒水,Universal,300.0,234.0
V001739,2026-06-25,M05,白酒蛤蜊義大利麵,主食,Seafood,380.0,167.2
V001739,2026-06-25,S03,伊比利火腿盤,副食,Cheese,380.0,247.0
V001739,2026-06-25,W10,小麥白啤酒,酒水,Fried,240.0,136.8
V001739,2026-06-25,W04,白蘇維翁(杯),酒水,Seafood,280.0,170.8
V001739,2026-06-25,W05,氣泡酒(杯),酒水,Fried,300.0,189.0
V001739,2026-06-25,W04,白蘇維翁(杯),酒水,Seafood,280.0,170.8
V001739,2026-06-25,W01,馬爾貝克紅酒(杯),酒水,Red_Meat,280.0,173.6
V001740,2026-06-25,M04,松露野菌燉飯,主食,Cheese,420.0,189.0
V001740,2026-06-25,M06,香煎鮭魚佐檸檬,主食,Seafood,460.0,193.2
V001740,2026-06-25,M05,白酒蛤蜊義大利麵,主食,Seafood,380.0,167.2
V001740,2026-06-25,W11,威士忌 Highball,酒水,Cheese,300.0,222.0
V001740,2026-06-25,W02,卡本內蘇維翁(杯),酒水,Red_Meat,320.0,192.0
V001741,2026-06-25,M03,炭烤戰斧牛排,主食,Red_Meat,880.0,308.0
V001741,2026-06-25,S02,西班牙蒜辣蝦,副食,Seafood,260.0,176.8
V001741,2026-06-25,D02,焦糖烤布蕾,甜點,Dessert,160.0,107.2
V001741,2026-06-25,W06,Negroni,酒水,Cheese,350.0,266.0
V001742,2026-06-25,M05,白酒蛤蜊義大利麵,主食,Seafood,380.0,167.2
V001742,2026-06-25,S02,西班牙蒜辣蝦,副食,Seafood,260.0,176.8
V001742,2026-06-25,W04,白蘇維翁(杯),酒水,Seafood,280.0,170.8
V001742,2026-06-25,W03,夏多內白酒(杯),酒水,Seafood,260.0,161.2
V001742,2026-06-25,W04,白蘇維翁(杯),酒水,Seafood,280.0,170.8
V001742,2026-06-25,W10,小麥白啤酒,酒水,Fried,240.0,136.8
V001742,2026-06-25,W11,威士忌 Highball,酒水,Cheese,300.0,222.0
V001742,2026-06-25,W04,白蘇維翁(杯),酒水,Seafood,280.0,170.8
V001743,2026-06-25,M01,舒肥紅酒燉牛肉,主食,Red_Meat,480.0,192.0
V001743,2026-06-25,M01,舒肥紅酒燉牛肉,主食,Red_Meat,480.0,192.0
V001743,2026-06-25,M02,爐烤伊比利豬肩,主食,Red_Meat,520.0,197.6
V001743,2026-06-25,M03,炭烤戰斧牛排,主食,Red_Meat,880.0,308.0
V001743,2026-06-25,S07,炙燒櫛瓜佐油醋,副食,Universal,160.0,108.8
V001743,2026-06-25,S04,三種起司拼盤,副食,Cheese,340.0,224.4
V001743,2026-06-25,S07,炙燒櫛瓜佐油醋,副食,Universal,160.0,108.8
V001743,2026-06-25,S01,紹興油泡蝦,副食,Seafood,280.0,196.0
V001743,2026-06-25,W13,無酒精莫吉托,酒水,Universal,180.0,144.0
V001743,2026-06-25,W09,精釀 IPA,酒水,Fried,260.0,150.8
V001744,2026-06-25,M05,白酒蛤蜊義大利麵,主食,Seafood,380.0,167.2
V001745,2026-06-25,M04,松露野菌燉飯,主食,Cheese,420.0,189.0
V001745,2026-06-25,D02,焦糖烤布蕾,甜點,Dessert,160.0,107.2
V001745,2026-06-25,W11,威士忌 Highball,酒水,Cheese,300.0,222.0
V001745,2026-06-25,W12,季節水果特調,酒水,Universal,340.0,261.8
V001745,2026-06-25,W03,夏多內白酒(杯),酒水,Seafood,260.0,161.2
V001746,2026-06-25,M05,白酒蛤蜊義大利麵,主食,Seafood,380.0,167.2
V001746,2026-06-25,M03,炭烤戰斧牛排,主食,Red_Meat,880.0,308.0
V001746,2026-06-25,S03,伊比利火腿盤,副食,Cheese,380.0,247.0
V001746,2026-06-25,S07,炙燒櫛瓜佐油醋,副食,Universal,160.0,108.8
V001746,2026-06-25,S02,西班牙蒜辣蝦,副食,Seafood,260.0,176.8
V001746,2026-06-25,W04,白蘇維翁(杯),酒水,Seafood,280.0,170.8
V001746,2026-06-25,W07,Old Fashioned,酒水,Red_Meat,380.0,285.0
V001746,2026-06-25,W07,Old Fashioned,酒水,Red_Meat,380.0,285.0
V001747,2026-06-25,M05,白酒蛤蜊義大利麵,主食,Seafood,380.0,167.2
V001747,2026-06-25,M03,炭烤戰斧牛排,主食,Red_Meat,880.0,308.0
V001747,2026-06-25,S06,酥炸花枝圈,副食,Fried,220.0,154.0
V001747,2026-06-25,S03,伊比利火腿盤,副食,Cheese,380.0,247.0
V001747,2026-06-25,S06,酥炸花枝圈,副食,Fried,220.0,154.0
V001747,2026-06-25,W12,季節水果特調,酒水,Universal,340.0,261.8
V001747,2026-06-25,W07,Old Fashioned,酒水,Red_Meat,380.0,285.0
V001747,2026-06-25,W13,無酒精莫吉托,酒水,Universal,180.0,144.0
V001748,2026-06-25,M05,白酒蛤蜊義大利麵,主食,Seafood,380.0,167.2
V001748,2026-06-25,M01,舒肥紅酒燉牛肉,主食,Red_Meat,480.0,192.0
V001748,2026-06-25,S04,三種起司拼盤,副食,Cheese,340.0,224.4
V001748,2026-06-25,S01,紹興油泡蝦,副食,Seafood,280.0,196.0
V001748,2026-06-25,W11,威士忌 Highball,酒水,Cheese,300.0,222.0
V001748,2026-06-25,W04,白蘇維翁(杯),酒水,Seafood,280.0,170.8
V001748,2026-06-25,W04,白蘇維翁(杯),酒水,Seafood,280.0,170.8
V001748,2026-06-25,W06,Negroni,酒水,Cheese,350.0,266.0
V001748,2026-06-25,W08,Gin & Tonic,酒水,Universal,300.0,234.0
V001749,2026-06-25,M01,舒肥紅酒燉牛肉,主食,Red_Meat,480.0,192.0
V001749,2026-06-25,M04,松露野菌燉飯,主食,Cheese,420.0,189.0
V001749,2026-06-25,M06,香煎鮭魚佐檸檬,主食,Seafood,460.0,193.2
V001749,2026-06-25,M05,白酒蛤蜊義大利麵,主食,Seafood,380.0,167.2
V001749,2026-06-25,S03,伊比利火腿盤,副食,Cheese,380.0,247.0
V001749,2026-06-25,S05,松露薯條,副食,Fried,180.0,129.6
V001749,2026-06-25,S05,松露薯條,副食,Fried,180.0,129.6
V001749,2026-06-25,S06,酥炸花枝圈,副食,Fried,220.0,154.0
V001749,2026-06-25,W03,夏多內白酒(杯),酒水,Seafood,260.0,161.2
V001749,2026-06-25,W05,氣泡酒(杯),酒水,Fried,300.0,189.0
V001749,2026-06-25,W01,馬爾貝克紅酒(杯),酒水,Red_Meat,280.0,173.6
V001750,2026-06-25,S06,酥炸花枝圈,副食,Fried,220.0,154.0
V001751,2026-06-26,M02,爐烤伊比利豬肩,主食,Red_Meat,520.0,197.6
V001751,2026-06-26,S03,伊比利火腿盤,副食,Cheese,380.0,247.0
V001751,2026-06-26,S03,伊比利火腿盤,副食,Cheese,380.0,247.0
V001751,2026-06-26,W13,無酒精莫吉托,酒水,Universal,180.0,144.0
V001751,2026-06-26,W01,馬爾貝克紅酒(杯),酒水,Red_Meat,280.0,173.6
V001751,2026-06-26,W11,威士忌 Highball,酒水,Cheese,300.0,222.0
V001752,2026-06-26,M05,白酒蛤蜊義大利麵,主食,Seafood,380.0,167.2
V001752,2026-06-26,M02,爐烤伊比利豬肩,主食,Red_Meat,520.0,197.6
V001752,2026-06-26,S01,紹興油泡蝦,副食,Seafood,280.0,196.0
V001752,2026-06-26,S04,三種起司拼盤,副食,Cheese,340.0,224.4
V001752,2026-06-26,S06,酥炸花枝圈,副食,Fried,220.0,154.0
V001752,2026-06-26,S01,紹興油泡蝦,副食,Seafood,280.0,196.0
V001752,2026-06-26,S03,伊比利火腿盤,副食,Cheese,380.0,247.0
V001752,2026-06-26,S04,三種起司拼盤,副食,Cheese,340.0,224.4
V001752,2026-06-26,S02,西班牙蒜辣蝦,副食,Seafood,260.0,176.8
V001752,2026-06-26,W04,白蘇維翁(杯),酒水,Seafood,280.0,170.8
V001752,2026-06-26,W07,Old Fashioned,酒水,Red_Meat,380.0,285.0
V001752,2026-06-26,W08,Gin & Tonic,酒水,Universal,300.0,234.0
V001752,2026-06-26,W11,威士忌 Highball,酒水,Cheese,300.0,222.0
V001752,2026-06-26,W06,Negroni,酒水,Cheese,350.0,266.0
V001752,2026-06-26,W04,白蘇維翁(杯),酒水,Seafood,280.0,170.8
V001752,2026-06-26,W04,白蘇維翁(杯),酒水,Seafood,280.0,170.8
V001752,2026-06-26,W03,夏多內白酒(杯),酒水,Seafood,260.0,161.2
V001752,2026-06-26,W01,馬爾貝克紅酒(杯),酒水,Red_Meat,280.0,173.6
V001752,2026-06-26,W08,Gin & Tonic,酒水,Universal,300.0,234.0
V001752,2026-06-26,W13,無酒精莫吉托,酒水,Universal,180.0,144.0
V001752,2026-06-26,W07,Old Fashioned,酒水,Red_Meat,380.0,285.0
V001753,2026-06-26,M06,香煎鮭魚佐檸檬,主食,Seafood,460.0,193.2
V001753,2026-06-26,M02,爐烤伊比利豬肩,主食,Red_Meat,520.0,197.6
V001753,2026-06-26,M02,爐烤伊比利豬肩,主食,Red_Meat,520.0,197.6
V001753,2026-06-26,W07,Old Fashioned,酒水,Red_Meat,380.0,285.0
V001753,2026-06-26,W08,Gin & Tonic,酒水,Universal,300.0,234.0
V001754,2026-06-26,M02,爐烤伊比利豬肩,主食,Red_Meat,520.0,197.6
V001754,2026-06-26,S03,伊比利火腿盤,副食,Cheese,380.0,247.0
V001754,2026-06-26,S01,紹興油泡蝦,副食,Seafood,280.0,196.0
V001754,2026-06-26,S06,酥炸花枝圈,副食,Fried,220.0,154.0
V001754,2026-06-26,D01,提拉米蘇,甜點,Dessert,180.0,117.0
V001754,2026-06-26,W05,氣泡酒(杯),酒水,Fried,300.0,189.0
V001754,2026-06-26,W06,Negroni,酒水,Cheese,350.0,266.0
V001754,2026-06-26,W02,卡本內蘇維翁(杯),酒水,Red_Meat,320.0,192.0
V001755,2026-06-26,M01,舒肥紅酒燉牛肉,主食,Red_Meat,480.0,192.0
V001755,2026-06-26,S05,松露薯條,副食,Fried,180.0,129.6
V001755,2026-06-26,W02,卡本內蘇維翁(杯),酒水,Red_Meat,320.0,192.0
V001756,2026-06-26,M02,爐烤伊比利豬肩,主食,Red_Meat,520.0,197.6
V001756,2026-06-26,S06,酥炸花枝圈,副食,Fried,220.0,154.0
V001756,2026-06-26,D02,焦糖烤布蕾,甜點,Dessert,160.0,107.2
V001756,2026-06-26,W10,小麥白啤酒,酒水,Fried,240.0,136.8
V001757,2026-06-26,M04,松露野菌燉飯,主食,Cheese,420.0,189.0
V001757,2026-06-26,S03,伊比利火腿盤,副食,Cheese,380.0,247.0
V001757,2026-06-26,S06,酥炸花枝圈,副食,Fried,220.0,154.0
V001757,2026-06-26,S03,伊比利火腿盤,副食,Cheese,380.0,247.0
V001757,2026-06-26,D01,提拉米蘇,甜點,Dessert,180.0,117.0
V001757,2026-06-26,W08,Gin & Tonic,酒水,Universal,300.0,234.0
V001757,2026-06-26,W12,季節水果特調,酒水,Universal,340.0,261.8
V001757,2026-06-26,W02,卡本內蘇維翁(杯),酒水,Red_Meat,320.0,192.0
V001757,2026-06-26,W09,精釀 IPA,酒水,Fried,260.0,150.8
V001757,2026-06-26,W06,Negroni,酒水,Cheese,350.0,266.0
V001758,2026-06-26,M04,松露野菌燉飯,主食,Cheese,420.0,189.0
V001758,2026-06-26,S03,伊比利火腿盤,副食,Cheese,380.0,247.0
V001759,2026-06-26,M01,舒肥紅酒燉牛肉,主食,Red_Meat,480.0,192.0
V001759,2026-06-26,S03,伊比利火腿盤,副食,Cheese,380.0,247.0
V001759,2026-06-26,S07,炙燒櫛瓜佐油醋,副食,Universal,160.0,108.8
V001759,2026-06-26,D01,提拉米蘇,甜點,Dessert,180.0,117.0
V001759,2026-06-26,W04,白蘇維翁(杯),酒水,Seafood,280.0,170.8
V001759,2026-06-26,W01,馬爾貝克紅酒(杯),酒水,Red_Meat,280.0,173.6
V001760,2026-06-26,M01,舒肥紅酒燉牛肉,主食,Red_Meat,480.0,192.0
V001760,2026-06-26,M04,松露野菌燉飯,主食,Cheese,420.0,189.0
V001760,2026-06-26,M03,炭烤戰斧牛排,主食,Red_Meat,880.0,308.0
V001760,2026-06-26,M04,松露野菌燉飯,主食,Cheese,420.0,189.0
V001760,2026-06-26,S06,酥炸花枝圈,副食,Fried,220.0,154.0
V001760,2026-06-26,S02,西班牙蒜辣蝦,副食,Seafood,260.0,176.8
V001760,2026-06-26,S02,西班牙蒜辣蝦,副食,Seafood,260.0,176.8
V001760,2026-06-26,S05,松露薯條,副食,Fried,180.0,129.6
V001760,2026-06-26,W08,Gin & Tonic,酒水,Universal,300.0,234.0
V001760,2026-06-26,W05,氣泡酒(杯),酒水,Fried,300.0,189.0
V001760,2026-06-26,W13,無酒精莫吉托,酒水,Universal,180.0,144.0
V001760,2026-06-26,W03,夏多內白酒(杯),酒水,Seafood,260.0,161.2
V001760,2026-06-26,W03,夏多內白酒(杯),酒水,Seafood,260.0,161.2
V001760,2026-06-26,W10,小麥白啤酒,酒水,Fried,240.0,136.8
V001760,2026-06-26,W09,精釀 IPA,酒水,Fried,260.0,150.8
V001760,2026-06-26,W04,白蘇維翁(杯),酒水,Seafood,280.0,170.8
V001760,2026-06-26,W06,Negroni,酒水,Cheese,350.0,266.0
V001760,2026-06-26,W03,夏多內白酒(杯),酒水,Seafood,260.0,161.2
V001760,2026-06-26,W08,Gin & Tonic,酒水,Universal,300.0,234.0
V001761,2026-06-26,M05,白酒蛤蜊義大利麵,主食,Seafood,380.0,167.2
V001761,2026-06-26,M04,松露野菌燉飯,主食,Cheese,420.0,189.0
V001761,2026-06-26,M01,舒肥紅酒燉牛肉,主食,Red_Meat,480.0,192.0
V001761,2026-06-26,S06,酥炸花枝圈,副食,Fried,220.0,154.0
V001761,2026-06-26,S06,酥炸花枝圈,副食,Fried,220.0,154.0
V001761,2026-06-26,W08,Gin & Tonic,酒水,Universal,300.0,234.0
V001761,2026-06-26,W01,馬爾貝克紅酒(杯),酒水,Red_Meat,280.0,173.6
V001761,2026-06-26,W01,馬爾貝克紅酒(杯),酒水,Red_Meat,280.0,173.6
V001761,2026-06-26,W03,夏多內白酒(杯),酒水,Seafood,260.0,161.2
V001761,2026-06-26,W02,卡本內蘇維翁(杯),酒水,Red_Meat,320.0,192.0
V001761,2026-06-26,W06,Negroni,酒水,Cheese,350.0,266.0
V001761,2026-06-26,W12,季節水果特調,酒水,Universal,340.0,261.8
V001761,2026-06-26,W04,白蘇維翁(杯),酒水,Seafood,280.0,170.8
V001761,2026-06-26,W04,白蘇維翁(杯),酒水,Seafood,280.0,170.8
V001761,2026-06-26,W09,精釀 IPA,酒水,Fried,260.0,150.8
V001761,2026-06-26,W01,馬爾貝克紅酒(杯),酒水,Red_Meat,280.0,173.6
V001762,2026-06-26,M01,舒肥紅酒燉牛肉,主食,Red_Meat,480.0,192.0
V001762,2026-06-26,S05,松露薯條,副食,Fried,180.0,129.6
V001762,2026-06-26,S03,伊比利火腿盤,副食,Cheese,380.0,247.0
V001762,2026-06-26,S07,炙燒櫛瓜佐油醋,副食,Universal,160.0,108.8
V001762,2026-06-26,W04,白蘇維翁(杯),酒水,Seafood,280.0,170.8
V001762,2026-06-26,W07,Old Fashioned,酒水,Red_Meat,380.0,285.0
V001762,2026-06-26,W12,季節水果特調,酒水,Universal,340.0,261.8
V001762,2026-06-26,W05,氣泡酒(杯),酒水,Fried,300.0,189.0
V001762,2026-06-26,W05,氣泡酒(杯),酒水,Fried,300.0,189.0
V001762,2026-06-26,W02,卡本內蘇維翁(杯),酒水,Red_Meat,320.0,192.0
V001763,2026-06-26,M02,爐烤伊比利豬肩,主食,Red_Meat,520.0,197.6
V001763,2026-06-26,S06,酥炸花枝圈,副食,Fried,220.0,154.0
V001763,2026-06-26,S03,伊比利火腿盤,副食,Cheese,380.0,247.0
V001763,2026-06-26,W11,威士忌 Highball,酒水,Cheese,300.0,222.0
V001763,2026-06-26,W02,卡本內蘇維翁(杯),酒水,Red_Meat,320.0,192.0
V001763,2026-06-26,W06,Negroni,酒水,Cheese,350.0,266.0
V001763,2026-06-26,W04,白蘇維翁(杯),酒水,Seafood,280.0,170.8
V001763,2026-06-26,W05,氣泡酒(杯),酒水,Fried,300.0,189.0
V001764,2026-06-26,M03,炭烤戰斧牛排,主食,Red_Meat,880.0,308.0
V001764,2026-06-26,S07,炙燒櫛瓜佐油醋,副食,Universal,160.0,108.8
V001764,2026-06-26,S06,酥炸花枝圈,副食,Fried,220.0,154.0
V001764,2026-06-26,D02,焦糖烤布蕾,甜點,Dessert,160.0,107.2
V001764,2026-06-26,W07,Old Fashioned,酒水,Red_Meat,380.0,285.0
V001764,2026-06-26,W13,無酒精莫吉托,酒水,Universal,180.0,144.0
V001764,2026-06-26,W01,馬爾貝克紅酒(杯),酒水,Red_Meat,280.0,173.6
V001764,2026-06-26,W10,小麥白啤酒,酒水,Fried,240.0,136.8
V001764,2026-06-26,W02,卡本內蘇維翁(杯),酒水,Red_Meat,320.0,192.0
V001764,2026-06-26,W05,氣泡酒(杯),酒水,Fried,300.0,189.0
V001764,2026-06-26,W03,夏多內白酒(杯),酒水,Seafood,260.0,161.2
V001764,2026-06-26,W02,卡本內蘇維翁(杯),酒水,Red_Meat,320.0,192.0
V001764,2026-06-26,W06,Negroni,酒水,Cheese,350.0,266.0
V001765,2026-06-26,M06,香煎鮭魚佐檸檬,主食,Seafood,460.0,193.2
V001765,2026-06-26,M05,白酒蛤蜊義大利麵,主食,Seafood,380.0,167.2
V001765,2026-06-26,M03,炭烤戰斧牛排,主食,Red_Meat,880.0,308.0
V001765,2026-06-26,S06,酥炸花枝圈,副食,Fried,220.0,154.0
V001765,2026-06-26,S01,紹興油泡蝦,副食,Seafood,280.0,196.0
V001765,2026-06-26,S06,酥炸花枝圈,副食,Fried,220.0,154.0
V001765,2026-06-26,W13,無酒精莫吉托,酒水,Universal,180.0,144.0
V001765,2026-06-26,W06,Negroni,酒水,Cheese,350.0,266.0
V001766,2026-06-26,M04,松露野菌燉飯,主食,Cheese,420.0,189.0
V001766,2026-06-26,S06,酥炸花枝圈,副食,Fried,220.0,154.0
V001766,2026-06-26,D02,焦糖烤布蕾,甜點,Dessert,160.0,107.2
V001766,2026-06-26,W02,卡本內蘇維翁(杯),酒水,Red_Meat,320.0,192.0
V001766,2026-06-26,W07,Old Fashioned,酒水,Red_Meat,380.0,285.0
V001766,2026-06-26,W09,精釀 IPA,酒水,Fried,260.0,150.8
V001767,2026-06-26,M06,香煎鮭魚佐檸檬,主食,Seafood,460.0,193.2
V001767,2026-06-26,M02,爐烤伊比利豬肩,主食,Red_Meat,520.0,197.6
V001767,2026-06-26,M06,香煎鮭魚佐檸檬,主食,Seafood,460.0,193.2
V001767,2026-06-26,S01,紹興油泡蝦,副食,Seafood,280.0,196.0
V001767,2026-06-26,S03,伊比利火腿盤,副食,Cheese,380.0,247.0
V001767,2026-06-26,S01,紹興油泡蝦,副食,Seafood,280.0,196.0
V001767,2026-06-26,W10,小麥白啤酒,酒水,Fried,240.0,136.8
V001767,2026-06-26,W04,白蘇維翁(杯),酒水,Seafood,280.0,170.8
V001767,2026-06-26,W03,夏多內白酒(杯),酒水,Seafood,260.0,161.2
V001767,2026-06-26,W03,夏多內白酒(杯),酒水,Seafood,260.0,161.2
V001767,2026-06-26,W01,馬爾貝克紅酒(杯),酒水,Red_Meat,280.0,173.6
V001767,2026-06-26,W08,Gin & Tonic,酒水,Universal,300.0,234.0
V001767,2026-06-26,W04,白蘇維翁(杯),酒水,Seafood,280.0,170.8
V001767,2026-06-26,W04,白蘇維翁(杯),酒水,Seafood,280.0,170.8
V001767,2026-06-26,W03,夏多內白酒(杯),酒水,Seafood,260.0,161.2
V001768,2026-06-26,M06,香煎鮭魚佐檸檬,主食,Seafood,460.0,193.2
V001768,2026-06-26,M04,松露野菌燉飯,主食,Cheese,420.0,189.0
V001768,2026-06-26,S05,松露薯條,副食,Fried,180.0,129.6
V001768,2026-06-26,S04,三種起司拼盤,副食,Cheese,340.0,224.4
V001768,2026-06-26,W06,Negroni,酒水,Cheese,350.0,266.0
V001768,2026-06-26,W07,Old Fashioned,酒水,Red_Meat,380.0,285.0
V001769,2026-06-26,M02,爐烤伊比利豬肩,主食,Red_Meat,520.0,197.6
V001769,2026-06-26,M03,炭烤戰斧牛排,主食,Red_Meat,880.0,308.0
V001769,2026-06-26,M01,舒肥紅酒燉牛肉,主食,Red_Meat,480.0,192.0
V001769,2026-06-26,S02,西班牙蒜辣蝦,副食,Seafood,260.0,176.8
V001769,2026-06-26,S02,西班牙蒜辣蝦,副食,Seafood,260.0,176.8
V001769,2026-06-26,D01,提拉米蘇,甜點,Dessert,180.0,117.0
V001769,2026-06-26,W04,白蘇維翁(杯),酒水,Seafood,280.0,170.8
V001770,2026-06-26,M04,松露野菌燉飯,主食,Cheese,420.0,189.0
V001770,2026-06-26,M05,白酒蛤蜊義大利麵,主食,Seafood,380.0,167.2
V001770,2026-06-26,S04,三種起司拼盤,副食,Cheese,340.0,224.4
V001770,2026-06-26,S05,松露薯條,副食,Fried,180.0,129.6
V001770,2026-06-26,W09,精釀 IPA,酒水,Fried,260.0,150.8
V001770,2026-06-26,W01,馬爾貝克紅酒(杯),酒水,Red_Meat,280.0,173.6
V001771,2026-06-26,M03,炭烤戰斧牛排,主食,Red_Meat,880.0,308.0
V001771,2026-06-26,S02,西班牙蒜辣蝦,副食,Seafood,260.0,176.8
V001771,2026-06-26,S03,伊比利火腿盤,副食,Cheese,380.0,247.0
V001771,2026-06-26,S06,酥炸花枝圈,副食,Fried,220.0,154.0
V001772,2026-06-27,M04,松露野菌燉飯,主食,Cheese,420.0,189.0
V001772,2026-06-27,M03,炭烤戰斧牛排,主食,Red_Meat,880.0,308.0
V001772,2026-06-27,M04,松露野菌燉飯,主食,Cheese,420.0,189.0
V001772,2026-06-27,S04,三種起司拼盤,副食,Cheese,340.0,224.4
V001772,2026-06-27,S06,酥炸花枝圈,副食,Fried,220.0,154.0
V001772,2026-06-27,S07,炙燒櫛瓜佐油醋,副食,Universal,160.0,108.8
V001772,2026-06-27,S06,酥炸花枝圈,副食,Fried,220.0,154.0
V001772,2026-06-27,S07,炙燒櫛瓜佐油醋,副食,Universal,160.0,108.8
V001772,2026-06-27,W05,氣泡酒(杯),酒水,Fried,300.0,189.0
V001772,2026-06-27,W12,季節水果特調,酒水,Universal,340.0,261.8
V001772,2026-06-27,W12,季節水果特調,酒水,Universal,340.0,261.8
V001773,2026-06-27,M05,白酒蛤蜊義大利麵,主食,Seafood,380.0,167.2
V001773,2026-06-27,S03,伊比利火腿盤,副食,Cheese,380.0,247.0
V001773,2026-06-27,S02,西班牙蒜辣蝦,副食,Seafood,260.0,176.8
V001773,2026-06-27,D01,提拉米蘇,甜點,Dessert,180.0,117.0
V001773,2026-06-27,W04,白蘇維翁(杯),酒水,Seafood,280.0,170.8
V001773,2026-06-27,W05,氣泡酒(杯),酒水,Fried,300.0,189.0
V001774,2026-06-27,M06,香煎鮭魚佐檸檬,主食,Seafood,460.0,193.2
V001774,2026-06-27,S03,伊比利火腿盤,副食,Cheese,380.0,247.0
V001774,2026-06-27,S01,紹興油泡蝦,副食,Seafood,280.0,196.0
V001774,2026-06-27,S04,三種起司拼盤,副食,Cheese,340.0,224.4
V001774,2026-06-27,S03,伊比利火腿盤,副食,Cheese,380.0,247.0
V001774,2026-06-27,S03,伊比利火腿盤,副食,Cheese,380.0,247.0
V001774,2026-06-27,S04,三種起司拼盤,副食,Cheese,340.0,224.4
V001774,2026-06-27,W02,卡本內蘇維翁(杯),酒水,Red_Meat,320.0,192.0
V001774,2026-06-27,W01,馬爾貝克紅酒(杯),酒水,Red_Meat,280.0,173.6
V001774,2026-06-27,W04,白蘇維翁(杯),酒水,Seafood,280.0,170.8
V001774,2026-06-27,W02,卡本內蘇維翁(杯),酒水,Red_Meat,320.0,192.0
V001775,2026-06-27,M04,松露野菌燉飯,主食,Cheese,420.0,189.0
V001775,2026-06-27,S06,酥炸花枝圈,副食,Fried,220.0,154.0
V001775,2026-06-27,W10,小麥白啤酒,酒水,Fried,240.0,136.8
V001776,2026-06-27,M04,松露野菌燉飯,主食,Cheese,420.0,189.0
V001776,2026-06-27,S06,酥炸花枝圈,副食,Fried,220.0,154.0
V001776,2026-06-27,S07,炙燒櫛瓜佐油醋,副食,Universal,160.0,108.8
V001776,2026-06-27,W06,Negroni,酒水,Cheese,350.0,266.0
V001776,2026-06-27,W07,Old Fashioned,酒水,Red_Meat,380.0,285.0
V001776,2026-06-27,W02,卡本內蘇維翁(杯),酒水,Red_Meat,320.0,192.0
V001776,2026-06-27,W13,無酒精莫吉托,酒水,Universal,180.0,144.0
V001776,2026-06-27,W09,精釀 IPA,酒水,Fried,260.0,150.8
V001777,2026-06-27,M05,白酒蛤蜊義大利麵,主食,Seafood,380.0,167.2
V001777,2026-06-27,M03,炭烤戰斧牛排,主食,Red_Meat,880.0,308.0
V001777,2026-06-27,S02,西班牙蒜辣蝦,副食,Seafood,260.0,176.8
V001777,2026-06-27,S04,三種起司拼盤,副食,Cheese,340.0,224.4
V001777,2026-06-27,W03,夏多內白酒(杯),酒水,Seafood,260.0,161.2
V001777,2026-06-27,W05,氣泡酒(杯),酒水,Fried,300.0,189.0
V001778,2026-06-27,M03,炭烤戰斧牛排,主食,Red_Meat,880.0,308.0
V001778,2026-06-27,W01,馬爾貝克紅酒(杯),酒水,Red_Meat,280.0,173.6
V001778,2026-06-27,W01,馬爾貝克紅酒(杯),酒水,Red_Meat,280.0,173.6
V001779,2026-06-27,M01,舒肥紅酒燉牛肉,主食,Red_Meat,480.0,192.0
V001779,2026-06-27,S04,三種起司拼盤,副食,Cheese,340.0,224.4
V001779,2026-06-27,S07,炙燒櫛瓜佐油醋,副食,Universal,160.0,108.8
V001779,2026-06-27,W03,夏多內白酒(杯),酒水,Seafood,260.0,161.2
V001779,2026-06-27,W06,Negroni,酒水,Cheese,350.0,266.0
V001780,2026-06-27,M04,松露野菌燉飯,主食,Cheese,420.0,189.0
V001780,2026-06-27,M03,炭烤戰斧牛排,主食,Red_Meat,880.0,308.0
V001780,2026-06-27,S06,酥炸花枝圈,副食,Fried,220.0,154.0
V001780,2026-06-27,S02,西班牙蒜辣蝦,副食,Seafood,260.0,176.8
V001780,2026-06-27,S02,西班牙蒜辣蝦,副食,Seafood,260.0,176.8
V001780,2026-06-27,W06,Negroni,酒水,Cheese,350.0,266.0
V001780,2026-06-27,W10,小麥白啤酒,酒水,Fried,240.0,136.8
V001781,2026-06-27,M04,松露野菌燉飯,主食,Cheese,420.0,189.0
V001781,2026-06-27,M06,香煎鮭魚佐檸檬,主食,Seafood,460.0,193.2
V001781,2026-06-27,S06,酥炸花枝圈,副食,Fried,220.0,154.0
V001781,2026-06-27,D02,焦糖烤布蕾,甜點,Dessert,160.0,107.2
V001781,2026-06-27,W13,無酒精莫吉托,酒水,Universal,180.0,144.0
V001781,2026-06-27,W12,季節水果特調,酒水,Universal,340.0,261.8
V001782,2026-06-27,M06,香煎鮭魚佐檸檬,主食,Seafood,460.0,193.2
V001782,2026-06-27,M01,舒肥紅酒燉牛肉,主食,Red_Meat,480.0,192.0
V001782,2026-06-27,S01,紹興油泡蝦,副食,Seafood,280.0,196.0
V001782,2026-06-27,D02,焦糖烤布蕾,甜點,Dessert,160.0,107.2
V001782,2026-06-27,W01,馬爾貝克紅酒(杯),酒水,Red_Meat,280.0,173.6
V001783,2026-06-27,M04,松露野菌燉飯,主食,Cheese,420.0,189.0
V001783,2026-06-27,S03,伊比利火腿盤,副食,Cheese,380.0,247.0
V001783,2026-06-27,S02,西班牙蒜辣蝦,副食,Seafood,260.0,176.8
V001783,2026-06-27,S07,炙燒櫛瓜佐油醋,副食,Universal,160.0,108.8
V001783,2026-06-27,W10,小麥白啤酒,酒水,Fried,240.0,136.8
V001783,2026-06-27,W03,夏多內白酒(杯),酒水,Seafood,260.0,161.2
V001784,2026-06-27,M06,香煎鮭魚佐檸檬,主食,Seafood,460.0,193.2
V001784,2026-06-27,M06,香煎鮭魚佐檸檬,主食,Seafood,460.0,193.2
V001784,2026-06-27,M03,炭烤戰斧牛排,主食,Red_Meat,880.0,308.0
V001784,2026-06-27,M05,白酒蛤蜊義大利麵,主食,Seafood,380.0,167.2
V001784,2026-06-27,S04,三種起司拼盤,副食,Cheese,340.0,224.4
V001784,2026-06-27,S05,松露薯條,副食,Fried,180.0,129.6
V001784,2026-06-27,S02,西班牙蒜辣蝦,副食,Seafood,260.0,176.8
V001784,2026-06-27,D02,焦糖烤布蕾,甜點,Dessert,160.0,107.2
V001784,2026-06-27,W03,夏多內白酒(杯),酒水,Seafood,260.0,161.2
V001784,2026-06-27,W06,Negroni,酒水,Cheese,350.0,266.0
V001784,2026-06-27,W03,夏多內白酒(杯),酒水,Seafood,260.0,161.2
V001784,2026-06-27,W13,無酒精莫吉托,酒水,Universal,180.0,144.0
V001784,2026-06-27,W10,小麥白啤酒,酒水,Fried,240.0,136.8
V001784,2026-06-27,W13,無酒精莫吉托,酒水,Universal,180.0,144.0
V001784,2026-06-27,W11,威士忌 Highball,酒水,Cheese,300.0,222.0
V001785,2026-06-27,M03,炭烤戰斧牛排,主食,Red_Meat,880.0,308.0
V001785,2026-06-27,S03,伊比利火腿盤,副食,Cheese,380.0,247.0
V001785,2026-06-27,S04,三種起司拼盤,副食,Cheese,340.0,224.4
V001785,2026-06-27,S04,三種起司拼盤,副食,Cheese,340.0,224.4
V001785,2026-06-27,W09,精釀 IPA,酒水,Fried,260.0,150.8
V001785,2026-06-27,W07,Old Fashioned,酒水,Red_Meat,380.0,285.0
V001785,2026-06-27,W11,威士忌 Highball,酒水,Cheese,300.0,222.0
V001785,2026-06-27,W06,Negroni,酒水,Cheese,350.0,266.0
V001785,2026-06-27,W02,卡本內蘇維翁(杯),酒水,Red_Meat,320.0,192.0
V001785,2026-06-27,W02,卡本內蘇維翁(杯),酒水,Red_Meat,320.0,192.0
V001786,2026-06-27,M04,松露野菌燉飯,主食,Cheese,420.0,189.0
V001786,2026-06-27,S04,三種起司拼盤,副食,Cheese,340.0,224.4
V001786,2026-06-27,D02,焦糖烤布蕾,甜點,Dessert,160.0,107.2
V001786,2026-06-27,W02,卡本內蘇維翁(杯),酒水,Red_Meat,320.0,192.0
V001786,2026-06-27,W10,小麥白啤酒,酒水,Fried,240.0,136.8
V001787,2026-06-27,M05,白酒蛤蜊義大利麵,主食,Seafood,380.0,167.2
V001787,2026-06-27,M01,舒肥紅酒燉牛肉,主食,Red_Meat,480.0,192.0
V001787,2026-06-27,S03,伊比利火腿盤,副食,Cheese,380.0,247.0
V001788,2026-06-27,M02,爐烤伊比利豬肩,主食,Red_Meat,520.0,197.6
V001788,2026-06-27,M02,爐烤伊比利豬肩,主食,Red_Meat,520.0,197.6
V001788,2026-06-27,S01,紹興油泡蝦,副食,Seafood,280.0,196.0
V001788,2026-06-27,S05,松露薯條,副食,Fried,180.0,129.6
V001788,2026-06-27,S03,伊比利火腿盤,副食,Cheese,380.0,247.0
V001788,2026-06-27,W07,Old Fashioned,酒水,Red_Meat,380.0,285.0
V001788,2026-06-27,W12,季節水果特調,酒水,Universal,340.0,261.8
V001788,2026-06-27,W10,小麥白啤酒,酒水,Fried,240.0,136.8
V001788,2026-06-27,W08,Gin & Tonic,酒水,Universal,300.0,234.0
V001788,2026-06-27,W07,Old Fashioned,酒水,Red_Meat,380.0,285.0
V001788,2026-06-27,W02,卡本內蘇維翁(杯),酒水,Red_Meat,320.0,192.0
V001788,2026-06-27,W04,白蘇維翁(杯),酒水,Seafood,280.0,170.8
V001788,2026-06-27,W08,Gin & Tonic,酒水,Universal,300.0,234.0
V001789,2026-06-27,M02,爐烤伊比利豬肩,主食,Red_Meat,520.0,197.6
V001789,2026-06-27,M02,爐烤伊比利豬肩,主食,Red_Meat,520.0,197.6
V001789,2026-06-27,S01,紹興油泡蝦,副食,Seafood,280.0,196.0
V001789,2026-06-27,S01,紹興油泡蝦,副食,Seafood,280.0,196.0
V001789,2026-06-27,W02,卡本內蘇維翁(杯),酒水,Red_Meat,320.0,192.0
V001790,2026-06-27,M01,舒肥紅酒燉牛肉,主食,Red_Meat,480.0,192.0
V001790,2026-06-27,S03,伊比利火腿盤,副食,Cheese,380.0,247.0
V001790,2026-06-27,S07,炙燒櫛瓜佐油醋,副食,Universal,160.0,108.8
V001790,2026-06-27,W11,威士忌 Highball,酒水,Cheese,300.0,222.0
V001790,2026-06-27,W08,Gin & Tonic,酒水,Universal,300.0,234.0
V001790,2026-06-27,W08,Gin & Tonic,酒水,Universal,300.0,234.0
V001791,2026-06-27,M01,舒肥紅酒燉牛肉,主食,Red_Meat,480.0,192.0
V001791,2026-06-27,S01,紹興油泡蝦,副食,Seafood,280.0,196.0
V001791,2026-06-27,S07,炙燒櫛瓜佐油醋,副食,Universal,160.0,108.8
V001791,2026-06-27,S04,三種起司拼盤,副食,Cheese,340.0,224.4
V001791,2026-06-27,S01,紹興油泡蝦,副食,Seafood,280.0,196.0
V001791,2026-06-27,S03,伊比利火腿盤,副食,Cheese,380.0,247.0
V001791,2026-06-27,W11,威士忌 Highball,酒水,Cheese,300.0,222.0
V001791,2026-06-27,W01,馬爾貝克紅酒(杯),酒水,Red_Meat,280.0,173.6
V001791,2026-06-27,W11,威士忌 Highball,酒水,Cheese,300.0,222.0
V001791,2026-06-27,W03,夏多內白酒(杯),酒水,Seafood,260.0,161.2
V001791,2026-06-27,W01,馬爾貝克紅酒(杯),酒水,Red_Meat,280.0,173.6
V001791,2026-06-27,W01,馬爾貝克紅酒(杯),酒水,Red_Meat,280.0,173.6
V001791,2026-06-27,W01,馬爾貝克紅酒(杯),酒水,Red_Meat,280.0,173.6
V001792,2026-06-27,M06,香煎鮭魚佐檸檬,主食,Seafood,460.0,193.2
V001792,2026-06-27,M04,松露野菌燉飯,主食,Cheese,420.0,189.0
V001792,2026-06-27,M06,香煎鮭魚佐檸檬,主食,Seafood,460.0,193.2
V001792,2026-06-27,M04,松露野菌燉飯,主食,Cheese,420.0,189.0
V001792,2026-06-27,S01,紹興油泡蝦,副食,Seafood,280.0,196.0
V001792,2026-06-27,W03,夏多內白酒(杯),酒水,Seafood,260.0,161.2
V001792,2026-06-27,W07,Old Fashioned,酒水,Red_Meat,380.0,285.0
V001792,2026-06-27,W04,白蘇維翁(杯),酒水,Seafood,280.0,170.8
V001792,2026-06-27,W03,夏多內白酒(杯),酒水,Seafood,260.0,161.2
V001792,2026-06-27,W13,無酒精莫吉托,酒水,Universal,180.0,144.0
V001792,2026-06-27,W11,威士忌 Highball,酒水,Cheese,300.0,222.0
V001793,2026-06-28,M06,香煎鮭魚佐檸檬,主食,Seafood,460.0,193.2
V001793,2026-06-28,S01,紹興油泡蝦,副食,Seafood,280.0,196.0
V001793,2026-06-28,W08,Gin & Tonic,酒水,Universal,300.0,234.0
V001794,2026-06-28,M06,香煎鮭魚佐檸檬,主食,Seafood,460.0,193.2
V001794,2026-06-28,M06,香煎鮭魚佐檸檬,主食,Seafood,460.0,193.2
V001794,2026-06-28,M05,白酒蛤蜊義大利麵,主食,Seafood,380.0,167.2
V001794,2026-06-28,M01,舒肥紅酒燉牛肉,主食,Red_Meat,480.0,192.0
V001794,2026-06-28,M02,爐烤伊比利豬肩,主食,Red_Meat,520.0,197.6
V001794,2026-06-28,S06,酥炸花枝圈,副食,Fried,220.0,154.0
V001794,2026-06-28,W03,夏多內白酒(杯),酒水,Seafood,260.0,161.2
V001794,2026-06-28,W03,夏多內白酒(杯),酒水,Seafood,260.0,161.2
V001794,2026-06-28,W10,小麥白啤酒,酒水,Fried,240.0,136.8
V001794,2026-06-28,W01,馬爾貝克紅酒(杯),酒水,Red_Meat,280.0,173.6
V001794,2026-06-28,W02,卡本內蘇維翁(杯),酒水,Red_Meat,320.0,192.0
V001794,2026-06-28,W03,夏多內白酒(杯),酒水,Seafood,260.0,161.2
V001794,2026-06-28,W01,馬爾貝克紅酒(杯),酒水,Red_Meat,280.0,173.6
V001794,2026-06-28,W08,Gin & Tonic,酒水,Universal,300.0,234.0
V001794,2026-06-28,W04,白蘇維翁(杯),酒水,Seafood,280.0,170.8
V001795,2026-06-28,M01,舒肥紅酒燉牛肉,主食,Red_Meat,480.0,192.0
V001795,2026-06-28,M03,炭烤戰斧牛排,主食,Red_Meat,880.0,308.0
V001795,2026-06-28,M03,炭烤戰斧牛排,主食,Red_Meat,880.0,308.0
V001795,2026-06-28,M06,香煎鮭魚佐檸檬,主食,Seafood,460.0,193.2
V001795,2026-06-28,M01,舒肥紅酒燉牛肉,主食,Red_Meat,480.0,192.0
V001795,2026-06-28,S03,伊比利火腿盤,副食,Cheese,380.0,247.0
V001795,2026-06-28,S03,伊比利火腿盤,副食,Cheese,380.0,247.0
V001795,2026-06-28,S04,三種起司拼盤,副食,Cheese,340.0,224.4
V001795,2026-06-28,S03,伊比利火腿盤,副食,Cheese,380.0,247.0
V001795,2026-06-28,D02,焦糖烤布蕾,甜點,Dessert,160.0,107.2
V001795,2026-06-28,W13,無酒精莫吉托,酒水,Universal,180.0,144.0
V001795,2026-06-28,W12,季節水果特調,酒水,Universal,340.0,261.8
V001795,2026-06-28,W09,精釀 IPA,酒水,Fried,260.0,150.8
V001795,2026-06-28,W03,夏多內白酒(杯),酒水,Seafood,260.0,161.2
V001795,2026-06-28,W07,Old Fashioned,酒水,Red_Meat,380.0,285.0
V001795,2026-06-28,W11,威士忌 Highball,酒水,Cheese,300.0,222.0
V001795,2026-06-28,W05,氣泡酒(杯),酒水,Fried,300.0,189.0
V001796,2026-06-28,M04,松露野菌燉飯,主食,Cheese,420.0,189.0
V001796,2026-06-28,S03,伊比利火腿盤,副食,Cheese,380.0,247.0
V001796,2026-06-28,S03,伊比利火腿盤,副食,Cheese,380.0,247.0
V001796,2026-06-28,S03,伊比利火腿盤,副食,Cheese,380.0,247.0
V001797,2026-06-28,M06,香煎鮭魚佐檸檬,主食,Seafood,460.0,193.2
V001797,2026-06-28,S03,伊比利火腿盤,副食,Cheese,380.0,247.0
V001797,2026-06-28,S03,伊比利火腿盤,副食,Cheese,380.0,247.0
V001797,2026-06-28,S04,三種起司拼盤,副食,Cheese,340.0,224.4
V001797,2026-06-28,W03,夏多內白酒(杯),酒水,Seafood,260.0,161.2
V001797,2026-06-28,W07,Old Fashioned,酒水,Red_Meat,380.0,285.0
V001797,2026-06-28,W07,Old Fashioned,酒水,Red_Meat,380.0,285.0
V001798,2026-06-28,M01,舒肥紅酒燉牛肉,主食,Red_Meat,480.0,192.0
V001798,2026-06-28,M02,爐烤伊比利豬肩,主食,Red_Meat,520.0,197.6
V001798,2026-06-28,S01,紹興油泡蝦,副食,Seafood,280.0,196.0
V001798,2026-06-28,S03,伊比利火腿盤,副食,Cheese,380.0,247.0
V001798,2026-06-28,S07,炙燒櫛瓜佐油醋,副食,Universal,160.0,108.8
V001798,2026-06-28,S03,伊比利火腿盤,副食,Cheese,380.0,247.0
V001798,2026-06-28,W02,卡本內蘇維翁(杯),酒水,Red_Meat,320.0,192.0
V001798,2026-06-28,W08,Gin & Tonic,酒水,Universal,300.0,234.0
V001798,2026-06-28,W03,夏多內白酒(杯),酒水,Seafood,260.0,161.2
V001798,2026-06-28,W11,威士忌 Highball,酒水,Cheese,300.0,222.0
V001799,2026-06-28,M01,舒肥紅酒燉牛肉,主食,Red_Meat,480.0,192.0
V001799,2026-06-28,M06,香煎鮭魚佐檸檬,主食,Seafood,460.0,193.2
V001799,2026-06-28,S03,伊比利火腿盤,副食,Cheese,380.0,247.0
V001799,2026-06-28,D01,提拉米蘇,甜點,Dessert,180.0,117.0
V001799,2026-06-28,W08,Gin & Tonic,酒水,Universal,300.0,234.0
V001799,2026-06-28,W07,Old Fashioned,酒水,Red_Meat,380.0,285.0
V001799,2026-06-28,W02,卡本內蘇維翁(杯),酒水,Red_Meat,320.0,192.0
V001799,2026-06-28,W10,小麥白啤酒,酒水,Fried,240.0,136.8
V001800,2026-06-28,M01,舒肥紅酒燉牛肉,主食,Red_Meat,480.0,192.0
V001800,2026-06-28,M02,爐烤伊比利豬肩,主食,Red_Meat,520.0,197.6
V001800,2026-06-28,M05,白酒蛤蜊義大利麵,主食,Seafood,380.0,167.2
V001800,2026-06-28,M02,爐烤伊比利豬肩,主食,Red_Meat,520.0,197.6
V001800,2026-06-28,S05,松露薯條,副食,Fried,180.0,129.6
V001800,2026-06-28,S05,松露薯條,副食,Fried,180.0,129.6
V001800,2026-06-28,S04,三種起司拼盤,副食,Cheese,340.0,224.4
V001800,2026-06-28,S02,西班牙蒜辣蝦,副食,Seafood,260.0,176.8
V001800,2026-06-28,S02,西班牙蒜辣蝦,副食,Seafood,260.0,176.8
V001800,2026-06-28,W08,Gin & Tonic,酒水,Universal,300.0,234.0
V001800,2026-06-28,W12,季節水果特調,酒水,Universal,340.0,261.8
V001800,2026-06-28,W07,Old Fashioned,酒水,Red_Meat,380.0,285.0
V001800,2026-06-28,W03,夏多內白酒(杯),酒水,Seafood,260.0,161.2
V001800,2026-06-28,W09,精釀 IPA,酒水,Fried,260.0,150.8
V001801,2026-06-28,M04,松露野菌燉飯,主食,Cheese,420.0,189.0
V001801,2026-06-28,M02,爐烤伊比利豬肩,主食,Red_Meat,520.0,197.6
V001801,2026-06-28,S07,炙燒櫛瓜佐油醋,副食,Universal,160.0,108.8
V001801,2026-06-28,W01,馬爾貝克紅酒(杯),酒水,Red_Meat,280.0,173.6
V001801,2026-06-28,W06,Negroni,酒水,Cheese,350.0,266.0
V001801,2026-06-28,W01,馬爾貝克紅酒(杯),酒水,Red_Meat,280.0,173.6
V001801,2026-06-28,W08,Gin & Tonic,酒水,Universal,300.0,234.0
V001801,2026-06-28,W06,Negroni,酒水,Cheese,350.0,266.0
V001801,2026-06-28,W02,卡本內蘇維翁(杯),酒水,Red_Meat,320.0,192.0
V001801,2026-06-28,W03,夏多內白酒(杯),酒水,Seafood,260.0,161.2
V001801,2026-06-28,W11,威士忌 Highball,酒水,Cheese,300.0,222.0
V001802,2026-06-28,M01,舒肥紅酒燉牛肉,主食,Red_Meat,480.0,192.0
V001802,2026-06-28,M04,松露野菌燉飯,主食,Cheese,420.0,189.0
V001802,2026-06-28,S05,松露薯條,副食,Fried,180.0,129.6
V001802,2026-06-28,S03,伊比利火腿盤,副食,Cheese,380.0,247.0
V001802,2026-06-28,W02,卡本內蘇維翁(杯),酒水,Red_Meat,320.0,192.0
V001802,2026-06-28,W11,威士忌 Highball,酒水,Cheese,300.0,222.0
V001802,2026-06-28,W02,卡本內蘇維翁(杯),酒水,Red_Meat,320.0,192.0
V001802,2026-06-28,W04,白蘇維翁(杯),酒水,Seafood,280.0,170.8
V001802,2026-06-28,W07,Old Fashioned,酒水,Red_Meat,380.0,285.0
V001802,2026-06-28,W04,白蘇維翁(杯),酒水,Seafood,280.0,170.8
V001802,2026-06-28,W03,夏多內白酒(杯),酒水,Seafood,260.0,161.2
V001802,2026-06-28,W02,卡本內蘇維翁(杯),酒水,Red_Meat,320.0,192.0
V001802,2026-06-28,W11,威士忌 Highball,酒水,Cheese,300.0,222.0
V001802,2026-06-28,W06,Negroni,酒水,Cheese,350.0,266.0
V001803,2026-06-28,M05,白酒蛤蜊義大利麵,主食,Seafood,380.0,167.2
V001803,2026-06-28,M04,松露野菌燉飯,主食,Cheese,420.0,189.0
V001803,2026-06-28,S05,松露薯條,副食,Fried,180.0,129.6
V001803,2026-06-28,S02,西班牙蒜辣蝦,副食,Seafood,260.0,176.8
V001803,2026-06-28,S01,紹興油泡蝦,副食,Seafood,280.0,196.0
V001803,2026-06-28,D01,提拉米蘇,甜點,Dessert,180.0,117.0
V001803,2026-06-28,W04,白蘇維翁(杯),酒水,Seafood,280.0,170.8
V001803,2026-06-28,W04,白蘇維翁(杯),酒水,Seafood,280.0,170.8
V001803,2026-06-28,W03,夏多內白酒(杯),酒水,Seafood,260.0,161.2
V001803,2026-06-28,W09,精釀 IPA,酒水,Fried,260.0,150.8
V001803,2026-06-28,W07,Old Fashioned,酒水,Red_Meat,380.0,285.0
V001803,2026-06-28,W03,夏多內白酒(杯),酒水,Seafood,260.0,161.2
V001804,2026-06-28,M02,爐烤伊比利豬肩,主食,Red_Meat,520.0,197.6
V001804,2026-06-28,S04,三種起司拼盤,副食,Cheese,340.0,224.4
V001804,2026-06-28,S03,伊比利火腿盤,副食,Cheese,380.0,247.0
V001804,2026-06-28,S07,炙燒櫛瓜佐油醋,副食,Universal,160.0,108.8
V001804,2026-06-28,D01,提拉米蘇,甜點,Dessert,180.0,117.0
V001804,2026-06-28,W06,Negroni,酒水,Cheese,350.0,266.0
V001804,2026-06-28,W01,馬爾貝克紅酒(杯),酒水,Red_Meat,280.0,173.6
V001804,2026-06-28,W02,卡本內蘇維翁(杯),酒水,Red_Meat,320.0,192.0
V001805,2026-06-30,M05,白酒蛤蜊義大利麵,主食,Seafood,380.0,167.2
V001805,2026-06-30,M06,香煎鮭魚佐檸檬,主食,Seafood,460.0,193.2
V001805,2026-06-30,M01,舒肥紅酒燉牛肉,主食,Red_Meat,480.0,192.0
V001805,2026-06-30,S04,三種起司拼盤,副食,Cheese,340.0,224.4
V001805,2026-06-30,S01,紹興油泡蝦,副食,Seafood,280.0,196.0
V001805,2026-06-30,S07,炙燒櫛瓜佐油醋,副食,Universal,160.0,108.8
V001805,2026-06-30,S01,紹興油泡蝦,副食,Seafood,280.0,196.0
V001805,2026-06-30,D02,焦糖烤布蕾,甜點,Dessert,160.0,107.2
V001805,2026-06-30,W11,威士忌 Highball,酒水,Cheese,300.0,222.0
V001805,2026-06-30,W03,夏多內白酒(杯),酒水,Seafood,260.0,161.2
V001806,2026-06-30,M05,白酒蛤蜊義大利麵,主食,Seafood,380.0,167.2
V001806,2026-06-30,S05,松露薯條,副食,Fried,180.0,129.6
V001806,2026-06-30,S01,紹興油泡蝦,副食,Seafood,280.0,196.0
V001806,2026-06-30,W04,白蘇維翁(杯),酒水,Seafood,280.0,170.8
V001806,2026-06-30,W03,夏多內白酒(杯),酒水,Seafood,260.0,161.2
V001807,2026-06-30,M04,松露野菌燉飯,主食,Cheese,420.0,189.0
V001807,2026-06-30,M03,炭烤戰斧牛排,主食,Red_Meat,880.0,308.0
V001807,2026-06-30,M04,松露野菌燉飯,主食,Cheese,420.0,189.0
V001807,2026-06-30,S02,西班牙蒜辣蝦,副食,Seafood,260.0,176.8
V001807,2026-06-30,S06,酥炸花枝圈,副食,Fried,220.0,154.0
V001807,2026-06-30,S03,伊比利火腿盤,副食,Cheese,380.0,247.0
V001807,2026-06-30,W07,Old Fashioned,酒水,Red_Meat,380.0,285.0
V001807,2026-06-30,W12,季節水果特調,酒水,Universal,340.0,261.8
V001807,2026-06-30,W09,精釀 IPA,酒水,Fried,260.0,150.8
V001807,2026-06-30,W03,夏多內白酒(杯),酒水,Seafood,260.0,161.2
V001807,2026-06-30,W10,小麥白啤酒,酒水,Fried,240.0,136.8
V001807,2026-06-30,W09,精釀 IPA,酒水,Fried,260.0,150.8
V001807,2026-06-30,W03,夏多內白酒(杯),酒水,Seafood,260.0,161.2
V001807,2026-06-30,W06,Negroni,酒水,Cheese,350.0,266.0
V001808,2026-06-30,M02,爐烤伊比利豬肩,主食,Red_Meat,520.0,197.6
V001808,2026-06-30,S05,松露薯條,副食,Fried,180.0,129.6
V001808,2026-06-30,S01,紹興油泡蝦,副食,Seafood,280.0,196.0
V001808,2026-06-30,S07,炙燒櫛瓜佐油醋,副食,Universal,160.0,108.8
V001808,2026-06-30,D02,焦糖烤布蕾,甜點,Dessert,160.0,107.2
V001808,2026-06-30,W05,氣泡酒(杯),酒水,Fried,300.0,189.0
V001809,2026-06-30,M06,香煎鮭魚佐檸檬,主食,Seafood,460.0,193.2
V001809,2026-06-30,S01,紹興油泡蝦,副食,Seafood,280.0,196.0
V001809,2026-06-30,S07,炙燒櫛瓜佐油醋,副食,Universal,160.0,108.8
V001809,2026-06-30,S06,酥炸花枝圈,副食,Fried,220.0,154.0
V001809,2026-06-30,S07,炙燒櫛瓜佐油醋,副食,Universal,160.0,108.8
V001809,2026-06-30,W01,馬爾貝克紅酒(杯),酒水,Red_Meat,280.0,173.6
V001809,2026-06-30,W03,夏多內白酒(杯),酒水,Seafood,260.0,161.2
V001809,2026-06-30,W12,季節水果特調,酒水,Universal,340.0,261.8
V001810,2026-06-30,M05,白酒蛤蜊義大利麵,主食,Seafood,380.0,167.2
V001810,2026-06-30,M04,松露野菌燉飯,主食,Cheese,420.0,189.0
V001810,2026-06-30,S07,炙燒櫛瓜佐油醋,副食,Universal,160.0,108.8
V001810,2026-06-30,S07,炙燒櫛瓜佐油醋,副食,Universal,160.0,108.8
V001810,2026-06-30,S05,松露薯條,副食,Fried,180.0,129.6
V001810,2026-06-30,S07,炙燒櫛瓜佐油醋,副食,Universal,160.0,108.8
V001810,2026-06-30,S01,紹興油泡蝦,副食,Seafood,280.0,196.0
V001810,2026-06-30,W08,Gin & Tonic,酒水,Universal,300.0,234.0
V001810,2026-06-30,W06,Negroni,酒水,Cheese,350.0,266.0
V001810,2026-06-30,W06,Negroni,酒水,Cheese,350.0,266.0
V001810,2026-06-30,W03,夏多內白酒(杯),酒水,Seafood,260.0,161.2
V001810,2026-06-30,W13,無酒精莫吉托,酒水,Universal,180.0,144.0
V001811,2026-06-30,M02,爐烤伊比利豬肩,主食,Red_Meat,520.0,197.6
V001811,2026-06-30,M02,爐烤伊比利豬肩,主食,Red_Meat,520.0,197.6
V001811,2026-06-30,S01,紹興油泡蝦,副食,Seafood,280.0,196.0
V001811,2026-06-30,W12,季節水果特調,酒水,Universal,340.0,261.8
V001811,2026-06-30,W07,Old Fashioned,酒水,Red_Meat,380.0,285.0
V001811,2026-06-30,W01,馬爾貝克紅酒(杯),酒水,Red_Meat,280.0,173.6
V001812,2026-06-30,M06,香煎鮭魚佐檸檬,主食,Seafood,460.0,193.2
V001812,2026-06-30,S01,紹興油泡蝦,副食,Seafood,280.0,196.0
V001812,2026-06-30,S01,紹興油泡蝦,副食,Seafood,280.0,196.0
V001812,2026-06-30,S02,西班牙蒜辣蝦,副食,Seafood,260.0,176.8
V001812,2026-06-30,S07,炙燒櫛瓜佐油醋,副食,Universal,160.0,108.8
V001812,2026-06-30,S03,伊比利火腿盤,副食,Cheese,380.0,247.0
V001812,2026-06-30,S07,炙燒櫛瓜佐油醋,副食,Universal,160.0,108.8
V001812,2026-06-30,D01,提拉米蘇,甜點,Dessert,180.0,117.0
V001812,2026-06-30,W12,季節水果特調,酒水,Universal,340.0,261.8
V001813,2026-06-30,M06,香煎鮭魚佐檸檬,主食,Seafood,460.0,193.2
V001813,2026-06-30,M03,炭烤戰斧牛排,主食,Red_Meat,880.0,308.0
V001813,2026-06-30,S01,紹興油泡蝦,副食,Seafood,280.0,196.0
V001813,2026-06-30,W04,白蘇維翁(杯),酒水,Seafood,280.0,170.8
V001814,2026-06-30,M01,舒肥紅酒燉牛肉,主食,Red_Meat,480.0,192.0
V001814,2026-06-30,S07,炙燒櫛瓜佐油醋,副食,Universal,160.0,108.8
V001814,2026-06-30,W01,馬爾貝克紅酒(杯),酒水,Red_Meat,280.0,173.6
V001814,2026-06-30,W04,白蘇維翁(杯),酒水,Seafood,280.0,170.8
V001814,2026-06-30,W13,無酒精莫吉托,酒水,Universal,180.0,144.0
V001814,2026-06-30,W13,無酒精莫吉托,酒水,Universal,180.0,144.0
V001814,2026-06-30,W07,Old Fashioned,酒水,Red_Meat,380.0,285.0
V001815,2026-06-30,M01,舒肥紅酒燉牛肉,主食,Red_Meat,480.0,192.0
V001815,2026-06-30,S01,紹興油泡蝦,副食,Seafood,280.0,196.0
V001815,2026-06-30,S05,松露薯條,副食,Fried,180.0,129.6
V001815,2026-06-30,S05,松露薯條,副食,Fried,180.0,129.6
V001815,2026-06-30,D01,提拉米蘇,甜點,Dessert,180.0,117.0
V001815,2026-06-30,W03,夏多內白酒(杯),酒水,Seafood,260.0,161.2
V001815,2026-06-30,W05,氣泡酒(杯),酒水,Fried,300.0,189.0
V001816,2026-06-30,M03,炭烤戰斧牛排,主食,Red_Meat,880.0,308.0
V001816,2026-06-30,M02,爐烤伊比利豬肩,主食,Red_Meat,520.0,197.6
V001816,2026-06-30,S03,伊比利火腿盤,副食,Cheese,380.0,247.0
V001816,2026-06-30,S04,三種起司拼盤,副食,Cheese,340.0,224.4
V001816,2026-06-30,S04,三種起司拼盤,副食,Cheese,340.0,224.4
V001816,2026-06-30,S05,松露薯條,副食,Fried,180.0,129.6
V001816,2026-06-30,W01,馬爾貝克紅酒(杯),酒水,Red_Meat,280.0,173.6
V001816,2026-06-30,W02,卡本內蘇維翁(杯),酒水,Red_Meat,320.0,192.0
V001816,2026-06-30,W01,馬爾貝克紅酒(杯),酒水,Red_Meat,280.0,173.6
V001816,2026-06-30,W06,Negroni,酒水,Cheese,350.0,266.0
V001816,2026-06-30,W13,無酒精莫吉托,酒水,Universal,180.0,144.0
V001816,2026-06-30,W05,氣泡酒(杯),酒水,Fried,300.0,189.0
V001816,2026-06-30,W01,馬爾貝克紅酒(杯),酒水,Red_Meat,280.0,173.6
