visit_id,customer_id,date,weekday,is_weekend,arrival_hour,is_buzz_hour,party_size,duration_min,is_repeat,n_items,n_food,n_drink,food_revenue,drink_revenue,total_revenue,total_profit,drink_ratio,spend_per_head
V000001,C00142,2026-02-01,6,0,20,0,4,124,1,9,5,4,1840.0,1330.0,3170.0,1829.6,0.4196,792.5
V000002,C00147,2026-02-01,6,0,22,1,2,113,1,9,4,5,1300.0,1640.0,2940.0,1947.4,0.5578,1470.0
V000003,C00779,2026-02-01,6,0,19,0,1,74,0,5,4,1,1060.0,340.0,1400.0,890.2,0.2429,1400.0
V000004,C00093,2026-02-01,6,0,21,1,3,131,1,11,4,7,1520.0,1970.0,3490.0,2081.4,0.5645,1163.3
V000005,C00091,2026-02-01,6,0,21,1,2,62,1,8,5,3,1500.0,900.0,2400.0,1562.6,0.375,1200.0
V000006,C01047,2026-02-01,6,0,20,0,3,130,0,5,3,2,1220.0,600.0,1820.0,947.8,0.3297,606.7
V000007,C00644,2026-02-01,6,0,21,1,1,50,0,3,1,2,380.0,540.0,920.0,499.2,0.587,920.0
V000008,C00832,2026-02-01,6,0,20,0,1,94,0,4,2,2,740.0,700.0,1440.0,845.8,0.4861,1440.0
V000009,C00766,2026-02-01,6,0,17,0,3,144,0,15,5,10,1780.0,2960.0,4740.0,2966.6,0.6245,1580.0
V000010,C00075,2026-02-01,6,0,20,0,2,86,1,3,2,1,940.0,280.0,1220.0,556.0,0.2295,610.0
V000011,C00153,2026-02-01,6,0,22,1,3,111,1,9,5,4,1600.0,1140.0,2740.0,1745.2,0.4161,913.3
V000012,C00090,2026-02-01,6,0,18,0,4,82,1,10,7,3,2540.0,900.0,3440.0,1923.0,0.2616,860.0
V000013,C00083,2026-02-01,6,0,18,0,5,122,1,12,5,7,1880.0,2220.0,4100.0,2375.4,0.5415,820.0
V000014,C00529,2026-02-01,6,0,23,1,1,113,0,5,3,2,880.0,560.0,1440.0,975.4,0.3889,1440.0
V000015,C00815,2026-02-01,6,0,20,0,2,122,0,5,3,2,1220.0,520.0,1740.0,848.0,0.2989,870.0
V000016,C00161,2026-02-03,1,0,21,1,2,125,1,3,1,2,380.0,580.0,960.0,562.8,0.6042,480.0
V000017,C01275,2026-02-03,1,0,22,1,2,116,0,8,2,6,720.0,1700.0,2420.0,1508.2,0.7025,1210.0
V000018,C00181,2026-02-03,1,0,19,0,5,117,1,16,5,11,2340.0,3090.0,5430.0,3186.4,0.5691,1086.0
V000019,C00943,2026-02-03,1,0,18,0,6,104,0,9,7,2,2660.0,660.0,3320.0,1676.2,0.1988,553.3
V000020,C01315,2026-02-03,1,0,19,0,4,82,0,10,6,4,2100.0,1120.0,3220.0,1750.4,0.3478,805.0
V000021,C00166,2026-02-03,1,0,18,0,5,63,1,14,9,5,3040.0,1590.0,4630.0,2789.8,0.3434,926.0
V000022,C01264,2026-02-03,1,0,20,0,2,35,0,3,2,1,860.0,300.0,1160.0,661.0,0.2586,580.0
V000023,C00842,2026-02-03,1,0,19,0,4,127,0,13,10,3,3900.0,860.0,4760.0,2529.8,0.1807,1190.0
V000024,C00811,2026-02-04,2,0,18,0,3,49,0,7,7,0,2820.0,0.0,2820.0,1378.0,0.0,940.0
V000025,C00486,2026-02-04,2,0,18,0,4,142,0,10,7,3,2640.0,740.0,3380.0,1850.6,0.2189,845.0
V000026,C00802,2026-02-04,2,0,18,0,2,56,0,6,4,2,1340.0,640.0,1980.0,1096.0,0.3232,990.0
V000027,C01185,2026-02-04,2,0,21,1,4,89,0,9,5,4,1500.0,1210.0,2710.0,1742.0,0.4465,677.5
V000028,C00943,2026-02-04,2,0,22,1,4,59,0,9,4,5,1400.0,1440.0,2840.0,1647.6,0.507,710.0
V000030,C01268,2026-02-04,2,0,18,0,3,51,0,8,6,2,2100.0,480.0,2580.0,1394.8,0.186,860.0
V000031,C01244,2026-02-04,2,0,19,0,4,141,0,14,7,7,2880.0,2100.0,4980.0,2861.0,0.4217,1245.0
V000032,C00640,2026-02-04,2,0,20,0,6,121,0,22,10,12,3800.0,3430.0,7230.0,4186.6,0.4744,1205.0
V000033,C00518,2026-02-04,2,0,21,1,2,114,0,1,1,0,880.0,0.0,880.0,308.0,0.0,440.0
V000034,C00865,2026-02-04,2,0,20,0,2,37,0,4,4,0,1340.0,0.0,1340.0,692.0,0.0,670.0
V000035,C01007,2026-02-04,2,0,19,0,5,81,0,7,6,1,2240.0,340.0,2580.0,1256.8,0.1318,516.0
V000036,C00065,2026-02-04,2,0,21,1,3,62,1,10,3,7,1040.0,2300.0,3340.0,2111.4,0.6886,1113.3
V000037,C00525,2026-02-04,2,0,22,1,2,106,0,2,2,0,760.0,0.0,760.0,388.0,0.0,380.0
V000038,C01341,2026-02-05,3,0,24,1,2,100,0,6,4,2,1520.0,560.0,2080.0,1100.8,0.2692,1040.0
V000039,C01081,2026-02-05,3,0,19,0,3,60,0,10,8,2,3100.0,660.0,3760.0,2072.8,0.1755,1253.3
V000040,C00485,2026-02-05,3,0,23,1,4,91,0,15,9,6,2360.0,1740.0,4100.0,2560.4,0.4244,1025.0
V000041,C00677,2026-02-05,3,0,20,0,2,86,0,4,3,1,960.0,350.0,1310.0,810.8,0.2672,655.0
V000042,C00367,2026-02-05,3,0,20,0,2,85,0,9,4,5,1500.0,1540.0,3040.0,1786.8,0.5066,1520.0
V000043,C00674,2026-02-05,3,0,18,0,2,69,0,4,3,1,1120.0,260.0,1380.0,696.2,0.1884,690.0
V000044,C00400,2026-02-05,3,0,23,1,1,90,0,4,1,3,160.0,830.0,990.0,752.8,0.8384,990.0
V000045,C00757,2026-02-05,3,0,23,1,3,106,0,7,3,4,840.0,1140.0,1980.0,1263.8,0.5758,660.0
V000046,C00226,2026-02-05,3,0,20,0,2,68,1,7,4,3,1560.0,780.0,2340.0,1303.4,0.3333,1170.0
V000047,C00237,2026-02-05,3,0,21,1,1,53,1,4,2,2,640.0,690.0,1330.0,827.0,0.5188,1330.0
V000048,C00982,2026-02-05,3,0,21,1,2,112,0,8,3,5,900.0,1040.0,1940.0,1180.0,0.5361,970.0
V000049,C00549,2026-02-05,3,0,21,1,2,89,0,7,4,3,1220.0,720.0,1940.0,1178.4,0.3711,970.0
V000050,C00898,2026-02-06,4,1,19,0,3,35,0,7,5,2,1840.0,580.0,2420.0,1438.2,0.2397,806.7
V000051,C01143,2026-02-06,4,1,21,1,2,102,0,13,9,4,2580.0,1140.0,3720.0,2291.2,0.3065,1860.0
V000052,C00255,2026-02-06,4,1,18,0,2,36,1,7,5,2,1320.0,580.0,1900.0,1174.2,0.3053,950.0
V000053,C00271,2026-02-06,4,1,21,1,2,120,0,5,2,3,740.0,680.0,1420.0,831.2,0.4789,710.0
V000054,C01041,2026-02-06,4,1,22,1,2,121,0,4,2,2,540.0,520.0,1060.0,598.4,0.4906,530.0
V000055,C00741,2026-02-06,4,1,22,1,1,81,0,3,0,3,0.0,800.0,800.0,525.0,1.0,800.0
V000056,C00136,2026-02-06,4,1,22,1,2,39,1,6,3,3,1320.0,740.0,2060.0,1096.0,0.3592,1030.0
V000057,C00127,2026-02-06,4,1,24,1,3,74,1,13,7,6,1840.0,1810.0,3650.0,2290.6,0.4959,1216.7
V000058,C00782,2026-02-06,4,1,23,1,2,126,0,3,2,1,760.0,300.0,1060.0,622.0,0.283,530.0
V000059,C00641,2026-02-06,4,1,19,0,2,61,0,4,2,2,1260.0,600.0,1860.0,920.6,0.3226,930.0
V000060,C00939,2026-02-06,4,1,18,0,4,98,0,9,4,5,2040.0,1610.0,3650.0,1893.8,0.4411,912.5
V000061,C00381,2026-02-06,4,1,23,1,2,143,0,9,5,4,1900.0,1220.0,3120.0,1964.6,0.391,1560.0
V000062,C01085,2026-02-06,4,1,19,0,4,117,0,4,3,1,1820.0,280.0,2100.0,864.0,0.1333,525.0
V000063,C00433,2026-02-06,4,1,21,1,3,105,0,6,2,4,620.0,1300.0,1920.0,1202.0,0.6771,640.0
V000064,C01194,2026-02-06,4,1,19,0,3,90,0,9,7,2,2560.0,640.0,3200.0,1767.4,0.2,1066.7
V000065,C00770,2026-02-06,4,1,21,1,2,85,0,2,1,1,460.0,280.0,740.0,364.0,0.3784,370.0
V000066,C00512,2026-02-06,4,1,19,0,2,100,0,4,2,2,840.0,540.0,1380.0,692.4,0.3913,690.0
V000067,C01343,2026-02-06,4,1,24,1,1,69,0,1,1,0,380.0,0.0,380.0,167.2,0.0,380.0
V000068,C01174,2026-02-06,4,1,18,0,4,112,0,14,7,7,2920.0,2110.0,5030.0,2882.8,0.4195,1257.5
V000069,C01052,2026-02-06,4,1,20,0,2,49,0,4,4,0,1780.0,0.0,1780.0,795.0,0.0,890.0
V000070,C00263,2026-02-06,4,1,20,0,5,74,1,12,5,7,2120.0,2240.0,4360.0,2475.2,0.5138,872.0
V000071,C01094,2026-02-07,5,1,19,0,4,119,0,9,7,2,2200.0,520.0,2720.0,1548.6,0.1912,680.0
V000072,C01077,2026-02-07,5,1,20,0,2,91,0,5,4,1,940.0,300.0,1240.0,781.6,0.2419,620.0
V000073,C00161,2026-02-07,5,1,20,0,4,64,1,12,7,5,1940.0,1200.0,3140.0,1857.0,0.3822,785.0
V000074,C01031,2026-02-07,5,1,18,0,2,86,0,5,4,1,1640.0,300.0,1940.0,985.4,0.1546,970.0
V000075,C00608,2026-02-07,5,1,19,0,2,92,0,9,4,5,980.0,1580.0,2560.0,1653.4,0.6172,1280.0
V000076,C00387,2026-02-07,5,1,19,0,4,56,0,8,7,1,3320.0,280.0,3600.0,1634.6,0.0778,900.0
V000077,C00994,2026-02-07,5,1,23,1,2,64,0,6,4,2,1280.0,650.0,1930.0,1195.4,0.3368,965.0
V000078,C00543,2026-02-07,5,1,22,1,3,110,0,2,1,1,880.0,380.0,1260.0,593.0,0.3016,420.0
V000079,C00438,2026-02-07,5,1,22,1,1,85,0,3,0,3,0.0,1020.0,1020.0,724.0,1.0,1020.0
V000080,C00111,2026-02-07,5,1,19,0,4,98,1,8,5,3,2420.0,880.0,3300.0,1610.8,0.2667,825.0
V000081,C00701,2026-02-07,5,1,17,0,2,79,0,5,5,0,1600.0,0.0,1600.0,986.0,0.0,800.0
V000082,C01090,2026-02-07,5,1,22,1,4,76,0,17,8,9,2320.0,2620.0,4940.0,3044.6,0.5304,1235.0
V000083,C01224,2026-02-07,5,1,19,0,4,58,0,5,5,0,1860.0,0.0,1860.0,889.6,0.0,465.0
V000084,C00805,2026-02-07,5,1,19,0,4,106,0,9,4,5,1820.0,1490.0,3310.0,1727.8,0.4502,827.5
V000085,C00784,2026-02-07,5,1,20,0,3,115,0,6,5,1,1740.0,280.0,2020.0,994.4,0.1386,673.3
V000086,C00008,2026-02-07,5,1,18,0,2,127,1,9,7,2,2860.0,640.0,3500.0,1948.4,0.1829,1750.0
V000087,C00238,2026-02-07,5,1,19,0,3,68,1,8,5,3,2000.0,980.0,2980.0,1731.0,0.3289,993.3
V000088,C00752,2026-02-07,5,1,20,0,2,99,0,7,4,3,2020.0,880.0,2900.0,1564.8,0.3034,1450.0
V000089,C00790,2026-02-07,5,1,23,1,2,131,0,5,3,2,860.0,620.0,1480.0,927.6,0.4189,740.0
V000090,C01286,2026-02-07,5,1,18,0,3,100,0,7,5,2,2100.0,560.0,2660.0,1361.2,0.2105,886.7
V000091,C01339,2026-02-07,5,1,20,0,3,35,0,5,5,0,1840.0,0.0,1840.0,848.4,0.0,613.3
V000092,C01132,2026-02-07,5,1,19,0,3,104,0,9,6,3,2300.0,960.0,3260.0,1802.4,0.2945,1086.7
V000093,C00340,2026-02-07,5,1,18,0,3,84,0,7,5,2,1780.0,610.0,2390.0,1425.8,0.2552,796.7
V000094,C01052,2026-02-07,5,1,21,1,6,96,0,14,5,9,2100.0,2680.0,4780.0,2773.0,0.5607,796.7
V000095,C00018,2026-02-08,6,0,23,1,4,135,1,16,5,11,1520.0,3010.0,4530.0,2802.6,0.6645,1132.5
V000096,C01084,2026-02-08,6,0,19,0,2,60,0,6,5,1,2060.0,260.0,2320.0,1186.0,0.1121,1160.0
V000097,C00560,2026-02-08,6,0,18,0,2,98,0,7,5,2,1680.0,620.0,2300.0,1388.8,0.2696,1150.0
V000098,C00026,2026-02-08,6,0,20,0,2,57,1,4,2,2,900.0,760.0,1660.0,934.8,0.4578,830.0
V000099,C00315,2026-02-08,6,0,20,0,3,95,0,6,3,3,1360.0,860.0,2220.0,1152.6,0.3874,740.0
V000100,C01335,2026-02-08,6,0,18,0,2,90,0,6,4,2,1380.0,620.0,2000.0,1228.6,0.31,1000.0
V000101,C00054,2026-02-08,6,0,21,1,2,74,1,6,3,3,980.0,900.0,1880.0,1139.0,0.4787,940.0
V000102,C00433,2026-02-08,6,0,18,0,4,87,0,8,6,2,2180.0,520.0,2700.0,1455.4,0.1926,675.0
V000103,C00565,2026-02-08,6,0,17,0,2,44,0,6,3,3,880.0,930.0,1810.0,1172.8,0.5138,905.0
V000104,C01041,2026-02-08,6,0,22,1,3,132,0,11,5,6,1280.0,1650.0,2930.0,1829.0,0.5631,976.7
V000105,C00101,2026-02-08,6,0,19,0,2,56,1,7,3,4,840.0,1160.0,2000.0,1247.8,0.58,1000.0
V000106,C00090,2026-02-08,6,0,18,0,3,70,1,7,3,4,1460.0,1220.0,2680.0,1385.2,0.4552,893.3
V000107,C00157,2026-02-10,1,0,20,0,5,143,1,16,9,7,3200.0,2020.0,5220.0,2860.2,0.387,1044.0
V000108,C00552,2026-02-10,1,0,21,1,2,78,0,8,4,4,1340.0,1330.0,2670.0,1719.2,0.4981,1335.0
V000109,C00836,2026-02-10,1,0,21,1,3,113,0,9,4,5,1160.0,1320.0,2480.0,1478.4,0.5323,826.7
V000110,C01337,2026-02-10,1,0,22,1,1,87,0,4,2,2,380.0,640.0,1020.0,746.6,0.6275,1020.0
V000111,C00103,2026-02-10,1,0,19,0,2,98,1,7,5,2,2040.0,480.0,2520.0,1345.0,0.1905,1260.0
V000112,C00896,2026-02-10,1,0,20,0,4,107,0,10,7,3,2220.0,800.0,3020.0,1653.4,0.2649,755.0
V000113,C00300,2026-02-10,1,0,21,1,2,87,0,7,3,4,980.0,1310.0,2290.0,1499.6,0.5721,1145.0
V000114,C00890,2026-02-10,1,0,19,0,2,35,0,6,5,1,1780.0,300.0,2080.0,1123.2,0.1442,1040.0
V000115,C00019,2026-02-10,1,0,21,1,4,68,1,15,5,10,1840.0,2740.0,4580.0,2694.4,0.5983,1145.0
V000116,C01017,2026-02-10,1,0,21,1,4,114,0,13,7,6,2660.0,1700.0,4360.0,2476.6,0.3899,1090.0
V000117,C00839,2026-02-10,1,0,23,1,2,76,0,6,5,1,1500.0,280.0,1780.0,1069.8,0.1573,890.0
V000118,C01334,2026-02-10,1,0,19,0,2,63,0,3,3,0,960.0,0.0,960.0,505.6,0.0,480.0
V000119,C00260,2026-02-10,1,0,21,1,6,151,1,22,8,14,2560.0,3920.0,6480.0,3951.6,0.6049,1080.0
V000120,C00939,2026-02-11,2,0,21,1,1,136,0,3,2,1,860.0,280.0,1140.0,595.6,0.2456,1140.0
V000121,C00839,2026-02-11,2,0,20,0,6,103,0,14,11,3,3780.0,820.0,4600.0,2401.6,0.1783,766.7
V000122,C00552,2026-02-11,2,0,22,1,3,125,0,4,3,1,1040.0,240.0,1280.0,747.0,0.1875,426.7
V000123,C00631,2026-02-11,2,0,18,0,2,92,0,6,3,3,1180.0,820.0,2000.0,1126.4,0.41,1000.0
V000124,C00325,2026-02-11,2,0,18,0,3,43,0,9,6,3,2800.0,980.0,3780.0,1986.2,0.2593,1260.0
V000125,C00158,2026-02-11,2,0,19,0,2,137,1,13,6,7,2420.0,2030.0,4450.0,2481.6,0.4562,2225.0
V000126,C00880,2026-02-11,2,0,19,0,4,97,0,9,5,4,2840.0,1100.0,3940.0,1877.8,0.2792,985.0
V000127,C00658,2026-02-11,2,0,18,0,3,84,0,7,5,2,1700.0,480.0,2180.0,1203.2,0.2202,726.7
V000128,C00293,2026-02-11,2,0,21,1,2,74,0,3,2,1,1100.0,380.0,1480.0,747.0,0.2568,740.0
V000129,C00706,2026-02-11,2,0,23,1,2,99,0,7,5,2,1340.0,680.0,2020.0,1258.0,0.3366,1010.0
V000130,C00015,2026-02-11,2,0,19,0,2,90,1,6,3,3,1100.0,980.0,2080.0,1205.4,0.4712,1040.0
V000131,C01051,2026-02-12,3,0,18,0,5,101,0,13,9,4,3160.0,1200.0,4360.0,2470.2,0.2752,872.0
V000132,C00416,2026-02-12,3,0,18,0,2,82,0,8,5,3,1480.0,770.0,2250.0,1465.2,0.3422,1125.0
V000133,C00172,2026-02-12,3,0,18,0,3,67,1,5,5,0,1920.0,0.0,1920.0,872.4,0.0,640.0
V000134,C00545,2026-02-12,3,0,17,0,3,91,0,8,5,3,2180.0,920.0,3100.0,1611.8,0.2968,1033.3
V000135,C01008,2026-02-12,3,0,21,1,3,99,0,11,5,6,1640.0,1580.0,3220.0,1907.0,0.4907,1073.3
V000136,C00382,2026-02-12,3,0,20,0,2,100,0,2,2,0,1340.0,0.0,1340.0,501.2,0.0,670.0
V000137,C00038,2026-02-12,3,0,19,0,2,61,1,4,3,1,1580.0,350.0,1930.0,888.6,0.1813,965.0
V000138,C00059,2026-02-12,3,0,17,0,5,84,1,13,7,6,3040.0,1840.0,4880.0,2866.8,0.377,976.0
V000139,C00065,2026-02-13,4,1,17,0,4,140,1,11,3,8,1280.0,2520.0,3800.0,2253.8,0.6632,950.0
V000140,C00258,2026-02-13,4,1,23,1,2,113,1,8,4,4,1120.0,1170.0,2290.0,1517.0,0.5109,1145.0
V000141,C00702,2026-02-13,4,1,21,1,2,129,0,8,6,2,1480.0,480.0,1960.0,1308.8,0.2449,980.0
V000142,C01157,2026-02-13,4,1,19,0,3,96,0,5,4,1,1440.0,260.0,1700.0,930.0,0.1529,566.7
V000143,C00159,2026-02-13,4,1,18,0,2,78,1,8,5,3,1900.0,900.0,2800.0,1545.2,0.3214,1400.0
V000144,C00100,2026-02-13,4,1,21,1,2,107,1,13,5,8,1220.0,2430.0,3650.0,2335.8,0.6658,1825.0
V000145,C01257,2026-02-13,4,1,19,0,5,173,0,15,5,10,2300.0,2890.0,5190.0,3034.6,0.5568,1038.0
V000146,C00583,2026-02-13,4,1,24,1,2,78,0,6,3,3,1060.0,900.0,1960.0,1257.8,0.4592,980.0
V000147,C00564,2026-02-13,4,1,18,0,2,101,0,5,3,2,760.0,640.0,1400.0,861.6,0.4571,700.0
V000149,C00429,2026-02-13,4,1,22,1,2,59,0,2,1,1,460.0,260.0,720.0,354.4,0.3611,360.0
V000150,C00628,2026-02-13,4,1,18,0,1,54,0,3,2,1,660.0,320.0,980.0,513.6,0.3265,980.0
V000151,C00352,2026-02-13,4,1,21,1,6,126,0,14,7,7,2120.0,2150.0,4270.0,2628.2,0.5035,711.7
V000152,C00153,2026-02-13,4,1,20,0,3,103,1,13,9,4,2880.0,1220.0,4100.0,2343.8,0.2976,1366.7
V000153,C00773,2026-02-13,4,1,21,1,2,107,0,4,3,1,1180.0,260.0,1440.0,801.8,0.1806,720.0
V000154,C00577,2026-02-13,4,1,19,0,2,86,0,7,3,4,1660.0,1240.0,2900.0,1536.6,0.4276,1450.0
V000155,C00152,2026-02-13,4,1,18,0,2,52,1,3,3,0,860.0,0.0,860.0,464.2,0.0,430.0
V000156,C01297,2026-02-13,4,1,24,1,2,94,0,6,5,1,1400.0,300.0,1700.0,1045.0,0.1765,850.0
V000157,C00770,2026-02-13,4,1,21,1,2,73,0,4,4,0,1540.0,0.0,1540.0,750.0,0.0,770.0
V000158,C00787,2026-02-13,4,1,23,1,2,98,0,3,2,1,700.0,280.0,980.0,485.4,0.2857,490.0
V000159,C00252,2026-02-13,4,1,21,1,3,130,1,12,2,10,800.0,3100.0,3900.0,2544.4,0.7949,1300.0
V000160,C00141,2026-02-13,4,1,21,1,4,117,1,12,4,8,1260.0,2140.0,3400.0,2149.8,0.6294,850.0
V000161,C00077,2026-02-13,4,1,23,1,4,134,1,11,6,5,1920.0,1240.0,3160.0,1830.8,0.3924,790.0
V000162,C00816,2026-02-13,4,1,18,0,3,90,0,7,3,4,1080.0,1040.0,2120.0,1146.0,0.4906,706.7
V000163,C01157,2026-02-14,5,1,21,1,6,127,0,17,3,14,1260.0,4100.0,5360.0,3111.4,0.7649,893.3
V000164,C00939,2026-02-14,5,1,19,0,2,35,0,5,3,2,940.0,680.0,1620.0,1052.6,0.4198,810.0
V000165,C00878,2026-02-14,5,1,21,1,4,112,0,10,3,7,980.0,2100.0,3080.0,1988.0,0.6818,770.0
V000166,C01186,2026-02-14,5,1,24,1,4,124,0,9,5,4,1740.0,1280.0,3020.0,1762.0,0.4238,755.0
V000167,C01061,2026-02-14,5,1,21,1,2,75,0,6,2,4,800.0,1270.0,2070.0,1350.0,0.6135,1035.0
V000168,C01269,2026-02-14,5,1,21,1,2,129,0,7,4,3,1280.0,860.0,2140.0,1372.0,0.4019,1070.0
V000169,C01074,2026-02-14,5,1,18,0,4,115,0,14,8,6,2900.0,1620.0,4520.0,2567.8,0.3584,1130.0
V000170,C00890,2026-02-14,5,1,19,0,3,86,0,6,3,3,980.0,660.0,1640.0,1007.8,0.4024,546.7
V000171,C00474,2026-02-14,5,1,18,0,6,102,0,10,7,3,2720.0,920.0,3640.0,1959.8,0.2527,606.7
V000172,C01212,2026-02-14,5,1,19,0,2,100,0,6,4,2,980.0,760.0,1740.0,1096.6,0.4368,870.0
V000173,C00102,2026-02-14,5,1,21,1,2,73,1,6,4,2,1240.0,540.0,1780.0,1071.2,0.3034,890.0
V000174,C00064,2026-02-14,5,1,24,1,2,101,1,9,5,4,1500.0,1080.0,2580.0,1618.2,0.4186,1290.0
V000175,C01239,2026-02-14,5,1,22,1,4,123,0,19,8,11,2140.0,3060.0,5200.0,3275.8,0.5885,1300.0
V000176,C00784,2026-02-14,5,1,19,0,5,125,0,16,4,12,1660.0,3610.0,5270.0,3216.4,0.685,1054.0
V000177,C00718,2026-02-14,5,1,19,0,1,46,0,2,2,0,1040.0,0.0,1040.0,415.2,0.0,1040.0
V000178,C00237,2026-02-14,5,1,23,1,3,134,1,10,4,6,1020.0,1850.0,2870.0,1921.8,0.6446,956.7
V000179,C00118,2026-02-14,5,1,21,1,1,72,1,6,5,1,1480.0,300.0,1780.0,1149.8,0.1685,1780.0
V000180,C00426,2026-02-14,5,1,20,0,3,113,0,7,2,5,1260.0,1560.0,2820.0,1536.4,0.5532,940.0
V000181,C00220,2026-02-14,5,1,20,0,1,113,1,5,5,0,1760.0,0.0,1760.0,920.8,0.0,1760.0
V000182,C01176,2026-02-14,5,1,18,0,3,83,0,9,5,4,1980.0,1260.0,3240.0,1749.2,0.3889,1080.0
V000183,C00688,2026-02-15,6,0,20,0,2,71,0,5,3,2,960.0,520.0,1480.0,872.2,0.3514,740.0
V000184,C00345,2026-02-15,6,0,21,1,2,107,0,7,4,3,1100.0,860.0,1960.0,1168.8,0.4388,980.0
V000185,C00012,2026-02-15,6,0,24,1,4,91,1,9,5,4,1560.0,1260.0,2820.0,1749.4,0.4468,705.0
V000186,C00185,2026-02-15,6,0,18,0,2,58,1,3,2,1,1360.0,320.0,1680.0,692.0,0.1905,840.0
V000187,C01221,2026-02-15,6,0,19,0,2,42,0,1,1,0,460.0,0.0,460.0,193.2,0.0,230.0
V000188,C00412,2026-02-15,6,0,17,0,2,141,0,5,4,1,1480.0,260.0,1740.0,910.2,0.1494,870.0
V000189,C00114,2026-02-15,6,0,19,0,2,86,1,5,4,1,1320.0,300.0,1620.0,836.8,0.1852,810.0
V000190,C00919,2026-02-15,6,0,22,1,4,132,0,14,6,8,2460.0,2300.0,4760.0,2866.0,0.4832,1190.0
V000191,C01134,2026-02-15,6,0,24,1,3,94,0,6,5,1,1780.0,300.0,2080.0,1112.0,0.1442,693.3
V000192,C00631,2026-02-15,6,0,21,1,2,83,0,6,4,2,1240.0,700.0,1940.0,1232.0,0.3608,970.0
V000193,C00619,2026-02-15,6,0,21,1,3,148,0,14,5,9,1380.0,2620.0,4000.0,2588.4,0.655,1333.3
V000194,C00355,2026-02-15,6,0,20,0,2,74,0,5,5,0,1860.0,0.0,1860.0,1030.4,0.0,930.0
V000195,C00132,2026-02-15,6,0,21,1,2,109,1,6,3,3,980.0,820.0,1800.0,1125.4,0.4556,900.0
V000196,C00290,2026-02-15,6,0,20,0,3,125,0,11,6,5,1700.0,1300.0,3000.0,1828.8,0.4333,1000.0
V000197,C00075,2026-02-17,1,0,18,0,5,90,1,12,8,4,2480.0,1240.0,3720.0,2231.4,0.3333,744.0
V000198,C01040,2026-02-17,1,0,19,0,2,72,0,4,4,0,1200.0,0.0,1200.0,719.6,0.0,600.0
V000199,C00342,2026-02-17,1,0,20,0,4,94,0,9,7,2,2380.0,640.0,3020.0,1666.2,0.2119,755.0
V000200,C00302,2026-02-17,1,0,20,0,6,135,0,16,11,5,4380.0,1500.0,5880.0,3043.8,0.2551,980.0
V000201,C00205,2026-02-17,1,0,21,1,2,114,1,7,3,4,980.0,1220.0,2200.0,1402.6,0.5545,1100.0
V000202,C00749,2026-02-17,1,0,22,1,2,96,0,11,6,5,1620.0,1520.0,3140.0,2047.2,0.4841,1570.0
V000203,C00145,2026-02-17,1,0,18,0,2,48,1,9,7,2,1900.0,540.0,2440.0,1442.8,0.2213,1220.0
V000204,C00915,2026-02-17,1,0,21,1,3,140,0,8,4,4,1100.0,1240.0,2340.0,1465.2,0.5299,780.0
V000205,C00127,2026-02-17,1,0,22,1,4,109,1,11,5,6,2220.0,1970.0,4190.0,2486.6,0.4702,1047.5
V000206,C00200,2026-02-18,2,0,19,0,4,109,1,7,4,3,1600.0,980.0,2580.0,1434.8,0.3798,645.0
V000207,C00100,2026-02-18,2,0,21,1,3,150,1,8,2,6,640.0,1760.0,2400.0,1498.6,0.7333,800.0
V000208,C00497,2026-02-18,2,0,22,1,2,90,0,4,2,2,620.0,460.0,1080.0,616.8,0.4259,540.0
V000209,C00805,2026-02-18,2,0,21,1,3,157,0,11,5,6,1800.0,1700.0,3500.0,2186.4,0.4857,1166.7
V000210,C00124,2026-02-18,2,0,18,0,2,60,1,5,4,1,1400.0,280.0,1680.0,881.6,0.1667,840.0
V000211,C01094,2026-02-18,2,0,19,0,2,86,0,8,6,2,1680.0,620.0,2300.0,1402.8,0.2696,1150.0
V000212,C01008,2026-02-18,2,0,19,0,1,56,0,3,3,0,1480.0,0.0,1480.0,709.2,0.0,1480.0
V000213,C00041,2026-02-18,2,0,21,1,1,125,1,3,2,1,560.0,180.0,740.0,440.8,0.2432,740.0
V000214,C00171,2026-02-18,2,0,18,0,3,87,1,6,4,2,1740.0,540.0,2280.0,1129.4,0.2368,760.0
V000215,C01123,2026-02-18,2,0,22,1,4,132,0,18,8,10,2780.0,2970.0,5750.0,3474.8,0.5165,1437.5
V000216,C00785,2026-02-18,2,0,18,0,3,109,0,7,5,2,1420.0,600.0,2020.0,1085.8,0.297,673.3
V000217,C00477,2026-02-19,3,0,17,0,2,49,0,6,5,1,1460.0,340.0,1800.0,1097.2,0.1889,900.0
V000218,C00042,2026-02-19,3,0,21,1,5,179,1,15,7,8,2500.0,2490.0,4990.0,2923.8,0.499,998.0
V000219,C01195,2026-02-19,3,0,22,1,2,36,0,5,3,2,1020.0,760.0,1780.0,1100.8,0.427,890.0
V000220,C00590,2026-02-19,3,0,18,0,2,70,0,6,6,0,2340.0,0.0,2340.0,1181.0,0.0,1170.0
V000221,C01104,2026-02-19,3,0,20,0,3,93,0,9,5,4,2180.0,1300.0,3480.0,1894.4,0.3736,1160.0
V000222,C00696,2026-02-19,3,0,18,0,1,40,0,1,1,0,460.0,0.0,460.0,193.2,0.0,460.0
V000223,C00953,2026-02-19,3,0,20,0,5,98,0,10,9,1,2820.0,240.0,3060.0,1721.4,0.0784,612.0
V000224,C00001,2026-02-19,3,0,18,0,2,35,1,8,8,0,3000.0,0.0,3000.0,1624.4,0.0,1500.0
V000225,C00120,2026-02-19,3,0,24,1,2,120,1,10,4,6,1780.0,1930.0,3710.0,2254.2,0.5202,1855.0
V000226,C01041,2026-02-19,3,0,19,0,3,103,0,6,3,3,1100.0,860.0,1960.0,1121.4,0.4388,653.3
V000227,C00186,2026-02-19,3,0,18,0,4,90,1,8,4,4,2460.0,1280.0,3740.0,1831.8,0.3422,935.0
V000228,C00815,2026-02-19,3,0,23,1,2,106,0,5,2,3,640.0,880.0,1520.0,916.6,0.5789,760.0
V000229,C00688,2026-02-19,3,0,19,0,2,119,0,4,3,1,1020.0,240.0,1260.0,706.6,0.1905,630.0
V000230,C00942,2026-02-20,4,1,21,1,2,66,0,5,3,2,920.0,520.0,1440.0,830.8,0.3611,720.0
V000231,C00340,2026-02-20,4,1,20,0,2,107,0,7,6,1,1520.0,260.0,1780.0,1007.6,0.1461,890.0
V000232,C00984,2026-02-20,4,1,22,1,2,98,0,5,2,3,540.0,860.0,1400.0,927.0,0.6143,700.0
V000233,C00896,2026-02-20,4,1,21,1,4,115,0,10,5,5,2080.0,1400.0,3480.0,1891.4,0.4023,870.0
V000234,C00346,2026-02-20,4,1,19,0,4,54,0,10,8,2,2740.0,560.0,3300.0,1847.6,0.1697,825.0
V000235,C00259,2026-02-20,4,1,19,0,3,61,1,9,6,3,2300.0,940.0,3240.0,1872.4,0.2901,1080.0
V000236,C01305,2026-02-20,4,1,19,0,2,93,0,8,7,1,2620.0,300.0,2920.0,1606.2,0.1027,1460.0
V000237,C00934,2026-02-20,4,1,19,0,5,66,0,9,7,2,2940.0,360.0,3300.0,1592.4,0.1091,660.0
V000238,C00399,2026-02-20,4,1,22,1,2,82,0,3,2,1,560.0,280.0,840.0,457.8,0.3333,420.0
V000239,C00823,2026-02-20,4,1,21,1,2,109,0,5,3,2,1060.0,660.0,1720.0,1066.6,0.3837,860.0
V000240,C00720,2026-02-20,4,1,18,0,5,94,0,12,9,3,2800.0,820.0,3620.0,1927.4,0.2265,724.0
V000241,C00114,2026-02-20,4,1,19,0,2,65,1,4,3,1,1120.0,300.0,1420.0,738.2,0.2113,710.0
V000242,C00942,2026-02-20,4,1,19,0,2,59,0,2,2,0,580.0,0.0,580.0,297.8,0.0,290.0
V000243,C01320,2026-02-20,4,1,19,0,2,41,0,3,2,1,600.0,300.0,900.0,528.0,0.3333,450.0
V000244,C01107,2026-02-20,4,1,23,1,2,72,0,3,3,0,1320.0,0.0,1320.0,614.4,0.0,660.0
V000245,C00354,2026-02-20,4,1,17,0,2,39,0,4,3,1,1120.0,300.0,1420.0,705.2,0.2113,710.0
V000246,C00404,2026-02-20,4,1,19,0,4,99,0,7,4,3,1340.0,980.0,2320.0,1392.2,0.4224,580.0
V000247,C00842,2026-02-20,4,1,23,1,2,123,0,7,5,2,1460.0,600.0,2060.0,1202.8,0.2913,1030.0
V000248,C00251,2026-02-20,4,1,18,0,2,58,1,7,6,1,2480.0,320.0,2800.0,1431.0,0.1143,1400.0
V000249,C00129,2026-02-21,5,1,18,0,1,45,1,3,3,0,820.0,0.0,820.0,472.6,0.0,820.0
V000250,C00049,2026-02-21,5,1,20,0,3,83,1,6,4,2,2020.0,520.0,2540.0,1236.4,0.2047,846.7
V000251,C00831,2026-02-21,5,1,23,1,2,85,0,2,2,0,740.0,0.0,740.0,351.6,0.0,370.0
V000252,C00667,2026-02-21,5,1,19,0,4,102,0,16,11,5,3480.0,1340.0,4820.0,2729.4,0.278,1205.0
V000253,C00840,2026-02-21,5,1,18,0,3,43,0,7,6,1,2720.0,350.0,3070.0,1521.8,0.114,1023.3
V000254,C00804,2026-02-21,5,1,18,0,5,125,0,13,7,6,2440.0,1820.0,4260.0,2299.0,0.4272,852.0
V000255,C01094,2026-02-21,5,1,18,0,4,135,0,18,11,7,3960.0,2120.0,6080.0,3470.4,0.3487,1520.0
V000256,C00051,2026-02-21,5,1,19,0,4,113,1,12,8,4,3060.0,1280.0,4340.0,2428.2,0.2949,1085.0
V000257,C00593,2026-02-21,5,1,22,1,2,80,0,4,3,1,1380.0,260.0,1640.0,802.4,0.1585,820.0
V000258,C00967,2026-02-21,5,1,24,1,3,136,0,13,5,8,1800.0,2400.0,4200.0,2501.4,0.5714,1400.0
V000259,C00185,2026-02-21,5,1,18,0,2,101,1,3,3,0,1240.0,0.0,1240.0,606.2,0.0,620.0
V000260,C00170,2026-02-21,5,1,23,1,2,113,1,10,5,5,1980.0,1620.0,3600.0,2215.8,0.45,1800.0
V000261,C00930,2026-02-21,5,1,17,0,2,61,0,4,4,0,1420.0,0.0,1420.0,716.0,0.0,710.0
V000262,C00159,2026-02-21,5,1,21,1,2,139,1,8,3,5,920.0,1440.0,2360.0,1464.2,0.6102,1180.0
V000263,C00788,2026-02-21,5,1,22,1,3,117,0,8,6,2,1920.0,650.0,2570.0,1501.8,0.2529,856.7
V000264,C00237,2026-02-21,5,1,19,0,2,60,1,5,4,1,1320.0,280.0,1600.0,828.2,0.175,800.0
V000265,C01219,2026-02-21,5,1,18,0,1,66,0,3,1,2,420.0,680.0,1100.0,696.0,0.6182,1100.0
V000266,C00193,2026-02-21,5,1,22,1,4,103,1,14,6,8,1940.0,2330.0,4270.0,2647.4,0.5457,1067.5
V000267,C00447,2026-02-21,5,1,18,0,2,59,0,5,4,1,1280.0,280.0,1560.0,940.4,0.1795,780.0
V000268,C00048,2026-02-21,5,1,21,1,2,75,1,8,5,3,1420.0,910.0,2330.0,1482.6,0.3906,1165.0
V000269,C00215,2026-02-21,5,1,18,0,4,111,1,12,4,8,1560.0,2230.0,3790.0,2179.4,0.5884,947.5
V000270,C00856,2026-02-21,5,1,23,1,2,112,0,4,2,2,640.0,620.0,1260.0,755.4,0.4921,630.0
V000271,C00144,2026-02-21,5,1,20,0,5,70,1,10,9,1,2940.0,280.0,3220.0,1721.8,0.087,644.0
V000272,C00715,2026-02-21,5,1,22,1,3,115,0,12,5,7,1140.0,2120.0,3260.0,2127.2,0.6503,1086.7
V000273,C00038,2026-02-21,5,1,20,0,2,65,1,7,5,2,1660.0,440.0,2100.0,1207.6,0.2095,1050.0
V000274,C00310,2026-02-22,6,0,21,1,4,139,0,18,7,11,2620.0,3340.0,5960.0,3710.0,0.5604,1490.0
V000275,C00805,2026-02-22,6,0,22,1,3,150,0,10,5,5,1620.0,1420.0,3040.0,1898.4,0.4671,1013.3
V000276,C00507,2026-02-22,6,0,18,0,4,166,0,7,3,4,1060.0,1340.0,2400.0,1527.6,0.5583,600.0
V000277,C00034,2026-02-22,6,0,19,0,3,80,1,5,3,2,1680.0,540.0,2220.0,1033.6,0.2432,740.0
V000278,C00801,2026-02-22,6,0,18,0,2,88,0,5,5,0,1640.0,0.0,1640.0,968.0,0.0,820.0
V000279,C00841,2026-02-22,6,0,22,1,1,92,0,5,4,1,900.0,340.0,1240.0,866.0,0.2742,1240.0
V000280,C00160,2026-02-22,6,0,22,1,3,71,1,6,1,5,380.0,1360.0,1740.0,1004.8,0.7816,580.0
V000281,C00947,2026-02-22,6,0,20,0,3,52,0,6,4,2,1380.0,600.0,1980.0,1133.8,0.303,660.0
V000282,C00012,2026-02-22,6,0,20,0,3,100,1,8,4,4,1780.0,1260.0,3040.0,1676.6,0.4145,1013.3
V000283,C00003,2026-02-22,6,0,19,0,4,62,1,17,8,9,3340.0,2420.0,5760.0,3271.4,0.4201,1440.0
V000284,C00825,2026-02-22,6,0,18,0,1,53,0,4,3,1,880.0,280.0,1160.0,688.0,0.2414,1160.0
V000285,C00249,2026-02-22,6,0,19,0,2,122,1,9,5,4,1940.0,1020.0,2960.0,1724.0,0.3446,1480.0
V000286,C00513,2026-02-22,6,0,17,0,1,63,0,4,4,0,1080.0,0.0,1080.0,631.8,0.0,1080.0
V000287,C00351,2026-02-22,6,0,19,0,2,75,0,3,3,0,1040.0,0.0,1040.0,568.6,0.0,520.0
V000288,C00984,2026-02-22,6,0,23,1,2,106,0,4,3,1,980.0,300.0,1280.0,731.0,0.2344,640.0
V000289,C00925,2026-02-22,6,0,24,1,2,83,0,6,3,3,820.0,990.0,1810.0,1209.8,0.547,905.0
V000290,C00990,2026-02-24,1,0,24,1,2,104,0,4,2,2,640.0,700.0,1340.0,776.2,0.5224,670.0
V000291,C00275,2026-02-24,1,0,21,1,2,114,0,5,3,2,840.0,600.0,1440.0,779.2,0.4167,720.0
V000292,C00961,2026-02-24,1,0,21,1,3,109,0,6,6,0,2300.0,0.0,2300.0,1258.8,0.0,766.7
V000293,C00482,2026-02-24,1,0,23,1,2,126,0,9,4,5,1140.0,1580.0,2720.0,1783.2,0.5809,1360.0
V000294,C01114,2026-02-24,1,0,22,1,3,109,0,8,2,6,640.0,1770.0,2410.0,1530.0,0.7344,803.3
V000295,C00008,2026-02-24,1,0,22,1,2,112,1,6,3,3,1380.0,980.0,2360.0,1346.8,0.4153,1180.0
V000296,C00118,2026-02-24,1,0,23,1,2,109,1,6,4,2,1800.0,520.0,2320.0,1250.2,0.2241,1160.0
V000297,C00935,2026-02-24,1,0,20,0,4,81,0,10,8,2,3060.0,540.0,3600.0,1881.2,0.15,900.0
V000298,C00018,2026-02-24,1,0,20,0,2,102,1,6,5,1,1940.0,300.0,2240.0,1089.6,0.1339,1120.0
V000299,C00875,2026-02-24,1,0,20,0,6,67,0,17,12,5,4580.0,1590.0,6170.0,3453.8,0.2577,1028.3
V000300,C00918,2026-02-25,2,0,20,0,4,134,0,9,5,4,1880.0,1170.0,3050.0,1769.2,0.3836,762.5
V000301,C00576,2026-02-25,2,0,21,1,6,109,0,17,9,8,3040.0,2280.0,5320.0,3213.0,0.4286,886.7
V000302,C00203,2026-02-25,2,0,19,0,4,92,1,10,5,5,2360.0,1340.0,3700.0,1819.0,0.3622,925.0
V000303,C00796,2026-02-26,3,0,19,0,1,60,0,1,1,0,460.0,0.0,460.0,193.2,0.0,460.0
V000304,C01020,2026-02-26,3,0,23,1,2,74,0,4,2,2,560.0,600.0,1160.0,662.2,0.5172,580.0
V000305,C00387,2026-02-26,3,0,23,1,2,96,0,10,8,2,2380.0,590.0,2970.0,1858.6,0.1987,1485.0
V000306,C01264,2026-02-26,3,0,20,0,4,102,0,11,7,4,2380.0,1100.0,3480.0,1990.6,0.3161,870.0
V000307,C01251,2026-02-26,3,0,23,1,3,75,0,5,1,4,520.0,1180.0,1700.0,906.0,0.6941,566.7
V000308,C00484,2026-02-26,3,0,19,0,3,89,0,5,3,2,1360.0,650.0,2010.0,1029.2,0.3234,670.0
V000309,C00340,2026-02-26,3,0,22,1,2,140,0,4,2,2,640.0,600.0,1240.0,733.2,0.4839,620.0
V000310,C00565,2026-02-26,3,0,24,1,3,86,0,8,2,6,680.0,1810.0,2490.0,1566.8,0.7269,830.0
V000311,C00034,2026-02-26,3,0,23,1,2,99,1,8,1,7,880.0,2160.0,3040.0,1813.8,0.7105,1520.0
V000312,C00202,2026-02-26,3,0,19,0,2,75,1,6,4,2,2360.0,670.0,3030.0,1475.0,0.2211,1515.0
V000313,C00222,2026-02-26,3,0,17,0,2,86,1,5,4,1,1120.0,280.0,1400.0,836.2,0.2,700.0
V000314,C00157,2026-02-27,4,1,20,0,4,120,1,9,3,6,1280.0,1720.0,3000.0,1591.4,0.5733,750.0
V000315,C00370,2026-02-27,4,1,22,1,2,77,0,5,1,4,480.0,1390.0,1870.0,1198.8,0.7433,935.0
V000316,C01279,2026-02-27,4,1,19,0,5,114,0,13,9,4,3400.0,1060.0,4460.0,2327.0,0.2377,892.0
V000317,C01105,2026-02-27,4,1,23,1,2,119,0,8,3,5,1100.0,1600.0,2700.0,1672.2,0.5926,1350.0
V000318,C01194,2026-02-27,4,1,19,0,3,88,0,11,7,4,2900.0,1160.0,4060.0,2276.8,0.2857,1353.3
V000319,C00914,2026-02-27,4,1,22,1,2,138,0,6,2,4,1060.0,1120.0,2180.0,1191.4,0.5138,1090.0
V000320,C00071,2026-02-27,4,1,23,1,2,144,1,10,4,6,1240.0,1860.0,3100.0,2053.0,0.6,1550.0
V000321,C00815,2026-02-27,4,1,20,0,4,96,0,14,7,7,2560.0,2020.0,4580.0,2593.8,0.441,1145.0
V000322,C00770,2026-02-27,4,1,24,1,2,78,0,5,2,3,700.0,860.0,1560.0,912.4,0.5513,780.0
V000323,C00820,2026-02-27,4,1,21,1,6,139,0,19,6,13,2440.0,3890.0,6330.0,3763.2,0.6145,1055.0
V000324,C00242,2026-02-27,4,1,19,0,2,77,1,7,3,4,1140.0,1340.0,2480.0,1480.2,0.5403,1240.0
V000325,C00901,2026-02-27,4,1,19,0,2,35,0,8,5,3,1700.0,860.0,2560.0,1420.8,0.3359,1280.0
V000326,C00202,2026-02-27,4,1,23,1,2,108,1,10,4,6,1420.0,1730.0,3150.0,1896.4,0.5492,1575.0
V000327,C01265,2026-02-27,4,1,21,1,2,93,0,7,4,3,1260.0,800.0,2060.0,1236.6,0.3883,1030.0
V000328,C01144,2026-02-27,4,1,18,0,3,90,0,10,5,5,1680.0,1440.0,3120.0,1753.0,0.4615,1040.0
V000329,C00408,2026-02-27,4,1,19,0,5,107,0,11,11,0,3640.0,0.0,3640.0,2000.4,0.0,728.0
V000330,C01324,2026-02-27,4,1,22,1,2,119,0,4,1,3,420.0,1000.0,1420.0,943.0,0.7042,710.0
V000331,C00123,2026-02-27,4,1,23,1,1,62,1,4,1,3,280.0,820.0,1100.0,704.4,0.7455,1100.0
V000332,C00682,2026-02-27,4,1,19,0,2,74,0,4,3,1,900.0,280.0,1180.0,634.0,0.2373,590.0
V000333,C00405,2026-02-27,4,1,17,0,2,51,0,6,6,0,2460.0,0.0,2460.0,1277.4,0.0,1230.0
V000334,C00768,2026-02-28,5,1,18,0,6,134,0,15,10,5,4360.0,1430.0,5790.0,2970.4,0.247,965.0
V000335,C00883,2026-02-28,5,1,19,0,2,82,0,10,7,3,2180.0,740.0,2920.0,1769.4,0.2534,1460.0
V000336,C00769,2026-02-28,5,1,21,1,2,91,0,6,3,3,940.0,860.0,1800.0,1150.6,0.4778,900.0
V000337,C00873,2026-02-28,5,1,22,1,4,136,0,10,5,5,2740.0,1390.0,4130.0,2243.4,0.3366,1032.5
V000338,C00226,2026-02-28,5,1,24,1,4,103,1,12,3,9,1600.0,2680.0,4280.0,2429.8,0.6262,1070.0
V000339,C00825,2026-02-28,5,1,22,1,2,68,0,6,5,1,1900.0,280.0,2180.0,1166.8,0.1284,1090.0
V000340,C00373,2026-02-28,5,1,19,0,2,123,0,7,4,3,1460.0,940.0,2400.0,1491.2,0.3917,1200.0
V000341,C00585,2026-02-28,5,1,22,1,2,90,0,3,2,1,840.0,380.0,1220.0,725.2,0.3115,610.0
V000342,C00436,2026-02-28,5,1,22,1,2,97,0,11,7,4,1820.0,1280.0,3100.0,2011.8,0.4129,1550.0
V000343,C00035,2026-02-28,5,1,21,1,2,130,1,9,4,5,1200.0,1470.0,2670.0,1721.6,0.5506,1335.0
V000344,C00295,2026-02-28,5,1,19,0,2,163,0,7,2,5,1060.0,1610.0,2670.0,1562.2,0.603,1335.0
V000345,C00408,2026-02-28,5,1,21,1,2,97,0,4,2,2,640.0,640.0,1280.0,727.0,0.5,640.0
V000346,C00440,2026-02-28,5,1,24,1,2,111,0,6,2,4,760.0,1180.0,1940.0,1185.4,0.6082,970.0
V000347,C00016,2026-02-28,5,1,21,1,4,107,1,8,4,4,1320.0,1080.0,2400.0,1324.2,0.45,600.0
V000348,C01193,2026-02-28,5,1,23,1,2,77,0,6,3,3,1080.0,840.0,1920.0,1135.8,0.4375,960.0
V000349,C01033,2026-02-28,5,1,21,1,4,165,0,13,3,10,1240.0,3190.0,4430.0,2823.8,0.7201,1107.5
V000350,C01062,2026-02-28,5,1,19,0,2,92,0,4,4,0,1480.0,0.0,1480.0,783.4,0.0,740.0
V000351,C00154,2026-02-28,5,1,23,1,4,123,1,15,5,10,2220.0,2980.0,5200.0,3167.8,0.5731,1300.0
V000352,C00473,2026-02-28,5,1,20,0,3,35,0,8,7,1,2760.0,380.0,3140.0,1681.0,0.121,1046.7
V000353,C00154,2026-03-01,6,0,20,0,2,51,1,4,4,0,1220.0,0.0,1220.0,647.4,0.0,610.0
V000354,C00692,2026-03-01,6,0,19,0,6,119,0,19,10,9,3520.0,2630.0,6150.0,3612.0,0.4276,1025.0
V000355,C01329,2026-03-01,6,0,23,1,1,98,0,2,1,1,380.0,280.0,660.0,417.8,0.4242,660.0
V000356,C01266,2026-03-01,6,0,21,1,2,172,0,10,4,6,1220.0,1850.0,3070.0,2003.2,0.6026,1535.0
V000357,C00587,2026-03-01,6,0,21,1,4,141,0,11,3,8,1620.0,2600.0,4220.0,2445.4,0.6161,1055.0
V000358,C00685,2026-03-01,6,0,19,0,4,103,0,10,6,4,2020.0,1180.0,3200.0,1760.6,0.3688,800.0
V000359,C00492,2026-03-01,6,0,20,0,3,84,0,8,7,1,2840.0,260.0,3100.0,1572.4,0.0839,1033.3
V000360,C00711,2026-03-01,6,0,19,0,2,57,0,3,2,1,940.0,350.0,1290.0,651.2,0.2713,645.0
V000361,C00731,2026-03-01,6,0,20,0,2,38,0,6,5,1,1740.0,280.0,2020.0,1127.2,0.1386,1010.0
V000362,C01296,2026-03-01,6,0,23,1,1,100,0,3,2,1,540.0,320.0,860.0,546.2,0.3721,860.0
V000363,C00544,2026-03-01,6,0,22,1,2,119,0,12,6,6,1820.0,1960.0,3780.0,2496.6,0.5185,1890.0
V000364,C00274,2026-03-01,6,0,22,1,2,128,0,6,2,4,540.0,1060.0,1600.0,1012.2,0.6625,800.0
V000365,C01333,2026-03-01,6,0,24,1,2,124,0,6,2,4,680.0,1290.0,1970.0,1186.2,0.6548,985.0
V000366,C00185,2026-03-01,6,0,22,1,2,119,1,9,3,6,1080.0,1840.0,2920.0,1855.6,0.6301,1460.0
V000367,C00024,2026-03-01,6,0,21,1,3,146,1,13,5,8,1700.0,2340.0,4040.0,2402.6,0.5792,1346.7
V000368,C00004,2026-03-01,6,0,19,0,3,69,1,7,3,4,1220.0,1150.0,2370.0,1340.4,0.4852,790.0
V000369,C00506,2026-03-01,6,0,22,1,2,86,0,4,2,2,1060.0,580.0,1640.0,830.4,0.3537,820.0
V000370,C01299,2026-03-01,6,0,21,1,6,113,0,16,5,11,1380.0,3040.0,4420.0,2735.8,0.6878,736.7
V000371,C00161,2026-03-01,6,0,19,0,5,103,1,15,8,7,4320.0,2250.0,6570.0,3462.6,0.3425,1314.0
V000372,C01305,2026-03-03,1,0,20,0,2,68,0,7,6,1,1860.0,350.0,2210.0,1288.2,0.1584,1105.0
V000373,C00416,2026-03-03,1,0,20,0,2,100,0,9,3,6,1240.0,1780.0,3020.0,1714.6,0.5894,1510.0
V000374,C01293,2026-03-03,1,0,20,0,2,133,0,7,5,2,1700.0,640.0,2340.0,1361.0,0.2735,1170.0
V000375,C00110,2026-03-03,1,0,22,1,2,116,1,10,5,5,1220.0,1400.0,2620.0,1661.4,0.5344,1310.0
V000376,C00099,2026-03-03,1,0,24,1,2,113,1,6,3,3,1380.0,860.0,2240.0,1256.8,0.3839,1120.0
V000377,C00046,2026-03-03,1,0,20,0,2,43,1,3,2,1,1160.0,280.0,1440.0,674.8,0.1944,720.0
V000378,C00484,2026-03-03,1,0,19,0,4,35,0,8,7,1,2000.0,240.0,2240.0,1266.0,0.1071,560.0
V000379,C01226,2026-03-03,1,0,22,1,2,79,0,8,3,5,1020.0,1590.0,2610.0,1618.0,0.6092,1305.0
V000380,C00091,2026-03-03,1,0,21,1,3,110,1,9,2,7,560.0,2060.0,2620.0,1700.8,0.7863,873.3
V000381,C01015,2026-03-04,2,0,21,1,2,105,0,7,3,4,1060.0,1190.0,2250.0,1460.2,0.5289,1125.0
V000382,C01246,2026-03-04,2,0,20,0,3,82,0,4,2,2,980.0,590.0,1570.0,793.6,0.3758,523.3
V000383,C01169,2026-03-04,2,0,24,1,2,130,0,6,1,5,420.0,1450.0,1870.0,1185.0,0.7754,935.0
V000384,C00519,2026-03-04,2,0,19,0,5,75,0,8,7,1,2700.0,350.0,3050.0,1653.2,0.1148,610.0
V000385,C00926,2026-03-04,2,0,18,0,2,81,0,4,4,0,1620.0,0.0,1620.0,834.0,0.0,810.0
V000386,C00666,2026-03-04,2,0,22,1,4,133,0,14,4,10,1900.0,2940.0,4840.0,2825.2,0.6074,1210.0
V000387,C00155,2026-03-04,2,0,19,0,4,95,1,11,6,5,2860.0,1590.0,4450.0,2487.2,0.3573,1112.5
V000388,C00592,2026-03-04,2,0,21,1,3,133,0,6,1,5,520.0,1580.0,2100.0,1292.2,0.7524,700.0
V000389,C00422,2026-03-04,2,0,17,0,1,77,0,2,1,1,420.0,240.0,660.0,325.8,0.3636,660.0
V000390,C00733,2026-03-04,2,0,18,0,2,63,0,3,3,0,1680.0,0.0,1680.0,744.0,0.0,840.0
V000391,C00545,2026-03-04,2,0,20,0,3,70,0,9,6,3,2000.0,940.0,2940.0,1798.0,0.3197,980.0
V000392,C01048,2026-03-04,2,0,22,1,1,117,0,5,3,2,940.0,600.0,1540.0,989.6,0.3896,1540.0
V000393,C00079,2026-03-05,3,0,20,0,3,104,1,11,6,5,2000.0,1380.0,3380.0,1926.4,0.4083,1126.7
V000394,C01003,2026-03-05,3,0,22,1,4,132,0,9,3,6,880.0,1600.0,2480.0,1410.4,0.6452,620.0
V000395,C01012,2026-03-05,3,0,21,1,2,103,0,7,4,3,1400.0,920.0,2320.0,1443.8,0.3966,1160.0
V000396,C00395,2026-03-05,3,0,22,1,4,140,0,15,6,9,1820.0,2540.0,4360.0,2918.4,0.5826,1090.0
V000397,C01297,2026-03-05,3,0,18,0,4,117,0,8,5,3,1740.0,800.0,2540.0,1350.0,0.315,635.0
V000398,C01322,2026-03-05,3,0,19,0,2,46,0,8,8,0,2680.0,0.0,2680.0,1425.4,0.0,1340.0
V000399,C00766,2026-03-05,3,0,19,0,4,154,0,13,10,3,3640.0,900.0,4540.0,2523.6,0.1982,1135.0
V000400,C00103,2026-03-05,3,0,20,0,3,97,1,6,2,4,920.0,1140.0,2060.0,1081.2,0.5534,686.7
V000401,C01074,2026-03-05,3,0,19,0,2,82,0,4,3,1,1040.0,300.0,1340.0,711.4,0.2239,670.0
V000402,C01011,2026-03-05,3,0,23,1,2,124,0,4,3,1,1480.0,260.0,1740.0,860.0,0.1494,870.0
V000403,C00386,2026-03-05,3,0,20,0,2,83,0,4,3,1,1060.0,350.0,1410.0,819.4,0.2482,705.0
V000404,C00716,2026-03-05,3,0,21,1,2,119,0,4,2,2,760.0,560.0,1320.0,729.6,0.4242,660.0
V000405,C00351,2026-03-05,3,0,21,1,2,103,0,2,1,1,420.0,180.0,600.0,333.0,0.3,300.0
V000406,C00472,2026-03-05,3,0,22,1,2,107,0,7,4,3,1220.0,880.0,2100.0,1236.0,0.419,1050.0
V000407,C00060,2026-03-05,3,0,19,0,2,95,1,6,4,2,1200.0,560.0,1760.0,1056.4,0.3182,880.0
V000408,C00274,2026-03-05,3,0,17,0,2,68,0,6,5,1,1460.0,300.0,1760.0,1063.6,0.1705,880.0
V000409,C01083,2026-03-06,4,1,20,0,4,114,0,13,4,9,2000.0,2830.0,4830.0,2771.2,0.5859,1207.5
V000410,C00072,2026-03-06,4,1,24,1,2,105,1,6,3,3,940.0,840.0,1780.0,1092.8,0.4719,890.0
V000411,C00935,2026-03-06,4,1,21,1,2,68,0,5,4,1,1260.0,300.0,1560.0,983.6,0.1923,780.0
V000412,C00034,2026-03-06,4,1,19,0,4,92,1,14,10,4,3020.0,1200.0,4220.0,2351.4,0.2844,1055.0
V000413,C00106,2026-03-06,4,1,22,1,2,127,1,7,5,2,1540.0,600.0,2140.0,1324.4,0.2804,1070.0
V000414,C00213,2026-03-06,4,1,24,1,2,67,1,6,2,4,1260.0,1200.0,2460.0,1353.0,0.4878,1230.0
V000415,C01015,2026-03-06,4,1,19,0,2,117,0,2,2,0,860.0,0.0,860.0,359.2,0.0,430.0
V000416,C00357,2026-03-06,4,1,21,1,4,125,0,12,5,7,1520.0,1860.0,3380.0,2159.6,0.5503,845.0
V000417,C00507,2026-03-06,4,1,23,1,3,96,0,6,3,3,760.0,950.0,1710.0,1058.8,0.5556,570.0
V000418,C00037,2026-03-06,4,1,17,0,2,95,1,6,4,2,1540.0,560.0,2100.0,1271.0,0.2667,1050.0
V000419,C00671,2026-03-06,4,1,21,1,3,110,0,10,5,5,1720.0,1520.0,3240.0,2079.8,0.4691,1080.0
V000420,C00812,2026-03-06,4,1,21,1,4,78,0,5,2,3,1000.0,840.0,1840.0,910.6,0.4565,460.0
V000421,C00803,2026-03-06,4,1,21,1,4,161,0,17,3,14,940.0,4040.0,4980.0,3388.8,0.8112,1245.0
V000422,C00567,2026-03-06,4,1,18,0,3,74,0,7,5,2,1880.0,640.0,2520.0,1408.6,0.254,840.0
V000423,C01003,2026-03-06,4,1,21,1,2,139,0,3,2,1,760.0,300.0,1060.0,635.4,0.283,530.0
V000424,C00003,2026-03-06,4,1,19,0,2,92,1,6,4,2,1300.0,650.0,1950.0,1243.8,0.3333,975.0
V000425,C01317,2026-03-06,4,1,19,0,3,107,0,9,5,4,2160.0,1080.0,3240.0,1808.0,0.3333,1080.0
V000426,C00235,2026-03-06,4,1,19,0,4,127,1,12,5,7,2300.0,2390.0,4690.0,2688.4,0.5096,1172.5
V000427,C00444,2026-03-06,4,1,24,1,2,77,0,5,2,3,760.0,1040.0,1800.0,1131.6,0.5778,900.0
V000428,C01309,2026-03-06,4,1,21,1,1,98,0,7,3,4,920.0,1100.0,2020.0,1184.4,0.5446,2020.0
V000429,C00072,2026-03-07,5,1,20,0,2,87,1,6,3,3,1080.0,760.0,1840.0,1086.8,0.413,920.0
V000430,C00387,2026-03-07,5,1,17,0,4,130,0,12,6,6,2340.0,1820.0,4160.0,2348.0,0.4375,1040.0
V000431,C00785,2026-03-07,5,1,17,0,2,140,0,7,3,4,1240.0,1220.0,2460.0,1412.0,0.4959,1230.0
V000432,C00798,2026-03-07,5,1,18,0,4,112,0,7,5,2,1920.0,620.0,2540.0,1292.8,0.2441,635.0
V000433,C00474,2026-03-07,5,1,24,1,2,121,0,5,3,2,920.0,440.0,1360.0,802.0,0.3235,680.0
V000434,C00385,2026-03-07,5,1,21,1,2,84,0,5,1,4,520.0,1220.0,1740.0,1040.0,0.7011,870.0
V000435,C00424,2026-03-07,5,1,19,0,4,113,0,14,7,7,2140.0,2100.0,4240.0,2613.8,0.4953,1060.0
V000436,C01108,2026-03-07,5,1,20,0,2,35,0,5,4,1,1280.0,320.0,1600.0,934.0,0.2,800.0
V000437,C01028,2026-03-07,5,1,22,1,3,116,0,10,4,6,1380.0,1800.0,3180.0,1951.8,0.566,1060.0
V000438,C01302,2026-03-07,5,1,21,1,3,151,0,13,5,8,1440.0,2140.0,3580.0,2273.2,0.5978,1193.3
V000439,C01279,2026-03-07,5,1,20,0,2,40,0,6,5,1,1660.0,350.0,2010.0,1139.2,0.1741,1005.0
V000440,C00575,2026-03-07,5,1,21,1,3,162,0,10,6,4,1860.0,1100.0,2960.0,1684.2,0.3716,986.7
V000441,C00247,2026-03-07,5,1,21,1,2,98,1,8,3,5,1200.0,1390.0,2590.0,1511.2,0.5367,1295.0
V000442,C00358,2026-03-07,5,1,18,0,2,42,0,4,4,0,1320.0,0.0,1320.0,771.6,0.0,660.0
V000443,C00414,2026-03-07,5,1,22,1,1,59,0,1,0,1,0.0,280.0,280.0,173.6,1.0,280.0
V000444,C00220,2026-03-07,5,1,18,0,5,112,1,13,5,8,2140.0,2690.0,4830.0,2977.8,0.5569,966.0
V000445,C00190,2026-03-07,5,1,21,1,2,89,1,8,5,3,1780.0,990.0,2770.0,1640.0,0.3574,1385.0
V000446,C01045,2026-03-07,5,1,18,0,3,79,0,6,2,4,1000.0,1400.0,2400.0,1410.4,0.5833,800.0
V000447,C01009,2026-03-07,5,1,21,1,2,106,0,7,2,5,540.0,1300.0,1840.0,1105.2,0.7065,920.0
V000448,C00199,2026-03-07,5,1,18,0,3,111,1,10,7,3,2440.0,600.0,3040.0,1614.6,0.1974,1013.3
V000449,C01052,2026-03-07,5,1,18,0,5,130,0,13,7,6,2640.0,2030.0,4670.0,2690.8,0.4347,934.0
V000450,C00571,2026-03-07,5,1,24,1,4,133,0,9,6,3,1520.0,820.0,2340.0,1448.8,0.3504,585.0
V000451,C00332,2026-03-07,5,1,21,1,2,129,0,6,3,3,860.0,940.0,1800.0,1096.2,0.5222,900.0
V000452,C00172,2026-03-08,6,0,22,1,1,41,1,2,0,2,0.0,560.0,560.0,350.2,1.0,560.0
V000453,C00064,2026-03-08,6,0,19,0,3,81,1,9,4,5,1500.0,1360.0,2860.0,1704.4,0.4755,953.3
V000454,C01233,2026-03-08,6,0,19,0,1,35,0,2,2,0,580.0,0.0,580.0,297.8,0.0,580.0
V000455,C01321,2026-03-08,6,0,22,1,2,80,0,5,2,3,860.0,860.0,1720.0,1073.0,0.5,860.0
V000456,C00031,2026-03-08,6,0,19,0,2,67,1,4,4,0,1120.0,0.0,1120.0,572.2,0.0,560.0
V000457,C00525,2026-03-08,6,0,17,0,1,90,0,3,2,1,800.0,260.0,1060.0,554.8,0.2453,1060.0
V000458,C00512,2026-03-08,6,0,23,1,2,60,0,4,2,2,700.0,580.0,1280.0,738.2,0.4531,640.0
V000459,C00465,2026-03-08,6,0,22,1,4,109,0,12,6,6,2100.0,1910.0,4010.0,2415.0,0.4763,1002.5
V000460,C00188,2026-03-08,6,0,19,0,2,109,1,6,5,1,1720.0,300.0,2020.0,1064.0,0.1485,1010.0
V000461,C00658,2026-03-08,6,0,18,0,5,96,0,12,8,4,2380.0,1080.0,3460.0,1912.0,0.3121,692.0
V000462,C00857,2026-03-10,1,0,21,1,4,146,0,11,4,7,1200.0,1920.0,3120.0,1988.8,0.6154,780.0
V000463,C00179,2026-03-10,1,0,17,0,4,98,1,11,7,4,2320.0,1180.0,3500.0,1958.8,0.3371,875.0
V000464,C01343,2026-03-10,1,0,22,1,2,121,0,3,1,2,480.0,580.0,1060.0,545.2,0.5472,530.0
V000465,C00280,2026-03-10,1,0,20,0,3,76,0,5,5,0,1920.0,0.0,1920.0,950.8,0.0,640.0
V000466,C01177,2026-03-10,1,0,18,0,2,71,0,6,6,0,2680.0,0.0,2680.0,1353.6,0.0,1340.0
V000467,C00044,2026-03-10,1,0,19,0,2,46,1,6,4,2,1620.0,650.0,2270.0,1256.6,0.2863,1135.0
V000468,C00137,2026-03-10,1,0,18,0,2,61,1,5,5,0,1520.0,0.0,1520.0,799.2,0.0,760.0
V000469,C00501,2026-03-10,1,0,23,1,2,100,0,6,3,3,960.0,940.0,1900.0,1250.6,0.4947,950.0
V000470,C00800,2026-03-11,2,0,21,1,2,111,0,9,5,4,1400.0,1180.0,2580.0,1627.6,0.4574,1290.0
V000471,C00840,2026-03-11,2,0,20,0,5,125,0,15,9,6,3020.0,1800.0,4820.0,2813.4,0.3734,964.0
V000472,C00207,2026-03-11,2,0,23,1,3,117,1,10,5,5,2180.0,1400.0,3580.0,1900.0,0.3911,1193.3
V000473,C00403,2026-03-11,2,0,20,0,4,139,0,11,9,2,3360.0,610.0,3970.0,2065.8,0.1537,992.5
V000474,C00784,2026-03-11,2,0,23,1,1,136,0,4,2,2,540.0,580.0,1120.0,765.6,0.5179,1120.0
V000475,C01168,2026-03-12,3,0,23,1,2,98,0,7,3,4,1060.0,1100.0,2160.0,1321.6,0.5093,1080.0
V000476,C01120,2026-03-12,3,0,23,1,1,68,0,4,1,3,480.0,1010.0,1490.0,911.8,0.6779,1490.0
V000477,C00138,2026-03-12,3,0,19,0,2,58,1,3,1,2,520.0,730.0,1250.0,748.6,0.584,625.0
V000478,C01137,2026-03-12,3,0,22,1,2,135,0,7,3,4,1040.0,1330.0,2370.0,1467.8,0.5612,1185.0
V000479,C00273,2026-03-12,3,0,19,0,2,35,0,4,2,2,700.0,600.0,1300.0,724.0,0.4615,650.0
V000480,C00389,2026-03-12,3,0,20,0,2,63,0,2,2,0,740.0,0.0,740.0,389.2,0.0,370.0
V000481,C00780,2026-03-12,3,0,22,1,2,80,0,3,3,0,880.0,0.0,880.0,463.0,0.0,440.0
V000482,C00776,2026-03-12,3,0,24,1,2,57,0,3,2,1,680.0,280.0,960.0,480.0,0.2917,480.0
V000483,C01084,2026-03-12,3,0,22,1,2,78,0,7,4,3,1560.0,920.0,2480.0,1395.2,0.371,1240.0
V000484,C00888,2026-03-12,3,0,24,1,3,150,0,11,5,6,1980.0,1750.0,3730.0,2182.0,0.4692,1243.3
V000485,C00289,2026-03-12,3,0,24,1,2,64,0,7,3,4,1020.0,1100.0,2120.0,1279.4,0.5189,1060.0
V000486,C00353,2026-03-12,3,0,19,0,4,117,0,9,6,3,2220.0,920.0,3140.0,1585.4,0.293,785.0
V000487,C00206,2026-03-12,3,0,19,0,3,157,1,12,8,4,2840.0,1120.0,3960.0,2076.4,0.2828,1320.0
V000488,C01345,2026-03-12,3,0,18,0,2,66,0,1,1,0,880.0,0.0,880.0,308.0,0.0,440.0
V000489,C00771,2026-03-13,4,1,20,0,2,105,0,6,4,2,1420.0,540.0,1960.0,1066.6,0.2755,980.0
V000490,C00724,2026-03-13,4,1,19,0,2,54,0,2,2,0,940.0,0.0,940.0,385.2,0.0,470.0
V000491,C00584,2026-03-13,4,1,19,0,2,74,0,5,3,2,920.0,540.0,1460.0,807.0,0.3699,730.0
V000492,C00213,2026-03-13,4,1,20,0,2,89,1,7,5,2,2220.0,560.0,2780.0,1389.6,0.2014,1390.0
V000493,C00529,2026-03-13,4,1,21,1,2,130,0,7,6,1,1480.0,260.0,1740.0,1083.8,0.1494,870.0
V000494,C00096,2026-03-13,4,1,22,1,3,73,1,4,3,1,980.0,300.0,1280.0,759.2,0.2344,426.7
V000495,C00912,2026-03-13,4,1,24,1,4,46,0,10,5,5,1520.0,1380.0,2900.0,1664.4,0.4759,725.0
V000496,C01001,2026-03-13,4,1,21,1,2,90,0,3,2,1,640.0,180.0,820.0,466.8,0.2195,410.0
V000497,C01042,2026-03-13,4,1,22,1,2,101,0,6,2,4,680.0,1320.0,2000.0,1264.2,0.66,1000.0
V000498,C00363,2026-03-13,4,1,22,1,2,97,0,8,4,4,1180.0,1100.0,2280.0,1398.0,0.4825,1140.0
V000499,C01300,2026-03-13,4,1,22,1,2,142,0,9,3,6,1020.0,1600.0,2620.0,1556.8,0.6107,1310.0
V000500,C00315,2026-03-13,4,1,18,0,2,35,0,6,5,1,1140.0,340.0,1480.0,952.0,0.2297,740.0
V000501,C01151,2026-03-13,4,1,19,0,2,67,0,4,3,1,1120.0,280.0,1400.0,727.2,0.2,700.0
V000502,C00256,2026-03-13,4,1,22,1,4,113,1,11,2,9,580.0,2690.0,3270.0,2125.2,0.8226,817.5
V000503,C00274,2026-03-13,4,1,19,0,4,81,0,12,7,5,2480.0,1660.0,4140.0,2373.4,0.401,1035.0
V000504,C00457,2026-03-14,5,1,17,0,2,43,0,6,6,0,2200.0,0.0,2200.0,1236.4,0.0,1100.0
V000505,C01268,2026-03-14,5,1,20,0,4,101,0,15,9,6,2480.0,1650.0,4130.0,2533.8,0.3995,1032.5
V000506,C00020,2026-03-14,5,1,19,0,2,95,1,8,5,3,1980.0,920.0,2900.0,1576.4,0.3172,1450.0
V000507,C00141,2026-03-14,5,1,24,1,2,73,1,7,4,3,1100.0,740.0,1840.0,1088.2,0.4022,920.0
V000508,C00595,2026-03-14,5,1,22,1,1,110,0,1,1,0,160.0,0.0,160.0,108.8,0.0,160.0
V000509,C00382,2026-03-14,5,1,20,0,2,81,0,7,5,2,1740.0,520.0,2260.0,1259.8,0.2301,1130.0
V000510,C00956,2026-03-14,5,1,19,0,4,133,0,11,3,8,1820.0,2300.0,4120.0,2229.2,0.5583,1030.0
V000511,C00428,2026-03-14,5,1,22,1,2,128,0,9,4,5,1060.0,1480.0,2540.0,1527.2,0.5827,1270.0
V000512,C00080,2026-03-14,5,1,22,1,1,124,1,2,1,1,260.0,300.0,560.0,410.8,0.5357,560.0
V000513,C01298,2026-03-14,5,1,23,1,3,161,0,13,6,7,1900.0,1980.0,3880.0,2330.4,0.5103,1293.3
V000514,C00972,2026-03-14,5,1,20,0,2,46,0,3,3,0,1080.0,0.0,1080.0,495.2,0.0,540.0
V000515,C00932,2026-03-14,5,1,22,1,4,169,0,16,4,12,1340.0,3620.0,4960.0,3027.4,0.7298,1240.0
V000516,C01164,2026-03-14,5,1,19,0,4,95,0,6,3,3,1360.0,820.0,2180.0,1050.4,0.3761,545.0
V000517,C01316,2026-03-14,5,1,19,0,6,97,0,21,11,10,4900.0,3020.0,7920.0,4326.0,0.3813,1320.0
V000518,C00150,2026-03-14,5,1,18,0,2,65,1,4,3,1,1080.0,260.0,1340.0,725.0,0.194,670.0
V000519,C00623,2026-03-14,5,1,24,1,2,89,0,9,4,5,1180.0,1480.0,2660.0,1700.6,0.5564,1330.0
V000520,C00737,2026-03-14,5,1,23,1,1,70,0,1,0,1,0.0,280.0,280.0,173.6,1.0,280.0
V000521,C00686,2026-03-14,5,1,20,0,2,96,0,5,2,3,640.0,840.0,1480.0,837.2,0.5676,740.0
V000522,C00022,2026-03-14,5,1,22,1,2,94,1,8,6,2,2020.0,580.0,2600.0,1594.6,0.2231,1300.0
V000523,C01153,2026-03-14,5,1,18,0,2,135,0,8,5,3,1560.0,820.0,2380.0,1382.4,0.3445,1190.0
V000524,C01035,2026-03-14,5,1,22,1,4,90,0,11,6,5,2360.0,1420.0,3780.0,2226.2,0.3757,945.0
V000525,C00026,2026-03-14,5,1,22,1,2,93,1,5,2,3,600.0,820.0,1420.0,865.6,0.5775,710.0
V000526,C00676,2026-03-14,5,1,20,0,4,35,0,6,4,2,1380.0,580.0,1960.0,1010.6,0.2959,490.0
V000527,C00970,2026-03-15,6,0,21,1,2,101,0,5,1,4,480.0,1280.0,1760.0,1076.6,0.7273,880.0
V000528,C00277,2026-03-15,6,0,20,0,1,80,0,6,5,1,1860.0,280.0,2140.0,1140.6,0.1308,2140.0
V000529,C00086,2026-03-15,6,0,19,0,6,99,1,14,6,8,2260.0,2580.0,4840.0,2942.4,0.5331,806.7
V000530,C00265,2026-03-15,6,0,22,1,3,96,1,6,3,3,1060.0,720.0,1780.0,1070.4,0.4045,593.3
V000531,C00822,2026-03-15,6,0,23,1,2,77,0,9,7,2,2080.0,580.0,2660.0,1709.4,0.218,1330.0
V000532,C01022,2026-03-15,6,0,20,0,4,83,0,6,4,2,2220.0,540.0,2760.0,1194.0,0.1957,690.0
V000533,C00779,2026-03-15,6,0,22,1,2,96,0,6,3,3,940.0,840.0,1780.0,1099.4,0.4719,890.0
V000534,C00580,2026-03-15,6,0,21,1,2,111,0,5,2,3,640.0,820.0,1460.0,885.6,0.5616,730.0
V000535,C01043,2026-03-15,6,0,18,0,6,132,0,19,8,11,3000.0,3430.0,6430.0,3879.6,0.5334,1071.7
V000536,C00073,2026-03-15,6,0,19,0,1,75,1,3,2,1,1100.0,320.0,1420.0,654.0,0.2254,1420.0
V000537,C01079,2026-03-15,6,0,17,0,2,66,0,6,4,2,1200.0,620.0,1820.0,1093.2,0.3407,910.0
V000538,C00262,2026-03-15,6,0,18,0,1,74,1,6,4,2,1120.0,620.0,1740.0,1086.2,0.3563,1740.0
V000539,C00298,2026-03-15,6,0,17,0,2,38,0,5,4,1,1200.0,260.0,1460.0,852.0,0.1781,730.0
V000540,C00273,2026-03-15,6,0,23,1,2,88,0,4,1,3,380.0,820.0,1200.0,670.0,0.6833,600.0
V000541,C01254,2026-03-15,6,0,23,1,3,97,0,6,3,3,760.0,860.0,1620.0,1033.6,0.5309,540.0
V000542,C00732,2026-03-15,6,0,22,1,2,120,0,8,3,5,1220.0,1640.0,2860.0,1708.2,0.5734,1430.0
V000543,C00485,2026-03-15,6,0,22,1,2,135,0,8,3,5,880.0,1330.0,2210.0,1382.0,0.6018,1105.0
V000544,C00063,2026-03-15,6,0,23,1,2,91,1,5,3,2,900.0,580.0,1480.0,902.8,0.3919,740.0
V000545,C00024,2026-03-15,6,0,17,0,2,80,1,5,3,2,1160.0,650.0,1810.0,998.4,0.3591,905.0
V000546,C01158,2026-03-17,1,0,19,0,6,106,0,13,7,6,2980.0,1520.0,4500.0,2359.2,0.3378,750.0
V000547,C00057,2026-03-17,1,0,21,1,2,88,1,9,3,6,960.0,1710.0,2670.0,1681.4,0.6404,1335.0
V000548,C00757,2026-03-17,1,0,23,1,4,147,0,14,4,10,1220.0,2800.0,4020.0,2560.2,0.6965,1005.0
V000549,C00720,2026-03-17,1,0,18,0,3,63,0,5,5,0,1660.0,0.0,1660.0,891.8,0.0,553.3
V000550,C01222,2026-03-17,1,0,22,1,4,92,0,15,6,9,2420.0,2700.0,5120.0,3061.8,0.5273,1280.0
V000551,C00238,2026-03-17,1,0,19,0,3,67,1,5,4,1,1400.0,240.0,1640.0,847.6,0.1463,546.7
V000552,C01344,2026-03-17,1,0,19,0,4,110,0,14,7,7,2500.0,2120.0,4620.0,2818.2,0.4589,1155.0
V000553,C00759,2026-03-17,1,0,22,1,2,94,0,4,3,1,880.0,300.0,1180.0,711.2,0.2542,590.0
V000554,C00365,2026-03-18,2,0,19,0,4,90,0,11,8,3,2740.0,960.0,3700.0,2300.6,0.2595,925.0
V000555,C01079,2026-03-18,2,0,24,1,4,141,0,8,5,3,2040.0,800.0,2840.0,1477.2,0.2817,710.0
V000556,C00908,2026-03-18,2,0,22,1,2,117,0,5,2,3,760.0,1110.0,1870.0,1224.0,0.5936,935.0
V000557,C00683,2026-03-18,2,0,24,1,1,116,0,4,1,3,160.0,880.0,1040.0,729.4,0.8462,1040.0
V000558,C00975,2026-03-18,2,0,22,1,2,150,0,9,3,6,980.0,1910.0,2890.0,1833.2,0.6609,1445.0
V000559,C00216,2026-03-18,2,0,19,0,2,80,1,6,5,1,2020.0,260.0,2280.0,1094.0,0.114,1140.0
V000560,C00056,2026-03-18,2,0,20,0,2,76,1,3,1,2,460.0,610.0,1070.0,620.4,0.5701,535.0
V000561,C00617,2026-03-18,2,0,18,0,2,57,0,3,3,0,1080.0,0.0,1080.0,593.2,0.0,540.0
V000562,C00463,2026-03-18,2,0,18,0,2,60,0,7,5,2,2040.0,630.0,2670.0,1442.4,0.236,1335.0
V000563,C01340,2026-03-18,2,0,19,0,2,35,0,4,4,0,1620.0,0.0,1620.0,852.4,0.0,810.0
V000564,C00265,2026-03-18,2,0,24,1,4,150,1,14,3,11,1120.0,3100.0,4220.0,2588.8,0.7346,1055.0
V000565,C01266,2026-03-18,2,0,21,1,2,113,0,4,1,3,520.0,1000.0,1520.0,915.2,0.6579,760.0
V000566,C01318,2026-03-18,2,0,18,0,2,69,0,4,2,2,800.0,730.0,1530.0,968.6,0.4771,765.0
V000567,C00169,2026-03-19,3,0,18,0,3,89,1,7,4,3,1340.0,860.0,2200.0,1259.6,0.3909,733.3
V000568,C00381,2026-03-19,3,0,19,0,1,88,0,1,1,0,460.0,0.0,460.0,193.2,0.0,460.0
V000569,C00601,2026-03-19,3,0,22,1,1,53,0,2,0,2,0.0,580.0,580.0,359.8,1.0,580.0
V000570,C00489,2026-03-19,3,0,20,0,2,109,0,6,6,0,1780.0,0.0,1780.0,976.8,0.0,890.0
V000571,C00689,2026-03-19,3,0,20,0,4,126,0,8,6,2,1920.0,540.0,2460.0,1419.2,0.2195,615.0
V000572,C00457,2026-03-19,3,0,20,0,6,127,0,14,9,5,3760.0,1530.0,5290.0,2818.8,0.2892,881.7
V000573,C00427,2026-03-19,3,0,18,0,2,67,0,10,7,3,2820.0,940.0,3760.0,2130.6,0.25,1880.0
V000574,C00921,2026-03-19,3,0,22,1,2,140,0,6,1,5,480.0,1400.0,1880.0,1201.8,0.7447,940.0
V000575,C00510,2026-03-19,3,0,20,0,4,64,0,8,7,1,2300.0,280.0,2580.0,1410.2,0.1085,645.0
V000576,C00695,2026-03-19,3,0,22,1,2,53,0,2,1,1,520.0,380.0,900.0,482.6,0.4222,450.0
V000577,C01208,2026-03-19,3,0,19,0,2,74,0,5,5,0,1320.0,0.0,1320.0,806.8,0.0,660.0
V000578,C00948,2026-03-19,3,0,21,1,4,102,0,12,6,6,2180.0,1860.0,4040.0,2490.8,0.4604,1010.0
V000579,C00818,2026-03-19,3,0,22,1,2,117,0,4,1,3,880.0,1050.0,1930.0,1051.0,0.544,965.0
V000580,C01015,2026-03-20,4,1,18,0,2,44,0,5,5,0,1680.0,0.0,1680.0,936.4,0.0,840.0
V000581,C00435,2026-03-20,4,1,23,1,2,130,0,5,2,3,1040.0,860.0,1900.0,1046.0,0.4526,950.0
V000582,C00242,2026-03-20,4,1,23,1,2,90,1,6,3,3,860.0,860.0,1720.0,1100.0,0.5,860.0
V000583,C01063,2026-03-20,4,1,21,1,2,124,0,7,5,2,1480.0,480.0,1960.0,1282.0,0.2449,980.0
V000584,C01312,2026-03-20,4,1,20,0,5,66,0,12,11,1,4120.0,300.0,4420.0,2432.6,0.0679,884.0
V000585,C01230,2026-03-20,4,1,24,1,2,103,0,8,5,3,1420.0,950.0,2370.0,1483.4,0.4008,1185.0
V000586,C00721,2026-03-20,4,1,20,0,2,62,0,5,4,1,1360.0,280.0,1640.0,919.0,0.1707,820.0
V000587,C00074,2026-03-20,4,1,22,1,3,96,1,12,4,8,1060.0,2170.0,3230.0,1953.4,0.6718,1076.7
V000588,C00762,2026-03-20,4,1,20,0,2,53,0,6,4,2,920.0,620.0,1540.0,915.6,0.4026,770.0
V000589,C00805,2026-03-20,4,1,20,0,4,96,0,8,6,2,2240.0,650.0,2890.0,1626.0,0.2249,722.5
V000590,C00779,2026-03-20,4,1,19,0,6,110,0,14,8,6,4280.0,1700.0,5980.0,2909.2,0.2843,996.7
V000591,C00684,2026-03-20,4,1,19,0,2,62,0,5,4,1,1360.0,340.0,1700.0,1056.0,0.2,850.0
V000592,C00702,2026-03-20,4,1,18,0,2,109,0,6,1,5,420.0,1360.0,1780.0,1169.8,0.764,890.0
V000593,C01254,2026-03-20,4,1,23,1,2,78,0,8,6,2,1360.0,500.0,1860.0,1179.6,0.2688,930.0
V000594,C00757,2026-03-20,4,1,22,1,2,119,0,5,3,2,800.0,560.0,1360.0,880.8,0.4118,680.0
V000595,C00923,2026-03-20,4,1,20,0,3,81,0,6,5,1,1800.0,300.0,2100.0,1120.6,0.1429,700.0
V000596,C00559,2026-03-20,4,1,20,0,2,69,0,7,5,2,1420.0,640.0,2060.0,1317.8,0.3107,1030.0
V000597,C00925,2026-03-20,4,1,19,0,2,108,0,6,5,1,1540.0,240.0,1780.0,1052.4,0.1348,890.0
V000598,C00187,2026-03-20,4,1,19,0,3,46,1,9,8,1,3200.0,350.0,3550.0,1951.0,0.0986,1183.3
V000599,C00978,2026-03-20,4,1,21,1,2,111,0,6,4,2,1200.0,520.0,1720.0,1016.8,0.3023,860.0
V000600,C00117,2026-03-20,4,1,21,1,5,118,1,20,10,10,2460.0,2810.0,5270.0,3530.2,0.5332,1054.0
V000601,C00074,2026-03-20,4,1,20,0,1,87,1,2,1,1,880.0,300.0,1180.0,530.0,0.2542,1180.0
V000602,C00090,2026-03-20,4,1,22,1,3,95,1,9,3,6,900.0,1760.0,2660.0,1662.2,0.6617,886.7
V000603,C00986,2026-03-21,5,1,19,0,2,36,0,6,4,2,1260.0,700.0,1960.0,1117.2,0.3571,980.0
V000604,C00236,2026-03-21,5,1,20,0,2,63,1,5,3,2,1020.0,620.0,1640.0,944.8,0.378,820.0
V000605,C00457,2026-03-21,5,1,22,1,1,141,0,7,3,4,600.0,960.0,1560.0,1146.6,0.6154,1560.0
V000606,C00265,2026-03-21,5,1,19,0,5,79,1,15,8,7,3060.0,2050.0,5110.0,3004.4,0.4012,1022.0
V000607,C00948,2026-03-21,5,1,24,1,2,104,0,4,1,3,380.0,970.0,1350.0,865.8,0.7185,675.0
V000608,C00171,2026-03-21,5,1,21,1,5,112,1,20,6,14,2140.0,4340.0,6480.0,4191.4,0.6698,1296.0
V000609,C00364,2026-03-21,5,1,18,0,2,73,0,4,3,1,1000.0,300.0,1300.0,689.6,0.2308,650.0
V000610,C00503,2026-03-21,5,1,18,0,4,66,0,6,4,2,1620.0,640.0,2260.0,1140.4,0.2832,565.0
V000611,C00301,2026-03-21,5,1,19,0,4,84,0,10,7,3,2580.0,860.0,3440.0,1842.8,0.25,860.0
V000612,C00240,2026-03-21,5,1,20,0,3,118,1,5,4,1,2120.0,380.0,2500.0,1279.0,0.152,833.3
V000613,C01022,2026-03-21,5,1,23,1,2,61,0,6,2,4,1040.0,1260.0,2300.0,1241.0,0.5478,1150.0
V000614,C00562,2026-03-21,5,1,17,0,3,83,0,8,6,2,2100.0,720.0,2820.0,1647.6,0.2553,940.0
V000615,C01206,2026-03-21,5,1,20,0,4,152,0,13,6,7,2900.0,2170.0,5070.0,2732.8,0.428,1267.5
V000616,C00092,2026-03-21,5,1,22,1,2,78,1,6,2,4,1040.0,1190.0,2230.0,1247.2,0.5336,1115.0
V000617,C00771,2026-03-21,5,1,21,1,3,75,0,6,2,4,660.0,980.0,1640.0,1003.2,0.5976,546.7
V000618,C00433,2026-03-21,5,1,20,0,2,103,0,6,5,1,1400.0,260.0,1660.0,1046.0,0.1566,830.0
V000619,C01023,2026-03-21,5,1,21,1,2,72,0,6,4,2,1260.0,600.0,1860.0,1129.6,0.3226,930.0
V000620,C00044,2026-03-21,5,1,19,0,3,94,1,5,2,3,900.0,820.0,1720.0,955.0,0.4767,573.3
V000621,C00110,2026-03-21,5,1,22,1,1,74,1,4,1,3,280.0,930.0,1210.0,866.8,0.7686,1210.0
V000622,C01219,2026-03-21,5,1,21,1,3,104,0,10,3,7,880.0,1980.0,2860.0,1728.4,0.6923,953.3
V000623,C01310,2026-03-21,5,1,19,0,5,104,0,9,6,3,2400.0,840.0,3240.0,1665.6,0.2593,648.0
V000624,C00731,2026-03-21,5,1,22,1,2,59,0,10,5,5,1800.0,1380.0,3180.0,1900.6,0.434,1590.0
V000625,C01136,2026-03-21,5,1,20,0,2,82,0,6,5,1,1580.0,260.0,1840.0,1026.6,0.1413,920.0
V000626,C00284,2026-03-21,5,1,22,1,2,123,0,8,3,5,920.0,1300.0,2220.0,1287.0,0.5856,1110.0
V000627,C00227,2026-03-22,6,0,18,0,2,67,1,9,8,1,2480.0,280.0,2760.0,1717.4,0.1014,1380.0
V000628,C01174,2026-03-22,6,0,17,0,2,35,0,7,4,3,1180.0,940.0,2120.0,1307.8,0.4434,1060.0
V000629,C00556,2026-03-22,6,0,20,0,2,65,0,8,8,0,2680.0,0.0,2680.0,1526.8,0.0,1340.0
V000630,C00928,2026-03-22,6,0,19,0,2,35,0,2,2,0,1160.0,0.0,1160.0,504.0,0.0,580.0
V000631,C00172,2026-03-22,6,0,22,1,2,114,1,10,3,7,1080.0,2060.0,3140.0,1996.8,0.6561,1570.0
V000632,C00397,2026-03-22,6,0,22,1,1,92,0,4,2,2,660.0,600.0,1260.0,866.0,0.4762,1260.0
V000633,C00572,2026-03-22,6,0,18,0,4,67,0,9,7,2,2340.0,620.0,2960.0,1658.8,0.2095,740.0
V000634,C00693,2026-03-22,6,0,20,0,3,91,0,4,3,1,1460.0,350.0,1810.0,871.8,0.1934,603.3
V000635,C01341,2026-03-22,6,0,19,0,4,80,0,8,6,2,1880.0,600.0,2480.0,1422.2,0.2419,620.0
V000636,C00655,2026-03-22,6,0,19,0,4,66,0,8,6,2,1780.0,620.0,2400.0,1350.0,0.2583,600.0
V000637,C00028,2026-03-24,1,0,21,1,4,110,1,12,6,6,1940.0,1900.0,3840.0,2367.2,0.4948,960.0
V000638,C00807,2026-03-24,1,0,22,1,1,54,0,2,2,0,540.0,0.0,540.0,355.8,0.0,540.0
V000639,C01210,2026-03-24,1,0,18,0,6,134,0,17,10,7,3520.0,2100.0,5620.0,3231.6,0.3737,936.7
V000640,C00282,2026-03-24,1,0,24,1,2,125,0,9,5,4,1820.0,880.0,2700.0,1544.4,0.3259,1350.0
V000641,C00044,2026-03-25,2,0,23,1,1,88,1,3,3,0,780.0,0.0,780.0,518.0,0.0,780.0
V000642,C00708,2026-03-25,2,0,19,0,4,126,0,11,5,6,1880.0,1860.0,3740.0,2173.0,0.4973,935.0
V000643,C00494,2026-03-25,2,0,19,0,3,59,0,6,4,2,1460.0,530.0,1990.0,1112.6,0.2663,663.3
V000644,C00149,2026-03-25,2,0,19,0,1,102,1,2,2,0,860.0,0.0,860.0,422.0,0.0,860.0
V000645,C00532,2026-03-25,2,0,23,1,2,168,0,6,2,4,620.0,1140.0,1760.0,1102.0,0.6477,880.0
V000646,C00377,2026-03-25,2,0,20,0,2,52,0,5,4,1,1400.0,350.0,1750.0,1003.0,0.2,875.0
V000647,C00298,2026-03-25,2,0,22,1,2,51,0,9,5,4,1420.0,1110.0,2530.0,1688.6,0.4387,1265.0
V000648,C00587,2026-03-25,2,0,20,0,2,83,0,7,4,3,1200.0,900.0,2100.0,1211.8,0.4286,1050.0
V000649,C00071,2026-03-25,2,0,20,0,6,137,1,14,7,7,3120.0,2110.0,5230.0,2785.0,0.4034,871.7
V000650,C01029,2026-03-25,2,0,21,1,3,106,0,8,6,2,1820.0,600.0,2420.0,1570.6,0.2479,806.7
V000651,C01056,2026-03-25,2,0,22,1,3,95,0,6,2,4,1160.0,1380.0,2540.0,1506.6,0.5433,846.7
V000652,C00660,2026-03-25,2,0,19,0,3,97,0,12,7,5,2220.0,1690.0,3910.0,2464.4,0.4322,1303.3
V000653,C00883,2026-03-25,2,0,20,0,2,78,0,5,3,2,1040.0,610.0,1650.0,907.8,0.3697,825.0
V000654,C00857,2026-03-26,3,0,21,1,2,62,0,5,4,1,1360.0,260.0,1620.0,973.8,0.1605,810.0
V000655,C00271,2026-03-26,3,0,21,1,2,129,0,11,5,6,1620.0,1850.0,3470.0,2234.0,0.5331,1735.0
V000656,C01187,2026-03-26,3,0,22,1,3,97,0,14,7,7,2940.0,1920.0,4860.0,2619.4,0.3951,1620.0
V000657,C01251,2026-03-26,3,0,21,1,2,86,0,4,2,2,600.0,500.0,1100.0,608.8,0.4545,550.0
V000658,C00095,2026-03-26,3,0,19,0,2,68,1,12,5,7,2100.0,2000.0,4100.0,2439.8,0.4878,2050.0
V000659,C00669,2026-03-26,3,0,20,0,4,55,0,9,6,3,2080.0,960.0,3040.0,1783.2,0.3158,760.0
V000660,C01281,2026-03-26,3,0,20,0,1,83,0,3,3,0,1520.0,0.0,1520.0,731.8,0.0,1520.0
V000661,C00402,2026-03-26,3,0,18,0,2,78,0,8,7,1,2200.0,300.0,2500.0,1580.6,0.12,1250.0
V000662,C01192,2026-03-26,3,0,20,0,2,87,0,2,2,0,560.0,0.0,560.0,284.2,0.0,280.0
V000663,C00806,2026-03-26,3,0,20,0,3,77,0,8,4,4,1280.0,1170.0,2450.0,1478.4,0.4776,816.7
V000664,C00141,2026-03-26,3,0,20,0,2,94,1,7,3,4,1100.0,1060.0,2160.0,1300.2,0.4907,1080.0
V000665,C00314,2026-03-26,3,0,22,1,2,54,0,6,2,4,800.0,1240.0,2040.0,1202.6,0.6078,1020.0
V000666,C00706,2026-03-26,3,0,22,1,3,145,0,14,6,8,1880.0,2380.0,4260.0,2552.4,0.5587,1420.0
V000667,C00540,2026-03-27,4,1,22,1,3,103,0,9,6,3,1560.0,780.0,2340.0,1448.4,0.3333,780.0
V000668,C01328,2026-03-27,4,1,19,0,4,83,0,11,9,2,2700.0,580.0,3280.0,1884.2,0.1768,820.0
V000669,C00159,2026-03-27,4,1,21,1,1,67,1,2,2,0,660.0,0.0,660.0,363.2,0.0,660.0
V000670,C00713,2026-03-27,4,1,20,0,4,137,0,7,4,3,1700.0,820.0,2520.0,1311.2,0.3254,630.0
V000671,C00951,2026-03-27,4,1,21,1,5,116,0,15,6,9,2580.0,2640.0,5220.0,2948.2,0.5057,1044.0
V000672,C00779,2026-03-27,4,1,19,0,6,135,0,16,7,9,2680.0,2560.0,5240.0,3016.8,0.4885,873.3
V000673,C01233,2026-03-27,4,1,19,0,2,80,0,2,2,0,880.0,0.0,880.0,382.2,0.0,440.0
V000674,C00888,2026-03-27,4,1,23,1,3,100,0,12,3,9,860.0,2860.0,3720.0,2455.2,0.7688,1240.0
V000675,C00999,2026-03-27,4,1,20,0,2,90,0,5,5,0,1900.0,0.0,1900.0,993.0,0.0,950.0
V000676,C00535,2026-03-27,4,1,19,0,5,153,0,17,8,9,2240.0,2660.0,4900.0,3028.8,0.5429,980.0
V000677,C00059,2026-03-27,4,1,19,0,3,89,1,13,8,5,2840.0,1400.0,4240.0,2484.2,0.3302,1413.3
V000678,C00334,2026-03-27,4,1,17,0,2,89,0,4,2,2,600.0,500.0,1100.0,608.8,0.4545,550.0
V000679,C00451,2026-03-27,4,1,22,1,2,120,0,11,6,5,1680.0,1340.0,3020.0,1860.4,0.4437,1510.0
V000680,C00926,2026-03-27,4,1,21,1,1,121,0,5,2,3,640.0,860.0,1500.0,882.0,0.5733,1500.0
V000681,C00575,2026-03-27,4,1,23,1,2,121,0,6,6,0,2000.0,0.0,2000.0,1255.0,0.0,1000.0
V000682,C00858,2026-03-27,4,1,19,0,1,59,0,1,1,0,420.0,0.0,420.0,189.0,0.0,420.0
V000683,C00720,2026-03-28,5,1,20,0,5,75,0,8,6,2,2280.0,630.0,2910.0,1534.0,0.2165,582.0
V000684,C00381,2026-03-28,5,1,19,0,4,78,0,10,6,4,2400.0,1000.0,3400.0,1732.8,0.2941,850.0
V000685,C00071,2026-03-28,5,1,23,1,3,73,1,4,2,2,600.0,610.0,1210.0,735.4,0.5041,403.3
V000686,C00709,2026-03-28,5,1,18,0,3,81,0,9,6,3,2440.0,960.0,3400.0,1868.8,0.2824,1133.3
V000687,C00173,2026-03-28,5,1,22,1,2,131,1,9,6,3,1460.0,950.0,2410.0,1579.6,0.3942,1205.0
V000688,C00823,2026-03-28,5,1,17,0,2,74,0,4,3,1,1400.0,350.0,1750.0,915.4,0.2,875.0
V000689,C00598,2026-03-28,5,1,22,1,2,96,0,7,4,3,1140.0,780.0,1920.0,1261.0,0.4062,960.0
V000690,C00823,2026-03-28,5,1,20,0,3,108,0,6,3,3,1680.0,910.0,2590.0,1338.8,0.3514,863.3
V000691,C00843,2026-03-28,5,1,22,1,1,103,0,2,2,0,500.0,0.0,500.0,333.2,0.0,500.0
V000692,C00257,2026-03-28,5,1,23,1,2,168,1,13,4,9,1380.0,2800.0,4180.0,2655.2,0.6699,2090.0
V000693,C00207,2026-03-28,5,1,19,0,4,103,1,13,7,6,2780.0,1660.0,4440.0,2360.6,0.3739,1110.0
V000694,C00641,2026-03-28,5,1,20,0,2,106,0,4,3,1,1220.0,340.0,1560.0,805.4,0.2179,780.0
V000695,C00001,2026-03-28,5,1,23,1,2,147,1,11,6,5,2320.0,1480.0,3800.0,2284.0,0.3895,1900.0
V000696,C00624,2026-03-28,5,1,20,0,1,43,0,3,3,0,800.0,0.0,800.0,451.2,0.0,800.0
V000697,C00745,2026-03-28,5,1,18,0,3,130,0,8,6,2,2280.0,640.0,2920.0,1541.6,0.2192,973.3
V000698,C00707,2026-03-28,5,1,21,1,2,84,0,6,5,1,1300.0,280.0,1580.0,941.4,0.1772,790.0
V000699,C01114,2026-03-28,5,1,21,1,3,134,0,5,3,2,1220.0,680.0,1900.0,1194.2,0.3579,633.3
V000700,C00704,2026-03-28,5,1,18,0,2,98,0,3,2,1,880.0,350.0,1230.0,648.2,0.2846,615.0
V000701,C00108,2026-03-28,5,1,17,0,2,70,1,8,6,2,1980.0,540.0,2520.0,1408.4,0.2143,1260.0
V000702,C01200,2026-03-28,5,1,18,0,5,95,0,14,8,6,3700.0,1940.0,5640.0,3070.2,0.344,1128.0
V000703,C00849,2026-03-28,5,1,22,1,3,97,0,8,6,2,2320.0,700.0,3020.0,1642.2,0.2318,1006.7
V000704,C00978,2026-03-29,6,0,23,1,2,58,0,3,2,1,740.0,280.0,1020.0,560.0,0.2745,510.0
V000705,C00921,2026-03-29,6,0,23,1,2,145,0,4,2,2,560.0,520.0,1080.0,702.6,0.4815,540.0
V000706,C00117,2026-03-29,6,0,23,1,2,147,1,10,7,3,2020.0,840.0,2860.0,1707.2,0.2937,1430.0
V000707,C00351,2026-03-29,6,0,20,0,4,128,0,14,5,9,2440.0,2800.0,5240.0,2959.2,0.5344,1310.0
V000708,C00886,2026-03-29,6,0,21,1,3,146,0,8,3,5,1180.0,1440.0,2620.0,1695.4,0.5496,873.3
V000709,C00828,2026-03-29,6,0,19,0,3,83,0,7,4,3,1380.0,860.0,2240.0,1311.2,0.3839,746.7
V000710,C00074,2026-03-29,6,0,20,0,2,108,1,4,4,0,1220.0,0.0,1220.0,727.2,0.0,610.0
V000711,C01119,2026-03-29,6,0,22,1,2,86,0,5,3,2,760.0,520.0,1280.0,749.8,0.4062,640.0
V000712,C00606,2026-03-29,6,0,23,1,1,146,0,3,2,1,440.0,260.0,700.0,467.6,0.3714,700.0
V000713,C00200,2026-03-29,6,0,19,0,2,59,1,5,2,3,1400.0,870.0,2270.0,1082.0,0.3833,1135.0
V000714,C00512,2026-03-29,6,0,20,0,4,86,0,7,5,2,2140.0,680.0,2820.0,1451.4,0.2411,705.0
V000715,C00253,2026-03-29,6,0,18,0,2,142,1,7,3,4,1080.0,1170.0,2250.0,1319.8,0.52,1125.0
V000716,C00270,2026-03-31,1,0,19,0,3,107,0,7,5,2,1940.0,580.0,2520.0,1296.2,0.2302,840.0
V000717,C00942,2026-03-31,1,0,22,1,2,50,0,8,7,1,1700.0,300.0,2000.0,1196.2,0.15,1000.0
V000718,C00488,2026-03-31,1,0,19,0,2,84,0,3,3,0,980.0,0.0,980.0,534.6,0.0,490.0
V000719,C00324,2026-03-31,1,0,17,0,2,51,0,5,4,1,1360.0,280.0,1640.0,863.2,0.1707,820.0
V000720,C00439,2026-03-31,1,0,22,1,2,126,0,5,3,2,1100.0,580.0,1680.0,965.6,0.3452,840.0
V000721,C00063,2026-03-31,1,0,18,0,2,65,1,7,5,2,1780.0,650.0,2430.0,1400.0,0.2675,1215.0
V000722,C00606,2026-03-31,1,0,18,0,4,70,0,6,6,0,2900.0,0.0,2900.0,1269.2,0.0,725.0
V000723,C01007,2026-03-31,1,0,21,1,2,98,0,7,3,4,900.0,1250.0,2150.0,1339.0,0.5814,1075.0
V000724,C00373,2026-03-31,1,0,20,0,1,96,0,5,5,0,1280.0,0.0,1280.0,784.0,0.0,1280.0
V000725,C00591,2026-04-01,2,0,18,0,5,94,0,9,5,4,1780.0,1300.0,3080.0,1824.2,0.4221,616.0
V000726,C01192,2026-04-01,2,0,21,1,2,105,0,6,3,3,920.0,700.0,1620.0,952.8,0.4321,810.0
V000727,C00224,2026-04-01,2,0,22,1,3,148,1,7,2,5,1220.0,1540.0,2760.0,1617.8,0.558,920.0
V000728,C01300,2026-04-01,2,0,20,0,2,80,0,6,5,1,1520.0,300.0,1820.0,1157.2,0.1648,910.0
V000729,C01227,2026-04-01,2,0,18,0,2,37,0,4,3,1,860.0,350.0,1210.0,764.0,0.2893,605.0
V000730,C00148,2026-04-01,2,0,18,0,2,59,1,5,5,0,2600.0,0.0,2600.0,1188.6,0.0,1300.0
V000731,C00147,2026-04-01,2,0,19,0,3,88,1,9,6,3,2020.0,820.0,2840.0,1668.0,0.2887,946.7
V000732,C00467,2026-04-01,2,0,19,0,4,88,0,7,4,3,2000.0,960.0,2960.0,1465.6,0.3243,740.0
V000733,C00320,2026-04-01,2,0,18,0,3,72,0,6,5,1,1680.0,240.0,1920.0,1071.6,0.125,640.0
V000734,C01277,2026-04-01,2,0,19,0,2,64,0,4,3,1,1020.0,240.0,1260.0,626.8,0.1905,630.0
V000735,C00054,2026-04-02,3,0,21,1,3,49,1,8,2,6,960.0,1760.0,2720.0,1507.6,0.6471,906.7
V000736,C00898,2026-04-02,3,0,20,0,2,120,0,4,3,1,880.0,240.0,1120.0,651.4,0.2143,560.0
V000737,C00175,2026-04-02,3,0,20,0,3,79,1,7,4,3,1800.0,840.0,2640.0,1320.4,0.3182,880.0
V000738,C01123,2026-04-02,3,0,17,0,3,88,0,8,5,3,1840.0,860.0,2700.0,1458.8,0.3185,900.0
V000739,C01084,2026-04-02,3,0,23,1,3,142,0,2,1,1,880.0,320.0,1200.0,500.0,0.2667,400.0
V000740,C00203,2026-04-02,3,0,20,0,4,136,1,16,5,11,1840.0,3320.0,5160.0,3140.4,0.6434,1290.0
V000741,C00255,2026-04-02,3,0,19,0,2,60,1,8,6,2,1840.0,600.0,2440.0,1462.4,0.2459,1220.0
V000742,C00985,2026-04-02,3,0,19,0,1,98,0,4,3,1,1320.0,260.0,1580.0,772.4,0.1646,1580.0
V000743,C00004,2026-04-02,3,0,23,1,3,87,1,13,6,7,1660.0,2050.0,3710.0,2410.6,0.5526,1236.7
V000744,C00071,2026-04-02,3,0,19,0,2,93,1,7,4,3,1720.0,800.0,2520.0,1414.4,0.3175,1260.0
V000745,C00019,2026-04-02,3,0,24,1,2,95,1,9,2,7,660.0,2130.0,2790.0,1766.4,0.7634,1395.0
V000746,C00198,2026-04-02,3,0,22,1,3,120,1,15,5,10,2160.0,2960.0,5120.0,3260.8,0.5781,1706.7
V000747,C01273,2026-04-03,4,1,19,0,2,35,0,3,3,0,840.0,0.0,840.0,415.2,0.0,420.0
V000748,C01090,2026-04-03,4,1,22,1,4,78,0,15,6,9,2260.0,2540.0,4800.0,2814.8,0.5292,1200.0
V000749,C00209,2026-04-03,4,1,22,1,2,130,1,3,2,1,640.0,300.0,940.0,534.8,0.3191,470.0
V000750,C00449,2026-04-03,4,1,20,0,2,116,0,4,3,1,1300.0,260.0,1560.0,754.8,0.1667,780.0
V000751,C00354,2026-04-03,4,1,18,0,3,69,0,3,3,0,1140.0,0.0,1140.0,580.6,0.0,380.0
V000752,C00456,2026-04-03,4,1,24,1,2,99,0,4,2,2,700.0,630.0,1330.0,824.6,0.4737,665.0
V000753,C00536,2026-04-03,4,1,22,1,2,72,0,10,6,4,1760.0,1180.0,2940.0,1860.8,0.4014,1470.0
V000754,C00630,2026-04-03,4,1,21,1,3,73,0,4,3,1,1160.0,380.0,1540.0,781.8,0.2468,513.3
V000755,C00195,2026-04-03,4,1,21,1,2,132,1,7,1,6,420.0,1830.0,2250.0,1499.0,0.8133,1125.0
V000756,C00650,2026-04-03,4,1,20,0,4,65,0,7,3,4,1640.0,1140.0,2780.0,1434.0,0.4101,695.0
V000757,C00247,2026-04-03,4,1,22,1,1,111,1,3,1,2,280.0,440.0,720.0,501.2,0.6111,720.0
V000758,C00954,2026-04-03,4,1,20,0,2,85,0,7,5,2,1880.0,480.0,2360.0,1359.6,0.2034,1180.0
V000759,C00093,2026-04-03,4,1,23,1,2,123,1,4,1,3,520.0,920.0,1440.0,755.2,0.6389,720.0
V000760,C01280,2026-04-03,4,1,22,1,2,151,0,4,1,3,420.0,1000.0,1420.0,888.0,0.7042,710.0
V000761,C00357,2026-04-03,4,1,20,0,6,76,0,10,7,3,2380.0,860.0,3240.0,1766.6,0.2654,540.0
V000762,C00049,2026-04-03,4,1,19,0,6,126,1,19,9,10,3480.0,2990.0,6470.0,3579.4,0.4621,1078.3
V000763,C00100,2026-04-03,4,1,21,1,2,80,1,11,4,7,1220.0,2140.0,3360.0,2192.6,0.6369,1680.0
V000764,C00416,2026-04-03,4,1,22,1,2,73,0,6,2,4,700.0,1180.0,1880.0,1137.2,0.6277,940.0
V000765,C00271,2026-04-03,4,1,22,1,2,104,0,8,3,5,1080.0,1460.0,2540.0,1494.0,0.5748,1270.0
V000766,C00874,2026-04-03,4,1,18,0,6,139,0,12,7,5,2120.0,1640.0,3760.0,2202.8,0.4362,626.7
V000767,C00571,2026-04-03,4,1,21,1,2,116,0,3,2,1,780.0,280.0,1060.0,545.2,0.2642,530.0
V000768,C01008,2026-04-03,4,1,18,0,6,133,0,14,8,6,2980.0,1500.0,4480.0,2434.8,0.3348,746.7
V000769,C00722,2026-04-03,4,1,22,1,3,128,0,10,5,5,1700.0,1440.0,3140.0,1799.0,0.4586,1046.7
V000770,C00390,2026-04-03,4,1,23,1,2,35,0,5,2,3,1160.0,980.0,2140.0,1151.8,0.4579,1070.0
V000771,C01038,2026-04-04,5,1,22,1,2,97,0,6,3,3,860.0,800.0,1660.0,966.2,0.4819,830.0
V000772,C00004,2026-04-04,5,1,22,1,2,112,1,6,3,3,1440.0,860.0,2300.0,1256.8,0.3739,1150.0
V000773,C00347,2026-04-04,5,1,19,0,2,35,0,6,5,1,1840.0,320.0,2160.0,1154.2,0.1481,1080.0
V000774,C00955,2026-04-04,5,1,22,1,2,124,0,6,3,3,860.0,910.0,1770.0,1110.2,0.5141,885.0
V000775,C00204,2026-04-04,5,1,19,0,4,85,1,9,7,2,2960.0,580.0,3540.0,1753.4,0.1638,885.0
V000776,C01057,2026-04-04,5,1,19,0,2,59,0,8,5,3,1680.0,820.0,2500.0,1409.6,0.328,1250.0
V000777,C01129,2026-04-04,5,1,23,1,2,97,0,9,5,4,1980.0,1020.0,3000.0,1686.8,0.34,1500.0
V000778,C00267,2026-04-04,5,1,24,1,2,141,1,7,4,3,1200.0,960.0,2160.0,1374.8,0.4444,1080.0
V000779,C00063,2026-04-04,5,1,20,0,3,111,1,9,5,4,1500.0,1170.0,2670.0,1615.0,0.4382,890.0
V000780,C00444,2026-04-04,5,1,20,0,2,87,0,6,2,4,1220.0,1160.0,2380.0,1335.6,0.4874,1190.0
V000781,C00656,2026-04-04,5,1,18,0,2,46,0,3,3,0,980.0,0.0,980.0,567.4,0.0,490.0
V000782,C00190,2026-04-04,5,1,23,1,2,83,1,1,1,0,520.0,0.0,520.0,197.6,0.0,260.0
V000783,C01205,2026-04-04,5,1,22,1,4,112,0,11,7,4,3120.0,1120.0,4240.0,2301.4,0.2642,1060.0
V000784,C01193,2026-04-04,5,1,19,0,2,118,0,8,7,1,2260.0,280.0,2540.0,1443.0,0.1102,1270.0
V000785,C00216,2026-04-04,5,1,17,0,2,70,1,5,3,2,980.0,600.0,1580.0,980.0,0.3797,790.0
V000786,C00187,2026-04-04,5,1,19,0,4,85,1,9,5,4,2420.0,1240.0,3660.0,1891.6,0.3388,915.0
V000787,C00068,2026-04-04,5,1,20,0,6,125,1,20,12,8,4560.0,2480.0,7040.0,3896.4,0.3523,1173.3
V000788,C00854,2026-04-04,5,1,18,0,2,50,0,2,2,0,660.0,0.0,660.0,321.6,0.0,330.0
V000789,C00182,2026-04-04,5,1,19,0,3,91,1,15,6,9,2080.0,2720.0,4800.0,3157.2,0.5667,1600.0
V000790,C00426,2026-04-04,5,1,20,0,4,105,0,12,7,5,1940.0,1520.0,3460.0,2098.4,0.4393,865.0
V000791,C00640,2026-04-04,5,1,17,0,4,38,0,9,8,1,3140.0,260.0,3400.0,1742.8,0.0765,850.0
V000792,C00944,2026-04-04,5,1,18,0,3,66,0,9,8,1,2820.0,340.0,3160.0,1696.0,0.1076,1053.3
V000793,C00192,2026-04-04,5,1,17,0,4,78,1,11,6,5,2700.0,1460.0,4160.0,2226.6,0.351,1040.0
V000794,C00168,2026-04-05,6,0,20,0,2,72,1,6,5,1,1660.0,340.0,2000.0,1102.8,0.17,1000.0
V000795,C00782,2026-04-05,6,0,23,1,2,135,0,3,2,1,660.0,260.0,920.0,514.0,0.2826,460.0
V000796,C00283,2026-04-05,6,0,19,0,3,93,0,9,4,5,1440.0,1380.0,2820.0,1597.6,0.4894,940.0
V000797,C00780,2026-04-05,6,0,20,0,4,74,0,13,7,6,2920.0,1810.0,4730.0,2787.8,0.3827,1182.5
V000798,C00853,2026-04-05,6,0,23,1,1,53,0,8,6,2,1820.0,730.0,2550.0,1612.6,0.2863,2550.0
V000799,C01099,2026-04-05,6,0,19,0,5,132,0,15,9,6,3800.0,1770.0,5570.0,2988.4,0.3178,1114.0
V000800,C00111,2026-04-05,6,0,19,0,3,74,1,8,5,3,1760.0,910.0,2670.0,1544.0,0.3408,890.0
V000801,C00208,2026-04-05,6,0,24,1,2,124,1,5,5,0,1340.0,0.0,1340.0,814.8,0.0,670.0
V000802,C01336,2026-04-05,6,0,23,1,2,136,0,4,3,1,800.0,340.0,1140.0,714.6,0.2982,570.0
V000803,C00760,2026-04-05,6,0,22,1,2,87,0,1,1,0,480.0,0.0,480.0,192.0,0.0,240.0
V000804,C00104,2026-04-05,6,0,20,0,2,95,1,8,4,4,1040.0,1180.0,2220.0,1404.2,0.5315,1110.0
V000805,C00255,2026-04-05,6,0,19,0,2,84,1,6,4,2,1340.0,530.0,1870.0,1122.0,0.2834,935.0
V000806,C00370,2026-04-05,6,0,23,1,3,129,0,7,5,2,1180.0,480.0,1660.0,1050.4,0.2892,553.3
V000807,C00142,2026-04-05,6,0,22,1,1,81,1,2,1,1,180.0,180.0,360.0,273.6,0.5,360.0
V000808,C01316,2026-04-05,6,0,24,1,2,117,0,3,1,2,380.0,500.0,880.0,465.2,0.5682,440.0
V000809,C00394,2026-04-07,1,0,21,1,2,35,0,8,5,3,1220.0,760.0,1980.0,1250.2,0.3838,990.0
V000810,C01129,2026-04-07,1,0,21,1,2,127,0,5,2,3,640.0,1040.0,1680.0,1038.0,0.619,840.0
V000811,C01073,2026-04-07,1,0,23,1,1,38,0,1,0,1,0.0,350.0,350.0,266.0,1.0,350.0
V000812,C00028,2026-04-07,1,0,18,0,3,81,1,6,5,1,1960.0,280.0,2240.0,1093.8,0.125,746.7
V000813,C00087,2026-04-07,1,0,19,0,4,93,1,13,9,4,2860.0,1220.0,4080.0,2336.4,0.299,1020.0
V000814,C00188,2026-04-07,1,0,22,1,3,105,1,7,3,4,800.0,1290.0,2090.0,1397.4,0.6172,696.7
V000815,C00787,2026-04-07,1,0,19,0,3,67,0,5,5,0,2180.0,0.0,2180.0,1038.0,0.0,726.7
V000816,C00788,2026-04-07,1,0,19,0,4,94,0,8,7,1,2860.0,280.0,3140.0,1586.8,0.0892,785.0
V000817,C00457,2026-04-07,1,0,21,1,3,59,0,6,4,2,1140.0,720.0,1860.0,1166.2,0.3871,620.0
V000818,C00725,2026-04-07,1,0,20,0,4,109,0,10,7,3,3000.0,900.0,3900.0,1984.6,0.2308,975.0
V000819,C00147,2026-04-07,1,0,22,1,2,121,1,8,2,6,700.0,2090.0,2790.0,1921.8,0.7491,1395.0
V000820,C00976,2026-04-07,1,0,21,1,3,113,0,9,6,3,1640.0,720.0,2360.0,1508.2,0.3051,786.7
V000821,C01036,2026-04-07,1,0,20,0,4,114,0,11,8,3,2420.0,840.0,3260.0,1938.4,0.2577,815.0
V000822,C01296,2026-04-08,2,0,18,0,4,94,0,6,5,1,1740.0,300.0,2040.0,1042.8,0.1471,510.0
V000823,C00177,2026-04-08,2,0,20,0,2,71,1,5,5,0,1960.0,0.0,1960.0,923.0,0.0,980.0
V000824,C00130,2026-04-08,2,0,21,1,2,92,1,5,2,3,1220.0,1000.0,2220.0,1248.0,0.4505,1110.0
V000825,C00713,2026-04-08,2,0,19,0,2,106,0,4,1,3,380.0,860.0,1240.0,697.8,0.6935,620.0
V000826,C00865,2026-04-08,2,0,24,1,2,100,0,9,4,5,1060.0,1460.0,2520.0,1537.2,0.5794,1260.0
V000827,C00590,2026-04-08,2,0,21,1,4,68,0,12,6,6,1460.0,1610.0,3070.0,2007.8,0.5244,767.5
V000828,C00674,2026-04-08,2,0,22,1,2,129,0,8,5,3,1560.0,960.0,2520.0,1568.8,0.381,1260.0
V000829,C00051,2026-04-09,3,0,19,0,3,85,1,5,4,1,1380.0,320.0,1700.0,906.6,0.1882,566.7
V000830,C00184,2026-04-09,3,0,23,1,1,94,1,2,2,0,500.0,0.0,500.0,350.0,0.0,500.0
V000831,C00809,2026-04-09,3,0,21,1,2,65,0,7,4,3,1440.0,960.0,2400.0,1462.2,0.4,1200.0
V000832,C00429,2026-04-09,3,0,22,1,2,35,0,4,2,2,760.0,560.0,1320.0,735.2,0.4242,660.0
V000833,C00939,2026-04-09,3,0,20,0,4,99,0,7,5,2,2120.0,560.0,2680.0,1338.8,0.209,670.0
V000834,C00345,2026-04-09,3,0,24,1,3,118,0,10,3,7,880.0,1920.0,2800.0,1789.2,0.6857,933.3
V000835,C01185,2026-04-09,3,0,19,0,4,134,0,11,5,6,1680.0,1770.0,3450.0,2075.2,0.513,862.5
V000836,C01272,2026-04-09,3,0,20,0,2,70,0,2,2,0,640.0,0.0,640.0,344.0,0.0,320.0
V000837,C00919,2026-04-09,3,0,17,0,6,148,0,21,10,11,4040.0,3420.0,7460.0,4457.4,0.4584,1243.3
V000838,C00964,2026-04-09,3,0,20,0,3,70,0,11,8,3,3180.0,900.0,4080.0,2156.2,0.2206,1360.0
V000839,C01311,2026-04-10,4,1,18,0,2,66,0,6,5,1,1700.0,300.0,2000.0,1094.8,0.15,1000.0
V000840,C00498,2026-04-10,4,1,23,1,2,77,0,3,2,1,800.0,320.0,1120.0,585.6,0.2857,560.0
V000841,C00421,2026-04-10,4,1,21,1,2,79,0,10,6,4,1900.0,1180.0,3080.0,1827.2,0.3831,1540.0
V000842,C00770,2026-04-10,4,1,19,0,3,130,0,9,5,4,1600.0,1210.0,2810.0,1724.4,0.4306,936.7
V000843,C00867,2026-04-10,4,1,21,1,4,101,0,11,5,6,1340.0,1710.0,3050.0,1877.0,0.5607,762.5
V000844,C00027,2026-04-10,4,1,19,0,3,133,1,4,4,0,1580.0,0.0,1580.0,687.4,0.0,526.7
V000845,C00850,2026-04-10,4,1,20,0,2,66,0,3,3,0,1120.0,0.0,1120.0,556.4,0.0,560.0
V000846,C00501,2026-04-10,4,1,23,1,4,110,0,16,5,11,1620.0,3260.0,4880.0,2981.8,0.668,1220.0
V000847,C01274,2026-04-10,4,1,18,0,3,97,0,6,3,3,1100.0,720.0,1820.0,962.2,0.3956,606.7
V000848,C00742,2026-04-10,4,1,24,1,2,90,0,7,4,3,1180.0,990.0,2170.0,1382.2,0.4562,1085.0
V000849,C01263,2026-04-10,4,1,23,1,2,130,0,10,7,3,1580.0,740.0,2320.0,1502.0,0.319,1160.0
V000850,C01107,2026-04-10,4,1,19,0,2,51,0,6,6,0,2220.0,0.0,2220.0,1062.2,0.0,1110.0
V000851,C00763,2026-04-10,4,1,18,0,3,68,0,6,5,1,1600.0,260.0,1860.0,976.0,0.1398,620.0
V000852,C00763,2026-04-10,4,1,19,0,6,186,0,13,7,6,2860.0,1790.0,4650.0,2628.6,0.3849,775.0
V000853,C00481,2026-04-10,4,1,18,0,2,90,0,8,5,3,1360.0,780.0,2140.0,1293.8,0.3645,1070.0
V000854,C00510,2026-04-10,4,1,24,1,3,167,0,9,3,6,1480.0,2060.0,3540.0,2238.6,0.5819,1180.0
V000855,C00973,2026-04-10,4,1,18,0,2,116,0,9,6,3,1940.0,1070.0,3010.0,1885.2,0.3555,1505.0
V000856,C00070,2026-04-10,4,1,24,1,2,78,1,7,3,4,860.0,1080.0,1940.0,1086.2,0.5567,970.0
V000857,C01206,2026-04-10,4,1,22,1,2,106,0,6,5,1,1380.0,280.0,1660.0,979.6,0.1687,830.0
V000858,C00645,2026-04-10,4,1,22,1,3,94,0,11,5,6,1480.0,1740.0,3220.0,1975.6,0.5404,1073.3
V000859,C01269,2026-04-10,4,1,20,0,1,46,0,3,3,0,840.0,0.0,840.0,438.6,0.0,840.0
V000860,C00152,2026-04-11,5,1,23,1,1,95,1,2,1,1,220.0,260.0,480.0,304.8,0.5417,480.0
V000861,C00525,2026-04-11,5,1,21,1,4,125,0,12,3,9,1200.0,2380.0,3580.0,2078.2,0.6648,895.0
V000862,C00545,2026-04-11,5,1,19,0,4,84,0,10,8,2,3140.0,620.0,3760.0,2057.2,0.1649,940.0
V000863,C00078,2026-04-11,5,1,19,0,4,125,1,15,6,9,2080.0,2670.0,4750.0,2869.2,0.5621,1187.5
V000864,C00494,2026-04-11,5,1,18,0,3,102,0,6,2,4,800.0,1160.0,1960.0,1114.6,0.5918,653.3
V000865,C00407,2026-04-11,5,1,24,1,2,131,0,7,4,3,920.0,680.0,1600.0,975.0,0.425,800.0
V000866,C00265,2026-04-11,5,1,20,0,2,79,1,2,1,1,520.0,300.0,820.0,419.6,0.3659,410.0
V000867,C00039,2026-04-11,5,1,20,0,6,137,1,16,8,8,3340.0,2260.0,5600.0,2976.2,0.4036,933.3
V000868,C00146,2026-04-11,5,1,20,0,2,73,1,4,2,2,560.0,580.0,1140.0,656.6,0.5088,570.0
V000869,C00557,2026-04-11,5,1,21,1,4,86,0,13,4,9,1300.0,2830.0,4130.0,2648.4,0.6852,1032.5
V000870,C00955,2026-04-11,5,1,22,1,4,138,0,14,5,9,1560.0,2510.0,4070.0,2752.8,0.6167,1017.5
V000871,C00022,2026-04-11,5,1,18,0,2,75,1,5,2,3,800.0,930.0,1730.0,1076.4,0.5376,865.0
V000872,C00798,2026-04-11,5,1,19,0,2,114,0,6,3,3,1480.0,960.0,2440.0,1319.2,0.3934,1220.0
V000873,C00108,2026-04-11,5,1,18,0,2,76,1,6,3,3,1220.0,720.0,1940.0,1013.4,0.3711,970.0
V000874,C00976,2026-04-11,5,1,22,1,2,100,0,6,3,3,1020.0,890.0,1910.0,1135.2,0.466,955.0
V000875,C00001,2026-04-11,5,1,21,1,3,110,1,12,5,7,1480.0,2180.0,3660.0,2335.6,0.5956,1220.0
V000876,C00704,2026-04-11,5,1,19,0,2,92,0,8,2,6,800.0,1500.0,2300.0,1403.2,0.6522,1150.0
V000877,C01150,2026-04-11,5,1,17,0,3,82,0,4,3,1,1320.0,380.0,1700.0,900.2,0.2235,566.7
V000878,C01085,2026-04-11,5,1,22,1,3,86,0,6,1,5,460.0,1330.0,1790.0,1135.2,0.743,596.7
V000879,C00222,2026-04-12,6,0,19,0,3,73,1,9,5,4,1720.0,960.0,2680.0,1566.6,0.3582,893.3
V000880,C00180,2026-04-12,6,0,17,0,2,87,1,6,3,3,1060.0,880.0,1940.0,1233.4,0.4536,970.0
V000881,C00180,2026-04-12,6,0,21,1,5,141,1,14,7,7,2700.0,2210.0,4910.0,2976.2,0.4501,982.0
V000882,C00985,2026-04-12,6,0,23,1,1,92,0,2,1,1,520.0,180.0,700.0,341.6,0.2571,700.0
V000883,C00748,2026-04-12,6,0,17,0,2,57,0,4,2,2,680.0,560.0,1240.0,697.4,0.4516,620.0
V000884,C00793,2026-04-12,6,0,19,0,2,37,0,5,3,2,1420.0,480.0,1900.0,1046.8,0.2526,950.0
V000885,C00147,2026-04-12,6,0,21,1,2,96,1,5,5,0,1500.0,0.0,1500.0,888.0,0.0,750.0
V000886,C01021,2026-04-12,6,0,24,1,3,155,0,6,4,2,1220.0,690.0,1910.0,1190.0,0.3613,636.7
V000887,C00781,2026-04-12,6,0,22,1,1,69,0,3,1,2,220.0,420.0,640.0,434.8,0.6562,640.0
V000888,C00185,2026-04-12,6,0,21,1,4,134,1,19,9,10,2800.0,2660.0,5460.0,3515.8,0.4872,1365.0
V000889,C00129,2026-04-12,6,0,18,0,2,91,1,2,1,1,480.0,280.0,760.0,365.6,0.3684,380.0
V000890,C00328,2026-04-12,6,0,18,0,2,133,0,8,5,3,2060.0,800.0,2860.0,1503.6,0.2797,1430.0
V000891,C00289,2026-04-12,6,0,22,1,2,90,0,3,2,1,1060.0,280.0,1340.0,598.6,0.209,670.0
V000892,C00061,2026-04-12,6,0,24,1,3,117,1,5,1,4,880.0,1240.0,2120.0,1199.8,0.5849,706.7
V000893,C00590,2026-04-12,6,0,21,1,3,109,0,13,5,8,1580.0,2320.0,3900.0,2468.0,0.5949,1300.0
V000894,C00230,2026-04-12,6,0,22,1,2,103,1,4,2,2,1060.0,660.0,1720.0,878.8,0.3837,860.0
V000895,C00720,2026-04-12,6,0,21,1,1,88,0,1,1,0,460.0,0.0,460.0,193.2,0.0,460.0
V000896,C00816,2026-04-12,6,0,21,1,3,51,0,10,6,4,1320.0,1200.0,2520.0,1586.8,0.4762,840.0
V000897,C00067,2026-04-14,1,0,21,1,2,81,1,12,6,6,1860.0,1830.0,3690.0,2375.0,0.4959,1845.0
V000898,C00892,2026-04-14,1,0,19,0,2,51,0,3,3,0,880.0,0.0,880.0,514.6,0.0,440.0
V000899,C00628,2026-04-14,1,0,19,0,2,97,0,7,5,2,1560.0,620.0,2180.0,1277.6,0.2844,1090.0
V000900,C00198,2026-04-14,1,0,18,0,2,58,1,7,4,3,1940.0,1000.0,2940.0,1641.8,0.3401,1470.0
V000901,C00795,2026-04-14,1,0,17,0,2,72,0,5,4,1,1620.0,280.0,1900.0,886.6,0.1474,950.0
V000902,C00660,2026-04-15,2,0,20,0,2,55,0,4,4,0,1240.0,0.0,1240.0,670.4,0.0,620.0
V000903,C00156,2026-04-15,2,0,22,1,2,105,1,6,4,2,1260.0,680.0,1940.0,1221.4,0.3505,970.0
V000904,C01119,2026-04-15,2,0,21,1,4,143,0,12,5,7,1280.0,2020.0,3300.0,2076.0,0.6121,825.0
V000905,C00220,2026-04-15,2,0,23,1,2,135,1,13,3,10,920.0,2700.0,3620.0,2270.4,0.7459,1810.0
V000906,C00680,2026-04-15,2,0,19,0,6,90,0,17,9,8,3380.0,2530.0,5910.0,3450.2,0.4281,985.0
V000907,C00034,2026-04-15,2,0,22,1,1,74,1,2,1,1,160.0,280.0,440.0,278.0,0.6364,440.0
V000908,C00515,2026-04-15,2,0,20,0,3,97,0,7,7,0,2140.0,0.0,2140.0,1220.0,0.0,713.3
V000909,C00469,2026-04-15,2,0,17,0,2,100,0,5,4,1,1100.0,260.0,1360.0,814.0,0.1912,680.0
V000910,C00010,2026-04-15,2,0,23,1,2,105,1,8,3,5,820.0,1380.0,2200.0,1347.8,0.6273,1100.0
V000911,C00973,2026-04-15,2,0,18,0,2,63,0,4,3,1,1180.0,280.0,1460.0,814.2,0.1918,730.0
V000912,C01346,2026-04-16,3,0,21,1,4,116,0,12,8,4,2520.0,1160.0,3680.0,2308.2,0.3152,920.0
V000913,C00058,2026-04-16,3,0,22,1,4,164,1,17,8,9,3080.0,2820.0,5900.0,3584.6,0.478,1475.0
V000914,C00534,2026-04-16,3,0,23,1,3,121,0,11,5,6,1520.0,1950.0,3470.0,2294.4,0.562,1156.7
V000915,C00217,2026-04-16,3,0,19,0,5,132,1,16,8,8,2920.0,2370.0,5290.0,3019.6,0.448,1058.0
V000916,C01314,2026-04-16,3,0,19,0,6,99,0,15,7,8,2500.0,2200.0,4700.0,2819.2,0.4681,783.3
V000917,C01259,2026-04-16,3,0,18,0,3,145,0,8,4,4,1540.0,1380.0,2920.0,1729.4,0.4726,973.3
V000918,C00163,2026-04-16,3,0,20,0,4,88,1,16,9,7,2940.0,2020.0,4960.0,2921.6,0.4073,1240.0
V000919,C00303,2026-04-16,3,0,18,0,4,97,0,12,9,3,2800.0,800.0,3600.0,2175.0,0.2222,900.0
V000920,C00119,2026-04-16,3,0,19,0,2,58,1,9,5,4,1460.0,1260.0,2720.0,1744.2,0.4632,1360.0
V000921,C00674,2026-04-16,3,0,22,1,2,115,0,5,2,3,680.0,1040.0,1720.0,1045.2,0.6047,860.0
V000922,C00536,2026-04-16,3,0,22,1,3,172,0,10,6,4,1920.0,1140.0,3060.0,1943.0,0.3725,1020.0
V000923,C00182,2026-04-16,3,0,22,1,2,128,1,6,4,2,1760.0,700.0,2460.0,1365.2,0.2846,1230.0
V000924,C00497,2026-04-16,3,0,22,1,2,133,0,6,4,2,1120.0,530.0,1650.0,1062.0,0.3212,825.0
V000925,C00250,2026-04-16,3,0,22,1,2,105,1,5,2,3,580.0,870.0,1450.0,968.0,0.6,725.0
V000926,C00626,2026-04-16,3,0,22,1,2,96,0,7,2,5,580.0,1610.0,2190.0,1493.4,0.7352,1095.0
V000927,C00935,2026-04-16,3,0,19,0,2,89,0,6,5,1,1400.0,300.0,1700.0,978.6,0.1765,850.0
V000928,C00293,2026-04-17,4,1,19,0,4,113,0,13,7,6,3100.0,1840.0,4940.0,2602.8,0.3725,1235.0
V000929,C00730,2026-04-17,4,1,19,0,2,60,0,5,2,3,540.0,1070.0,1610.0,1088.8,0.6646,805.0
V000930,C01339,2026-04-17,4,1,19,0,4,115,0,10,6,4,2120.0,1210.0,3330.0,1846.0,0.3634,832.5
V000931,C01289,2026-04-17,4,1,23,1,2,115,0,10,3,7,760.0,2150.0,2910.0,1890.2,0.7388,1455.0
V000932,C00821,2026-04-17,4,1,22,1,2,151,0,8,3,5,880.0,1530.0,2410.0,1520.0,0.6349,1205.0
V000933,C00529,2026-04-17,4,1,18,0,4,90,0,8,5,3,2200.0,840.0,3040.0,1629.4,0.2763,760.0
V000934,C00932,2026-04-17,4,1,22,1,3,126,0,7,4,3,1320.0,960.0,2280.0,1430.2,0.4211,760.0
V000935,C00247,2026-04-17,4,1,22,1,1,74,1,7,3,4,720.0,1290.0,2010.0,1436.2,0.6418,2010.0
V000936,C01329,2026-04-17,4,1,19,0,2,95,0,2,1,1,480.0,320.0,800.0,384.0,0.4,400.0
V000937,C01245,2026-04-17,4,1,22,1,2,89,0,7,3,4,920.0,1080.0,2000.0,1145.4,0.54,1000.0
V000938,C00243,2026-04-17,4,1,22,1,4,124,1,15,6,9,1740.0,2620.0,4360.0,2754.8,0.6009,1090.0
V000939,C00903,2026-04-17,4,1,22,1,1,48,0,2,1,1,220.0,340.0,560.0,415.8,0.6071,560.0
V000940,C00071,2026-04-17,4,1,23,1,3,137,1,9,2,7,640.0,2000.0,2640.0,1597.6,0.7576,880.0
V000941,C00517,2026-04-17,4,1,18,0,3,74,0,6,3,3,960.0,920.0,1880.0,1131.6,0.4894,626.7
V000942,C00129,2026-04-17,4,1,21,1,2,121,1,5,3,2,800.0,650.0,1450.0,919.0,0.4483,725.0
V000943,C01004,2026-04-17,4,1,19,0,6,140,0,19,10,9,3800.0,2870.0,6670.0,3997.0,0.4303,1111.7
V000944,C01009,2026-04-17,4,1,22,1,4,155,0,5,2,3,640.0,1020.0,1660.0,1111.8,0.6145,415.0
V000945,C00277,2026-04-17,4,1,21,1,4,104,0,12,3,9,1660.0,2730.0,4390.0,2550.0,0.6219,1097.5
V000946,C00638,2026-04-17,4,1,23,1,2,83,0,8,4,4,1040.0,1060.0,2100.0,1263.8,0.5048,1050.0
V000947,C00850,2026-04-17,4,1,22,1,2,93,0,12,5,7,1400.0,2240.0,3640.0,2410.8,0.6154,1820.0
V000948,C00232,2026-04-17,4,1,22,1,2,125,1,8,6,2,1460.0,480.0,1940.0,1288.6,0.2474,970.0
V000949,C00248,2026-04-17,4,1,19,0,2,75,1,7,3,4,1120.0,1100.0,2220.0,1211.6,0.4955,1110.0
V000950,C00272,2026-04-17,4,1,19,0,4,100,0,12,4,8,1220.0,2120.0,3340.0,2026.6,0.6347,835.0
V000951,C00232,2026-04-18,5,1,19,0,2,69,1,5,4,1,1120.0,280.0,1400.0,818.0,0.2,700.0
V000952,C00467,2026-04-18,5,1,22,1,2,115,0,6,4,2,1220.0,460.0,1680.0,1003.2,0.2738,840.0
V000953,C00016,2026-04-18,5,1,20,0,4,94,1,11,8,3,3740.0,1020.0,4760.0,2434.8,0.2143,1190.0
V000954,C00049,2026-04-18,5,1,19,0,4,78,1,12,7,5,2860.0,1580.0,4440.0,2429.6,0.3559,1110.0
V000955,C00381,2026-04-18,5,1,21,1,4,130,0,6,2,4,880.0,1290.0,2170.0,1316.4,0.5945,542.5
V000956,C00693,2026-04-18,5,1,17,0,2,55,0,9,6,3,1780.0,940.0,2720.0,1696.0,0.3456,1360.0
V000957,C01231,2026-04-18,5,1,20,0,2,38,0,1,1,0,420.0,0.0,420.0,189.0,0.0,210.0
V000958,C00212,2026-04-18,5,1,21,1,2,112,1,13,5,8,1580.0,2530.0,4110.0,2730.2,0.6156,2055.0
V000959,C01300,2026-04-18,5,1,21,1,2,114,0,6,1,5,420.0,1380.0,1800.0,1150.4,0.7667,900.0
V000960,C00071,2026-04-18,5,1,19,0,2,48,1,4,4,0,1960.0,0.0,1960.0,901.0,0.0,980.0
V000961,C00625,2026-04-18,5,1,17,0,3,92,0,7,7,0,2300.0,0.0,2300.0,1279.0,0.0,766.7
V000962,C00228,2026-04-18,5,1,20,0,6,89,1,15,8,7,3560.0,2080.0,5640.0,3020.4,0.3688,940.0
V000963,C00223,2026-04-18,5,1,21,1,6,117,1,20,7,13,2360.0,3560.0,5920.0,3535.8,0.6014,986.7
V000964,C01251,2026-04-18,5,1,22,1,2,94,0,8,5,3,1200.0,840.0,2040.0,1206.0,0.4118,1020.0
V000965,C00804,2026-04-18,5,1,19,0,3,58,0,5,3,2,1080.0,600.0,1680.0,856.4,0.3571,560.0
V000966,C00580,2026-04-18,5,1,21,1,2,93,0,8,5,3,1600.0,780.0,2380.0,1587.8,0.3277,1190.0
V000967,C00288,2026-04-18,5,1,18,0,3,71,0,12,9,3,2960.0,720.0,3680.0,2133.6,0.1957,1226.7
V000968,C00345,2026-04-18,5,1,19,0,6,136,0,23,11,12,3820.0,3520.0,7340.0,4264.6,0.4796,1223.3
V000969,C01159,2026-04-18,5,1,19,0,3,106,0,11,7,4,2660.0,1260.0,3920.0,2194.0,0.3214,1306.7
V000970,C00066,2026-04-18,5,1,18,0,2,69,1,2,2,0,880.0,0.0,880.0,382.2,0.0,440.0
V000971,C00196,2026-04-18,5,1,18,0,4,75,1,17,10,7,3400.0,2130.0,5530.0,3286.8,0.3852,1382.5
V000972,C00207,2026-04-18,5,1,24,1,2,63,1,8,3,5,860.0,1560.0,2420.0,1530.6,0.6446,1210.0
V000973,C01271,2026-04-18,5,1,19,0,2,83,0,9,7,2,2080.0,600.0,2680.0,1746.4,0.2239,1340.0
V000974,C00222,2026-04-19,6,0,21,1,3,111,1,4,2,2,1100.0,660.0,1760.0,920.6,0.375,586.7
V000975,C00091,2026-04-19,6,0,19,0,6,87,1,16,11,5,3960.0,1300.0,5260.0,2872.8,0.2471,876.7
V000976,C00143,2026-04-19,6,0,20,0,2,58,1,6,5,1,1380.0,380.0,1760.0,1133.8,0.2159,880.0
V000977,C00959,2026-04-19,6,0,17,0,2,69,0,9,5,4,1740.0,1000.0,2740.0,1531.2,0.365,1370.0
V000978,C00785,2026-04-19,6,0,21,1,5,127,0,11,4,7,1280.0,2160.0,3440.0,2151.6,0.6279,688.0
V000979,C00915,2026-04-19,6,0,20,0,2,78,0,8,7,1,1800.0,280.0,2080.0,1325.2,0.1346,1040.0
V000980,C01222,2026-04-19,6,0,18,0,4,37,0,12,8,4,3340.0,1150.0,4490.0,2438.2,0.2561,1122.5
V000981,C01026,2026-04-19,6,0,19,0,2,62,0,6,5,1,1420.0,280.0,1700.0,922.4,0.1647,850.0
V000982,C00175,2026-04-19,6,0,18,0,3,88,1,6,5,1,1700.0,260.0,1960.0,1065.6,0.1327,653.3
V000983,C00138,2026-04-19,6,0,19,0,4,81,1,8,6,2,3100.0,700.0,3800.0,1786.6,0.1842,950.0
V000985,C00767,2026-04-19,6,0,22,1,2,110,0,9,4,5,1060.0,1440.0,2500.0,1583.8,0.576,1250.0
V000986,C00695,2026-04-19,6,0,18,0,4,88,0,7,4,3,2540.0,900.0,3440.0,1545.0,0.2616,860.0
V000987,C00660,2026-04-19,6,0,21,1,2,85,0,6,2,4,760.0,1140.0,1900.0,1096.2,0.6,950.0
V000988,C00246,2026-04-19,6,0,20,0,4,83,1,7,4,3,1620.0,920.0,2540.0,1311.4,0.3622,635.0
V000989,C00103,2026-04-21,1,0,18,0,2,99,1,7,6,1,1780.0,260.0,2040.0,1153.4,0.1275,1020.0
V000990,C00900,2026-04-21,1,0,17,0,4,80,0,11,9,2,2980.0,620.0,3600.0,2035.2,0.1722,900.0
V000991,C01276,2026-04-21,1,0,21,1,2,89,0,7,4,3,1200.0,820.0,2020.0,1167.2,0.4059,1010.0
V000992,C00220,2026-04-21,1,0,18,0,2,85,1,4,2,2,560.0,560.0,1120.0,624.0,0.5,560.0
V000993,C00110,2026-04-21,1,0,24,1,1,57,1,5,3,2,860.0,580.0,1440.0,940.4,0.4028,1440.0
V000994,C00797,2026-04-21,1,0,24,1,2,84,0,5,2,3,1040.0,890.0,1930.0,1004.4,0.4611,965.0
V000995,C00561,2026-04-21,1,0,22,1,1,73,0,4,2,2,560.0,610.0,1170.0,805.6,0.5214,1170.0
V000996,C00779,2026-04-21,1,0,17,0,1,70,0,2,2,0,660.0,0.0,660.0,363.2,0.0,660.0
V000997,C00127,2026-04-21,1,0,21,1,6,102,1,21,7,14,2620.0,4300.0,6920.0,4355.8,0.6214,1153.3
V000998,C00792,2026-04-21,1,0,21,1,4,143,0,7,3,4,1100.0,1100.0,2200.0,1237.0,0.5,550.0
V000999,C00574,2026-04-21,1,0,21,1,4,58,0,10,5,5,2360.0,1560.0,3920.0,2032.2,0.398,980.0
V001000,C00604,2026-04-21,1,0,22,1,2,113,0,2,1,1,880.0,300.0,1180.0,530.0,0.2542,590.0
V001001,C01043,2026-04-22,2,0,20,0,1,57,0,6,5,1,1260.0,280.0,1540.0,930.8,0.1818,1540.0
V001002,C01337,2026-04-22,2,0,21,1,2,107,0,4,1,3,880.0,1040.0,1920.0,1051.6,0.5417,960.0
V001003,C00025,2026-04-22,2,0,18,0,2,35,1,4,4,0,1040.0,0.0,1040.0,626.6,0.0,520.0
V001004,C00827,2026-04-22,2,0,18,0,3,44,0,7,7,0,2340.0,0.0,2340.0,1245.4,0.0,780.0
V001005,C00031,2026-04-22,2,0,22,1,3,75,1,9,5,4,1320.0,1090.0,2410.0,1500.4,0.4523,803.3
V001006,C01268,2026-04-22,2,0,18,0,3,70,0,7,4,3,1340.0,920.0,2260.0,1383.6,0.4071,753.3
V001007,C00237,2026-04-22,2,0,24,1,2,102,1,13,4,9,1020.0,2810.0,3830.0,2523.8,0.7337,1915.0
V001008,C00322,2026-04-22,2,0,23,1,2,90,0,6,4,2,1100.0,760.0,1860.0,1185.4,0.4086,930.0
V001009,C01262,2026-04-22,2,0,19,0,4,82,0,9,7,2,2440.0,590.0,3030.0,1692.8,0.1947,757.5
V001010,C01297,2026-04-23,3,0,19,0,2,50,0,2,2,0,760.0,0.0,760.0,413.4,0.0,380.0
V001011,C00783,2026-04-23,3,0,21,1,2,118,0,6,3,3,1120.0,1010.0,2130.0,1318.4,0.4742,1065.0
V001012,C01043,2026-04-23,3,0,19,0,1,87,0,3,2,1,1040.0,300.0,1340.0,637.2,0.2239,1340.0
V001013,C00145,2026-04-23,3,0,23,1,2,64,1,8,4,4,1040.0,1440.0,2480.0,1665.4,0.5806,1240.0
V001014,C01213,2026-04-23,3,0,22,1,2,91,0,7,2,5,1060.0,1610.0,2670.0,1565.4,0.603,1335.0
V001015,C00509,2026-04-23,3,0,18,0,2,101,0,4,1,3,380.0,880.0,1260.0,796.8,0.6984,630.0
V001016,C00555,2026-04-23,3,0,20,0,2,50,0,3,3,0,1000.0,0.0,1000.0,549.0,0.0,500.0
V001017,C00134,2026-04-23,3,0,22,1,2,97,1,7,3,4,900.0,1220.0,2120.0,1309.4,0.5755,1060.0
V001018,C00545,2026-04-23,3,0,24,1,2,95,0,6,5,1,1360.0,280.0,1640.0,1000.4,0.1707,820.0
V001019,C00730,2026-04-23,3,0,22,1,1,101,0,4,4,0,1120.0,0.0,1120.0,635.2,0.0,1120.0
V001020,C00673,2026-04-23,3,0,21,1,5,126,0,13,5,8,2340.0,2310.0,4650.0,2677.6,0.4968,930.0
V001021,C01102,2026-04-23,3,0,22,1,4,108,0,11,6,5,2420.0,1500.0,3920.0,2267.0,0.3827,980.0
V001022,C00006,2026-04-23,3,0,23,1,2,86,1,3,2,1,620.0,260.0,880.0,463.2,0.2955,440.0
V001023,C00969,2026-04-23,3,0,22,1,2,89,0,10,3,7,860.0,2170.0,3030.0,1975.2,0.7162,1515.0
V001024,C00447,2026-04-23,3,0,20,0,6,135,0,18,6,12,2880.0,3440.0,6320.0,3550.8,0.5443,1053.3
V001025,C00100,2026-04-23,3,0,19,0,4,96,1,6,4,2,1880.0,700.0,2580.0,1386.0,0.2713,645.0
V001026,C00558,2026-04-23,3,0,24,1,2,96,0,7,2,5,780.0,1540.0,2320.0,1364.8,0.6638,1160.0
V001027,C00843,2026-04-24,4,1,20,0,2,59,0,4,4,0,1320.0,0.0,1320.0,691.2,0.0,660.0
V001028,C00104,2026-04-24,4,1,21,1,3,58,1,6,3,3,920.0,800.0,1720.0,1033.2,0.4651,573.3
V001029,C00220,2026-04-24,4,1,22,1,2,116,1,7,6,1,1660.0,260.0,1920.0,1184.4,0.1354,960.0
V001030,C00992,2026-04-24,4,1,17,0,6,123,0,16,9,7,2640.0,2030.0,4670.0,2675.2,0.4347,778.3
V001031,C01063,2026-04-24,4,1,19,0,4,79,0,9,7,2,3760.0,540.0,4300.0,1902.0,0.1256,1075.0
V001032,C00358,2026-04-24,4,1,19,0,4,93,0,9,5,4,1700.0,1130.0,2830.0,1546.0,0.3993,707.5
V001033,C01335,2026-04-24,4,1,20,0,2,106,0,7,6,1,2000.0,260.0,2260.0,1400.2,0.115,1130.0
V001034,C00989,2026-04-24,4,1,22,1,2,79,0,8,5,3,1760.0,920.0,2680.0,1525.8,0.3433,1340.0
V001035,C00197,2026-04-24,4,1,18,0,2,62,1,10,7,3,2680.0,900.0,3580.0,2070.2,0.2514,1790.0
V001036,C01212,2026-04-24,4,1,18,0,4,79,0,11,8,3,3100.0,870.0,3970.0,2030.6,0.2191,992.5
V001037,C00375,2026-04-24,4,1,18,0,3,89,0,13,10,3,3400.0,900.0,4300.0,2471.4,0.2093,1433.3
V001038,C00063,2026-04-24,4,1,19,0,3,100,1,3,2,1,960.0,340.0,1300.0,645.8,0.2615,433.3
V001039,C01116,2026-04-24,4,1,22,1,4,106,0,10,4,6,1380.0,1800.0,3180.0,1982.0,0.566,795.0
V001040,C01044,2026-04-24,4,1,17,0,5,114,0,11,8,3,3100.0,840.0,3940.0,2057.8,0.2132,788.0
V001041,C01177,2026-04-24,4,1,21,1,4,110,0,13,4,9,1260.0,2480.0,3740.0,2243.6,0.6631,935.0
V001042,C00736,2026-04-24,4,1,22,1,1,97,0,4,1,3,260.0,700.0,960.0,643.2,0.7292,960.0
V001043,C00030,2026-04-24,4,1,20,0,4,86,1,17,10,7,3240.0,1880.0,5120.0,2918.8,0.3672,1280.0
V001044,C00418,2026-04-24,4,1,18,0,5,85,0,17,10,7,3100.0,2280.0,5380.0,3295.2,0.4238,1076.0
V001045,C00917,2026-04-24,4,1,20,0,4,125,0,11,6,5,2460.0,1260.0,3720.0,1978.2,0.3387,930.0
V001046,C00535,2026-04-24,4,1,21,1,2,101,0,6,4,2,1040.0,580.0,1620.0,987.4,0.358,810.0
V001047,C00725,2026-04-24,4,1,19,0,3,75,0,14,11,3,3480.0,840.0,4320.0,2557.6,0.1944,1440.0
V001048,C00065,2026-04-25,5,1,19,0,1,115,1,5,2,3,620.0,860.0,1480.0,907.2,0.5811,1480.0
V001049,C00567,2026-04-25,5,1,21,1,2,90,0,8,4,4,1140.0,1200.0,2340.0,1513.8,0.5128,1170.0
V001050,C01105,2026-04-25,5,1,21,1,6,153,0,18,7,11,3020.0,3120.0,6140.0,3549.8,0.5081,1023.3
V001051,C00063,2026-04-25,5,1,22,1,3,110,1,8,5,3,1540.0,980.0,2520.0,1686.0,0.3889,840.0
V001052,C00827,2026-04-25,5,1,22,1,1,106,0,4,4,0,1060.0,0.0,1060.0,644.2,0.0,1060.0
V001053,C00549,2026-04-25,5,1,20,0,2,54,0,4,2,2,1140.0,600.0,1740.0,847.6,0.3448,870.0
V001054,C01209,2026-04-25,5,1,23,1,3,115,0,6,4,2,1200.0,520.0,1720.0,1006.4,0.3023,573.3
V001055,C00889,2026-04-25,5,1,22,1,2,96,0,9,4,5,1160.0,1590.0,2750.0,1707.6,0.5782,1375.0
V001056,C00674,2026-04-25,5,1,17,0,2,123,0,8,4,4,1420.0,1080.0,2500.0,1350.8,0.432,1250.0
V001057,C00555,2026-04-25,5,1,19,0,2,90,0,8,5,3,1860.0,840.0,2700.0,1482.2,0.3111,1350.0
V001058,C00128,2026-04-25,5,1,21,1,2,116,1,6,2,4,640.0,1230.0,1870.0,1203.8,0.6578,935.0
V001059,C00198,2026-04-25,5,1,22,1,2,82,1,7,4,3,1600.0,920.0,2520.0,1335.6,0.3651,1260.0
V001060,C00557,2026-04-25,5,1,21,1,6,183,0,22,8,14,2520.0,4260.0,6780.0,4365.0,0.6283,1130.0
V001061,C01117,2026-04-25,5,1,20,0,2,53,0,3,2,1,700.0,240.0,940.0,464.0,0.2553,470.0
V001062,C00822,2026-04-25,5,1,23,1,3,97,0,10,6,4,1700.0,1290.0,2990.0,1940.4,0.4314,996.7
V001063,C00670,2026-04-25,5,1,20,0,4,76,0,8,6,2,2340.0,440.0,2780.0,1403.0,0.1583,695.0
V001064,C00443,2026-04-25,5,1,19,0,2,46,0,7,7,0,1880.0,0.0,1880.0,1127.4,0.0,940.0
V001065,C00586,2026-04-25,5,1,21,1,2,92,0,1,1,0,380.0,0.0,380.0,167.2,0.0,190.0
V001066,C00537,2026-04-25,5,1,22,1,3,113,0,13,3,10,1660.0,2990.0,4650.0,2684.2,0.643,1550.0
V001067,C01144,2026-04-25,5,1,21,1,3,113,0,9,6,3,2320.0,1030.0,3350.0,1911.6,0.3075,1116.7
V001068,C00932,2026-04-25,5,1,19,0,3,76,0,6,5,1,2080.0,300.0,2380.0,1204.2,0.1261,793.3
V001069,C00121,2026-04-25,5,1,21,1,3,123,1,6,3,3,1120.0,720.0,1840.0,1077.4,0.3913,613.3
V001070,C00725,2026-04-25,5,1,20,0,2,58,0,3,2,1,1260.0,300.0,1560.0,697.2,0.1923,780.0
V001071,C00230,2026-04-25,5,1,19,0,2,106,1,7,2,5,820.0,1440.0,2260.0,1385.8,0.6372,1130.0
V001072,C00761,2026-04-25,5,1,23,1,2,87,0,6,4,2,1220.0,600.0,1820.0,1110.4,0.3297,910.0
V001073,C00505,2026-04-25,5,1,20,0,2,92,0,8,7,1,2580.0,280.0,2860.0,1532.2,0.0979,1430.0
V001074,C00369,2026-04-25,5,1,20,0,1,99,0,1,1,0,380.0,0.0,380.0,167.2,0.0,380.0
V001075,C00929,2026-04-25,5,1,18,0,5,136,0,14,6,8,2740.0,2220.0,4960.0,2634.2,0.4476,992.0
V001076,C01311,2026-04-26,6,0,18,0,2,115,0,8,4,4,1820.0,1310.0,3130.0,1875.2,0.4185,1565.0
V001077,C00131,2026-04-26,6,0,21,1,4,116,1,13,3,10,1100.0,2780.0,3880.0,2470.8,0.7165,970.0
V001078,C00076,2026-04-26,6,0,19,0,3,62,1,9,6,3,2440.0,940.0,3380.0,1775.6,0.2781,1126.7
V001079,C01112,2026-04-26,6,0,19,0,2,112,0,9,4,5,1340.0,1360.0,2700.0,1520.0,0.5037,1350.0
V001080,C00431,2026-04-26,6,0,20,0,4,35,0,7,6,1,1940.0,260.0,2200.0,1194.4,0.1182,550.0
V001081,C00499,2026-04-26,6,0,19,0,2,92,0,6,3,3,1160.0,870.0,2030.0,1209.8,0.4286,1015.0
V001082,C01174,2026-04-26,6,0,21,1,2,130,0,6,2,4,600.0,1320.0,1920.0,1264.6,0.6875,960.0
V001083,C01226,2026-04-26,6,0,20,0,3,85,0,10,7,3,2520.0,880.0,3400.0,1968.0,0.2588,1133.3
V001084,C00312,2026-04-26,6,0,19,0,2,91,0,3,2,1,900.0,260.0,1160.0,595.4,0.2241,580.0
V001085,C01051,2026-04-26,6,0,23,1,2,119,0,5,5,0,1520.0,0.0,1520.0,924.0,0.0,760.0
V001086,C01311,2026-04-26,6,0,21,1,2,135,0,8,5,3,1600.0,890.0,2490.0,1591.8,0.3574,1245.0
V001087,C00282,2026-04-26,6,0,19,0,4,132,0,11,7,4,2380.0,1160.0,3540.0,1949.8,0.3277,885.0
V001088,C00140,2026-04-26,6,0,20,0,6,121,1,15,9,6,3540.0,1770.0,5310.0,2957.2,0.3333,885.0
V001089,C00392,2026-04-28,1,0,20,0,2,110,0,5,4,1,1600.0,260.0,1860.0,951.8,0.1398,930.0
V001090,C00014,2026-04-28,1,0,18,0,2,52,1,3,2,1,680.0,320.0,1000.0,498.4,0.32,500.0
V001091,C00912,2026-04-28,1,0,24,1,3,123,0,12,5,7,1680.0,2050.0,3730.0,2260.0,0.5496,1243.3
V001092,C00425,2026-04-28,1,0,22,1,1,97,0,2,2,0,380.0,0.0,380.0,262.8,0.0,380.0
V001093,C00945,2026-04-28,1,0,23,1,2,78,0,8,5,3,1840.0,880.0,2720.0,1549.4,0.3235,1360.0
V001094,C00066,2026-04-28,1,0,18,0,1,46,1,2,1,1,520.0,320.0,840.0,389.6,0.381,840.0
V001095,C00992,2026-04-28,1,0,19,0,3,59,0,7,4,3,2080.0,860.0,2940.0,1328.4,0.2925,980.0
V001096,C01072,2026-04-29,2,0,22,1,2,91,0,8,4,4,1400.0,1120.0,2520.0,1513.2,0.4444,1260.0
V001097,C00372,2026-04-29,2,0,23,1,4,129,0,8,5,3,1720.0,880.0,2600.0,1538.0,0.3385,650.0
V001098,C00500,2026-04-29,2,0,17,0,2,108,0,6,6,0,1440.0,0.0,1440.0,904.8,0.0,720.0
V001099,C00657,2026-04-29,2,0,20,0,3,134,0,10,6,4,2120.0,1090.0,3210.0,1821.6,0.3396,1070.0
V001100,C00190,2026-04-29,2,0,22,1,3,133,1,8,2,6,560.0,1550.0,2110.0,1327.2,0.7346,703.3
V001101,C00344,2026-04-29,2,0,19,0,6,131,0,10,8,2,3020.0,480.0,3500.0,1783.2,0.1371,583.3
V001102,C00249,2026-04-30,3,0,20,0,3,78,1,9,5,4,2260.0,1290.0,3550.0,1890.2,0.3634,1183.3
V001103,C00920,2026-04-30,3,0,23,1,3,138,0,7,5,2,1760.0,730.0,2490.0,1561.4,0.2932,830.0
V001104,C00265,2026-04-30,3,0,22,1,4,134,1,10,4,6,860.0,1760.0,2620.0,1713.4,0.6718,655.0
V001105,C00901,2026-04-30,3,0,24,1,3,133,0,11,6,5,1560.0,1440.0,3000.0,1878.6,0.48,1000.0
V001106,C00627,2026-04-30,3,0,23,1,2,113,0,6,2,4,760.0,1040.0,1800.0,1126.6,0.5778,900.0
V001107,C00845,2026-04-30,3,0,22,1,3,118,0,11,4,7,1200.0,1850.0,3050.0,1892.2,0.6066,1016.7
V001108,C00905,2026-04-30,3,0,19,0,2,44,0,2,2,0,640.0,0.0,640.0,322.8,0.0,320.0
V001109,C00089,2026-04-30,3,0,19,0,3,69,1,10,8,2,3060.0,650.0,3710.0,2041.8,0.1752,1236.7
V001110,C00150,2026-05-01,4,1,19,0,2,35,1,4,3,1,920.0,320.0,1240.0,677.8,0.2581,620.0
V001111,C01345,2026-05-01,4,1,21,1,3,102,0,2,1,1,480.0,280.0,760.0,365.6,0.3684,253.3
V001112,C00155,2026-05-01,4,1,21,1,3,128,1,6,1,5,520.0,1480.0,2000.0,1150.4,0.74,666.7
V001113,C01062,2026-05-01,4,1,19,0,3,108,0,5,3,2,1200.0,620.0,1820.0,977.4,0.3407,606.7
V001114,C00531,2026-05-01,4,1,18,0,3,47,0,5,4,1,2120.0,180.0,2300.0,1041.2,0.0783,766.7
V001115,C00076,2026-05-01,4,1,17,0,2,92,1,6,3,3,1420.0,890.0,2310.0,1249.8,0.3853,1155.0
V001116,C00240,2026-05-01,4,1,22,1,3,94,1,8,4,4,1080.0,1020.0,2100.0,1349.0,0.4857,700.0
V001117,C01042,2026-05-01,4,1,18,0,3,125,0,16,7,9,2060.0,2680.0,4740.0,3045.8,0.5654,1580.0
V001118,C00346,2026-05-01,4,1,23,1,3,121,0,7,5,2,1420.0,610.0,2030.0,1288.8,0.3005,676.7
V001119,C00090,2026-05-01,4,1,22,1,1,121,1,4,2,2,660.0,690.0,1350.0,970.8,0.5111,1350.0
V001120,C01151,2026-05-01,4,1,21,1,3,81,0,5,3,2,1100.0,660.0,1760.0,1068.2,0.375,586.7
V001121,C00547,2026-05-01,4,1,21,1,2,73,0,6,3,3,1340.0,920.0,2260.0,1300.2,0.4071,1130.0
V001122,C00117,2026-05-01,4,1,22,1,2,81,1,6,2,4,680.0,1180.0,1860.0,1072.6,0.6344,930.0
V001123,C01288,2026-05-01,4,1,19,0,2,43,0,4,3,1,1160.0,350.0,1510.0,906.8,0.2318,755.0
V001124,C01238,2026-05-01,4,1,19,0,1,80,0,4,3,1,960.0,300.0,1260.0,724.4,0.2381,1260.0
V001125,C00067,2026-05-01,4,1,19,0,6,145,1,14,8,6,3720.0,2040.0,5760.0,3070.2,0.3542,960.0
V001126,C00901,2026-05-01,4,1,20,0,3,35,0,4,4,0,1280.0,0.0,1280.0,684.4,0.0,426.7
V001127,C00424,2026-05-01,4,1,23,1,2,105,0,7,5,2,1660.0,520.0,2180.0,1265.0,0.2385,1090.0
V001128,C00092,2026-05-01,4,1,17,0,4,145,1,11,5,6,2100.0,1760.0,3860.0,2121.4,0.456,965.0
V001129,C00546,2026-05-01,4,1,23,1,3,156,0,13,5,8,1640.0,2400.0,4040.0,2677.4,0.5941,1346.7
V001130,C00151,2026-05-01,4,1,18,0,2,68,1,8,6,2,2260.0,610.0,2870.0,1557.6,0.2125,1435.0
V001131,C01207,2026-05-02,5,1,20,0,3,92,0,7,6,1,1980.0,300.0,2280.0,1280.6,0.1316,760.0
V001132,C00702,2026-05-02,5,1,23,1,2,35,0,7,2,5,820.0,1660.0,2480.0,1574.0,0.6694,1240.0
V001133,C00488,2026-05-02,5,1,19,0,2,37,0,2,2,0,760.0,0.0,760.0,414.2,0.0,380.0
V001134,C00386,2026-05-02,5,1,21,1,3,127,0,11,5,6,1660.0,1920.0,3580.0,2404.2,0.5363,1193.3
V001135,C00814,2026-05-02,5,1,22,1,4,76,0,9,4,5,1260.0,1540.0,2800.0,1807.6,0.55,700.0
V001136,C00200,2026-05-02,5,1,21,1,2,145,1,10,2,8,640.0,2520.0,3160.0,2098.6,0.7975,1580.0
V001137,C00160,2026-05-02,5,1,18,0,6,127,1,21,10,11,3520.0,3270.0,6790.0,4034.2,0.4816,1131.7
V001138,C01050,2026-05-02,5,1,18,0,4,100,0,8,6,2,1900.0,560.0,2460.0,1467.0,0.2276,615.0
V001139,C00846,2026-05-02,5,1,19,0,1,67,0,2,2,0,580.0,0.0,580.0,296.2,0.0,580.0
V001140,C00530,2026-05-02,5,1,18,0,2,104,0,10,6,4,1940.0,1080.0,3020.0,1837.6,0.3576,1510.0
V001141,C00134,2026-05-02,5,1,18,0,2,71,1,4,3,1,1340.0,350.0,1690.0,880.0,0.2071,845.0
V001142,C01263,2026-05-02,5,1,22,1,2,72,0,8,4,4,1160.0,1120.0,2280.0,1405.0,0.4912,1140.0
V001143,C01256,2026-05-02,5,1,20,0,3,95,0,8,6,2,1980.0,680.0,2660.0,1582.6,0.2556,886.7
V001144,C00126,2026-05-02,5,1,24,1,1,69,1,4,3,1,800.0,340.0,1140.0,799.2,0.2982,1140.0
V001145,C01163,2026-05-02,5,1,24,1,2,97,0,9,6,3,2200.0,840.0,3040.0,1754.4,0.2763,1520.0
V001146,C00541,2026-05-02,5,1,20,0,2,81,0,5,4,1,1480.0,350.0,1830.0,1125.4,0.1913,915.0
V001147,C00119,2026-05-02,5,1,20,0,3,100,1,7,5,2,1920.0,580.0,2500.0,1286.8,0.232,833.3
V001148,C00851,2026-05-02,5,1,19,0,3,37,0,6,4,2,1400.0,630.0,2030.0,1209.6,0.3103,676.7
V001149,C00139,2026-05-02,5,1,19,0,4,95,1,15,7,8,2480.0,2240.0,4720.0,2740.0,0.4746,1180.0
V001150,C01251,2026-05-02,5,1,19,0,6,165,0,15,7,8,2560.0,2360.0,4920.0,2913.8,0.4797,820.0
V001151,C00682,2026-05-02,5,1,21,1,6,165,0,20,8,12,2320.0,3420.0,5740.0,3624.2,0.5958,956.7
V001152,C00851,2026-05-03,6,0,19,0,5,70,0,5,4,1,1560.0,350.0,1910.0,953.2,0.1832,382.0
V001153,C00551,2026-05-03,6,0,19,0,2,104,0,7,2,5,800.0,1560.0,2360.0,1449.2,0.661,1180.0
V001154,C00788,2026-05-03,6,0,20,0,2,59,0,5,5,0,1920.0,0.0,1920.0,1034.8,0.0,960.0
V001155,C00193,2026-05-03,6,0,20,0,2,91,1,4,3,1,1120.0,280.0,1400.0,685.6,0.2,700.0
V001156,C00161,2026-05-03,6,0,18,0,4,63,1,9,7,2,2640.0,580.0,3220.0,1652.4,0.1801,805.0
V001157,C00075,2026-05-03,6,0,23,1,2,86,1,6,3,3,940.0,910.0,1850.0,1160.0,0.4919,925.0
V001158,C01088,2026-05-03,6,0,22,1,3,74,0,7,6,1,2200.0,280.0,2480.0,1386.6,0.1129,826.7
V001159,C00906,2026-05-03,6,0,19,0,2,48,0,6,4,2,2020.0,600.0,2620.0,1472.0,0.229,1310.0
V001160,C00009,2026-05-03,6,0,20,0,2,89,1,4,3,1,1020.0,380.0,1400.0,842.2,0.2714,700.0
V001161,C00877,2026-05-03,6,0,19,0,2,72,0,5,5,0,2060.0,0.0,2060.0,966.0,0.0,1030.0
V001162,C00804,2026-05-03,6,0,19,0,5,138,0,12,7,5,2760.0,1640.0,4400.0,2522.4,0.3727,880.0
V001163,C00581,2026-05-03,6,0,20,0,5,104,0,9,7,2,2200.0,620.0,2820.0,1576.0,0.2199,564.0
V001164,C00326,2026-05-03,6,0,19,0,2,95,0,7,5,2,1840.0,500.0,2340.0,1309.6,0.2137,1170.0
V001165,C00222,2026-05-03,6,0,19,0,2,76,1,3,3,0,980.0,0.0,980.0,581.0,0.0,490.0
V001166,C00958,2026-05-05,1,0,20,0,1,95,0,5,5,0,1720.0,0.0,1720.0,1055.8,0.0,1720.0
V001167,C00071,2026-05-05,1,0,18,0,2,40,1,6,6,0,1920.0,0.0,1920.0,987.8,0.0,960.0
V001168,C00298,2026-05-05,1,0,20,0,3,84,0,6,3,3,1320.0,930.0,2250.0,1173.0,0.4133,750.0
V001169,C00825,2026-05-06,2,0,22,1,2,96,0,6,5,1,1300.0,380.0,1680.0,1066.6,0.2262,840.0
V001170,C00280,2026-05-06,2,0,20,0,3,75,0,10,8,2,3200.0,680.0,3880.0,2118.4,0.1753,1293.3
V001171,C00994,2026-05-06,2,0,19,0,4,82,0,12,8,4,2660.0,1080.0,3740.0,2139.2,0.2888,935.0
V001172,C01330,2026-05-06,2,0,18,0,2,77,0,5,4,1,980.0,280.0,1260.0,740.6,0.2222,630.0
V001173,C01195,2026-05-06,2,0,24,1,1,95,0,2,1,1,160.0,300.0,460.0,342.8,0.6522,460.0
V001174,C00983,2026-05-06,2,0,21,1,2,48,0,5,3,2,960.0,630.0,1590.0,959.6,0.3962,795.0
V001175,C00196,2026-05-06,2,0,20,0,1,56,1,4,3,1,1060.0,260.0,1320.0,777.2,0.197,1320.0
V001176,C00659,2026-05-06,2,0,21,1,4,139,0,14,7,7,2440.0,1960.0,4400.0,2545.2,0.4455,1100.0
V001177,C00925,2026-05-06,2,0,22,1,3,114,0,6,3,3,800.0,840.0,1640.0,965.2,0.5122,546.7
V001178,C00336,2026-05-06,2,0,18,0,4,113,0,10,6,4,2840.0,1200.0,4040.0,2151.4,0.297,1010.0
V001179,C00498,2026-05-07,3,0,17,0,2,43,0,7,5,2,1720.0,560.0,2280.0,1200.4,0.2456,1140.0
V001180,C00377,2026-05-07,3,0,18,0,4,106,0,6,6,0,2100.0,0.0,2100.0,1166.8,0.0,525.0
V001181,C00032,2026-05-07,3,0,21,1,3,87,1,7,3,4,860.0,1240.0,2100.0,1309.8,0.5905,700.0
V001182,C00373,2026-05-07,3,0,21,1,6,171,0,18,7,11,2120.0,3080.0,5200.0,3164.2,0.5923,866.7
V001183,C01268,2026-05-07,3,0,22,1,2,105,0,7,6,1,1540.0,300.0,1840.0,1185.8,0.163,920.0
V001184,C01123,2026-05-07,3,0,21,1,6,156,0,17,4,13,1280.0,3930.0,5210.0,3265.4,0.7543,868.3
V001185,C01045,2026-05-07,3,0,21,1,2,154,0,9,2,7,860.0,2170.0,3030.0,1903.6,0.7162,1515.0
V001186,C01073,2026-05-08,4,1,18,0,4,139,0,13,5,8,2360.0,2200.0,4560.0,2432.0,0.4825,1140.0
V001187,C00457,2026-05-08,4,1,21,1,2,51,0,6,3,3,1000.0,760.0,1760.0,1084.8,0.4318,880.0
V001188,C01059,2026-05-08,4,1,21,1,2,121,0,10,8,2,2340.0,640.0,2980.0,1935.0,0.2148,1490.0
V001189,C00210,2026-05-08,4,1,17,0,2,66,1,4,4,0,1860.0,0.0,1860.0,831.2,0.0,930.0
V001190,C00932,2026-05-08,4,1,19,0,3,35,0,6,6,0,2220.0,0.0,2220.0,1220.6,0.0,740.0
V001191,C00403,2026-05-08,4,1,21,1,4,130,0,12,5,7,1320.0,1860.0,3180.0,1951.4,0.5849,795.0
V001192,C01073,2026-05-08,4,1,17,0,2,106,0,10,5,5,1680.0,1450.0,3130.0,1902.8,0.4633,1565.0
V001193,C01144,2026-05-08,4,1,21,1,2,140,0,5,3,2,900.0,460.0,1360.0,811.2,0.3382,680.0
V001194,C00075,2026-05-08,4,1,19,0,2,44,1,5,3,2,1380.0,460.0,1840.0,954.2,0.25,920.0
V001195,C01253,2026-05-08,4,1,18,0,3,81,0,3,3,0,1100.0,0.0,1100.0,492.4,0.0,366.7
V001196,C00828,2026-05-08,4,1,20,0,3,104,0,4,4,0,1620.0,0.0,1620.0,827.0,0.0,540.0
V001197,C00830,2026-05-08,4,1,19,0,2,108,0,7,2,5,780.0,1520.0,2300.0,1419.0,0.6609,1150.0
V001198,C00433,2026-05-08,4,1,23,1,2,70,0,4,1,3,420.0,870.0,1290.0,860.8,0.6744,645.0
V001199,C01115,2026-05-08,4,1,22,1,4,152,0,16,10,6,3580.0,1790.0,5370.0,3359.4,0.3333,1342.5
V001200,C00924,2026-05-08,4,1,18,0,3,39,0,4,4,0,1440.0,0.0,1440.0,780.0,0.0,480.0
V001201,C00621,2026-05-09,5,1,22,1,1,57,0,5,4,1,960.0,300.0,1260.0,897.6,0.2381,1260.0
V001202,C00427,2026-05-09,5,1,18,0,6,124,0,18,8,10,4080.0,3040.0,7120.0,3845.6,0.427,1186.7
V001203,C00697,2026-05-09,5,1,22,1,2,67,0,5,1,4,880.0,1180.0,2060.0,1077.0,0.5728,1030.0
V001204,C01127,2026-05-09,5,1,19,0,2,108,0,9,5,4,1580.0,1060.0,2640.0,1541.2,0.4015,1320.0
V001205,C00186,2026-05-09,5,1,22,1,1,118,1,5,2,3,780.0,800.0,1580.0,867.6,0.5063,1580.0
V001206,C00503,2026-05-09,5,1,18,0,3,102,0,7,6,1,1700.0,260.0,1960.0,1109.4,0.1327,653.3
V001207,C00176,2026-05-09,5,1,22,1,3,56,1,11,5,6,1660.0,1600.0,3260.0,1977.8,0.4908,1086.7
V001208,C00387,2026-05-09,5,1,21,1,4,106,0,13,4,9,1440.0,2660.0,4100.0,2489.8,0.6488,1025.0
V001209,C01090,2026-05-09,5,1,22,1,2,107,0,8,3,5,1320.0,1400.0,2720.0,1533.4,0.5147,1360.0
V001210,C00960,2026-05-09,5,1,18,0,3,82,0,11,5,6,2520.0,1520.0,4040.0,2140.4,0.3762,1346.7
V001211,C00585,2026-05-09,5,1,18,0,2,68,0,6,5,1,1700.0,180.0,1880.0,1046.2,0.0957,940.0
V001212,C00113,2026-05-09,5,1,22,1,4,103,1,13,3,10,1740.0,2930.0,4670.0,2760.0,0.6274,1167.5
V001213,C01010,2026-05-09,5,1,18,0,2,99,0,6,4,2,1940.0,600.0,2540.0,1244.0,0.2362,1270.0
V001214,C00941,2026-05-09,5,1,21,1,5,135,0,13,7,6,2400.0,1890.0,4290.0,2664.8,0.4406,858.0
V001215,C01019,2026-05-09,5,1,19,0,2,96,0,6,5,1,1940.0,280.0,2220.0,1188.8,0.1261,1110.0
V001216,C00118,2026-05-09,5,1,18,0,3,82,1,5,2,3,1000.0,940.0,1940.0,1019.0,0.4845,646.7
V001217,C00447,2026-05-09,5,1,19,0,4,112,0,6,3,3,1760.0,890.0,2650.0,1288.2,0.3358,662.5
V001218,C00801,2026-05-09,5,1,23,1,2,66,0,6,2,4,680.0,1150.0,1830.0,1151.8,0.6284,915.0
V001219,C00726,2026-05-09,5,1,18,0,2,84,0,4,4,0,1340.0,0.0,1340.0,771.8,0.0,670.0
V001220,C01280,2026-05-10,6,0,23,1,2,102,0,5,3,2,780.0,540.0,1320.0,744.0,0.4091,660.0
V001221,C01076,2026-05-10,6,0,21,1,2,100,0,6,1,5,460.0,1380.0,1840.0,1068.8,0.75,920.0
V001222,C00742,2026-05-10,6,0,19,0,6,136,0,9,6,3,2320.0,900.0,3220.0,1723.4,0.2795,536.7
V001223,C00480,2026-05-10,6,0,19,0,2,69,0,10,5,5,2060.0,1560.0,3620.0,2061.2,0.4309,1810.0
V001224,C00379,2026-05-10,6,0,22,1,2,150,0,9,4,5,1060.0,1320.0,2380.0,1518.6,0.5546,1190.0
V001225,C01037,2026-05-10,6,0,19,0,3,125,0,11,6,5,1980.0,1520.0,3500.0,2110.8,0.4343,1166.7
V001226,C00585,2026-05-10,6,0,22,1,2,103,0,8,2,6,740.0,1600.0,2340.0,1375.6,0.6838,1170.0
V001227,C01123,2026-05-10,6,0,19,0,4,94,0,14,7,7,2220.0,2010.0,4230.0,2547.2,0.4752,1057.5
V001228,C00202,2026-05-10,6,0,23,1,2,112,1,10,6,4,2000.0,1130.0,3130.0,1976.4,0.361,1565.0
V001229,C00002,2026-05-10,6,0,20,0,4,123,1,18,6,12,1860.0,3650.0,5510.0,3551.4,0.6624,1377.5
V001230,C00992,2026-05-10,6,0,22,1,3,133,0,5,5,0,1500.0,0.0,1500.0,860.0,0.0,500.0
V001231,C00357,2026-05-12,1,0,23,1,3,135,0,18,4,14,1040.0,3630.0,4670.0,3088.6,0.7773,1556.7
V001232,C00788,2026-05-12,1,0,21,1,3,128,0,11,7,4,1820.0,960.0,2780.0,1768.2,0.3453,926.7
V001233,C00246,2026-05-12,1,0,19,0,1,47,1,3,2,1,800.0,380.0,1180.0,702.6,0.322,1180.0
V001234,C00177,2026-05-12,1,0,23,1,3,111,1,12,3,9,1160.0,2520.0,3680.0,2394.8,0.6848,1226.7
V001235,C00783,2026-05-12,1,0,21,1,4,141,0,16,8,8,2480.0,2530.0,5010.0,3213.2,0.505,1252.5
V001236,C01017,2026-05-12,1,0,21,1,2,88,0,6,2,4,1260.0,1290.0,2550.0,1445.6,0.5059,1275.0
V001237,C00254,2026-05-12,1,0,23,1,3,139,1,6,3,3,1180.0,880.0,2060.0,1215.8,0.4272,686.7
V001238,C00198,2026-05-13,2,0,22,1,4,165,1,17,5,12,1220.0,3470.0,4690.0,3086.2,0.7399,1172.5
V001239,C00237,2026-05-13,2,0,22,1,2,53,1,4,1,3,380.0,840.0,1220.0,727.0,0.6885,610.0
V001240,C00257,2026-05-13,2,0,20,0,3,77,1,8,5,3,2920.0,840.0,3760.0,1791.4,0.2234,1253.3
V001241,C01192,2026-05-13,2,0,20,0,2,87,0,4,2,2,760.0,560.0,1320.0,729.6,0.4242,660.0
V001242,C00112,2026-05-13,2,0,19,0,2,92,1,7,4,3,1400.0,760.0,2160.0,1287.6,0.3519,1080.0
V001243,C00247,2026-05-13,2,0,23,1,1,79,1,3,0,3,0.0,760.0,760.0,536.8,1.0,760.0
V001244,C00044,2026-05-14,3,0,20,0,4,77,1,10,5,5,1920.0,1600.0,3520.0,2155.2,0.4545,880.0
V001245,C00268,2026-05-14,3,0,18,0,2,60,1,3,3,0,1140.0,0.0,1140.0,555.2,0.0,570.0
V001246,C00342,2026-05-14,3,0,22,1,3,120,0,11,5,6,1240.0,1660.0,2900.0,1760.2,0.5724,966.7
V001247,C00399,2026-05-14,3,0,19,0,2,91,0,5,2,3,700.0,990.0,1690.0,1097.2,0.5858,845.0
V001248,C00315,2026-05-14,3,0,18,0,6,109,0,9,6,3,2440.0,990.0,3430.0,1884.6,0.2886,571.7
V001249,C00517,2026-05-14,3,0,20,0,2,88,0,6,4,2,1760.0,560.0,2320.0,1130.8,0.2414,1160.0
V001250,C01300,2026-05-14,3,0,19,0,4,136,0,10,7,3,3040.0,880.0,3920.0,1994.6,0.2245,980.0
V001251,C01035,2026-05-14,3,0,23,1,3,109,0,9,4,5,1380.0,1460.0,2840.0,1768.8,0.5141,946.7
V001252,C00215,2026-05-14,3,0,20,0,4,59,1,8,7,1,3120.0,300.0,3420.0,1715.0,0.0877,855.0
V001253,C01138,2026-05-14,3,0,22,1,1,102,0,2,2,0,600.0,0.0,600.0,318.6,0.0,600.0
V001254,C00748,2026-05-14,3,0,19,0,3,64,0,9,4,5,1800.0,1400.0,3200.0,1789.4,0.4375,1066.7
V001255,C00502,2026-05-14,3,0,19,0,2,76,0,3,3,0,920.0,0.0,920.0,540.0,0.0,460.0
V001256,C01120,2026-05-14,3,0,19,0,3,80,0,7,6,1,2460.0,300.0,2760.0,1533.0,0.1087,920.0
V001257,C00224,2026-05-14,3,0,22,1,4,109,1,15,7,8,2160.0,2410.0,4570.0,2917.2,0.5274,1142.5
V001258,C00555,2026-05-14,3,0,20,0,3,118,0,13,5,8,2020.0,2400.0,4420.0,2509.8,0.543,1473.3
V001259,C01300,2026-05-15,4,1,20,0,2,123,0,5,4,1,1380.0,380.0,1760.0,1060.4,0.2159,880.0
V001260,C00305,2026-05-15,4,1,22,1,2,87,0,12,7,5,1900.0,1500.0,3400.0,2171.0,0.4412,1700.0
V001261,C01129,2026-05-15,4,1,18,0,1,35,0,2,2,0,640.0,0.0,640.0,343.0,0.0,640.0
V001262,C00166,2026-05-15,4,1,23,1,2,84,1,9,3,6,1500.0,1770.0,3270.0,1897.4,0.5413,1635.0
V001263,C00562,2026-05-15,4,1,20,0,4,147,0,9,6,3,2160.0,880.0,3040.0,1717.6,0.2895,760.0
V001264,C01333,2026-05-15,4,1,21,1,6,142,0,21,8,13,3140.0,3820.0,6960.0,4136.6,0.5489,1160.0
V001265,C00041,2026-05-15,4,1,23,1,3,96,1,12,5,7,1300.0,2130.0,3430.0,2280.2,0.621,1143.3
V001266,C00848,2026-05-15,4,1,22,1,3,106,0,7,5,2,1520.0,560.0,2080.0,1270.0,0.2692,693.3
V001267,C00826,2026-05-15,4,1,22,1,2,93,0,6,3,3,880.0,840.0,1720.0,993.6,0.4884,860.0
V001268,C01343,2026-05-15,4,1,19,0,4,124,0,9,7,2,2860.0,460.0,3320.0,1735.0,0.1386,830.0
V001269,C00198,2026-05-15,4,1,19,0,2,94,1,7,5,2,1720.0,700.0,2420.0,1388.4,0.2893,1210.0
V001270,C00540,2026-05-15,4,1,20,0,3,68,0,6,6,0,1800.0,0.0,1800.0,997.8,0.0,600.0
V001271,C00096,2026-05-15,4,1,19,0,2,96,1,10,4,6,1700.0,1680.0,3380.0,1907.2,0.497,1690.0
V001272,C00106,2026-05-15,4,1,21,1,3,106,1,14,9,5,2540.0,1640.0,4180.0,2656.8,0.3923,1393.3
V001273,C01154,2026-05-15,4,1,20,0,1,102,0,6,4,2,1380.0,620.0,2000.0,1222.0,0.31,2000.0
V001274,C00265,2026-05-15,4,1,19,0,4,108,1,9,5,4,2360.0,1120.0,3480.0,1780.2,0.3218,870.0
V001275,C00594,2026-05-16,5,1,23,1,2,90,0,6,3,3,840.0,910.0,1750.0,1067.8,0.52,875.0
V001276,C00700,2026-05-16,5,1,20,0,3,63,0,7,6,1,2920.0,300.0,3220.0,1487.6,0.0932,1073.3
V001277,C01308,2026-05-16,5,1,20,0,2,98,0,6,3,3,1420.0,880.0,2300.0,1180.6,0.3826,1150.0
V001278,C01317,2026-05-16,5,1,20,0,1,91,0,2,2,0,680.0,0.0,680.0,304.8,0.0,680.0
V001279,C00310,2026-05-16,5,1,20,0,4,100,0,10,6,4,2080.0,1220.0,3300.0,1842.2,0.3697,825.0
V001280,C00180,2026-05-16,5,1,21,1,2,123,1,10,7,3,1580.0,880.0,2460.0,1528.6,0.3577,1230.0
V001281,C00592,2026-05-16,5,1,17,0,2,35,0,2,2,0,840.0,0.0,840.0,378.0,0.0,420.0
V001282,C01025,2026-05-16,5,1,22,1,1,82,0,4,2,2,420.0,690.0,1110.0,813.4,0.6216,1110.0
V001283,C01045,2026-05-16,5,1,20,0,3,88,0,7,5,2,1400.0,440.0,1840.0,1032.4,0.2391,613.3
V001284,C00118,2026-05-16,5,1,21,1,1,66,1,3,2,1,660.0,240.0,900.0,500.0,0.2667,900.0
V001285,C00302,2026-05-16,5,1,22,1,4,170,0,16,4,12,1380.0,3740.0,5120.0,3244.2,0.7305,1280.0
V001286,C00859,2026-05-16,5,1,22,1,2,78,0,6,4,2,1080.0,600.0,1680.0,952.8,0.3571,840.0
V001287,C00412,2026-05-16,5,1,20,0,4,122,0,15,8,7,2820.0,2090.0,4910.0,2947.6,0.4257,1227.5
V001288,C00334,2026-05-16,5,1,20,0,4,89,0,10,5,5,2120.0,1460.0,3580.0,1919.4,0.4078,895.0
V001289,C01211,2026-05-16,5,1,19,0,3,93,0,10,4,6,1380.0,1630.0,3010.0,1847.2,0.5415,1003.3
V001290,C00423,2026-05-16,5,1,22,1,1,61,0,4,3,1,860.0,280.0,1140.0,751.4,0.2456,1140.0
V001291,C00218,2026-05-16,5,1,22,1,2,125,1,9,5,4,1380.0,1130.0,2510.0,1522.8,0.4502,1255.0
V001292,C00158,2026-05-16,5,1,18,0,2,72,1,3,2,1,580.0,300.0,880.0,486.8,0.3409,440.0
V001293,C00046,2026-05-16,5,1,22,1,1,82,1,3,1,2,160.0,620.0,780.0,541.4,0.7949,780.0
V001294,C01219,2026-05-16,5,1,22,1,2,124,0,9,4,5,1080.0,1260.0,2340.0,1442.2,0.5385,1170.0
V001295,C00266,2026-05-16,5,1,23,1,4,145,1,15,2,13,640.0,3850.0,4490.0,2952.0,0.8575,1122.5
V001296,C00509,2026-05-16,5,1,19,0,2,80,0,3,1,2,420.0,620.0,1040.0,570.0,0.5962,520.0
V001297,C00113,2026-05-16,5,1,19,0,5,84,1,13,7,6,3240.0,1800.0,5040.0,2691.4,0.3571,1008.0
V001298,C00709,2026-05-16,5,1,19,0,2,85,0,8,5,3,2280.0,1000.0,3280.0,1840.2,0.3049,1640.0
V001299,C00265,2026-05-16,5,1,21,1,2,76,1,6,3,3,940.0,900.0,1840.0,1176.2,0.4891,920.0
V001300,C00875,2026-05-17,6,0,20,0,2,101,0,5,3,2,880.0,730.0,1610.0,1053.0,0.4534,805.0
V001301,C00017,2026-05-17,6,0,19,0,2,124,1,6,3,3,740.0,800.0,1540.0,903.0,0.5195,770.0
V001302,C01241,2026-05-17,6,0,24,1,2,120,0,4,2,2,600.0,540.0,1140.0,653.2,0.4737,570.0
V001303,C00995,2026-05-17,6,0,23,1,2,104,0,8,5,3,1360.0,780.0,2140.0,1373.6,0.3645,1070.0
V001304,C01126,2026-05-17,6,0,17,0,2,41,0,4,4,0,1600.0,0.0,1600.0,793.4,0.0,800.0
V001305,C00395,2026-05-17,6,0,21,1,2,110,0,7,4,3,1120.0,720.0,1840.0,1128.0,0.3913,920.0
V001306,C00506,2026-05-17,6,0,21,1,3,96,0,10,2,8,680.0,2610.0,3290.0,2186.2,0.7933,1096.7
V001307,C00003,2026-05-17,6,0,19,0,2,35,1,7,4,3,1820.0,800.0,2620.0,1349.6,0.3053,1310.0
V001308,C01282,2026-05-17,6,0,20,0,2,104,0,2,1,1,520.0,380.0,900.0,482.6,0.4222,450.0
V001309,C01041,2026-05-17,6,0,19,0,3,103,0,6,3,3,1480.0,840.0,2320.0,1195.2,0.3621,773.3
V001310,C00653,2026-05-17,6,0,19,0,2,74,0,5,3,2,1020.0,600.0,1620.0,990.2,0.3704,810.0
V001311,C00456,2026-05-17,6,0,24,1,1,102,0,6,3,3,960.0,820.0,1780.0,1019.4,0.4607,1780.0
V001312,C00103,2026-05-17,6,0,20,0,4,94,1,14,7,7,2340.0,2100.0,4440.0,2693.6,0.473,1110.0
V001313,C00531,2026-05-17,6,0,19,0,2,85,0,6,3,3,1320.0,900.0,2220.0,1277.2,0.4054,1110.0
V001314,C00182,2026-05-19,1,0,18,0,2,64,1,8,4,4,1200.0,1040.0,2240.0,1375.4,0.4643,1120.0
V001315,C00138,2026-05-19,1,0,19,0,5,104,1,11,8,3,2540.0,700.0,3240.0,1817.8,0.216,648.0
V001316,C00470,2026-05-19,1,0,21,1,2,126,0,10,6,4,2080.0,1240.0,3320.0,1936.2,0.3735,1660.0
V001317,C00441,2026-05-19,1,0,21,1,5,98,0,6,3,3,1220.0,840.0,2060.0,1224.8,0.4078,412.0
V001318,C00088,2026-05-19,1,0,18,0,3,74,1,8,3,5,1580.0,1440.0,3020.0,1536.6,0.4768,1006.7
V001319,C00280,2026-05-19,1,0,20,0,3,88,0,8,5,3,2260.0,880.0,3140.0,1579.4,0.2803,1046.7
V001320,C00565,2026-05-19,1,0,21,1,4,103,0,12,6,6,2000.0,1640.0,3640.0,2260.8,0.4505,910.0
V001321,C00464,2026-05-20,2,0,20,0,3,139,0,13,4,9,1260.0,2570.0,3830.0,2275.6,0.671,1276.7
V001322,C00043,2026-05-20,2,0,21,1,5,99,1,14,6,8,1840.0,2040.0,3880.0,2356.4,0.5258,776.0
V001323,C01324,2026-05-20,2,0,18,0,1,67,0,4,3,1,1400.0,380.0,1780.0,947.0,0.2135,1780.0
V001324,C00794,2026-05-20,2,0,23,1,1,109,0,4,2,2,640.0,540.0,1180.0,748.2,0.4576,1180.0
V001325,C00537,2026-05-20,2,0,18,0,4,69,0,6,5,1,1600.0,180.0,1780.0,892.0,0.1011,445.0
V001326,C00530,2026-05-20,2,0,20,0,6,87,0,16,11,5,4160.0,1400.0,5560.0,3010.2,0.2518,926.7
V001327,C01259,2026-05-20,2,0,18,0,2,58,0,7,7,0,2020.0,0.0,2020.0,1179.6,0.0,1010.0
V001328,C00325,2026-05-20,2,0,21,1,2,108,0,5,2,3,1140.0,840.0,1980.0,988.8,0.4242,990.0
V001329,C00376,2026-05-20,2,0,19,0,3,103,0,8,4,4,2240.0,1040.0,3280.0,1593.2,0.3171,1093.3
V001330,C00112,2026-05-20,2,0,20,0,2,80,1,6,3,3,1080.0,880.0,1960.0,1148.8,0.449,980.0
V001331,C00301,2026-05-20,2,0,23,1,2,73,0,4,3,1,1020.0,240.0,1260.0,666.0,0.1905,630.0
V001332,C00542,2026-05-21,3,0,19,0,3,84,0,8,7,1,2360.0,180.0,2540.0,1380.2,0.0709,846.7
V001333,C01273,2026-05-21,3,0,20,0,2,56,0,1,1,0,380.0,0.0,380.0,167.2,0.0,190.0
V001334,C00836,2026-05-21,3,0,23,1,2,120,0,5,2,3,840.0,900.0,1740.0,992.0,0.5172,870.0
V001335,C00005,2026-05-21,3,0,20,0,5,142,1,12,6,6,2020.0,1720.0,3740.0,2185.2,0.4599,748.0
V001336,C00711,2026-05-21,3,0,21,1,2,93,0,6,3,3,920.0,920.0,1840.0,1146.2,0.5,920.0
V001337,C00048,2026-05-21,3,0,18,0,2,116,1,7,4,3,1360.0,960.0,2320.0,1466.2,0.4138,1160.0
V001338,C00023,2026-05-21,3,0,18,0,2,140,1,7,3,4,1100.0,1360.0,2460.0,1659.6,0.5528,1230.0
V001339,C00067,2026-05-21,3,0,19,0,2,72,1,5,5,0,1800.0,0.0,1800.0,1103.4,0.0,900.0
V001340,C00628,2026-05-21,3,0,22,1,2,148,0,5,2,3,1100.0,860.0,1960.0,1080.8,0.4388,980.0
V001341,C00832,2026-05-21,3,0,19,0,2,44,0,3,2,1,740.0,280.0,1020.0,525.2,0.2745,510.0
V001342,C00109,2026-05-21,3,0,19,0,2,44,1,9,6,3,2260.0,1020.0,3280.0,1869.6,0.311,1640.0
V001343,C00615,2026-05-21,3,0,18,0,5,135,0,12,7,5,2420.0,1510.0,3930.0,2290.8,0.3842,786.0
V001344,C00547,2026-05-21,3,0,20,0,2,65,0,6,5,1,1760.0,180.0,1940.0,1105.6,0.0928,970.0
V001345,C00663,2026-05-22,4,1,20,0,4,104,0,8,7,1,3180.0,350.0,3530.0,1757.2,0.0992,882.5
V001346,C00775,2026-05-22,4,1,20,0,1,51,0,4,3,1,960.0,260.0,1220.0,704.4,0.2131,1220.0
V001347,C00245,2026-05-22,4,1,18,0,1,74,1,3,1,2,480.0,700.0,1180.0,669.0,0.5932,1180.0
V001348,C00966,2026-05-22,4,1,20,0,2,132,0,5,1,4,880.0,1250.0,2130.0,1183.0,0.5869,1065.0
V001349,C00161,2026-05-22,4,1,20,0,3,69,1,10,8,2,3660.0,600.0,4260.0,2165.4,0.1408,1420.0
V001350,C01026,2026-05-22,4,1,23,1,2,91,0,4,4,0,1080.0,0.0,1080.0,607.2,0.0,540.0
V001351,C01224,2026-05-22,4,1,19,0,2,51,0,7,6,1,1960.0,280.0,2240.0,1251.6,0.125,1120.0
V001352,C00865,2026-05-22,4,1,20,0,2,35,0,6,4,2,1240.0,660.0,1900.0,1077.8,0.3474,950.0
V001353,C01115,2026-05-22,4,1,22,1,2,95,0,4,2,2,740.0,480.0,1220.0,717.6,0.3934,610.0
V001354,C00578,2026-05-22,4,1,20,0,2,150,0,8,5,3,1560.0,950.0,2510.0,1576.8,0.3785,1255.0
V001355,C00980,2026-05-22,4,1,19,0,2,88,0,5,5,0,1400.0,0.0,1400.0,729.2,0.0,700.0
V001356,C00043,2026-05-22,4,1,19,0,2,152,1,10,7,3,2140.0,880.0,3020.0,1843.6,0.2914,1510.0
V001357,C00524,2026-05-22,4,1,18,0,3,122,0,8,5,3,1880.0,850.0,2730.0,1587.2,0.3114,910.0
V001358,C00707,2026-05-22,4,1,17,0,2,108,0,3,2,1,920.0,180.0,1100.0,530.4,0.1636,550.0
V001359,C00242,2026-05-22,4,1,19,0,5,106,1,17,8,9,3060.0,2710.0,5770.0,3298.6,0.4697,1154.0
V001360,C01246,2026-05-22,4,1,23,1,2,76,0,6,2,4,600.0,1320.0,1920.0,1219.0,0.6875,960.0
V001361,C00987,2026-05-22,4,1,22,1,2,86,0,4,2,2,640.0,460.0,1100.0,618.4,0.4182,550.0
V001362,C01071,2026-05-22,4,1,23,1,3,139,0,10,5,5,1340.0,1640.0,2980.0,1887.6,0.5503,993.3
V001363,C01074,2026-05-22,4,1,24,1,1,78,0,3,3,0,720.0,0.0,720.0,485.4,0.0,720.0
V001364,C00271,2026-05-22,4,1,18,0,2,95,0,1,1,0,880.0,0.0,880.0,308.0,0.0,440.0
V001365,C00692,2026-05-22,4,1,18,0,4,102,0,7,4,3,2460.0,880.0,3340.0,1527.2,0.2635,835.0
V001366,C00615,2026-05-22,4,1,22,1,3,98,0,9,6,3,1920.0,680.0,2600.0,1623.6,0.2615,866.7
V001367,C00179,2026-05-23,5,1,22,1,2,59,1,4,2,2,640.0,520.0,1160.0,634.8,0.4483,580.0
V001368,C00040,2026-05-23,5,1,17,0,6,118,1,19,7,12,2540.0,3330.0,5870.0,3439.4,0.5673,978.3
V001369,C00077,2026-05-23,5,1,19,0,2,125,1,10,4,6,1360.0,1870.0,3230.0,2079.8,0.5789,1615.0
V001370,C00925,2026-05-23,5,1,19,0,2,111,0,6,5,1,2180.0,180.0,2360.0,1180.4,0.0763,1180.0
V001371,C01340,2026-05-23,5,1,24,1,2,96,0,10,5,5,1140.0,1380.0,2520.0,1574.2,0.5476,1260.0
V001372,C00897,2026-05-23,5,1,19,0,4,71,0,5,4,1,2380.0,180.0,2560.0,1062.0,0.0703,640.0
V001373,C01153,2026-05-23,5,1,23,1,2,99,0,4,3,1,1440.0,320.0,1760.0,876.6,0.1818,880.0
V001374,C00854,2026-05-23,5,1,22,1,2,84,0,5,2,3,1140.0,860.0,2000.0,1008.8,0.43,1000.0
V001375,C00864,2026-05-23,5,1,20,0,3,94,0,5,4,1,1860.0,280.0,2140.0,1047.2,0.1308,713.3
V001376,C01092,2026-05-23,5,1,19,0,6,114,0,15,9,6,3720.0,1890.0,5610.0,3123.2,0.3369,935.0
V001377,C00792,2026-05-23,5,1,19,0,4,84,0,10,4,6,1560.0,1910.0,3470.0,1952.6,0.5504,867.5
V001378,C01162,2026-05-23,5,1,18,0,2,57,0,9,7,2,2220.0,600.0,2820.0,1663.4,0.2128,1410.0
V001379,C00742,2026-05-23,5,1,24,1,2,130,0,9,6,3,1820.0,840.0,2660.0,1580.0,0.3158,1330.0
V001380,C01162,2026-05-23,5,1,23,1,3,139,0,10,4,6,1240.0,1960.0,3200.0,2084.0,0.6125,1066.7
V001381,C00524,2026-05-23,5,1,19,0,2,113,0,6,4,2,980.0,650.0,1630.0,1034.2,0.3988,815.0
V001382,C00618,2026-05-23,5,1,22,1,2,102,0,6,3,3,920.0,760.0,1680.0,978.4,0.4524,840.0
V001383,C00375,2026-05-23,5,1,22,1,2,140,0,13,5,8,2000.0,2060.0,4060.0,2480.2,0.5074,2030.0
V001384,C00490,2026-05-23,5,1,20,0,2,91,0,3,3,0,1220.0,0.0,1220.0,581.2,0.0,610.0
V001385,C00273,2026-05-23,5,1,20,0,2,99,0,5,4,1,1180.0,380.0,1560.0,965.4,0.2436,780.0
V001386,C00958,2026-05-23,5,1,24,1,3,106,0,7,3,4,720.0,960.0,1680.0,1006.4,0.5714,560.0
V001387,C00071,2026-05-23,5,1,19,0,5,116,1,16,7,9,2700.0,2660.0,5360.0,3091.2,0.4963,1072.0
V001388,C00064,2026-05-23,5,1,18,0,2,97,1,4,3,1,1660.0,300.0,1960.0,871.4,0.1531,980.0
V001389,C00653,2026-05-23,5,1,23,1,1,69,0,1,1,0,280.0,0.0,280.0,196.0,0.0,280.0
V001390,C00686,2026-05-23,5,1,20,0,3,114,0,9,7,2,2340.0,480.0,2820.0,1509.8,0.1702,940.0
V001391,C00579,2026-05-24,6,0,21,1,2,109,0,4,3,1,1060.0,240.0,1300.0,731.0,0.1846,650.0
V001392,C00058,2026-05-24,6,0,23,1,3,93,1,10,4,6,1120.0,1690.0,2810.0,1743.2,0.6014,936.7
V001393,C01154,2026-05-24,6,0,23,1,2,54,0,8,5,3,1600.0,800.0,2400.0,1418.0,0.3333,1200.0
V001394,C00044,2026-05-24,6,0,20,0,1,83,1,7,3,4,960.0,1120.0,2080.0,1275.2,0.5385,2080.0
V001395,C00484,2026-05-24,6,0,21,1,4,131,0,10,3,7,940.0,1940.0,2880.0,1784.6,0.6736,720.0
V001396,C01171,2026-05-24,6,0,21,1,1,73,0,3,3,0,1000.0,0.0,1000.0,545.6,0.0,1000.0
V001397,C00284,2026-05-24,6,0,23,1,2,84,0,3,2,1,620.0,260.0,880.0,461.6,0.2955,440.0
V001398,C01145,2026-05-24,6,0,23,1,2,135,0,7,3,4,960.0,1220.0,2180.0,1347.2,0.5596,1090.0
V001399,C00026,2026-05-24,6,0,19,0,3,78,1,7,3,4,1460.0,1160.0,2620.0,1412.0,0.4427,873.3
V001400,C00861,2026-05-24,6,0,21,1,6,132,0,15,5,10,1580.0,2970.0,4550.0,2839.2,0.6527,758.3
V001401,C00949,2026-05-24,6,0,19,0,4,84,0,8,4,4,1700.0,1400.0,3100.0,1814.8,0.4516,775.0
V001402,C00988,2026-05-24,6,0,23,1,2,112,0,7,4,3,1260.0,820.0,2080.0,1246.8,0.3942,1040.0
V001403,C00059,2026-05-24,6,0,17,0,1,73,1,2,1,1,880.0,280.0,1160.0,481.6,0.2414,1160.0
V001404,C00052,2026-05-24,6,0,22,1,3,131,1,9,2,7,660.0,1820.0,2480.0,1406.6,0.7339,826.7
V001405,C01318,2026-05-24,6,0,20,0,6,69,0,13,5,8,2540.0,2280.0,4820.0,2618.2,0.473,803.3
V001406,C00764,2026-05-24,6,0,23,1,2,134,0,8,6,2,1720.0,480.0,2200.0,1401.6,0.2182,1100.0
V001407,C00147,2026-05-24,6,0,23,1,1,110,1,1,0,1,0.0,350.0,350.0,266.0,1.0,350.0
V001408,C00103,2026-05-24,6,0,21,1,2,97,1,6,2,4,540.0,1180.0,1720.0,1079.4,0.686,860.0
V001409,C00397,2026-05-26,1,0,22,1,2,126,0,6,2,4,760.0,1180.0,1940.0,1311.4,0.6082,970.0
V001410,C00493,2026-05-26,1,0,21,1,4,132,0,16,7,9,2300.0,2870.0,5170.0,3448.6,0.5551,1292.5
V001411,C00179,2026-05-26,1,0,17,0,5,74,1,16,10,6,3640.0,1720.0,5360.0,2929.8,0.3209,1072.0
V001412,C00032,2026-05-26,1,0,20,0,2,83,1,7,4,3,1500.0,860.0,2360.0,1387.4,0.3644,1180.0
V001413,C01236,2026-05-26,1,0,22,1,2,60,0,6,2,4,660.0,1020.0,1680.0,983.6,0.6071,840.0
V001414,C00143,2026-05-26,1,0,20,0,4,120,1,17,11,6,3860.0,1760.0,5620.0,3276.6,0.3132,1405.0
V001415,C00717,2026-05-26,1,0,21,1,4,124,0,15,3,12,1120.0,3300.0,4420.0,2584.6,0.7466,1105.0
V001416,C00331,2026-05-26,1,0,22,1,3,122,0,5,2,3,620.0,930.0,1550.0,959.2,0.6,516.7
V001417,C00442,2026-05-26,1,0,18,0,2,104,0,6,4,2,1780.0,540.0,2320.0,1199.6,0.2328,1160.0
V001418,C01082,2026-05-26,1,0,20,0,2,77,0,7,5,2,1460.0,520.0,1980.0,1175.6,0.2626,990.0
V001419,C00806,2026-05-27,2,0,22,1,1,100,0,4,3,1,600.0,380.0,980.0,698.6,0.3878,980.0
V001420,C00903,2026-05-27,2,0,19,0,1,58,0,2,2,0,800.0,0.0,800.0,436.0,0.0,800.0
V001421,C00649,2026-05-27,2,0,20,0,6,146,0,25,12,13,4900.0,3560.0,8460.0,4924.6,0.4208,1410.0
V001422,C00964,2026-05-27,2,0,21,1,2,112,0,7,4,3,1720.0,960.0,2680.0,1546.2,0.3582,1340.0
V001423,C00646,2026-05-27,2,0,22,1,2,111,0,8,6,2,2260.0,440.0,2700.0,1534.6,0.163,1350.0
V001424,C00551,2026-05-27,2,0,21,1,6,173,0,21,7,14,2060.0,3840.0,5900.0,3774.8,0.6508,983.3
V001425,C01250,2026-05-27,2,0,21,1,2,99,0,7,5,2,1360.0,580.0,1940.0,1242.4,0.299,970.0
V001426,C00272,2026-05-27,2,0,23,1,4,122,0,12,6,6,2220.0,1770.0,3990.0,2447.4,0.4436,997.5
V001427,C00871,2026-05-27,2,0,21,1,4,95,0,10,5,5,1740.0,1530.0,3270.0,1990.6,0.4679,817.5
V001428,C00925,2026-05-27,2,0,18,0,2,68,0,4,4,0,1300.0,0.0,1300.0,728.4,0.0,650.0
V001429,C00603,2026-05-28,3,0,21,1,4,136,0,10,5,5,1980.0,1570.0,3550.0,2137.8,0.4423,887.5
V001430,C00411,2026-05-28,3,0,19,0,2,91,0,3,3,0,1540.0,0.0,1540.0,671.2,0.0,770.0
V001431,C00773,2026-05-28,3,0,18,0,2,103,0,6,5,1,1660.0,380.0,2040.0,1203.8,0.1863,1020.0
V001432,C01159,2026-05-28,3,0,19,0,5,85,0,16,8,8,3280.0,2240.0,5520.0,3100.4,0.4058,1104.0
V001433,C01120,2026-05-28,3,0,21,1,4,101,0,13,8,5,2060.0,1460.0,3520.0,2245.6,0.4148,880.0
V001434,C00867,2026-05-28,3,0,18,0,4,102,0,9,6,3,2060.0,990.0,3050.0,1734.8,0.3246,762.5
V001435,C01037,2026-05-28,3,0,17,0,2,69,0,3,2,1,680.0,180.0,860.0,509.8,0.2093,430.0
V001436,C00872,2026-05-29,4,1,22,1,2,103,0,6,2,4,1160.0,1190.0,2350.0,1285.2,0.5064,1175.0
V001437,C00224,2026-05-29,4,1,22,1,2,148,1,10,6,4,1560.0,1310.0,2870.0,1843.8,0.4564,1435.0
V001438,C01280,2026-05-29,4,1,20,0,1,35,0,3,3,0,860.0,0.0,860.0,498.0,0.0,860.0
V001439,C00671,2026-05-29,4,1,21,1,3,151,0,6,3,3,1100.0,860.0,1960.0,1155.0,0.4388,653.3
V001440,C00483,2026-05-29,4,1,23,1,3,98,0,7,4,3,940.0,700.0,1640.0,1003.6,0.4268,546.7
V001441,C00438,2026-05-29,4,1,23,1,2,96,0,4,3,1,860.0,320.0,1180.0,628.0,0.2712,590.0
V001442,C00829,2026-05-29,4,1,21,1,2,132,0,14,3,11,1000.0,3200.0,4200.0,2612.2,0.7619,2100.0
V001443,C00679,2026-05-29,4,1,23,1,2,95,0,6,5,1,1340.0,350.0,1690.0,1057.8,0.2071,845.0
V001444,C00001,2026-05-29,4,1,22,1,4,133,1,13,4,9,1360.0,2580.0,3940.0,2406.0,0.6548,985.0
V001445,C01064,2026-05-29,4,1,21,1,2,138,0,6,1,5,420.0,1570.0,1990.0,1337.8,0.7889,995.0
V001446,C00047,2026-05-29,4,1,21,1,6,160,1,20,6,14,2540.0,4190.0,6730.0,3939.2,0.6226,1121.7
V001447,C00143,2026-05-29,4,1,19,0,1,79,1,2,2,0,640.0,0.0,640.0,310.2,0.0,640.0
V001448,C00202,2026-05-29,4,1,21,1,2,79,1,4,3,1,1400.0,350.0,1750.0,915.4,0.2,875.0
V001449,C00742,2026-05-29,4,1,20,0,2,120,0,5,3,2,1020.0,580.0,1600.0,882.2,0.3625,800.0
V001450,C00551,2026-05-29,4,1,19,0,4,99,0,14,7,7,2900.0,1880.0,4780.0,2548.0,0.3933,1195.0
V001451,C00171,2026-05-29,4,1,17,0,2,83,1,9,7,2,2200.0,640.0,2840.0,1612.2,0.2254,1420.0
V001452,C00693,2026-05-29,4,1,17,0,2,40,0,6,6,0,1920.0,0.0,1920.0,1077.6,0.0,960.0
V001453,C01322,2026-05-29,4,1,18,0,2,95,0,7,5,2,2640.0,620.0,3260.0,1630.0,0.1902,1630.0
V001454,C00131,2026-05-29,4,1,19,0,2,63,1,6,4,2,1660.0,520.0,2180.0,1146.4,0.2385,1090.0
V001455,C00535,2026-05-29,4,1,22,1,1,84,0,5,2,3,440.0,760.0,1200.0,810.2,0.6333,1200.0
V001456,C00022,2026-05-30,5,1,19,0,2,93,1,8,5,3,1360.0,980.0,2340.0,1508.6,0.4188,1170.0
V001457,C00413,2026-05-30,5,1,21,1,4,128,0,14,8,6,2780.0,1720.0,4500.0,2688.8,0.3822,1125.0
V001458,C00038,2026-05-30,5,1,20,0,3,91,1,6,4,2,1600.0,620.0,2220.0,1226.0,0.2793,740.0
V001459,C00965,2026-05-30,5,1,19,0,2,35,0,4,4,0,1500.0,0.0,1500.0,720.8,0.0,750.0
V001460,C00695,2026-05-30,5,1,22,1,3,169,0,11,5,6,1420.0,1520.0,2940.0,1922.6,0.517,980.0
V001461,C00860,2026-05-30,5,1,17,0,6,107,0,19,11,8,4480.0,2380.0,6860.0,3933.2,0.3469,1143.3
V001462,C00845,2026-05-30,5,1,24,1,3,143,0,8,3,5,1540.0,1460.0,3000.0,1688.0,0.4867,1000.0
V001463,C01055,2026-05-30,5,1,19,0,6,103,0,21,12,9,4100.0,2640.0,6740.0,4001.8,0.3917,1123.3
V001464,C00224,2026-05-30,5,1,21,1,2,76,1,3,2,1,600.0,280.0,880.0,489.4,0.3182,440.0
V001465,C00654,2026-05-30,5,1,18,0,2,48,0,4,4,0,1400.0,0.0,1400.0,641.8,0.0,700.0
V001466,C00345,2026-05-30,5,1,20,0,4,93,0,10,7,3,2460.0,740.0,3200.0,1816.8,0.2313,800.0
V001467,C00931,2026-05-30,5,1,20,0,1,35,0,3,3,0,960.0,0.0,960.0,543.2,0.0,960.0
V001468,C00422,2026-05-30,5,1,19,0,2,42,0,6,4,2,1180.0,500.0,1680.0,964.0,0.2976,840.0
V001469,C01108,2026-05-30,5,1,18,0,4,112,0,7,4,3,1400.0,960.0,2360.0,1358.8,0.4068,590.0
V001470,C01345,2026-05-30,5,1,18,0,2,87,0,3,3,0,1120.0,0.0,1120.0,518.8,0.0,560.0
V001471,C00268,2026-05-31,6,0,20,0,2,35,1,3,3,0,1100.0,0.0,1100.0,494.0,0.0,550.0
V001472,C00603,2026-05-31,6,0,21,1,2,66,0,4,4,0,1100.0,0.0,1100.0,640.0,0.0,550.0
V001474,C00679,2026-05-31,6,0,19,0,2,81,0,4,3,1,1260.0,350.0,1610.0,895.2,0.2174,805.0
V001475,C00080,2026-05-31,6,0,20,0,6,87,1,15,11,4,3780.0,1300.0,5080.0,3014.8,0.2559,846.7
V001476,C00066,2026-05-31,6,0,19,0,2,118,1,3,1,2,380.0,540.0,920.0,502.0,0.587,460.0
V001477,C00567,2026-05-31,6,0,20,0,3,84,0,8,5,3,2040.0,760.0,2800.0,1460.0,0.2714,933.3
V001478,C00289,2026-05-31,6,0,22,1,2,93,0,7,2,5,1040.0,1500.0,2540.0,1388.6,0.5906,1270.0
V001479,C00127,2026-05-31,6,0,20,0,2,59,1,7,4,3,1400.0,960.0,2360.0,1420.8,0.4068,1180.0
V001480,C00942,2026-05-31,6,0,21,1,2,82,0,7,4,3,1140.0,900.0,2040.0,1227.2,0.4412,1020.0
V001481,C00894,2026-05-31,6,0,20,0,6,75,0,12,8,4,3360.0,1300.0,4660.0,2466.2,0.279,776.7
V001482,C00864,2026-06-02,1,0,20,0,2,93,0,3,3,0,820.0,0.0,820.0,472.6,0.0,410.0
V001483,C00598,2026-06-02,1,0,20,0,4,95,0,9,6,3,2000.0,860.0,2860.0,1657.4,0.3007,715.0
V001484,C01045,2026-06-02,1,0,21,1,3,117,0,12,2,10,1060.0,3180.0,4240.0,2618.8,0.75,1413.3
V001485,C00165,2026-06-03,2,0,20,0,3,118,1,10,3,7,1100.0,1880.0,2980.0,1818.4,0.6309,993.3
V001486,C00748,2026-06-03,2,0,17,0,3,132,0,12,8,4,3280.0,1340.0,4620.0,2484.8,0.29,1540.0
V001487,C00300,2026-06-03,2,0,21,1,6,188,0,20,7,13,2100.0,3660.0,5760.0,3512.0,0.6354,960.0
V001488,C00849,2026-06-03,2,0,18,0,2,40,0,5,5,0,1600.0,0.0,1600.0,854.6,0.0,800.0
V001489,C00108,2026-06-03,2,0,19,0,2,100,1,11,9,2,3140.0,640.0,3780.0,2306.4,0.1693,1890.0
V001490,C00536,2026-06-03,2,0,21,1,4,110,0,9,6,3,2320.0,740.0,3060.0,1614.0,0.2418,765.0
V001491,C00113,2026-06-03,2,0,21,1,2,89,1,6,1,5,460.0,1380.0,1840.0,1037.6,0.75,920.0
V001492,C00394,2026-06-03,2,0,22,1,2,92,0,6,3,3,1260.0,900.0,2160.0,1166.2,0.4167,1080.0
V001493,C00439,2026-06-04,3,0,21,1,4,130,0,17,4,13,1800.0,3650.0,5450.0,3407.4,0.6697,1362.5
V001494,C00557,2026-06-04,3,0,20,0,4,75,0,9,6,3,2040.0,970.0,3010.0,1653.4,0.3223,752.5
V001495,C01026,2026-06-04,3,0,20,0,3,90,0,10,6,4,2080.0,1350.0,3430.0,2083.4,0.3936,1143.3
V001496,C00833,2026-06-04,3,0,18,0,4,108,0,12,7,5,2780.0,1530.0,4310.0,2384.6,0.355,1077.5
V001497,C00210,2026-06-04,3,0,20,0,6,107,1,13,8,5,3540.0,1540.0,5080.0,2586.8,0.3031,846.7
V001498,C00203,2026-06-04,3,0,22,1,1,139,1,6,1,5,160.0,1630.0,1790.0,1366.4,0.9106,1790.0
V001499,C00789,2026-06-04,3,0,21,1,4,96,0,12,9,3,3000.0,1000.0,4000.0,2371.2,0.25,1000.0
V001500,C00070,2026-06-04,3,0,21,1,2,101,1,8,5,3,1440.0,780.0,2220.0,1342.8,0.3514,1110.0
V001501,C00146,2026-06-04,3,0,19,0,2,35,1,3,3,0,1160.0,0.0,1160.0,496.8,0.0,580.0
V001502,C01066,2026-06-04,3,0,19,0,3,105,0,6,6,0,2140.0,0.0,2140.0,1100.8,0.0,713.3
V001503,C01294,2026-06-04,3,0,19,0,2,88,0,8,5,3,2200.0,870.0,3070.0,1769.0,0.2834,1535.0
V001504,C00061,2026-06-04,3,0,17,0,4,92,1,7,5,2,2200.0,670.0,2870.0,1463.6,0.2334,717.5
V001505,C01299,2026-06-05,4,1,19,0,2,102,0,6,5,1,1640.0,300.0,1940.0,1202.2,0.1546,970.0
V001506,C01306,2026-06-05,4,1,19,0,2,43,0,5,5,0,1980.0,0.0,1980.0,959.8,0.0,990.0
V001507,C00150,2026-06-05,4,1,22,1,4,111,1,12,5,7,1660.0,1980.0,3640.0,2070.2,0.544,910.0
V001508,C00421,2026-06-05,4,1,18,0,3,66,0,10,7,3,2580.0,940.0,3520.0,2043.6,0.267,1173.3
V001509,C00611,2026-06-05,4,1,24,1,3,96,0,9,2,7,760.0,2220.0,2980.0,1950.2,0.745,993.3
V001510,C01188,2026-06-05,4,1,22,1,4,150,0,16,6,10,2400.0,3140.0,5540.0,3286.6,0.5668,1385.0
V001511,C00930,2026-06-05,4,1,22,1,1,61,0,2,0,2,0.0,720.0,720.0,546.8,1.0,720.0
V001512,C00059,2026-06-05,4,1,19,0,5,110,1,13,5,8,1960.0,2400.0,4360.0,2582.0,0.5505,872.0
V001513,C00913,2026-06-05,4,1,19,0,1,58,0,5,5,0,1380.0,0.0,1380.0,789.6,0.0,1380.0
V001514,C00144,2026-06-05,4,1,22,1,2,45,1,5,4,1,1340.0,300.0,1640.0,1000.4,0.1829,820.0
V001515,C00090,2026-06-05,4,1,22,1,2,84,1,8,3,5,800.0,1430.0,2230.0,1352.4,0.6413,1115.0
V001516,C01170,2026-06-05,4,1,22,1,2,112,0,5,3,2,1140.0,520.0,1660.0,947.0,0.3133,830.0
V001517,C01063,2026-06-05,4,1,21,1,3,159,0,9,5,4,2240.0,1220.0,3460.0,2008.2,0.3526,1153.3
V001518,C00228,2026-06-05,4,1,22,1,2,103,1,9,2,7,640.0,2000.0,2640.0,1643.8,0.7576,1320.0
V001519,C00562,2026-06-05,4,1,22,1,2,44,0,6,5,1,1720.0,350.0,2070.0,1160.8,0.1691,1035.0
V001520,C00525,2026-06-06,5,1,23,1,3,109,0,12,4,8,1200.0,2140.0,3340.0,2184.2,0.6407,1113.3
V001521,C00777,2026-06-06,5,1,20,0,2,104,0,11,5,6,1600.0,1780.0,3380.0,2068.8,0.5266,1690.0
V001522,C00661,2026-06-06,5,1,18,0,1,123,0,5,4,1,1480.0,260.0,1740.0,1036.4,0.1494,1740.0
V001523,C00723,2026-06-06,5,1,23,1,3,135,0,5,2,3,780.0,880.0,1660.0,960.6,0.5301,553.3
V001524,C00548,2026-06-06,5,1,19,0,4,86,0,13,9,4,3580.0,1240.0,4820.0,2679.6,0.2573,1205.0
V001525,C01310,2026-06-06,5,1,18,0,2,83,0,5,5,0,1580.0,0.0,1580.0,950.0,0.0,790.0
V001526,C00533,2026-06-06,5,1,20,0,4,119,0,10,3,7,1060.0,2050.0,3110.0,1866.2,0.6592,777.5
V001527,C00062,2026-06-06,5,1,19,0,4,110,1,17,5,12,1880.0,3390.0,5270.0,3090.6,0.6433,1317.5
V001528,C01093,2026-06-06,5,1,23,1,3,201,0,12,4,8,1680.0,2430.0,4110.0,2419.6,0.5912,1370.0
V001529,C00430,2026-06-06,5,1,20,0,2,35,0,2,2,0,660.0,0.0,660.0,309.0,0.0,330.0
V001530,C00551,2026-06-06,5,1,22,1,1,99,0,5,3,2,660.0,540.0,1200.0,789.2,0.45,1200.0
V001531,C01341,2026-06-06,5,1,18,0,2,67,0,2,2,0,860.0,0.0,860.0,359.2,0.0,430.0
V001532,C00036,2026-06-06,5,1,20,0,4,108,1,15,8,7,3020.0,2150.0,5170.0,3160.2,0.4159,1292.5
V001533,C00327,2026-06-06,5,1,22,1,1,97,0,2,2,0,340.0,0.0,340.0,236.8,0.0,340.0
V001534,C01053,2026-06-06,5,1,23,1,2,99,0,6,5,1,1200.0,280.0,1480.0,905.6,0.1892,740.0
V001535,C00468,2026-06-06,5,1,21,1,6,122,0,20,6,14,2940.0,4090.0,7030.0,3973.0,0.5818,1171.7
V001536,C00257,2026-06-06,5,1,23,1,2,126,1,5,3,2,1140.0,560.0,1700.0,1018.2,0.3294,850.0
V001537,C00632,2026-06-06,5,1,18,0,3,67,0,9,5,4,1800.0,1310.0,3110.0,1928.6,0.4212,1036.7
V001538,C00206,2026-06-06,5,1,19,0,4,142,1,12,5,7,2440.0,2080.0,4520.0,2440.8,0.4602,1130.0
V001539,C00111,2026-06-06,5,1,18,0,3,81,1,6,4,2,2220.0,650.0,2870.0,1377.0,0.2265,956.7
V001540,C00911,2026-06-07,6,0,20,0,2,70,0,3,3,0,780.0,0.0,780.0,409.2,0.0,390.0
V001541,C00805,2026-06-07,6,0,21,1,4,132,0,14,8,6,2440.0,1560.0,4000.0,2495.6,0.39,1000.0
V001542,C01088,2026-06-07,6,0,21,1,4,136,0,12,5,7,1840.0,2380.0,4220.0,2547.4,0.564,1055.0
V001543,C00839,2026-06-07,6,0,22,1,2,86,0,4,1,3,380.0,840.0,1220.0,727.0,0.6885,610.0
V001544,C00504,2026-06-07,6,0,21,1,2,112,0,7,3,4,800.0,1140.0,1940.0,1274.6,0.5876,970.0
V001545,C00721,2026-06-07,6,0,19,0,4,81,0,6,5,1,2580.0,320.0,2900.0,1362.2,0.1103,725.0
V001546,C01142,2026-06-07,6,0,22,1,2,107,0,9,5,4,1480.0,1260.0,2740.0,1786.4,0.4599,1370.0
V001547,C00941,2026-06-07,6,0,21,1,6,187,0,16,4,12,1720.0,3800.0,5520.0,3294.2,0.6884,920.0
V001548,C01181,2026-06-07,6,0,21,1,3,96,0,7,4,3,1380.0,780.0,2160.0,1222.4,0.3611,720.0
V001549,C00269,2026-06-07,6,0,17,0,4,101,1,13,7,6,2400.0,1670.0,4070.0,2287.6,0.4103,1017.5
V001550,C00214,2026-06-07,6,0,19,0,3,52,1,8,8,0,2660.0,0.0,2660.0,1458.4,0.0,886.7
V001551,C01102,2026-06-07,6,0,20,0,2,90,0,3,2,1,620.0,280.0,900.0,472.8,0.3111,450.0
V001552,C00300,2026-06-07,6,0,22,1,2,89,0,4,3,1,1300.0,300.0,1600.0,827.6,0.1875,800.0
V001553,C00526,2026-06-07,6,0,22,1,2,126,0,5,3,2,860.0,520.0,1380.0,771.8,0.3768,690.0
V001554,C01244,2026-06-09,1,0,18,0,4,128,0,14,8,6,2900.0,1730.0,4630.0,2722.2,0.3737,1157.5
V001555,C00249,2026-06-09,1,0,23,1,1,78,1,2,1,1,220.0,350.0,570.0,420.0,0.614,570.0
V001556,C00980,2026-06-09,1,0,19,0,2,124,0,5,3,2,1160.0,600.0,1760.0,886.0,0.3409,880.0
V001557,C00472,2026-06-09,1,0,22,1,2,107,0,11,5,6,1400.0,1730.0,3130.0,2065.4,0.5527,1565.0
V001558,C00687,2026-06-09,1,0,23,1,2,124,0,6,1,5,480.0,1780.0,2260.0,1497.8,0.7876,1130.0
V001559,C00881,2026-06-09,1,0,23,1,1,114,0,4,4,0,980.0,0.0,980.0,667.0,0.0,980.0
V001560,C00102,2026-06-09,1,0,22,1,2,50,1,7,3,4,1320.0,1280.0,2600.0,1549.6,0.4923,1300.0
V001561,C01307,2026-06-09,1,0,18,0,2,35,0,6,6,0,1840.0,0.0,1840.0,1051.0,0.0,920.0
V001562,C00058,2026-06-09,1,0,21,1,2,139,1,7,2,5,1140.0,1360.0,2500.0,1362.8,0.544,1250.0
V001563,C01200,2026-06-10,2,0,21,1,2,94,0,7,5,2,1520.0,520.0,2040.0,1325.8,0.2549,1020.0
V001564,C00267,2026-06-10,2,0,20,0,4,110,1,12,4,8,1740.0,2670.0,4410.0,2587.6,0.6054,1102.5
V001565,C00515,2026-06-10,2,0,20,0,2,35,0,4,4,0,1260.0,0.0,1260.0,644.4,0.0,630.0
V001566,C01300,2026-06-10,2,0,22,1,4,163,0,15,4,11,1340.0,2920.0,4260.0,2666.6,0.6854,1065.0
V001567,C00606,2026-06-10,2,0,20,0,3,89,0,10,7,3,2220.0,930.0,3150.0,1787.4,0.2952,1050.0
V001568,C00323,2026-06-10,2,0,21,1,2,50,0,5,1,4,380.0,1140.0,1520.0,901.6,0.75,760.0
V001569,C00008,2026-06-10,2,0,21,1,3,107,1,5,3,2,820.0,460.0,1280.0,754.6,0.3594,426.7
V001570,C00577,2026-06-10,2,0,18,0,3,132,0,5,3,2,2140.0,600.0,2740.0,1228.6,0.219,913.3
V001571,C00225,2026-06-11,3,0,20,0,2,117,1,5,3,2,1100.0,560.0,1660.0,887.6,0.3373,830.0
V001572,C00051,2026-06-11,3,0,19,0,4,82,1,8,7,1,2340.0,350.0,2690.0,1483.8,0.1301,672.5
V001573,C00203,2026-06-11,3,0,23,1,2,79,1,1,1,0,880.0,0.0,880.0,308.0,0.0,440.0
V001574,C00423,2026-06-11,3,0,21,1,2,96,0,10,4,6,1180.0,1780.0,2960.0,1937.0,0.6014,1480.0
V001575,C00356,2026-06-11,3,0,18,0,4,116,0,11,4,7,2080.0,2160.0,4240.0,2347.6,0.5094,1060.0
V001576,C00031,2026-06-11,3,0,21,1,3,114,1,10,3,7,1280.0,1860.0,3140.0,1737.4,0.5924,1046.7
V001577,C00520,2026-06-11,3,0,19,0,3,111,0,7,4,3,1420.0,920.0,2340.0,1386.2,0.3932,780.0
V001578,C00607,2026-06-11,3,0,19,0,2,111,0,4,2,2,900.0,580.0,1480.0,727.4,0.3919,740.0
V001579,C00086,2026-06-11,3,0,21,1,3,96,1,9,4,5,1260.0,1380.0,2640.0,1603.4,0.5227,880.0
V001580,C01279,2026-06-11,3,0,18,0,1,48,0,1,1,0,480.0,0.0,480.0,192.0,0.0,480.0
V001581,C00682,2026-06-11,3,0,20,0,3,108,0,9,5,4,2320.0,1230.0,3550.0,1911.8,0.3465,1183.3
V001582,C00124,2026-06-11,3,0,21,1,2,115,1,8,5,3,1460.0,960.0,2420.0,1517.8,0.3967,1210.0
V001583,C00514,2026-06-11,3,0,18,0,5,110,0,10,5,5,2780.0,1370.0,4150.0,1968.8,0.3301,830.0
V001584,C01069,2026-06-11,3,0,21,1,2,122,0,6,1,5,880.0,1520.0,2400.0,1317.4,0.6333,1200.0
V001585,C00833,2026-06-11,3,0,22,1,3,109,0,11,3,8,880.0,2320.0,3200.0,2112.4,0.725,1066.7
V001586,C00060,2026-06-11,3,0,23,1,4,126,1,13,6,7,2020.0,2260.0,4280.0,2734.6,0.528,1070.0
V001587,C00624,2026-06-11,3,0,17,0,3,52,0,7,5,2,2180.0,610.0,2790.0,1486.0,0.2186,930.0
V001588,C00200,2026-06-12,4,1,21,1,4,122,1,12,5,7,1780.0,2150.0,3930.0,2475.4,0.5471,982.5
V001589,C00812,2026-06-12,4,1,21,1,4,134,0,12,4,8,1300.0,2290.0,3590.0,2263.4,0.6379,897.5
V001590,C00253,2026-06-12,4,1,18,0,2,56,1,4,1,3,520.0,920.0,1440.0,807.0,0.6389,720.0
V001591,C00167,2026-06-12,4,1,19,0,3,121,1,10,4,6,1640.0,1560.0,3200.0,1675.4,0.4875,1066.7
V001592,C00375,2026-06-12,4,1,21,1,2,99,0,4,2,2,1060.0,420.0,1480.0,718.4,0.2838,740.0
V001593,C00105,2026-06-12,4,1,20,0,6,88,1,16,10,6,3580.0,1740.0,5320.0,2795.0,0.3271,886.7
V001594,C00322,2026-06-12,4,1,19,0,4,92,0,14,7,7,2200.0,2090.0,4290.0,2749.8,0.4872,1072.5
V001595,C00203,2026-06-12,4,1,18,0,2,54,1,6,3,3,780.0,980.0,1760.0,1153.8,0.5568,880.0
V001596,C00965,2026-06-12,4,1,23,1,2,127,0,6,4,2,1200.0,630.0,1830.0,1157.8,0.3443,915.0
V001597,C00709,2026-06-12,4,1,21,1,3,126,0,4,2,2,840.0,460.0,1300.0,755.0,0.3538,433.3
V001598,C00466,2026-06-12,4,1,20,0,4,82,0,11,8,3,3120.0,940.0,4060.0,2194.2,0.2315,1015.0
V001599,C00013,2026-06-12,4,1,18,0,3,113,1,12,7,5,1940.0,1470.0,3410.0,2049.0,0.4311,1136.7
V001600,C00272,2026-06-12,4,1,23,1,3,103,0,5,3,2,960.0,600.0,1560.0,958.4,0.3846,520.0
V001601,C00724,2026-06-12,4,1,19,0,4,85,0,11,6,5,1900.0,1420.0,3320.0,1905.6,0.4277,830.0
V001602,C00528,2026-06-12,4,1,19,0,1,75,0,3,2,1,760.0,300.0,1060.0,647.4,0.283,1060.0
V001603,C00129,2026-06-12,4,1,19,0,3,75,1,7,6,1,2520.0,260.0,2780.0,1437.2,0.0935,926.7
V001604,C00853,2026-06-13,5,1,18,0,2,60,0,2,2,0,700.0,0.0,700.0,327.2,0.0,350.0
V001605,C01075,2026-06-13,5,1,19,0,6,146,0,15,4,11,1800.0,3020.0,4820.0,2743.6,0.6266,803.3
V001606,C00086,2026-06-13,5,1,18,0,2,75,1,5,2,3,860.0,1020.0,1880.0,1163.0,0.5426,940.0
V001607,C00899,2026-06-13,5,1,20,0,4,92,0,8,5,3,2160.0,820.0,2980.0,1548.0,0.2752,745.0
V001608,C01029,2026-06-13,5,1,23,1,2,87,0,3,3,0,860.0,0.0,860.0,493.8,0.0,430.0
V001609,C00205,2026-06-13,5,1,19,0,4,61,1,11,8,3,3100.0,990.0,4090.0,2282.6,0.2421,1022.5
V001610,C01148,2026-06-13,5,1,17,0,2,84,0,8,5,3,1980.0,910.0,2890.0,1681.2,0.3149,1445.0
V001611,C01279,2026-06-13,5,1,22,1,2,127,0,4,3,1,940.0,300.0,1240.0,752.4,0.2419,620.0
V001612,C01109,2026-06-13,5,1,19,0,3,75,0,13,8,5,2340.0,1420.0,3760.0,2415.0,0.3777,1253.3
V001613,C00257,2026-06-13,5,1,20,0,3,109,1,8,3,5,1360.0,1620.0,2980.0,1608.8,0.5436,993.3
V001614,C01009,2026-06-13,5,1,17,0,2,74,0,4,4,0,1200.0,0.0,1200.0,702.2,0.0,600.0
V001615,C00672,2026-06-13,5,1,18,0,2,79,0,1,1,0,420.0,0.0,420.0,189.0,0.0,210.0
V001616,C00548,2026-06-13,5,1,22,1,2,96,0,5,2,3,660.0,820.0,1480.0,868.8,0.5541,740.0
V001617,C00128,2026-06-13,5,1,17,0,2,86,1,3,1,2,520.0,620.0,1140.0,619.4,0.5439,570.0
V001618,C00631,2026-06-13,5,1,20,0,3,39,0,8,5,3,2200.0,1000.0,3200.0,1740.4,0.3125,1066.7
V001619,C01052,2026-06-13,5,1,21,1,2,95,0,6,2,4,1160.0,1190.0,2350.0,1338.8,0.5064,1175.0
V001620,C00027,2026-06-13,5,1,18,0,2,69,1,7,5,2,1860.0,540.0,2400.0,1216.4,0.225,1200.0
V001621,C00257,2026-06-13,5,1,19,0,4,87,1,8,5,3,2720.0,760.0,3480.0,1646.0,0.2184,870.0
V001622,C00060,2026-06-13,5,1,20,0,2,64,1,5,4,1,1320.0,380.0,1700.0,1034.6,0.2235,850.0
V001623,C01314,2026-06-13,5,1,23,1,2,119,0,8,2,6,720.0,1820.0,2540.0,1608.8,0.7165,1270.0
V001624,C00210,2026-06-13,5,1,23,1,2,107,1,5,3,2,820.0,600.0,1420.0,796.0,0.4225,710.0
V001625,C01342,2026-06-13,5,1,21,1,4,124,0,13,7,6,1680.0,1840.0,3520.0,2199.6,0.5227,880.0
V001626,C00596,2026-06-13,5,1,24,1,2,56,0,3,2,1,700.0,340.0,1040.0,576.4,0.3269,520.0
V001627,C00983,2026-06-14,6,0,20,0,2,57,0,7,6,1,1680.0,260.0,1940.0,1058.0,0.134,970.0
V001628,C01271,2026-06-14,6,0,19,0,2,74,0,6,3,3,780.0,900.0,1680.0,1052.4,0.5357,840.0
V001629,C00328,2026-06-14,6,0,21,1,4,114,0,11,3,8,1340.0,2340.0,3680.0,2184.0,0.6359,920.0
V001630,C00795,2026-06-14,6,0,18,0,2,69,0,3,3,0,1280.0,0.0,1280.0,611.8,0.0,640.0
V001631,C00927,2026-06-14,6,0,23,1,3,105,0,8,5,3,1700.0,900.0,2600.0,1457.2,0.3462,866.7
V001632,C00572,2026-06-14,6,0,24,1,2,48,0,9,5,4,1520.0,1200.0,2720.0,1671.2,0.4412,1360.0
V001633,C00539,2026-06-14,6,0,18,0,5,100,0,14,7,7,2380.0,1940.0,4320.0,2441.2,0.4491,864.0
V001634,C00007,2026-06-14,6,0,23,1,2,69,1,8,4,4,1660.0,1320.0,2980.0,1853.0,0.443,1490.0
V001635,C01280,2026-06-14,6,0,22,1,4,111,0,8,3,5,1180.0,1360.0,2540.0,1479.4,0.5354,635.0
V001636,C00046,2026-06-14,6,0,20,0,3,105,1,6,4,2,1920.0,580.0,2500.0,1323.0,0.232,833.3
V001637,C01313,2026-06-14,6,0,20,0,2,76,0,1,1,0,420.0,0.0,420.0,189.0,0.0,210.0
V001638,C00926,2026-06-14,6,0,19,0,3,73,0,7,5,2,2360.0,600.0,2960.0,1503.4,0.2027,986.7
V001639,C00437,2026-06-16,1,0,19,0,2,59,0,4,3,1,920.0,300.0,1220.0,744.2,0.2459,610.0
V001640,C01268,2026-06-16,1,0,23,1,2,129,0,7,2,5,1140.0,1460.0,2600.0,1436.6,0.5615,1300.0
V001641,C00111,2026-06-16,1,0,21,1,5,132,1,18,7,11,2040.0,2900.0,4940.0,3170.0,0.587,988.0
V001642,C00241,2026-06-16,1,0,18,0,1,51,1,4,3,1,1080.0,280.0,1360.0,784.4,0.2059,1360.0
V001643,C01187,2026-06-16,1,0,22,1,4,168,0,11,3,8,1980.0,2350.0,4330.0,2406.0,0.5427,1082.5
V001644,C00311,2026-06-16,1,0,19,0,4,94,0,10,6,4,2140.0,1000.0,3140.0,1733.4,0.3185,785.0
V001645,C00541,2026-06-17,2,0,21,1,4,139,0,10,4,6,1260.0,1700.0,2960.0,1793.0,0.5743,740.0
V001646,C00589,2026-06-17,2,0,21,1,2,113,0,6,3,3,840.0,890.0,1730.0,1075.4,0.5145,865.0
V001647,C00516,2026-06-17,2,0,22,1,2,98,0,6,4,2,1260.0,660.0,1920.0,1180.0,0.3438,960.0
V001648,C01175,2026-06-17,2,0,20,0,2,70,0,4,4,0,1240.0,0.0,1240.0,742.4,0.0,620.0
V001649,C00516,2026-06-17,2,0,23,1,3,71,0,9,2,7,640.0,2040.0,2680.0,1708.0,0.7612,893.3
V001650,C01331,2026-06-17,2,0,23,1,4,125,0,13,5,8,1500.0,2240.0,3740.0,2317.0,0.5989,935.0
V001651,C00647,2026-06-17,2,0,22,1,3,91,0,7,1,6,480.0,1980.0,2460.0,1553.6,0.8049,820.0
V001652,C00275,2026-06-17,2,0,22,1,3,59,0,13,6,7,1760.0,1940.0,3700.0,2372.0,0.5243,1233.3
V001653,C00353,2026-06-17,2,0,20,0,5,104,0,14,8,6,2960.0,1980.0,4940.0,2913.2,0.4008,988.0
V001654,C00194,2026-06-17,2,0,20,0,2,100,1,6,3,3,900.0,960.0,1860.0,1142.8,0.5161,930.0
V001655,C00802,2026-06-18,3,0,21,1,3,118,0,4,2,2,940.0,660.0,1600.0,843.8,0.4125,533.3
V001656,C00571,2026-06-18,3,0,18,0,2,87,0,4,2,2,1260.0,600.0,1860.0,1011.0,0.3226,930.0
V001657,C01018,2026-06-18,3,0,22,1,1,35,0,3,1,2,280.0,540.0,820.0,517.6,0.6585,820.0
V001658,C00737,2026-06-18,3,0,18,0,2,67,0,9,7,2,2440.0,520.0,2960.0,1714.0,0.1757,1480.0
V001659,C00277,2026-06-18,3,0,20,0,2,58,0,5,2,3,1300.0,880.0,2180.0,1083.2,0.4037,1090.0
V001660,C01047,2026-06-18,3,0,20,0,5,119,0,13,8,5,2760.0,1440.0,4200.0,2308.8,0.3429,840.0
V001661,C01107,2026-06-18,3,0,20,0,2,92,0,8,6,2,2340.0,580.0,2920.0,1610.2,0.1986,1460.0
V001662,C01086,2026-06-18,3,0,22,1,4,145,0,8,2,6,1220.0,1920.0,3140.0,1853.0,0.6115,785.0
V001663,C00425,2026-06-18,3,0,18,0,5,141,0,12,7,5,3480.0,1430.0,4910.0,2466.0,0.2912,982.0
V001664,C00981,2026-06-18,3,0,19,0,4,133,0,17,9,8,2860.0,2260.0,5120.0,3078.8,0.4414,1280.0
V001665,C00892,2026-06-19,4,1,18,0,2,81,0,5,5,0,1420.0,0.0,1420.0,874.6,0.0,710.0
V001666,C00959,2026-06-19,4,1,22,1,2,98,0,8,3,5,1080.0,1440.0,2520.0,1587.2,0.5714,1260.0
V001667,C01102,2026-06-19,4,1,17,0,4,109,0,16,9,7,3060.0,2240.0,5300.0,3134.6,0.4226,1325.0
V001668,C00023,2026-06-19,4,1,24,1,2,111,1,7,1,6,520.0,1930.0,2450.0,1479.8,0.7878,1225.0
V001669,C00941,2026-06-19,4,1,20,0,2,131,0,6,3,3,1600.0,900.0,2500.0,1287.2,0.36,1250.0
V001670,C01013,2026-06-19,4,1,19,0,5,115,0,12,8,4,3100.0,1100.0,4200.0,2191.6,0.2619,840.0
V001671,C00797,2026-06-19,4,1,18,0,6,133,0,16,11,5,3880.0,1530.0,5410.0,3083.4,0.2828,901.7
V001672,C00933,2026-06-19,4,1,23,1,2,101,0,7,2,5,640.0,1430.0,2070.0,1260.8,0.6908,1035.0
V001673,C00497,2026-06-19,4,1,23,1,2,75,0,6,3,3,920.0,840.0,1760.0,1102.6,0.4773,880.0
V001674,C01198,2026-06-19,4,1,20,0,4,56,0,7,6,1,2660.0,280.0,2940.0,1457.0,0.0952,735.0
V001675,C00858,2026-06-19,4,1,19,0,5,67,0,11,9,2,2900.0,760.0,3660.0,2009.0,0.2077,732.0
V001676,C00843,2026-06-19,4,1,23,1,1,100,0,5,4,1,1120.0,260.0,1380.0,914.4,0.1884,1380.0
V001677,C00245,2026-06-19,4,1,20,0,4,133,1,10,5,5,1920.0,1570.0,3490.0,1998.6,0.4499,872.5
V001678,C00139,2026-06-19,4,1,23,1,2,108,1,10,5,5,1680.0,1560.0,3240.0,2075.4,0.4815,1620.0
V001679,C01343,2026-06-19,4,1,20,0,2,83,0,5,4,1,1100.0,340.0,1440.0,917.8,0.2361,720.0
V001680,C00387,2026-06-19,4,1,22,1,2,135,0,6,3,3,1300.0,910.0,2210.0,1204.0,0.4118,1105.0
V001681,C00756,2026-06-19,4,1,20,0,2,50,0,5,4,1,980.0,340.0,1320.0,841.0,0.2576,660.0
V001682,C00681,2026-06-19,4,1,19,0,3,91,0,8,5,3,2120.0,980.0,3100.0,1660.4,0.3161,1033.3
V001683,C00234,2026-06-19,4,1,18,0,4,121,1,7,3,4,1920.0,1270.0,3190.0,1578.6,0.3981,797.5
V001684,C00192,2026-06-19,4,1,21,1,2,124,1,14,6,8,1840.0,2470.0,4310.0,2854.4,0.5731,2155.0
V001685,C00149,2026-06-19,4,1,21,1,4,101,1,12,8,4,2960.0,1230.0,4190.0,2460.6,0.2936,1047.5
V001686,C00000,2026-06-20,5,1,18,0,5,100,1,14,8,6,3340.0,1790.0,5130.0,2678.4,0.3489,1026.0
V001687,C00492,2026-06-20,5,1,18,0,2,68,0,7,5,2,1860.0,440.0,2300.0,1282.6,0.1913,1150.0
V001688,C00874,2026-06-20,5,1,20,0,4,89,0,8,6,2,2140.0,580.0,2720.0,1426.6,0.2132,680.0
V001689,C00237,2026-06-20,5,1,17,0,4,124,1,12,5,7,1580.0,1980.0,3560.0,2112.4,0.5562,890.0
V001690,C01024,2026-06-20,5,1,18,0,2,96,0,4,3,1,1600.0,300.0,1900.0,1001.4,0.1579,950.0
V001691,C01317,2026-06-20,5,1,20,0,4,86,0,8,6,2,1820.0,560.0,2380.0,1354.0,0.2353,595.0
V001692,C00377,2026-06-20,5,1,19,0,2,59,0,5,3,2,760.0,620.0,1380.0,808.4,0.4493,690.0
V001693,C00907,2026-06-20,5,1,18,0,3,97,0,9,4,5,1560.0,1610.0,3170.0,1839.4,0.5079,1056.7
V001694,C00989,2026-06-20,5,1,20,0,2,136,0,7,3,4,1320.0,1130.0,2450.0,1353.6,0.4612,1225.0
V001695,C00013,2026-06-20,5,1,18,0,4,135,1,15,7,8,2640.0,2300.0,4940.0,2737.4,0.4656,1235.0
V001696,C00317,2026-06-20,5,1,22,1,4,105,0,13,5,8,2000.0,2340.0,4340.0,2658.6,0.5392,1085.0
V001697,C01082,2026-06-20,5,1,22,1,2,95,0,8,3,5,880.0,1470.0,2350.0,1517.4,0.6255,1175.0
V001698,C00839,2026-06-20,5,1,20,0,2,62,0,6,5,1,1720.0,380.0,2100.0,1202.4,0.181,1050.0
V001699,C01130,2026-06-20,5,1,19,0,4,52,0,8,5,3,2420.0,900.0,3320.0,1563.6,0.2711,830.0
V001700,C01157,2026-06-20,5,1,19,0,2,54,0,5,5,0,1600.0,0.0,1600.0,947.0,0.0,800.0
V001701,C00516,2026-06-20,5,1,18,0,3,68,0,7,6,1,2100.0,260.0,2360.0,1350.4,0.1102,786.7
V001702,C00985,2026-06-20,5,1,20,0,3,88,0,8,7,1,2020.0,240.0,2260.0,1215.0,0.1062,753.3
V001703,C00070,2026-06-20,5,1,19,0,2,96,1,11,5,6,2000.0,1600.0,3600.0,2006.6,0.4444,1800.0
V001704,C00221,2026-06-20,5,1,20,0,4,94,1,12,8,4,2740.0,1180.0,3920.0,2090.2,0.301,980.0
V001705,C00465,2026-06-20,5,1,22,1,1,77,0,3,2,1,460.0,280.0,740.0,496.4,0.3784,740.0
V001706,C00997,2026-06-20,5,1,22,1,2,88,0,4,2,2,1160.0,600.0,1760.0,866.8,0.3409,880.0
V001707,C00186,2026-06-20,5,1,18,0,4,106,1,9,7,2,2840.0,560.0,3400.0,1683.4,0.1647,850.0
V001708,C00978,2026-06-20,5,1,18,0,3,82,0,7,4,3,1320.0,880.0,2200.0,1260.0,0.4,733.3
V001709,C00968,2026-06-20,5,1,18,0,2,35,0,5,5,0,1420.0,0.0,1420.0,751.6,0.0,710.0
V001710,C00873,2026-06-20,5,1,23,1,2,84,0,8,5,3,1660.0,780.0,2440.0,1364.0,0.3197,1220.0
V001711,C00078,2026-06-21,6,0,20,0,3,113,1,6,4,2,1440.0,580.0,2020.0,1157.4,0.2871,673.3
V001712,C00153,2026-06-21,6,0,21,1,4,110,1,9,6,3,1720.0,840.0,2560.0,1556.2,0.3281,640.0
V001713,C00749,2026-06-21,6,0,22,1,2,85,0,6,5,1,1280.0,240.0,1520.0,896.0,0.1579,760.0
V001714,C00228,2026-06-21,6,0,23,1,1,65,1,5,3,2,980.0,640.0,1620.0,1094.4,0.3951,1620.0
V001715,C00092,2026-06-21,6,0,17,0,2,67,1,8,7,1,2360.0,350.0,2710.0,1468.4,0.1292,1355.0
V001716,C00693,2026-06-21,6,0,23,1,2,105,0,7,4,3,1680.0,820.0,2500.0,1373.4,0.328,1250.0
V001717,C01038,2026-06-21,6,0,22,1,3,194,0,18,9,9,2140.0,2890.0,5030.0,3287.0,0.5746,1676.7
V001718,C00203,2026-06-21,6,0,21,1,3,89,1,11,5,6,1520.0,1600.0,3120.0,1955.8,0.5128,1040.0
V001719,C00071,2026-06-21,6,0,19,0,3,80,1,11,4,7,1260.0,2140.0,3400.0,2052.8,0.6294,1133.3
V001720,C00122,2026-06-21,6,0,18,0,4,116,1,11,6,5,2080.0,1480.0,3560.0,1929.8,0.4157,890.0
V001721,C01019,2026-06-21,6,0,22,1,3,96,0,8,4,4,1020.0,1080.0,2100.0,1346.8,0.5143,700.0
V001722,C00160,2026-06-21,6,0,23,1,2,80,1,6,2,4,760.0,1190.0,1950.0,1227.2,0.6103,975.0
V001723,C00140,2026-06-23,1,0,22,1,4,110,1,7,4,3,1520.0,960.0,2480.0,1431.2,0.3871,620.0
V001724,C00451,2026-06-23,1,0,22,1,3,125,0,8,3,5,1120.0,1380.0,2500.0,1502.4,0.552,833.3
V001725,C01126,2026-06-23,1,0,22,1,3,78,0,12,6,6,1700.0,1870.0,3570.0,2389.4,0.5238,1190.0
V001726,C00943,2026-06-24,2,0,19,0,3,102,0,12,8,4,2640.0,1200.0,3840.0,2270.2,0.3125,1280.0
V001727,C00369,2026-06-24,2,0,21,1,2,123,0,7,3,4,900.0,1120.0,2020.0,1234.6,0.5545,1010.0
V001728,C00191,2026-06-24,2,0,18,0,5,44,1,11,8,3,2680.0,940.0,3620.0,2013.8,0.2597,724.0
V001729,C00962,2026-06-24,2,0,20,0,2,73,0,7,5,2,1840.0,580.0,2420.0,1376.8,0.2397,1210.0
V001730,C00023,2026-06-24,2,0,19,0,3,118,1,11,5,6,1460.0,1740.0,3200.0,1925.4,0.5437,1066.7
V001731,C00506,2026-06-24,2,0,19,0,2,100,0,3,2,1,820.0,300.0,1120.0,638.4,0.2679,560.0
V001732,C01079,2026-06-24,2,0,22,1,2,77,0,5,5,0,1520.0,0.0,1520.0,941.0,0.0,760.0
V001733,C00788,2026-06-24,2,0,22,1,2,89,0,6,3,3,1000.0,760.0,1760.0,1065.2,0.4318,880.0
V001734,C01055,2026-06-24,2,0,19,0,2,103,0,5,5,0,1580.0,0.0,1580.0,966.8,0.0,790.0
V001735,C00199,2026-06-24,2,0,23,1,2,129,1,6,3,3,780.0,970.0,1750.0,1136.0,0.5543,875.0
V001736,C00763,2026-06-24,2,0,22,1,2,111,0,5,3,2,1100.0,580.0,1680.0,1031.4,0.3452,840.0
V001737,C00411,2026-06-24,2,0,19,0,1,74,0,3,2,1,620.0,260.0,880.0,461.6,0.2955,880.0
V001738,C00977,2026-06-25,3,0,20,0,4,147,0,8,4,4,2060.0,1160.0,3220.0,1650.8,0.3602,805.0
V001739,C00186,2026-06-25,3,0,22,1,3,102,1,7,2,5,760.0,1380.0,2140.0,1255.2,0.6449,713.3
V001740,C01279,2026-06-25,3,0,18,0,3,94,0,5,3,2,1260.0,620.0,1880.0,963.4,0.3298,626.7
V001741,C00337,2026-06-25,3,0,21,1,1,117,0,4,3,1,1300.0,350.0,1650.0,858.0,0.2121,1650.0
V001742,C00861,2026-06-25,3,0,22,1,2,98,0,8,2,6,640.0,1640.0,2280.0,1376.4,0.7193,1140.0
V001743,C01003,2026-06-25,3,0,18,0,4,140,0,10,8,2,3300.0,440.0,3740.0,1822.4,0.1176,935.0
V001744,C00623,2026-06-25,3,0,19,0,1,48,0,1,1,0,380.0,0.0,380.0,167.2,0.0,380.0
V001745,C01132,2026-06-25,3,0,22,1,2,110,0,5,2,3,580.0,900.0,1480.0,941.2,0.6081,740.0
V001746,C00270,2026-06-25,3,0,18,0,3,110,0,8,5,3,2060.0,1040.0,3100.0,1748.6,0.3355,1033.3
V001747,C00011,2026-06-25,3,0,18,0,3,77,1,8,5,3,2080.0,900.0,2980.0,1721.0,0.302,993.3
V001748,C00754,2026-06-25,3,0,19,0,2,59,0,9,4,5,1480.0,1510.0,2990.0,1843.2,0.505,1495.0
V001749,C00176,2026-06-25,3,0,19,0,4,64,1,11,8,3,2700.0,840.0,3540.0,1925.4,0.2373,885.0
V001750,C00781,2026-06-25,3,0,23,1,1,80,0,1,1,0,220.0,0.0,220.0,154.0,0.0,220.0
V001751,C01309,2026-06-26,4,1,21,1,3,128,0,6,3,3,1280.0,760.0,2040.0,1231.2,0.3725,680.0
V001752,C00168,2026-06-26,4,1,21,1,6,134,1,21,9,12,3000.0,3570.0,6570.0,4300.6,0.5434,1095.0
V001753,C00865,2026-06-26,4,1,20,0,3,83,0,5,3,2,1500.0,680.0,2180.0,1107.4,0.3119,726.7
V001754,C00795,2026-06-26,4,1,22,1,2,133,0,8,5,3,1580.0,970.0,2550.0,1558.6,0.3804,1275.0
V001755,C00755,2026-06-26,4,1,24,1,2,88,0,3,2,1,660.0,320.0,980.0,513.6,0.3265,490.0
V001756,C00040,2026-06-26,4,1,22,1,2,88,1,4,3,1,900.0,240.0,1140.0,595.6,0.2105,570.0
V001757,C00660,2026-06-26,4,1,22,1,4,118,0,10,5,5,1580.0,1570.0,3150.0,2058.6,0.4984,787.5
V001758,C00326,2026-06-26,4,1,20,0,1,35,0,2,2,0,800.0,0.0,800.0,436.0,0.0,800.0
V001759,C01140,2026-06-26,4,1,24,1,2,138,0,6,4,2,1200.0,560.0,1760.0,1009.2,0.3182,880.0
V001760,C00214,2026-06-26,4,1,17,0,6,104,1,19,8,11,3120.0,2990.0,6110.0,3524.2,0.4894,1018.3
V001761,C00158,2026-06-26,4,1,20,0,4,112,1,16,5,11,1720.0,3230.0,4950.0,2984.4,0.6525,1237.5
V001762,C00262,2026-06-26,4,1,22,1,2,138,1,10,4,6,1200.0,1920.0,3120.0,1965.0,0.6154,1560.0
V001763,C00605,2026-06-26,4,1,23,1,3,113,0,8,3,5,1120.0,1550.0,2670.0,1638.4,0.5805,890.0
V001764,C00030,2026-06-26,4,1,21,1,3,80,1,13,4,9,1420.0,2630.0,4050.0,2417.6,0.6494,1350.0
V001765,C00818,2026-06-26,4,1,19,0,3,86,0,8,6,2,2440.0,530.0,2970.0,1582.4,0.1785,990.0
V001766,C01133,2026-06-26,4,1,23,1,2,70,0,6,3,3,800.0,960.0,1760.0,1078.0,0.5455,880.0
V001767,C00020,2026-06-26,4,1,18,0,5,108,1,15,6,9,2380.0,2440.0,4820.0,2763.4,0.5062,964.0
V001768,C00773,2026-06-26,4,1,19,0,2,75,0,6,4,2,1400.0,730.0,2130.0,1287.2,0.3427,1065.0
V001769,C00666,2026-06-26,4,1,19,0,3,69,0,7,6,1,2580.0,280.0,2860.0,1339.0,0.0979,953.3
V001770,C00460,2026-06-26,4,1,20,0,3,113,0,6,4,2,1320.0,540.0,1860.0,1034.6,0.2903,620.0
V001771,C00752,2026-06-26,4,1,21,1,3,89,0,4,4,0,1740.0,0.0,1740.0,885.8,0.0,580.0
V001772,C00070,2026-06-27,5,1,18,0,4,90,1,11,8,3,2820.0,980.0,3800.0,2148.6,0.2579,950.0
V001773,C01115,2026-06-27,5,1,18,0,2,68,0,6,4,2,1200.0,580.0,1780.0,1067.8,0.3258,890.0
V001774,C00577,2026-06-27,5,1,21,1,2,107,0,11,7,4,2560.0,1200.0,3760.0,2307.4,0.3191,1880.0
V001775,C01252,2026-06-27,5,1,23,1,2,110,0,3,2,1,640.0,240.0,880.0,479.8,0.2727,440.0
V001776,C00231,2026-06-27,5,1,23,1,2,134,1,8,3,5,800.0,1490.0,2290.0,1489.6,0.6507,1145.0
V001777,C00112,2026-06-27,5,1,20,0,2,44,1,6,4,2,1860.0,560.0,2420.0,1226.6,0.2314,1210.0
V001778,C01228,2026-06-27,5,1,22,1,2,110,0,3,1,2,880.0,560.0,1440.0,655.2,0.3889,720.0
V001779,C01131,2026-06-27,5,1,23,1,2,105,0,5,3,2,980.0,610.0,1590.0,952.4,0.3836,795.0
V001780,C00050,2026-06-27,5,1,17,0,3,130,1,7,5,2,2040.0,590.0,2630.0,1407.4,0.2243,876.7
V001781,C00675,2026-06-27,5,1,17,0,2,79,0,6,4,2,1260.0,520.0,1780.0,1049.2,0.2921,890.0
V001782,C00996,2026-06-27,5,1,19,0,2,116,0,5,4,1,1380.0,280.0,1660.0,862.0,0.1687,830.0
V001783,C00937,2026-06-27,5,1,21,1,2,77,0,6,4,2,1220.0,500.0,1720.0,1019.6,0.2907,860.0
V001784,C00607,2026-06-27,5,1,18,0,6,149,0,15,8,7,3120.0,1770.0,4890.0,2734.8,0.362,815.0
V001785,C01217,2026-06-27,5,1,22,1,3,96,0,10,4,6,1940.0,1930.0,3870.0,2311.6,0.4987,1290.0
V001786,C00371,2026-06-27,5,1,21,1,2,78,0,5,3,2,920.0,560.0,1480.0,849.4,0.3784,740.0
V001787,C00438,2026-06-27,5,1,20,0,2,97,0,3,3,0,1240.0,0.0,1240.0,606.2,0.0,620.0
V001788,C00300,2026-06-27,5,1,20,0,3,123,0,13,5,8,1880.0,2540.0,4420.0,2767.2,0.5747,1473.3
V001789,C00723,2026-06-27,5,1,17,0,2,138,0,5,4,1,1600.0,320.0,1920.0,979.2,0.1667,960.0
V001790,C00308,2026-06-27,5,1,22,1,2,131,0,6,3,3,1020.0,900.0,1920.0,1237.8,0.4688,960.0
V001791,C00711,2026-06-27,5,1,22,1,4,109,0,13,6,7,1920.0,1980.0,3900.0,2463.8,0.5077,975.0
V001792,C00654,2026-06-27,5,1,20,0,4,103,0,11,5,6,2040.0,1660.0,3700.0,2104.6,0.4486,925.0
V001793,C00089,2026-06-28,6,0,19,0,1,64,1,3,2,1,740.0,300.0,1040.0,623.2,0.2885,1040.0
V001794,C00281,2026-06-28,6,0,20,0,6,145,0,15,6,9,2520.0,2480.0,5000.0,2661.6,0.496,833.3
V001795,C01282,2026-06-28,6,0,19,0,6,93,0,17,10,7,4820.0,2020.0,6840.0,3679.6,0.2953,1140.0
V001796,C00485,2026-06-28,6,0,20,0,2,35,0,4,4,0,1560.0,0.0,1560.0,930.0,0.0,780.0
V001797,C01006,2026-06-28,6,0,21,1,2,82,0,7,4,3,1560.0,1020.0,2580.0,1642.8,0.3953,1290.0
V001798,C00418,2026-06-28,6,0,20,0,4,109,0,10,6,4,2200.0,1180.0,3380.0,1997.6,0.3491,845.0
V001799,C00744,2026-06-28,6,0,21,1,4,98,0,8,4,4,1500.0,1240.0,2740.0,1597.0,0.4526,685.0
V001800,C01236,2026-06-28,6,0,20,0,5,89,0,14,9,5,3120.0,1540.0,4660.0,2684.4,0.3305,932.0
V001801,C00232,2026-06-28,6,0,21,1,4,84,1,11,3,8,1100.0,2440.0,3540.0,2183.8,0.6893,885.0
V001802,C00135,2026-06-28,6,0,20,0,4,114,1,14,4,10,1460.0,3110.0,4570.0,2831.4,0.6805,1142.5
V001803,C01021,2026-06-28,6,0,21,1,4,125,0,12,6,6,1700.0,1720.0,3420.0,2075.4,0.5029,855.0
V001804,C01216,2026-06-28,6,0,24,1,2,35,0,8,5,3,1580.0,950.0,2530.0,1526.4,0.3755,1265.0
V001805,C00337,2026-06-30,1,0,19,0,4,71,0,10,8,2,2540.0,560.0,3100.0,1768.0,0.1806,775.0
V001806,C00059,2026-06-30,1,0,22,1,2,125,1,5,3,2,840.0,540.0,1380.0,824.8,0.3913,690.0
V001807,C00620,2026-06-30,1,0,17,0,4,79,0,14,6,8,2580.0,2350.0,4930.0,2837.4,0.4767,1232.5
V001808,C00532,2026-06-30,1,0,21,1,2,115,0,6,5,1,1300.0,300.0,1600.0,928.2,0.1875,800.0
V001809,C01235,2026-06-30,1,0,22,1,2,98,0,8,5,3,1280.0,880.0,2160.0,1357.4,0.4074,1080.0
V001810,C00680,2026-06-30,1,0,21,1,3,107,0,12,7,5,1740.0,1440.0,3180.0,2079.4,0.4528,1060.0
V001811,C00667,2026-06-30,1,0,19,0,2,88,0,6,3,3,1320.0,1000.0,2320.0,1311.6,0.431,1160.0
V001812,C00627,2026-06-30,1,0,19,0,2,62,0,9,8,1,2160.0,340.0,2500.0,1605.4,0.136,1250.0
V001813,C01286,2026-06-30,1,0,20,0,2,56,0,4,3,1,1620.0,280.0,1900.0,868.0,0.1474,950.0
V001814,C01339,2026-06-30,1,0,22,1,2,112,0,7,2,5,640.0,1300.0,1940.0,1218.2,0.6701,970.0
V001815,C01270,2026-06-30,1,0,22,1,2,54,0,7,5,2,1300.0,560.0,1860.0,1114.4,0.3011,930.0
V001816,C01012,2026-06-30,1,0,17,0,3,89,0,13,6,7,2640.0,1990.0,4630.0,2642.8,0.4298,1543.3
